date,product_id,product_name,category,units_received,units_sold,units_wasted,price,discount,stock_end,customers,shelf_life_days
2024-03-01,1032,Chicken_45,Meat and fish,319.71,319.71,0.0,221.0399932861328,0.2586100101470947,0.0,11812.0,4
2024-03-04,1032,Chicken_45,Meat and fish,319.71,8.44,0.0,220.77999877929688,0.0,311.27,9834.0,4
2024-03-05,1032,Chicken_45,Meat and fish,290.17,37.27,0.0,220.77999877929688,0.0,564.17,9746.0,4
2024-03-06,1032,Chicken_45,Meat and fish,0.0,32.13,0.0,220.77999877929688,0.0,532.04,9774.0,4
2024-03-07,1032,Chicken_45,Meat and fish,0.0,27.24,0.0,220.77999877929688,0.0,504.8,11142.0,4
2024-03-08,1032,Chicken_45,Meat and fish,198.09,45.45,214.63,220.77999877929688,0.0,442.81,11864.0,4
2024-03-09,1032,Chicken_45,Meat and fish,273.78,18.25,244.72,220.77999877929688,0.0650700032711029,453.62,10078.0,4
2024-03-10,1032,Chicken_45,Meat and fish,8.0,46.69,0.0,220.77999877929688,0.0,414.94,10124.0,4
2024-03-11,1032,Chicken_45,Meat and fish,0.0,25.32,0.0,220.77999877929688,0.0,389.62,10122.0,4
2024-03-12,1032,Chicken_45,Meat and fish,0.0,13.96,107.83,220.77999877929688,0.0,267.83,10267.0,4
2024-03-13,1032,Chicken_45,Meat and fish,110.12,118.12,259.82,221.0399932861328,0.2585099935531616,0.0,10214.0,4
2024-03-14,1032,Chicken_45,Meat and fish,194.99,194.99,0.0,221.0399932861328,0.2585099935531616,0.0,11286.0,4
2024-03-15,1032,Chicken_45,Meat and fish,417.85,417.85,0.0,220.77999877929688,0.38071000576019287,0.0,12108.0,4
2024-03-16,1032,Chicken_45,Meat and fish,345.05,345.05,0.0,221.0399932861328,0.4000000059604645,0.0,10102.0,4
2024-03-17,1032,Chicken_45,Meat and fish,252.93,43.13,0.0,220.77999877929688,0.0,209.8,10186.0,4
2024-03-18,1032,Chicken_45,Meat and fish,22.33,35.41,0.0,220.77999877929688,0.05855000019073486,196.72,10282.0,4
2024-03-19,1032,Chicken_45,Meat and fish,22.23,16.23,0.0,220.77999877929688,0.12670999765396118,202.72,9794.0,4
2024-03-20,1032,Chicken_45,Meat and fish,119.93,12.03,0.0,220.77999877929688,0.20000000298023224,310.62,10111.0,4
2024-03-21,1032,Chicken_45,Meat and fish,248.01,24.17,146.13,220.77999877929688,0.0,388.33,11034.0,4
2024-03-22,1032,Chicken_45,Meat and fish,253.44,87.57,0.0,220.77999877929688,0.0,554.2,11672.0,4
2024-03-23,1032,Chicken_45,Meat and fish,0.0,57.81,0.0,220.77999877929688,0.0,496.39,10153.0,4
2024-03-24,1032,Chicken_45,Meat and fish,0.0,28.75,0.0,220.77999877929688,0.0,467.64,10824.0,4
2024-03-25,1032,Chicken_45,Meat and fish,0.0,74.49,214.2,220.77999877929688,0.0,178.95,10530.0,4
2024-03-26,1032,Chicken_45,Meat and fish,54.74,43.05,178.95,220.77999877929688,0.0,11.69,10879.0,4
2024-03-27,1032,Chicken_45,Meat and fish,68.02,79.71,0.0,220.77999877929688,0.0,0.0,12451.0,4
2024-03-28,1032,Chicken_45,Meat and fish,170.35,170.35,0.0,201.5,0.0,0.0,12938.0,4
2024-03-29,1032,Chicken_45,Meat and fish,146.43,54.47,0.0,201.5,0.0,91.96,10045.0,4
2024-03-30,1032,Chicken_45,Meat and fish,25.32,66.47,0.0,201.5,0.0,50.81,8440.0,4
2024-03-31,1032,Chicken_45,Meat and fish,36.97,37.94,0.0,201.5,0.0,49.84,9558.0,4
2024-04-03,1032,Chicken_45,Meat and fish,94.77,29.62,12.87,202.19000244140625,0.0,102.12,9938.0,4
2024-04-04,1032,Chicken_45,Meat and fish,9.65,52.25,7.35,201.5,0.0,52.17,11179.0,4
2024-04-05,1032,Chicken_45,Meat and fish,88.01,54.35,0.0,201.5,0.0,85.83,12214.0,4
2024-04-06,1032,Chicken_45,Meat and fish,145.14,41.17,0.0,201.5,0.0,189.8,9690.0,4
2024-04-07,1032,Chicken_45,Meat and fish,0.0,44.83,0.0,201.5,0.0,144.97,9684.0,4
2024-04-08,1032,Chicken_45,Meat and fish,0.0,21.72,0.0,201.5,0.06346999853849411,123.25,10147.0,4
2024-04-09,1032,Chicken_45,Meat and fish,0.0,33.15,0.0,201.5,0.24984000623226166,90.1,10198.0,4
2024-04-10,1032,Chicken_45,Meat and fish,45.02,22.78,90.1,201.5,0.20000000298023224,22.24,10762.0,4
2024-04-11,1032,Chicken_45,Meat and fish,46.9,24.42,0.0,201.5,0.06835000216960907,44.72,11005.0,4
2024-04-12,1032,Chicken_45,Meat and fish,25.73,40.35,0.0,201.5,0.17527000606060028,30.1,12008.0,4
2024-04-13,1032,Chicken_45,Meat and fish,23.49,38.83,0.0,201.5,0.05942000076174736,14.76,9772.0,4
2024-04-14,1032,Chicken_45,Meat and fish,42.1,44.45,0.0,201.5,0.08174999803304672,12.41,10033.0,4
2024-04-15,1032,Chicken_45,Meat and fish,21.23,20.72,0.0,201.5,0.06722000241279602,12.92,10806.0,4
2024-04-16,1032,Chicken_45,Meat and fish,32.4,11.32,0.0,201.5,0.09124000370502472,34.0,10398.0,4
2024-04-17,1032,Chicken_45,Meat and fish,4.5,23.97,0.0,201.5,0.30000001192092896,14.53,10170.0,4
2024-04-18,1032,Chicken_45,Meat and fish,25.49,29.25,0.0,201.5,0.0656299963593483,10.77,11244.0,4
2024-04-19,1032,Chicken_45,Meat and fish,44.95,34.78,0.0,201.5,0.07952000200748444,20.95,12858.0,4
2024-04-20,1032,Chicken_45,Meat and fish,32.43,24.14,0.0,201.5,0.0633699968457222,29.24,10666.0,4
2024-04-21,1032,Chicken_45,Meat and fish,28.76,49.41,0.0,201.5,0.0902400016784668,8.59,10309.0,4
2024-04-22,1032,Chicken_45,Meat and fish,31.53,40.12,0.0,201.5,0.0,0.0,10488.0,4
2024-04-23,1032,Chicken_45,Meat and fish,37.65,37.65,0.0,201.5,0.0,0.0,10195.0,4
2024-04-24,1032,Chicken_45,Meat and fish,35.76,32.13,0.0,201.5,0.0,3.63,10255.0,4
2024-04-25,1032,Chicken_45,Meat and fish,36.06,31.3,0.0,201.5,0.0,8.39,11238.0,4
2024-04-26,1032,Chicken_45,Meat and fish,36.55,31.81,0.0,201.5,0.0,13.13,11988.0,4
2024-04-27,1032,Chicken_45,Meat and fish,21.34,34.12,0.0,201.5,0.0,0.35,9223.0,4
2024-04-28,1032,Chicken_45,Meat and fish,57.4,48.12,0.0,201.5,0.0,9.63,10142.0,4
2024-04-29,1032,Chicken_45,Meat and fish,38.3,20.69,0.0,201.5,0.05138999968767166,27.24,11011.0,4
2024-04-30,1032,Chicken_45,Meat and fish,23.04,50.28,0.0,201.5,0.04597000032663345,0.0,11142.0,4
2024-05-01,1032,Chicken_45,Meat and fish,45.37,33.43,0.0,201.5,0.20000000298023224,11.94,9874.0,4
2024-05-02,1032,Chicken_45,Meat and fish,32.52,19.74,0.0,201.5,0.0,24.72,10795.0,4
2024-05-03,1032,Chicken_45,Meat and fish,22.32,45.88,0.0,201.5,0.0,1.17,11872.0,4
2024-05-04,1032,Chicken_45,Meat and fish,49.12,28.4,0.0,201.5,0.10763999819755554,21.89,9787.0,4
2024-05-05,1032,Chicken_45,Meat and fish,42.82,32.06,0.0,201.5,0.06007000058889389,32.65,10036.0,4
2024-03-28,106,Pear_4,Fruit and vegetable,17.79,17.79,0.0,111.01000213623047,0.0,0.0,12938.0,3
2024-03-29,106,Pear_4,Fruit and vegetable,17.89,17.89,0.0,111.0199966430664,0.0,0.0,10045.0,3
2024-03-30,106,Pear_4,Fruit and vegetable,17.88,7.03,0.0,111.0199966430664,0.0,10.85,8440.0,3
2024-03-31,106,Pear_4,Fruit and vegetable,14.93,7.52,0.0,111.0199966430664,0.0,18.26,9558.0,3
2024-04-01,106,Pear_4,Fruit and vegetable,104.19,122.45,0.0,61.099998474121094,0.4503600001335144,0.0,9826.0,3
2024-04-02,106,Pear_4,Fruit and vegetable,161.72,161.72,0.0,61.06999969482422,0.45037001371383667,0.0,10261.0,3
2024-04-03,106,Pear_4,Fruit and vegetable,154.04,154.04,0.0,111.0,0.4503600001335144,0.0,9938.0,3
2024-04-04,106,Pear_4,Fruit and vegetable,143.12,143.12,0.0,61.06999969482422,0.4503600001335144,0.0,11179.0,3
2024-04-05,106,Pear_4,Fruit and vegetable,205.29,205.29,0.0,111.01000213623047,0.4503600001335144,0.0,12214.0,3
2024-04-06,106,Pear_4,Fruit and vegetable,179.5,179.5,0.0,111.01000213623047,0.45037001371383667,0.0,9690.0,3
2024-04-07,106,Pear_4,Fruit and vegetable,210.42,210.42,0.0,111.01000213623047,0.4503600001335144,0.0,9684.0,3
2024-04-08,106,Pear_4,Fruit and vegetable,163.76,26.1,0.0,111.0199966430664,0.0,137.66,10147.0,3
2024-04-09,106,Pear_4,Fruit and vegetable,103.31,13.74,0.0,111.01000213623047,0.0,227.23,10198.0,3
2024-04-10,106,Pear_4,Fruit and vegetable,30.77,24.63,0.0,111.0199966430664,0.0,233.37,10762.0,3
2024-04-11,106,Pear_4,Fruit and vegetable,124.16,26.08,99.29,111.0199966430664,0.0,232.16,11005.0,3
2024-04-12,106,Pear_4,Fruit and vegetable,171.36,23.72,77.23,111.0199966430664,0.0,302.57,12008.0,3
2024-04-13,106,Pear_4,Fruit and vegetable,0.0,17.14,7.05,111.0199966430664,0.0,278.38,9772.0,3
2024-04-14,106,Pear_4,Fruit and vegetable,130.47,13.64,107.02,111.0199966430664,0.0,288.19,10033.0,3
2024-04-15,106,Pear_4,Fruit and vegetable,0.0,25.82,157.72,110.9800033569336,0.0,104.65,10806.0,3
2024-04-19,106,Pear_4,Fruit and vegetable,24.05,24.05,104.65,111.0199966430664,0.0,0.0,12858.0,3
2024-04-20,106,Pear_4,Fruit and vegetable,30.78,18.21,0.0,111.0199966430664,0.0,12.57,10666.0,3
2024-04-21,106,Pear_4,Fruit and vegetable,19.74,14.99,0.0,111.0199966430664,0.0,17.32,10309.0,3
2024-04-22,106,Pear_4,Fruit and vegetable,12.59,17.42,0.0,111.0199966430664,0.0,12.49,10488.0,3
2024-04-23,106,Pear_4,Fruit and vegetable,10.45,20.47,0.0,111.0199966430664,0.0,2.46,10195.0,3
2024-04-24,106,Pear_4,Fruit and vegetable,16.94,12.59,0.0,111.0199966430664,0.0,6.82,10255.0,3
2024-04-25,106,Pear_4,Fruit and vegetable,25.06,19.2,0.0,111.0199966430664,0.0,12.68,11238.0,3
2024-04-26,106,Pear_4,Fruit and vegetable,16.12,17.57,0.0,111.01000213623047,0.0,11.23,11988.0,3
2024-04-27,106,Pear_4,Fruit and vegetable,10.37,15.84,0.0,111.0199966430664,0.0,5.76,9223.0,3
2024-04-28,106,Pear_4,Fruit and vegetable,12.62,17.34,0.0,111.01000213623047,0.0,1.04,10142.0,3
2024-04-29,106,Pear_4,Fruit and vegetable,21.9,22.94,0.0,111.0199966430664,0.0,0.0,11011.0,3
2024-04-30,106,Pear_4,Fruit and vegetable,24.73,15.06,0.0,111.01000213623047,0.0,9.67,11142.0,3
2024-05-01,106,Pear_4,Fruit and vegetable,7.12,12.33,0.0,111.0199966430664,0.0,4.47,9874.0,3
2024-05-02,106,Pear_4,Fruit and vegetable,19.22,23.69,0.0,111.0199966430664,0.0,0.0,10795.0,3
2024-05-03,106,Pear_4,Fruit and vegetable,23.48,23.48,0.0,111.0199966430664,0.0,0.0,11872.0,3
2024-05-04,106,Pear_4,Fruit and vegetable,21.79,9.31,0.0,111.01000213623047,0.0,12.48,9787.0,3
2024-05-05,106,Pear_4,Fruit and vegetable,12.31,20.83,0.0,111.01000213623047,0.0,3.96,10036.0,3
2024-03-01,1075,Croissant_15,Bakery,217.08,217.08,0.0,18.59000015258789,0.15074999630451202,0.0,11812.0,2
2024-03-02,1075,Croissant_15,Bakery,217.08,175.11,0.0,18.59000015258789,0.15074999630451202,41.97,10054.0,2
2024-03-03,1075,Croissant_15,Bakery,213.1,167.65,0.0,18.59000015258789,0.15074999630451202,87.42,9613.0,2
2024-03-04,1075,Croissant_15,Bakery,163.77,127.88,0.0,18.59000015258789,0.0,123.31,9834.0,2
2024-03-05,1075,Croissant_15,Bakery,140.55,88.94,0.0,18.59000015258789,0.0,174.92,9746.0,2
2024-03-06,1075,Croissant_15,Bakery,138.96,44.45,34.37,18.59000015258789,0.0,235.07,9774.0,2
2024-03-07,1075,Croissant_15,Bakery,158.59,34.77,96.1,18.59000015258789,0.0,262.78,11142.0,2
2024-03-08,1075,Croissant_15,Bakery,147.01,91.25,104.19,18.59000015258789,0.0,214.35,11864.0,2
2024-03-09,1075,Croissant_15,Bakery,99.0,49.51,67.34,18.59000015258789,0.0,196.49,10078.0,2
2024-03-10,1075,Croissant_15,Bakery,130.79,70.66,97.5,18.59000015258789,0.0,159.12,10124.0,2
2024-03-11,1075,Croissant_15,Bakery,39.0,60.07,28.34,18.59000015258789,0.0,109.72,10122.0,2
2024-03-12,1075,Croissant_15,Bakery,77.89,56.39,70.72,18.59000015258789,0.0,60.5,10267.0,2
2024-03-13,1075,Croissant_15,Bakery,7.71,49.39,0.0,18.59000015258789,0.0,18.82,10214.0,2
2024-03-14,1075,Croissant_15,Bakery,73.83,81.54,11.11,18.59000015258789,0.0,0.0,11286.0,2
2024-03-15,1075,Croissant_15,Bakery,111.99,80.69,0.0,18.59000015258789,0.0,31.3,12108.0,2
2024-03-16,1075,Croissant_15,Bakery,35.76,47.72,0.0,18.59000015258789,0.0,19.34,10102.0,2
2024-03-17,1075,Croissant_15,Bakery,69.29,65.29,0.0,18.59000015258789,0.0,23.34,10186.0,2
2024-03-18,1075,Croissant_15,Bakery,54.32,74.0,0.0,18.59000015258789,0.0,3.66,10282.0,2
2024-03-19,1075,Croissant_15,Bakery,70.96,42.65,0.0,18.59000015258789,0.0,31.97,9794.0,2
2024-03-20,1075,Croissant_15,Bakery,52.85,84.82,0.0,18.59000015258789,0.0,0.0,10111.0,2
2024-03-21,1075,Croissant_15,Bakery,103.24,29.6,0.0,18.59000015258789,0.0,73.64,11034.0,2
2024-03-22,1075,Croissant_15,Bakery,33.9,63.86,0.0,18.59000015258789,0.0,43.68,11672.0,2
2024-03-23,1075,Croissant_15,Bakery,38.38,47.67,9.78,18.59000015258789,0.0,24.62,10153.0,2
2024-03-24,1075,Croissant_15,Bakery,65.25,87.33,0.0,18.59000015258789,0.0,2.53,10824.0,2
2024-03-25,1075,Croissant_15,Bakery,99.79,61.41,0.0,18.59000015258789,0.0,40.91,10530.0,2
2024-03-26,1075,Croissant_15,Bakery,29.17,59.33,0.0,18.59000015258789,0.0,10.75,10879.0,2
2024-03-27,1075,Croissant_15,Bakery,99.82,61.55,0.0,18.59000015258789,0.0,49.02,12451.0,2
2024-03-28,1075,Croissant_15,Bakery,19.01,68.03,0.0,18.59000015258789,0.0,0.0,12938.0,2
2024-03-29,1075,Croissant_15,Bakery,79.2,31.84,0.0,18.59000015258789,0.0,47.36,10045.0,2
2024-03-30,1075,Croissant_15,Bakery,22.24,40.3,0.0,18.59000015258789,0.0,29.29,8440.0,2
2024-03-31,1075,Croissant_15,Bakery,88.36,41.07,7.06,18.59000015258789,0.0,69.53,9558.0,2
2024-04-01,1075,Croissant_15,Bakery,9.63,49.73,0.0,18.59000015258789,0.0,29.43,9826.0,2
2024-04-02,1075,Croissant_15,Bakery,76.73,86.36,19.8,18.59000015258789,0.0,0.0,10261.0,2
2024-04-03,1075,Croissant_15,Bakery,85.86,38.99,0.0,18.59000015258789,0.0,46.87,9938.0,2
2024-04-04,1075,Croissant_15,Bakery,46.03,76.45,0.0,18.59000015258789,0.0,16.46,11179.0,2
2024-04-05,1075,Croissant_15,Bakery,137.84,154.3,0.0,18.59000015258789,0.0,0.0,12214.0,2
2024-04-06,1075,Croissant_15,Bakery,93.86,39.18,0.0,18.59000015258789,0.0,54.68,9690.0,2
2024-04-07,1075,Croissant_15,Bakery,40.12,53.43,0.0,18.59000015258789,0.0,41.37,9684.0,2
2024-04-08,1075,Croissant_15,Bakery,61.87,52.98,1.25,18.59000015258789,0.0,49.01,10147.0,2
2024-04-09,1075,Croissant_15,Bakery,89.27,74.1,0.0,18.59000015258789,0.0,64.18,10198.0,2
2024-04-10,1075,Croissant_15,Bakery,61.69,125.87,0.0,17.65999984741211,0.0,0.0,10762.0,2
2024-04-11,1075,Croissant_15,Bakery,130.6,101.03,0.0,17.65999984741211,0.0,29.57,11005.0,2
2024-04-12,1075,Croissant_15,Bakery,179.45,89.37,0.0,17.65999984741211,0.0,119.65,12008.0,2
2024-04-13,1075,Croissant_15,Bakery,0.0,30.23,0.0,17.65999984741211,0.0,89.42,9772.0,2
2024-04-14,1075,Croissant_15,Bakery,95.32,63.7,89.42,17.65999984741211,0.0,31.62,10033.0,2
2024-04-15,1075,Croissant_15,Bakery,214.94,246.56,0.0,17.65999984741211,0.15873000025749207,0.0,10806.0,2
2024-04-16,1075,Croissant_15,Bakery,252.78,252.78,0.0,17.65999984741211,0.15873000025749207,0.0,10398.0,2
2024-04-17,1075,Croissant_15,Bakery,261.27,261.27,0.0,17.65999984741211,0.15873000025749207,0.0,10170.0,2
2024-04-18,1075,Croissant_15,Bakery,286.44,286.44,0.0,17.65999984741211,0.15873000025749207,0.0,11244.0,2
2024-04-19,1075,Croissant_15,Bakery,258.76,258.76,0.0,17.65999984741211,0.15873000025749207,0.0,12858.0,2
2024-04-20,1075,Croissant_15,Bakery,259.12,259.12,0.0,17.65999984741211,0.15873000025749207,0.0,10666.0,2
2024-04-21,1075,Croissant_15,Bakery,267.67,267.67,0.0,17.65999984741211,0.15873000025749207,0.0,10309.0,2
2024-04-22,1075,Croissant_15,Bakery,262.85,57.94,0.0,17.65999984741211,0.0,204.91,10488.0,2
2024-04-23,1075,Croissant_15,Bakery,148.68,67.05,0.0,17.65999984741211,0.0,286.54,10195.0,2
2024-04-24,1075,Croissant_15,Bakery,240.73,51.12,137.86,17.65999984741211,0.0,338.28,10255.0,2
2024-04-25,1075,Croissant_15,Bakery,189.51,92.02,97.56,17.65999984741211,0.0,338.22,11238.0,2
2024-04-26,1075,Croissant_15,Bakery,203.57,75.64,148.71,17.65999984741211,0.0,317.44,11988.0,2
2024-04-27,1075,Croissant_15,Bakery,178.3,52.14,113.87,17.65999984741211,0.0,329.73,9223.0,2
2024-04-28,1075,Croissant_15,Bakery,188.68,51.21,151.43,17.65999984741211,0.0,315.77,10142.0,2
2024-04-29,1075,Croissant_15,Bakery,0.0,83.6,127.09,17.65999984741211,0.0,105.08,11011.0,2
2024-04-30,1075,Croissant_15,Bakery,88.57,50.42,105.08,17.65999984741211,0.0,38.15,11142.0,2
2024-05-01,1075,Croissant_15,Bakery,36.04,62.11,0.0,17.65999984741211,0.0,12.08,9874.0,2
2024-05-02,1075,Croissant_15,Bakery,101.76,106.59,0.0,17.65999984741211,0.0,7.26,10795.0,2
2024-05-03,1075,Croissant_15,Bakery,95.35,86.08,0.0,17.65999984741211,0.0,16.53,11872.0,2
2024-05-04,1075,Croissant_15,Bakery,63.75,51.55,0.0,17.65999984741211,0.0,28.73,9787.0,2
2024-05-05,1075,Croissant_15,Bakery,50.73,54.85,0.0,17.65999984741211,0.0,24.6,10036.0,2
2024-03-01,1078,Avocado_3,Fruit and vegetable,134.38,134.38,0.0,56.5,0.0,0.0,11812.0,3
2024-03-02,1078,Avocado_3,Fruit and vegetable,155.66,155.66,0.0,56.5,0.0,0.0,10054.0,3
2024-03-03,1078,Avocado_3,Fruit and vegetable,153.64,121.28,0.0,56.5,0.0,32.36,9613.0,3
2024-03-04,1078,Avocado_3,Fruit and vegetable,124.23,101.23,0.0,56.5,0.0,55.36,9834.0,3
2024-03-05,1078,Avocado_3,Fruit and vegetable,108.28,103.17,0.0,56.5,0.0,60.47,9746.0,3
2024-03-06,1078,Avocado_3,Fruit and vegetable,103.0,120.91,0.0,56.5,0.0,42.56,9774.0,3
2024-03-07,1078,Avocado_3,Fruit and vegetable,117.86,123.43,0.0,56.5,0.0,37.0,11142.0,3
2024-03-08,1078,Avocado_3,Fruit and vegetable,121.16,141.18,0.0,56.5,0.0,16.98,11864.0,3
2024-03-09,1078,Avocado_3,Fruit and vegetable,163.56,91.94,0.0,56.5,0.0,88.6,10078.0,3
2024-03-10,1078,Avocado_3,Fruit and vegetable,54.17,136.62,0.0,56.5,0.0,6.15,10124.0,3
2024-03-11,1078,Avocado_3,Fruit and vegetable,138.92,145.07,0.0,56.5,0.0,0.0,10122.0,3
2024-03-12,1078,Avocado_3,Fruit and vegetable,128.58,111.41,0.0,56.5,0.0,17.17,10267.0,3
2024-03-13,1078,Avocado_3,Fruit and vegetable,127.65,114.65,0.0,56.5,0.0,30.17,10214.0,3
2024-03-14,1078,Avocado_3,Fruit and vegetable,117.6,91.95,0.0,56.5,0.0,55.83,11286.0,3
2024-03-15,1078,Avocado_3,Fruit and vegetable,114.08,145.92,0.0,56.5,0.0,23.99,12108.0,3
2024-03-16,1078,Avocado_3,Fruit and vegetable,103.26,127.25,0.0,56.5,0.0,0.0,10102.0,3
2024-03-17,1078,Avocado_3,Fruit and vegetable,162.03,116.47,0.0,56.5,0.0,45.56,10186.0,3
2024-03-18,1078,Avocado_3,Fruit and vegetable,124.2,144.47,0.0,56.5,0.0,25.28,10282.0,3
2024-03-19,1078,Avocado_3,Fruit and vegetable,110.66,111.96,0.0,56.5,0.0,23.98,9794.0,3
2024-03-20,1078,Avocado_3,Fruit and vegetable,115.14,98.95,0.0,56.5,0.0,40.17,10111.0,3
2024-03-21,1078,Avocado_3,Fruit and vegetable,78.57,94.02,0.0,56.5,0.0,24.72,11034.0,3
2024-03-22,1078,Avocado_3,Fruit and vegetable,147.42,88.02,0.0,56.5,0.0,84.12,11672.0,3
2024-03-23,1078,Avocado_3,Fruit and vegetable,68.59,144.79,0.0,56.5,0.0,7.92,10153.0,3
2024-03-24,1078,Avocado_3,Fruit and vegetable,138.05,127.75,0.0,56.5,0.0,18.22,10824.0,3
2024-03-25,1078,Avocado_3,Fruit and vegetable,156.49,114.53,0.0,56.5,0.0,60.18,10530.0,3
2024-03-26,1078,Avocado_3,Fruit and vegetable,77.35,120.41,0.0,56.5,0.0,17.13,10879.0,3
2024-03-27,1078,Avocado_3,Fruit and vegetable,107.77,100.45,0.0,56.5,0.0,24.45,12451.0,3
2024-03-28,1078,Avocado_3,Fruit and vegetable,132.02,156.47,0.0,56.5,0.0,0.0,12938.0,3
2024-03-29,1078,Avocado_3,Fruit and vegetable,118.57,102.61,0.0,56.5,0.0,15.96,10045.0,3
2024-03-30,1078,Avocado_3,Fruit and vegetable,155.55,86.09,0.0,56.5,0.0,85.42,8440.0,3
2024-03-31,1078,Avocado_3,Fruit and vegetable,71.47,87.49,0.0,56.5,0.0,69.41,9558.0,3
2024-04-01,1078,Avocado_3,Fruit and vegetable,76.09,124.33,0.0,56.5,0.0,21.17,9826.0,3
2024-04-02,1078,Avocado_3,Fruit and vegetable,130.98,102.19,0.0,56.5,0.0,49.96,10261.0,3
2024-04-04,1078,Avocado_3,Fruit and vegetable,82.0,97.16,0.0,56.5,0.0,34.79,11179.0,3
2024-04-05,1078,Avocado_3,Fruit and vegetable,153.45,113.16,0.0,56.5,0.0,75.08,12214.0,3
2024-04-06,1078,Avocado_3,Fruit and vegetable,53.15,128.23,0.0,56.5,0.0,0.0,9690.0,3
2024-04-07,1078,Avocado_3,Fruit and vegetable,175.92,175.92,0.0,56.5,0.0,0.0,9684.0,3
2024-04-08,1078,Avocado_3,Fruit and vegetable,124.94,123.21,0.0,56.5,0.0,1.73,10147.0,3
2024-04-09,1078,Avocado_3,Fruit and vegetable,155.75,123.51,0.0,56.5,0.0,33.98,10198.0,3
2024-04-10,1078,Avocado_3,Fruit and vegetable,101.37,115.38,0.0,56.5,0.0,19.96,10762.0,3
2024-04-11,1078,Avocado_3,Fruit and vegetable,108.62,120.19,0.0,56.5,0.0,8.39,11005.0,3
2024-04-12,1078,Avocado_3,Fruit and vegetable,132.31,96.24,0.0,56.5,0.0,44.46,12008.0,3
2024-04-13,1078,Avocado_3,Fruit and vegetable,114.87,126.24,0.0,56.5,0.0,33.09,9772.0,3
2024-04-14,1078,Avocado_3,Fruit and vegetable,173.91,113.25,0.0,56.5,0.0,93.75,10033.0,3
2024-04-15,1078,Avocado_3,Fruit and vegetable,42.51,134.53,0.0,56.5,0.0,1.73,10806.0,3
2024-04-16,1078,Avocado_3,Fruit and vegetable,137.26,103.75,0.0,56.5,0.0,35.24,10398.0,3
2024-04-17,1078,Avocado_3,Fruit and vegetable,96.77,84.74,0.0,56.5,0.0,47.28,10170.0,3
2024-04-18,1078,Avocado_3,Fruit and vegetable,96.81,144.09,0.0,56.5,0.0,0.0,11244.0,3
2024-04-19,1078,Avocado_3,Fruit and vegetable,123.65,122.57,0.0,56.5,0.0,1.08,12858.0,3
2024-04-20,1078,Avocado_3,Fruit and vegetable,150.62,122.56,0.0,56.5,0.0,29.14,10666.0,3
2024-04-21,1078,Avocado_3,Fruit and vegetable,109.32,126.79,0.0,56.5,0.0,11.67,10309.0,3
2024-04-22,1078,Avocado_3,Fruit and vegetable,692.45,704.12,0.0,56.5,0.3340800106525421,0.0,10488.0,3
2024-04-23,1078,Avocado_3,Fruit and vegetable,700.49,700.49,0.0,56.5,0.3340800106525421,0.0,10195.0,3
2024-04-24,1078,Avocado_3,Fruit and vegetable,477.59,477.59,0.0,56.5,0.3340800106525421,0.0,10255.0,3
2024-04-25,1078,Avocado_3,Fruit and vegetable,647.58,647.58,0.0,56.5,0.3340800106525421,0.0,11238.0,3
2024-04-26,1078,Avocado_3,Fruit and vegetable,694.56,694.56,0.0,56.5,0.3340800106525421,0.0,11988.0,3
2024-04-27,1078,Avocado_3,Fruit and vegetable,587.9,587.9,0.0,56.5,0.3340800106525421,0.0,9223.0,3
2024-04-28,1078,Avocado_3,Fruit and vegetable,689.58,689.58,0.0,56.5,0.3340800106525421,0.0,10142.0,3
2024-04-29,1078,Avocado_3,Fruit and vegetable,811.58,60.51,0.0,56.5,0.0,751.07,11011.0,3
2024-04-30,1078,Avocado_3,Fruit and vegetable,244.48,78.23,0.0,56.5,0.0,917.32,11142.0,3
2024-05-01,1078,Avocado_3,Fruit and vegetable,0.0,115.35,0.0,56.5,0.0,801.97,9874.0,3
2024-05-02,1078,Avocado_3,Fruit and vegetable,796.33,85.62,557.49,56.5,0.0,955.19,10795.0,3
2024-05-03,1078,Avocado_3,Fruit and vegetable,292.94,82.64,158.86,56.5,0.0,1006.62,11872.0,3
2024-05-04,1078,Avocado_3,Fruit and vegetable,0.0,62.21,0.0,56.5,0.0,944.41,9787.0,3
2024-05-05,1078,Avocado_3,Fruit and vegetable,692.11,113.24,651.48,56.5,0.0,871.8,10036.0,3
2024-03-01,1086,Roll_20,Bakery,1037.61,1037.61,0.0,4.539999961853027,0.0,0.0,12026.0,2
2024-03-02,1086,Roll_20,Bakery,1037.61,676.68,0.0,4.539999961853027,0.0,360.93,10750.0,2
2024-03-03,1086,Roll_20,Bakery,1003.36,791.72,0.0,4.539999961853027,0.0,572.57,10158.0,2
2024-03-04,1086,Roll_20,Bakery,701.04,685.93,0.0,4.539999961853027,0.0,587.68,9802.0,2
2024-03-05,1086,Roll_20,Bakery,665.04,747.25,0.0,4.539999961853027,0.0,505.47,9606.0,2
2024-03-06,1086,Roll_20,Bakery,720.68,626.72,0.0,4.539999961853027,0.0,599.43,9558.0,2
2024-03-07,1086,Roll_20,Bakery,626.66,862.95,0.0,4.539999961853027,0.0,363.15,10034.0,2
2024-03-08,1086,Roll_20,Bakery,853.46,845.37,0.0,4.539999961853027,0.0,371.24,12292.0,2
2024-03-09,1086,Roll_20,Bakery,420.23,776.9,0.0,4.539999961853027,0.0,14.57,10656.0,2
2024-03-10,1086,Roll_20,Bakery,884.94,654.57,0.0,4.539999961853027,0.0,244.94,10524.0,2
2024-03-11,1086,Roll_20,Bakery,558.57,755.06,0.0,4.539999961853027,0.0,48.45,10134.0,2
2024-03-12,1086,Roll_20,Bakery,811.92,732.84,0.0,4.539999961853027,0.0,127.53,10012.0,2
2024-03-13,1086,Roll_20,Bakery,612.71,709.41,0.0,4.539999961853027,0.0,30.84,9924.0,2
2024-03-14,1086,Roll_20,Bakery,926.42,633.81,0.0,4.539999961853027,0.0,323.44,10324.0,2
2024-03-15,1086,Roll_20,Bakery,744.77,1068.21,0.0,4.539999961853027,0.0,0.0,12304.0,2
2024-03-16,1086,Roll_20,Bakery,962.11,800.33,0.0,4.539999961853027,0.0,161.78,10926.0,2
2024-03-17,1086,Roll_20,Bakery,678.88,775.44,0.0,4.539999961853027,0.0,65.22,10662.0,2
2024-03-18,1086,Roll_20,Bakery,865.24,754.72,0.0,4.539999961853027,0.0,175.74,10286.0,2
2024-03-19,1086,Roll_20,Bakery,732.51,709.54,0.0,4.539999961853027,0.0,198.72,9634.0,2
2024-03-20,1086,Roll_20,Bakery,688.25,605.47,0.0,4.539999961853027,0.0,281.49,9842.0,2
2024-03-21,1086,Roll_20,Bakery,547.23,712.52,0.0,4.539999961853027,0.0,116.2,10076.0,2
2024-03-22,1086,Roll_20,Bakery,1135.98,1014.22,0.0,4.539999961853027,0.0,237.97,12078.0,2
2024-03-23,1086,Roll_20,Bakery,723.27,703.3,0.0,4.539999961853027,0.0,257.93,10782.0,2
2024-03-24,1086,Roll_20,Bakery,679.84,932.13,0.0,4.539999961853027,0.0,5.64,10920.0,2
2024-03-25,1086,Roll_20,Bakery,933.38,938.05,0.0,4.539999961853027,0.0,0.97,10111.0,2
2024-03-26,1086,Roll_20,Bakery,907.83,670.05,0.0,4.539999961853027,0.0,238.75,9932.0,2
2024-03-27,1086,Roll_20,Bakery,635.83,874.58,0.0,4.539999961853027,0.0,0.0,10540.0,2
2024-03-28,1086,Roll_20,Bakery,1237.42,1237.42,0.0,4.539999961853027,0.0,0.0,13846.0,2
2024-03-29,1086,Roll_20,Bakery,1259.82,1024.05,0.0,4.539999961853027,0.0,235.77,12157.0,2
2024-03-30,1086,Roll_20,Bakery,714.31,911.26,0.0,4.539999961853027,0.0,38.82,8768.0,2
2024-03-31,1086,Roll_20,Bakery,1111.01,812.81,0.0,4.539999961853027,0.0,337.02,9390.0,2
2024-04-01,1086,Roll_20,Bakery,827.54,880.34,0.0,4.539999961853027,0.0,284.22,10206.0,2
2024-04-02,1086,Roll_20,Bakery,742.11,1026.33,0.0,4.539999961853027,0.0,0.0,10356.0,2
2024-04-03,1086,Roll_20,Bakery,1057.72,713.69,0.0,4.539999961853027,0.0,344.03,9502.0,2
2024-04-04,1086,Roll_20,Bakery,1111.77,580.25,0.0,4.539999961853027,0.0,875.56,10040.0,2
2024-04-05,1086,Roll_20,Bakery,356.72,1059.07,0.0,4.539999961853027,0.0,173.21,12248.0,2
2024-04-06,1086,Roll_20,Bakery,954.8,691.02,0.0,4.539999961853027,0.0,436.99,10560.0,2
2024-04-07,1086,Roll_20,Bakery,602.86,652.13,0.0,4.539999961853027,0.0,387.71,10420.0,2
2024-04-08,1086,Roll_20,Bakery,734.52,719.04,0.0,4.539999961853027,0.0,403.19,10060.0,2
2024-04-09,1086,Roll_20,Bakery,863.05,717.04,0.0,4.539999961853027,0.0,549.21,9823.0,2
2024-04-10,1086,Roll_20,Bakery,359.15,754.39,0.0,4.539999961853027,0.0,153.97,10304.0,2
2024-04-11,1086,Roll_20,Bakery,620.83,725.41,0.0,4.539999961853027,0.0,49.39,10316.0,2
2024-04-12,1086,Roll_20,Bakery,1183.45,1042.45,0.0,4.539999961853027,0.0,190.4,12158.0,2
2024-04-13,1086,Roll_20,Bakery,666.59,817.3,0.0,4.539999961853027,0.0,39.69,10585.0,2
2024-04-14,1086,Roll_20,Bakery,851.98,891.67,0.0,4.539999961853027,0.0,0.0,10578.0,2
2024-04-15,1086,Roll_20,Bakery,873.98,792.21,0.0,4.539999961853027,0.0,81.77,10416.0,2
2024-04-16,1086,Roll_20,Bakery,804.11,885.88,0.0,4.539999961853027,0.0,0.0,10322.0,2
2024-04-17,1086,Roll_20,Bakery,891.55,645.76,0.0,4.699999809265137,0.0,245.79,10042.0,2
2024-04-18,1086,Roll_20,Bakery,643.64,649.5,0.0,4.539999961853027,0.0,239.93,10182.0,2
2024-04-19,1086,Roll_20,Bakery,1046.65,1286.58,0.0,4.699999809265137,0.0,0.0,12894.0,2
2024-04-20,1086,Roll_20,Bakery,1093.76,766.27,0.0,4.699999809265137,0.0,327.49,11854.0,2
2024-04-21,1086,Roll_20,Bakery,843.51,896.7,0.0,4.699999809265137,0.0,274.3,10578.0,2
2024-04-22,1086,Roll_20,Bakery,797.48,703.98,0.0,4.699999809265137,0.0,367.8,10500.0,2
2024-04-23,1086,Roll_20,Bakery,805.45,577.43,0.0,4.699999809265137,0.0,595.82,9974.0,2
2024-04-24,1086,Roll_20,Bakery,359.83,835.55,0.0,4.699999809265137,0.0,120.1,10096.0,2
2024-04-25,1086,Roll_20,Bakery,828.68,774.08,0.0,4.699999809265137,0.0,174.69,10130.0,2
2024-04-26,1086,Roll_20,Bakery,1397.95,1043.5,0.0,4.699999809265137,0.0,529.14,12265.0,2
2024-04-27,1086,Roll_20,Bakery,425.88,805.17,0.0,4.699999809265137,0.0,149.85,10339.0,2
2024-04-28,1086,Roll_20,Bakery,934.66,798.12,0.0,4.699999809265137,0.0,286.39,10120.0,2
2024-04-29,1086,Roll_20,Bakery,598.2,648.05,0.0,4.699999809265137,0.0,236.54,10345.0,2
2024-04-30,1086,Roll_20,Bakery,578.48,815.02,0.0,4.699999809265137,0.0,0.0,11167.0,2
2024-05-01,1086,Roll_20,Bakery,985.67,980.73,0.0,4.699999809265137,0.0,4.94,10620.0,2
2024-05-02,1086,Roll_20,Bakery,939.24,631.35,0.0,4.699999809265137,0.0,312.83,9613.0,2
2024-05-03,1086,Roll_20,Bakery,927.32,1000.99,0.0,4.699999809265137,0.0,239.16,12020.0,2
2024-05-04,1086,Roll_20,Bakery,749.98,725.06,0.0,4.699999809265137,0.0,264.08,10495.0,2
2024-05-05,1086,Roll_20,Bakery,722.77,880.07,0.0,4.699999809265137,0.0,106.78,10224.0,2
2024-03-01,1112,Croissant_16,Bakery,1404.14,1404.14,0.0,8.350000381469727,0.0,0.0,11812.0,2
2024-03-02,1112,Croissant_16,Bakery,1404.14,868.49,0.0,8.350000381469727,0.0,535.65,10054.0,2
2024-03-03,1112,Croissant_16,Bakery,1353.31,995.19,0.0,8.350000381469727,0.0,893.77,9613.0,2
2024-03-04,1112,Croissant_16,Bakery,868.7,980.38,0.0,8.350000381469727,0.0,782.09,9834.0,2
2024-03-05,1112,Croissant_16,Bakery,922.81,1026.36,0.0,8.350000381469727,0.0,678.54,9746.0,2
2024-03-06,1112,Croissant_16,Bakery,986.87,960.15,0.0,8.350000381469727,0.0,705.26,9774.0,2
2024-03-07,1112,Croissant_16,Bakery,937.76,1055.27,0.0,8.350000381469727,0.0,587.74,11142.0,2
2024-03-08,1112,Croissant_16,Bakery,1034.6,1177.62,0.0,8.350000381469727,0.0,444.72,11864.0,2
2024-03-09,1112,Croissant_16,Bakery,545.22,905.25,0.0,8.350000381469727,0.0,84.69,10078.0,2
2024-03-10,1112,Croissant_16,Bakery,1132.45,1217.14,0.0,8.350000381469727,0.0,0.0,10124.0,2
2024-03-11,1112,Croissant_16,Bakery,1126.86,994.71,0.0,8.350000381469727,0.0,132.15,10122.0,2
2024-03-12,1112,Croissant_16,Bakery,1039.09,1094.37,0.0,8.350000381469727,0.0,76.87,10267.0,2
2024-03-13,1112,Croissant_16,Bakery,1029.11,945.38,0.0,8.350000381469727,0.0,160.6,10214.0,2
2024-03-14,1112,Croissant_16,Bakery,1057.35,1217.95,0.0,8.350000381469727,0.0,0.0,11286.0,2
2024-03-15,1112,Croissant_16,Bakery,1474.66,1474.66,0.0,8.350000381469727,0.0,0.0,12108.0,2
2024-03-16,1112,Croissant_16,Bakery,1160.06,1039.18,0.0,8.350000381469727,0.0,120.88,10102.0,2
2024-03-17,1112,Croissant_16,Bakery,1327.17,977.66,0.0,8.350000381469727,0.0,470.39,10186.0,2
2024-03-18,1112,Croissant_16,Bakery,762.47,1108.19,0.0,8.350000381469727,0.0,124.67,10282.0,2
2024-03-19,1112,Croissant_16,Bakery,1199.52,906.36,0.0,8.350000381469727,0.0,417.83,9794.0,2
2024-03-20,1112,Croissant_16,Bakery,780.49,1067.29,0.0,8.350000381469727,0.0,131.02,10111.0,2
2024-03-21,1112,Croissant_16,Bakery,1326.62,1046.46,0.0,8.350000381469727,0.0,411.18,11034.0,2
2024-03-22,1112,Croissant_16,Bakery,1296.95,1078.66,0.0,8.350000381469727,0.0,629.47,11672.0,2
2024-03-23,1112,Croissant_16,Bakery,497.5,863.45,0.0,8.350000381469727,0.0,263.52,10153.0,2
2024-03-24,1112,Croissant_16,Bakery,833.48,1047.99,0.0,8.350000381469727,0.0,49.02,10824.0,2
2024-03-25,1112,Croissant_16,Bakery,1178.67,782.6,0.0,8.350000381469727,0.0,445.09,10530.0,2
2024-03-26,1112,Croissant_16,Bakery,612.47,1047.06,0.0,8.350000381469727,0.0,10.5,10879.0,2
2024-03-27,1112,Croissant_16,Bakery,1207.04,913.05,0.0,8.350000381469727,0.0,304.49,12451.0,2
2024-03-28,1112,Croissant_16,Bakery,889.19,1006.87,0.0,8.350000381469727,0.0,186.81,12938.0,2
2024-03-29,1112,Croissant_16,Bakery,1034.52,721.8,0.0,8.350000381469727,0.0,499.53,10045.0,2
2024-03-30,1112,Croissant_16,Bakery,530.0,501.86,0.0,8.350000381469727,0.0,527.67,8440.0,2
2024-03-31,1112,Croissant_16,Bakery,780.59,733.86,0.0,8.350000381469727,0.0,574.4,9558.0,2
2024-04-01,1112,Croissant_16,Bakery,450.31,930.73,0.0,8.350000381469727,0.0,93.98,9826.0,2
2024-04-02,1112,Croissant_16,Bakery,1200.28,1052.18,0.0,8.350000381469727,0.0,242.08,10261.0,2
2024-04-03,1112,Croissant_16,Bakery,919.37,863.17,0.0,8.350000381469727,0.0,298.28,9938.0,2
2024-04-04,1112,Croissant_16,Bakery,953.98,863.53,0.0,8.350000381469727,0.0,388.73,11179.0,2
2024-04-05,1112,Croissant_16,Bakery,941.71,1330.44,0.0,8.350000381469727,0.0,0.0,12214.0,2
2024-04-06,1112,Croissant_16,Bakery,854.84,854.84,0.0,8.350000381469727,0.0,0.0,9690.0,2
2024-04-07,1112,Croissant_16,Bakery,1132.8,1132.8,0.0,8.350000381469727,0.0,0.0,9684.0,2
2024-04-08,1112,Croissant_16,Bakery,1160.09,909.45,0.0,8.350000381469727,0.0,250.64,10147.0,2
2024-04-09,1112,Croissant_16,Bakery,1032.98,1019.8,0.0,8.350000381469727,0.0,263.82,10198.0,2
2024-04-10,1112,Croissant_16,Bakery,829.36,970.26,0.0,8.350000381469727,0.0,122.92,10762.0,2
2024-04-11,1112,Croissant_16,Bakery,998.83,1121.75,0.0,8.350000381469727,0.0,0.0,11005.0,2
2024-04-12,1112,Croissant_16,Bakery,1536.67,1347.4,0.0,8.350000381469727,0.0,189.27,12008.0,2
2024-04-13,1112,Croissant_16,Bakery,878.2,979.69,0.0,8.350000381469727,0.0,87.77,9772.0,2
2024-04-14,1112,Croissant_16,Bakery,1233.41,978.53,0.0,8.350000381469727,0.0,342.65,10033.0,2
2024-04-15,1112,Croissant_16,Bakery,755.64,1050.03,0.0,8.350000381469727,0.0,48.26,10806.0,2
2024-04-16,1112,Croissant_16,Bakery,1144.02,826.49,0.0,8.350000381469727,0.0,365.79,10398.0,2
2024-04-17,1112,Croissant_16,Bakery,812.93,1071.55,0.0,8.350000381469727,0.0,107.17,10170.0,2
2024-04-18,1112,Croissant_16,Bakery,1219.63,1204.78,0.0,8.350000381469727,0.0,122.02,11244.0,2
2024-04-19,1112,Croissant_16,Bakery,1441.59,1491.28,0.0,8.350000381469727,0.0,72.33,12858.0,2
2024-04-20,1112,Croissant_16,Bakery,1178.92,1136.28,0.0,8.350000381469727,0.0,114.97,10666.0,2
2024-04-21,1112,Croissant_16,Bakery,1128.87,1047.81,0.0,8.350000381469727,0.0,196.03,10309.0,2
2024-04-22,1112,Croissant_16,Bakery,1112.07,1039.49,0.0,8.350000381469727,0.0,268.6,10488.0,2
2024-04-23,1112,Croissant_16,Bakery,816.76,1000.44,0.0,8.350000381469727,0.0,84.92,10195.0,2
2024-04-24,1112,Croissant_16,Bakery,1202.31,1024.09,0.0,8.350000381469727,0.0,263.14,10255.0,2
2024-04-25,1112,Croissant_16,Bakery,1162.69,1010.43,0.0,8.350000381469727,0.0,415.4,11238.0,2
2024-04-26,1112,Croissant_16,Bakery,1300.12,1237.83,0.0,8.350000381469727,0.0,477.69,11988.0,2
2024-04-27,1112,Croissant_16,Bakery,768.79,866.57,0.0,8.350000381469727,0.0,379.91,9223.0,2
2024-04-28,1112,Croissant_16,Bakery,807.69,1128.46,0.0,8.350000381469727,0.0,59.14,10142.0,2
2024-04-29,1112,Croissant_16,Bakery,1127.81,898.71,0.0,8.350000381469727,0.0,288.24,11011.0,2
2024-04-30,1112,Croissant_16,Bakery,875.67,879.68,0.0,8.350000381469727,0.0,284.23,11142.0,2
2024-05-01,1112,Croissant_16,Bakery,917.84,869.57,0.0,8.350000381469727,0.0,332.49,9874.0,2
2024-05-02,1112,Croissant_16,Bakery,867.1,1111.3,0.0,8.350000381469727,0.0,88.29,10795.0,2
2024-05-03,1112,Croissant_16,Bakery,1348.52,1416.86,0.0,8.350000381469727,0.0,19.95,11872.0,2
2024-05-04,1112,Croissant_16,Bakery,1112.06,883.43,0.0,8.350000381469727,0.0,248.58,9787.0,2
2024-05-05,1112,Croissant_16,Bakery,1142.69,845.77,0.0,8.350000381469727,0.0,545.51,10036.0,2
2024-03-01,1124,Pastry_92,Bakery,48.11,48.11,0.0,41.349998474121094,0.1500999927520752,0.0,12026.0,2
2024-03-02,1124,Pastry_92,Bakery,59.92,59.92,0.0,41.349998474121094,0.1500999927520752,0.0,10750.0,2
2024-03-03,1124,Pastry_92,Bakery,58.8,42.38,0.0,41.349998474121094,0.1500999927520752,16.42,10158.0,2
2024-03-04,1124,Pastry_92,Bakery,43.14,40.11,0.0,41.349998474121094,0.1500999927520752,19.45,9802.0,2
2024-03-05,1124,Pastry_92,Bakery,40.0,39.57,0.0,41.349998474121094,0.1500999927520752,19.88,9606.0,2
2024-03-06,1124,Pastry_92,Bakery,39.08,29.85,0.0,41.349998474121094,0.1500999927520752,29.11,9558.0,2
2024-03-07,1124,Pastry_92,Bakery,31.87,38.5,0.0,41.349998474121094,0.1500999927520752,22.48,10034.0,2
2024-03-08,1124,Pastry_92,Bakery,37.61,41.11,0.0,41.349998474121094,0.1500999927520752,18.97,12292.0,2
2024-03-09,1124,Pastry_92,Bakery,52.52,62.82,0.0,41.349998474121094,0.1500999927520752,8.67,10656.0,2
2024-03-10,1124,Pastry_92,Bakery,46.55,33.34,0.0,41.349998474121094,0.1500999927520752,21.88,10524.0,2
2024-03-11,1124,Pastry_92,Bakery,31.73,48.7,0.0,41.349998474121094,0.1500999927520752,4.91,10134.0,2
2024-03-12,1124,Pastry_92,Bakery,48.68,51.65,0.0,41.349998474121094,0.1500999927520752,1.94,10012.0,2
2024-03-13,1124,Pastry_92,Bakery,42.57,38.16,0.0,41.349998474121094,0.1500999927520752,6.35,9924.0,2
2024-03-14,1124,Pastry_92,Bakery,45.12,32.11,0.0,41.349998474121094,0.1500999927520752,19.35,10324.0,2
2024-03-15,1124,Pastry_92,Bakery,36.88,56.23,0.0,41.349998474121094,0.1500999927520752,0.0,12304.0,2
2024-03-16,1124,Pastry_92,Bakery,77.98,56.94,0.0,41.349998474121094,0.1500999927520752,21.04,10926.0,2
2024-03-17,1124,Pastry_92,Bakery,25.88,31.52,0.0,41.349998474121094,0.1500999927520752,15.39,10662.0,2
2024-03-18,1124,Pastry_92,Bakery,47.34,45.04,0.0,41.349998474121094,0.1500999927520752,17.69,10286.0,2
2024-03-19,1124,Pastry_92,Bakery,47.84,24.96,0.0,41.349998474121094,0.1500999927520752,40.57,9634.0,2
2024-03-20,1124,Pastry_92,Bakery,13.57,43.7,0.0,41.349998474121094,0.1500999927520752,10.45,9842.0,2
2024-03-21,1124,Pastry_92,Bakery,37.63,40.01,0.0,41.349998474121094,0.1500999927520752,8.07,10076.0,2
2024-03-22,1124,Pastry_92,Bakery,63.3,49.8,0.0,41.349998474121094,0.1500999927520752,21.57,12078.0,2
2024-03-23,1124,Pastry_92,Bakery,49.19,48.94,0.0,41.349998474121094,0.1500999927520752,21.82,10782.0,2
2024-03-24,1124,Pastry_92,Bakery,24.28,46.1,0.0,41.349998474121094,0.1500999927520752,0.0,10920.0,2
2024-03-25,1124,Pastry_92,Bakery,55.87,31.05,0.0,41.349998474121094,0.1500999927520752,24.82,10111.0,2
2024-03-26,1124,Pastry_92,Bakery,12.18,33.02,0.0,41.349998474121094,0.1500999927520752,3.97,9932.0,2
2024-03-27,1124,Pastry_92,Bakery,49.26,30.65,0.0,41.349998474121094,0.1500999927520752,22.58,10540.0,2
2024-03-28,1124,Pastry_92,Bakery,28.25,43.84,0.0,41.349998474121094,0.1500999927520752,7.0,13846.0,2
2024-03-29,1124,Pastry_92,Bakery,53.79,30.88,0.0,41.349998474121094,0.1500999927520752,29.91,12157.0,2
2024-03-30,1124,Pastry_92,Bakery,29.44,29.06,0.0,41.349998474121094,0.1500999927520752,30.29,8768.0,2
2024-03-31,1124,Pastry_92,Bakery,25.59,32.02,0.85,41.349998474121094,0.1500999927520752,23.01,9390.0,2
2024-04-01,1124,Pastry_92,Bakery,19.33,42.34,0.0,41.349998474121094,0.1500999927520752,0.0,10206.0,2
2024-04-02,1124,Pastry_92,Bakery,40.67,22.88,0.0,41.349998474121094,0.1500999927520752,17.79,10356.0,2
2024-04-03,1124,Pastry_92,Bakery,22.4,37.95,0.0,41.349998474121094,0.1500999927520752,2.24,9502.0,2
2024-04-04,1124,Pastry_92,Bakery,51.28,45.5,0.0,41.349998474121094,0.1500999927520752,8.03,10040.0,2
2024-04-05,1124,Pastry_92,Bakery,53.66,61.69,0.0,41.349998474121094,0.1500999927520752,0.0,12248.0,2
2024-04-06,1124,Pastry_92,Bakery,61.24,61.24,0.0,41.349998474121094,0.1500999927520752,0.0,10560.0,2
2024-04-07,1124,Pastry_92,Bakery,50.41,40.97,0.0,41.349998474121094,0.1500999927520752,9.44,10420.0,2
2024-04-08,1124,Pastry_92,Bakery,50.26,36.38,0.0,41.349998474121094,0.1500999927520752,23.32,10060.0,2
2024-04-09,1124,Pastry_92,Bakery,19.81,43.13,0.0,41.349998474121094,0.1500999927520752,0.0,9823.0,2
2024-04-10,1124,Pastry_92,Bakery,51.44,50.52,0.0,41.349998474121094,0.1500999927520752,0.92,10304.0,2
2024-04-11,1124,Pastry_92,Bakery,57.19,34.72,0.0,41.349998474121094,0.1500999927520752,23.38,10316.0,2
2024-04-12,1124,Pastry_92,Bakery,52.58,48.03,0.0,41.349998474121094,0.1500999927520752,27.93,12158.0,2
2024-04-13,1124,Pastry_92,Bakery,45.03,26.3,0.0,41.349998474121094,0.1500999927520752,46.66,10585.0,2
2024-04-14,1124,Pastry_92,Bakery,9.22,54.25,1.63,41.349998474121094,0.1500999927520752,0.0,10578.0,2
2024-04-15,1124,Pastry_92,Bakery,49.09,37.92,0.0,41.349998474121094,0.1500999927520752,11.17,10416.0,2
2024-04-16,1124,Pastry_92,Bakery,44.51,36.23,0.0,41.349998474121094,0.1500999927520752,19.44,10322.0,2
2024-04-17,1124,Pastry_92,Bakery,43.91,38.59,0.0,41.349998474121094,0.1500999927520752,24.76,10042.0,2
2024-04-18,1124,Pastry_92,Bakery,21.66,45.39,0.0,41.349998474121094,0.1500999927520752,1.03,10182.0,2
2024-04-19,1124,Pastry_92,Bakery,58.66,47.04,0.0,41.349998474121094,0.1500999927520752,12.66,12894.0,2
2024-04-20,1124,Pastry_92,Bakery,32.02,44.68,0.0,41.349998474121094,0.1500999927520752,0.0,11854.0,2
2024-04-21,1124,Pastry_92,Bakery,62.36,26.3,0.0,41.349998474121094,0.1500999927520752,36.06,10578.0,2
2024-04-22,1124,Pastry_92,Bakery,11.01,36.02,0.0,41.349998474121094,0.1500999927520752,11.05,10500.0,2
2024-04-23,1124,Pastry_92,Bakery,34.51,31.88,0.04,41.349998474121094,0.1500999927520752,13.63,9974.0,2
2024-04-24,1124,Pastry_92,Bakery,34.84,34.08,0.0,41.349998474121094,0.1500999927520752,14.39,10096.0,2
2024-04-25,1124,Pastry_92,Bakery,41.11,40.13,0.0,41.349998474121094,0.1500999927520752,15.37,10130.0,2
2024-04-26,1124,Pastry_92,Bakery,71.4,86.77,0.0,41.349998474121094,0.1500999927520752,0.0,12265.0,2
2024-04-27,1124,Pastry_92,Bakery,70.58,29.92,0.0,41.349998474121094,0.1500999927520752,40.66,10339.0,2
2024-04-28,1124,Pastry_92,Bakery,12.23,44.06,0.0,41.349998474121094,0.1500999927520752,8.83,10120.0,2
2024-04-29,1124,Pastry_92,Bakery,52.51,39.23,0.0,41.349998474121094,0.1500999927520752,22.11,10345.0,2
2024-04-30,1124,Pastry_92,Bakery,34.89,34.18,0.0,41.349998474121094,0.1500999927520752,22.82,11167.0,2
2024-05-01,1124,Pastry_92,Bakery,36.11,43.49,0.0,41.349998474121094,0.1500999927520752,15.43,10620.0,2
2024-05-02,1124,Pastry_92,Bakery,48.92,28.04,0.0,41.349998474121094,0.1500999927520752,36.31,9613.0,2
2024-05-03,1124,Pastry_92,Bakery,76.06,76.86,0.0,41.349998474121094,0.1500999927520752,35.51,12020.0,2
2024-05-04,1124,Pastry_92,Bakery,15.51,49.07,0.0,41.349998474121094,0.1500999927520752,1.95,10495.0,2
2024-05-05,1124,Pastry_92,Bakery,62.16,45.75,0.0,41.349998474121094,0.1500999927520752,18.36,10224.0,2
2024-03-01,1131,Toust_16,Bakery,346.3,346.3,0.0,58.5,0.0,0.0,11812.0,2
2024-03-02,1131,Toust_16,Bakery,346.3,254.71,0.0,58.5,0.0,91.59,10054.0,2
2024-03-03,1131,Toust_16,Bakery,337.61,237.2,0.0,58.5,0.0,192.0,9613.0,2
2024-03-04,1131,Toust_16,Bakery,229.3,261.08,0.0,58.5,0.0,160.22,9834.0,2
2024-03-05,1131,Toust_16,Bakery,248.43,217.01,0.0,58.5,0.0,191.64,9746.0,2
2024-03-06,1131,Toust_16,Bakery,217.99,193.81,0.0,58.5,0.0,215.82,9774.0,2
2024-03-07,1131,Toust_16,Bakery,197.75,264.25,0.0,58.5,0.0,149.32,11142.0,2
2024-03-08,1131,Toust_16,Bakery,258.69,285.8,0.0,58.5,0.0,122.21,11864.0,2
2024-03-09,1131,Toust_16,Bakery,172.48,228.08,0.0,58.5,0.0,66.61,10078.0,2
2024-03-10,1131,Toust_16,Bakery,219.57,286.18,0.0,58.5,0.0,0.0,10124.0,2
2024-03-11,1131,Toust_16,Bakery,306.68,280.92,0.0,58.5,0.0,25.76,10122.0,2
2024-03-12,1131,Toust_16,Bakery,239.34,253.77,0.0,58.5,0.0,11.33,10267.0,2
2024-03-13,1131,Toust_16,Bakery,226.63,206.36,0.0,58.5,0.0,31.61,10214.0,2
2024-03-14,1131,Toust_16,Bakery,272.14,272.39,0.0,55.90999984741211,0.0,31.35,11286.0,2
2024-03-15,1131,Toust_16,Bakery,296.54,327.89,0.0,55.90999984741211,0.0,0.0,12108.0,2
2024-03-16,1131,Toust_16,Bakery,279.39,259.8,0.0,55.90999984741211,0.0,19.59,10102.0,2
2024-03-17,1131,Toust_16,Bakery,313.78,255.89,0.0,55.90999984741211,0.0,77.48,10186.0,2
2024-03-18,1131,Toust_16,Bakery,250.0,221.99,0.0,55.90999984741211,0.0,105.49,10282.0,2
2024-03-19,1131,Toust_16,Bakery,198.06,236.36,0.0,55.90999984741211,0.0,67.18,9794.0,2
2024-03-20,1131,Toust_16,Bakery,189.95,233.25,0.0,55.04999923706055,0.0,23.88,10111.0,2
2024-03-21,1131,Toust_16,Bakery,293.69,283.82,0.0,55.04999923706055,0.0,33.75,11034.0,2
2024-03-22,1131,Toust_16,Bakery,340.62,295.12,0.0,55.04999923706055,0.0,79.25,11672.0,2
2024-03-23,1131,Toust_16,Bakery,215.11,263.1,0.0,55.04999923706055,0.0,31.26,10153.0,2
2024-03-24,1131,Toust_16,Bakery,259.35,255.01,0.0,55.04999923706055,0.0,35.6,10824.0,2
2024-03-25,1131,Toust_16,Bakery,221.11,215.83,0.0,55.04999923706055,0.0,40.88,10530.0,2
2024-03-26,1131,Toust_16,Bakery,231.91,237.33,0.0,55.04999923706055,0.0,35.46,10879.0,2
2024-03-27,1131,Toust_16,Bakery,270.6,306.06,0.0,55.04999923706055,0.0,0.0,12451.0,2
2024-03-28,1131,Toust_16,Bakery,335.06,335.06,0.0,55.04999923706055,0.0,0.0,12938.0,2
2024-03-29,1131,Toust_16,Bakery,348.4,254.75,0.0,55.04999923706055,0.0,93.65,10045.0,2
2024-03-30,1131,Toust_16,Bakery,221.62,150.19,0.0,55.04999923706055,0.0,165.07,8440.0,2
2024-03-31,1131,Toust_16,Bakery,166.94,198.2,0.0,55.04999923706055,0.0,133.81,9558.0,2
2024-04-01,1131,Toust_16,Bakery,162.94,254.0,0.0,55.04999923706055,0.0,42.75,9826.0,2
2024-04-02,1131,Toust_16,Bakery,274.16,262.61,0.0,55.04999923706055,0.0,54.3,10261.0,2
2024-04-03,1131,Toust_16,Bakery,331.36,235.73,0.0,55.04999923706055,0.0,149.93,9938.0,2
2024-04-04,1131,Toust_16,Bakery,258.62,278.0,0.0,55.04999923706055,0.0,130.55,11179.0,2
2024-04-05,1131,Toust_16,Bakery,184.92,315.47,0.0,55.04999923706055,0.0,0.0,12214.0,2
2024-04-06,1131,Toust_16,Bakery,219.61,211.93,0.0,55.04999923706055,0.0,7.68,9690.0,2
2024-04-07,1131,Toust_16,Bakery,241.65,242.23,0.0,55.04999923706055,0.0,7.11,9684.0,2
2024-04-08,1131,Toust_16,Bakery,289.35,215.44,0.0,55.04999923706055,0.0,81.02,10147.0,2
2024-04-09,1131,Toust_16,Bakery,228.67,217.02,0.0,55.04999923706055,0.0,92.67,10198.0,2
2024-04-10,1131,Toust_16,Bakery,192.35,283.21,0.0,55.04999923706055,0.0,1.81,10762.0,2
2024-04-11,1131,Toust_16,Bakery,328.28,297.86,0.0,55.04999923706055,0.0,32.24,11005.0,2
2024-04-12,1131,Toust_16,Bakery,338.82,329.98,0.0,55.04999923706055,0.0,41.07,12008.0,2
2024-04-13,1131,Toust_16,Bakery,231.02,188.47,0.0,55.04999923706055,0.0,83.63,9772.0,2
2024-04-14,1131,Toust_16,Bakery,224.36,245.96,0.0,55.04999923706055,0.0,62.03,10033.0,2
2024-04-15,1131,Toust_16,Bakery,219.02,253.33,0.0,55.04999923706055,0.0,27.72,10806.0,2
2024-04-16,1131,Toust_16,Bakery,251.29,270.81,0.0,55.04999923706055,0.0,8.2,10398.0,2
2024-04-17,1131,Toust_16,Bakery,332.24,275.39,0.0,55.04999923706055,0.0,65.05,10170.0,2
2024-04-18,1131,Toust_16,Bakery,289.56,291.65,0.0,55.04999923706055,0.0,62.96,11244.0,2
2024-04-19,1131,Toust_16,Bakery,352.42,415.38,0.0,55.04999923706055,0.0,0.0,12858.0,2
2024-04-20,1131,Toust_16,Bakery,277.1,248.62,0.0,55.04999923706055,0.0,28.48,10666.0,2
2024-04-21,1131,Toust_16,Bakery,293.54,290.57,0.0,55.04999923706055,0.0,31.44,10309.0,2
2024-04-22,1131,Toust_16,Bakery,294.53,265.14,0.0,55.04999923706055,0.0,60.84,10488.0,2
2024-04-23,1131,Toust_16,Bakery,281.1,243.49,0.0,55.04999923706055,0.0,98.45,10195.0,2
2024-04-24,1131,Toust_16,Bakery,251.63,273.21,0.0,55.04999923706055,0.0,76.87,10255.0,2
2024-04-25,1131,Toust_16,Bakery,289.59,314.24,0.0,55.04999923706055,0.0,52.23,11238.0,2
2024-04-26,1131,Toust_16,Bakery,438.92,285.39,0.0,55.04999923706055,0.0,205.76,11988.0,2
2024-04-27,1131,Toust_16,Bakery,74.55,192.37,0.0,55.04999923706055,0.0,87.94,9223.0,2
2024-04-28,1131,Toust_16,Bakery,266.38,241.94,13.39,55.04999923706055,0.0,98.99,10142.0,2
2024-04-29,1131,Toust_16,Bakery,215.61,240.35,0.0,55.04999923706055,0.0,74.25,11011.0,2
2024-04-30,1131,Toust_16,Bakery,219.36,274.68,0.0,55.04999923706055,0.0,18.93,11142.0,2
2024-05-01,1131,Toust_16,Bakery,304.57,184.56,0.0,55.04999923706055,0.0,138.94,9874.0,2
2024-05-02,1131,Toust_16,Bakery,236.49,276.08,0.0,55.04999923706055,0.0,99.35,10795.0,2
2024-05-03,1131,Toust_16,Bakery,237.97,290.95,0.0,55.04999923706055,0.0,46.37,11872.0,2
2024-05-04,1131,Toust_16,Bakery,199.25,220.41,0.0,55.04999923706055,0.0,25.21,9787.0,2
2024-05-05,1131,Toust_16,Bakery,264.11,258.33,0.0,55.04999923706055,0.0,30.98,10036.0,2
2024-03-01,1164,Physalis_1,Fruit and vegetable,51.69,51.69,0.0,88.37000274658203,0.0,0.0,11812.0,3
2024-03-02,1164,Physalis_1,Fruit and vegetable,51.69,51.3,0.0,88.37000274658203,0.0,0.39,10054.0,3
2024-03-03,1164,Physalis_1,Fruit and vegetable,51.65,35.67,0.0,88.37000274658203,0.0,16.37,9613.0,3
2024-03-04,1164,Physalis_1,Fruit and vegetable,47.01,26.64,0.0,88.37000274658203,0.0,36.75,9834.0,3
2024-03-05,1164,Physalis_1,Fruit and vegetable,30.7,19.57,0.0,88.37000274658203,0.0,47.88,9746.0,3
2024-03-06,1164,Physalis_1,Fruit and vegetable,22.29,44.45,0.0,88.37000274658203,0.0,25.71,9774.0,3
2024-03-07,1164,Physalis_1,Fruit and vegetable,42.96,29.55,0.0,88.37000274658203,0.0,39.12,11142.0,3
2024-03-08,1164,Physalis_1,Fruit and vegetable,28.63,44.76,0.0,88.37000274658203,0.0,22.99,11864.0,3
2024-03-09,1164,Physalis_1,Fruit and vegetable,42.92,28.29,0.0,88.37000274658203,0.0,37.62,10078.0,3
2024-03-10,1164,Physalis_1,Fruit and vegetable,10.09,38.86,0.0,88.37000274658203,0.0,8.85,10124.0,3
2024-03-11,1164,Physalis_1,Fruit and vegetable,30.14,33.57,0.0,88.37000274658203,0.0,5.42,10122.0,3
2024-03-12,1164,Physalis_1,Fruit and vegetable,25.94,19.38,0.0,88.37000274658203,0.0,11.98,10267.0,3
2024-03-13,1164,Physalis_1,Fruit and vegetable,44.32,29.98,0.0,88.37000274658203,0.0,26.33,10214.0,3
2024-03-14,1164,Physalis_1,Fruit and vegetable,13.61,24.29,0.0,88.37000274658203,0.0,15.65,11286.0,3
2024-03-15,1164,Physalis_1,Fruit and vegetable,40.14,25.75,0.0,88.37000274658203,0.0,30.04,12108.0,3
2024-03-16,1164,Physalis_1,Fruit and vegetable,7.07,37.11,0.0,88.37000274658203,0.0,0.0,10102.0,3
2024-03-17,1164,Physalis_1,Fruit and vegetable,47.99,17.65,0.0,88.37000274658203,0.0,30.34,10186.0,3
2024-03-18,1164,Physalis_1,Fruit and vegetable,12.41,33.47,0.0,88.37000274658203,0.0,9.28,10282.0,3
2024-03-19,1164,Physalis_1,Fruit and vegetable,19.26,26.66,0.0,88.37000274658203,0.0,1.88,9794.0,3
2024-03-20,1164,Physalis_1,Fruit and vegetable,36.27,31.81,0.0,88.37000274658203,0.0,6.34,10111.0,3
2024-03-21,1164,Physalis_1,Fruit and vegetable,31.97,38.31,0.0,88.37000274658203,0.0,0.0,11034.0,3
2024-03-22,1164,Physalis_1,Fruit and vegetable,51.78,51.78,0.0,88.37000274658203,0.0,0.0,11672.0,3
2024-03-23,1164,Physalis_1,Fruit and vegetable,50.64,24.72,0.0,88.37000274658203,0.0,25.92,10153.0,3
2024-03-24,1164,Physalis_1,Fruit and vegetable,16.0,41.92,0.0,88.37000274658203,0.0,0.0,10824.0,3
2024-03-25,1164,Physalis_1,Fruit and vegetable,45.46,26.32,0.0,88.37000274658203,0.0,19.14,10530.0,3
2024-03-26,1164,Physalis_1,Fruit and vegetable,20.32,17.45,0.0,88.37000274658203,0.0,22.0,10879.0,3
2024-03-27,1164,Physalis_1,Fruit and vegetable,24.74,34.2,0.0,88.37000274658203,0.0,12.54,12451.0,3
2024-03-28,1164,Physalis_1,Fruit and vegetable,40.68,17.01,0.0,88.37000274658203,0.0,36.22,12938.0,3
2024-03-29,1164,Physalis_1,Fruit and vegetable,32.09,19.46,0.0,88.37000274658203,0.0,48.85,10045.0,3
2024-03-30,1164,Physalis_1,Fruit and vegetable,0.0,14.65,0.0,88.37000274658203,0.0,34.2,8440.0,3
2024-03-31,1164,Physalis_1,Fruit and vegetable,22.94,28.57,2.11,88.37000274658203,0.0,26.46,9558.0,3
2024-04-01,1164,Physalis_1,Fruit and vegetable,12.65,30.2,3.52,88.37000274658203,0.0,5.39,9826.0,3
2024-04-02,1164,Physalis_1,Fruit and vegetable,21.93,26.44,0.0,88.37000274658203,0.0,0.89,10261.0,3
2024-04-03,1164,Physalis_1,Fruit and vegetable,87.73,88.62,0.0,88.37000274658203,0.18174000084400177,0.0,9938.0,3
2024-04-04,1164,Physalis_1,Fruit and vegetable,76.45,76.45,0.0,88.37000274658203,0.210439994931221,0.0,11179.0,3
2024-04-05,1164,Physalis_1,Fruit and vegetable,116.59,116.59,0.0,88.37000274658203,0.210439994931221,0.0,12214.0,3
2024-04-06,1164,Physalis_1,Fruit and vegetable,64.61,32.06,0.0,88.37000274658203,0.0,32.55,9690.0,3
2024-04-07,1164,Physalis_1,Fruit and vegetable,42.8,44.53,0.0,88.37000274658203,0.0,30.81,9684.0,3
2024-04-08,1164,Physalis_1,Fruit and vegetable,44.1,37.08,0.0,88.37000274658203,0.0,37.84,10147.0,3
2024-04-09,1164,Physalis_1,Fruit and vegetable,32.21,24.42,0.0,88.37000274658203,0.0,45.63,10198.0,3
2024-04-11,1164,Physalis_1,Fruit and vegetable,100.45,26.58,13.42,88.37000274658203,0.0,106.08,11005.0,3
2024-04-12,1164,Physalis_1,Fruit and vegetable,19.24,22.34,5.63,88.37000274658203,0.0,97.35,12008.0,3
2024-04-13,1164,Physalis_1,Fruit and vegetable,61.74,31.42,0.0,88.37000274658203,0.0,127.67,9772.0,3
2024-04-14,1164,Physalis_1,Fruit and vegetable,0.0,43.74,46.69,88.37000274658203,0.0,37.23,10033.0,3
2024-04-15,1164,Physalis_1,Fruit and vegetable,18.93,19.22,0.0,88.37000274658203,0.0,36.95,10806.0,3
2024-04-16,1164,Physalis_1,Fruit and vegetable,29.29,22.86,18.01,88.37000274658203,0.0,25.36,10398.0,3
2024-04-17,1164,Physalis_1,Fruit and vegetable,9.58,30.01,0.0,88.37000274658203,0.0,4.93,10170.0,3
2024-04-18,1164,Physalis_1,Fruit and vegetable,32.11,29.51,0.0,88.37000274658203,0.0,7.53,11244.0,3
2024-04-19,1164,Physalis_1,Fruit and vegetable,28.22,35.75,0.0,88.37000274658203,0.0,0.0,12858.0,3
2024-04-20,1164,Physalis_1,Fruit and vegetable,41.74,26.26,0.0,88.37000274658203,0.0,15.48,10666.0,3
2024-04-21,1164,Physalis_1,Fruit and vegetable,38.74,26.42,0.0,88.37000274658203,0.0,27.8,10309.0,3
2024-04-22,1164,Physalis_1,Fruit and vegetable,0.0,24.58,0.0,88.37000274658203,0.0,3.22,10488.0,3
2024-04-23,1164,Physalis_1,Fruit and vegetable,30.3,33.52,0.0,88.37000274658203,0.0,0.0,10195.0,3
2024-04-24,1164,Physalis_1,Fruit and vegetable,35.23,17.63,0.0,88.37000274658203,0.0,17.6,10255.0,3
2024-04-25,1164,Physalis_1,Fruit and vegetable,19.61,29.51,0.0,88.37000274658203,0.0,7.69,11238.0,3
2024-04-26,1164,Physalis_1,Fruit and vegetable,35.75,39.54,0.0,88.37000274658203,0.0,3.9,11988.0,3
2024-04-27,1164,Physalis_1,Fruit and vegetable,31.26,30.56,0.0,88.37000274658203,0.0,4.6,9223.0,3
2024-04-28,1164,Physalis_1,Fruit and vegetable,44.85,49.45,0.0,88.37000274658203,0.0,0.0,10142.0,3
2024-04-29,1164,Physalis_1,Fruit and vegetable,47.03,47.03,0.0,88.37000274658203,0.0,0.0,11011.0,3
2024-04-30,1164,Physalis_1,Fruit and vegetable,47.61,27.82,0.0,88.37000274658203,0.0,19.79,11142.0,3
2024-05-01,1164,Physalis_1,Fruit and vegetable,12.39,31.94,0.0,88.37000274658203,0.0,0.24,9874.0,3
2024-05-02,1164,Physalis_1,Fruit and vegetable,40.57,6.99,0.0,88.37000274658203,0.0,33.83,10795.0,3
2024-05-03,1164,Physalis_1,Fruit and vegetable,23.97,29.27,0.0,88.37000274658203,0.0,28.52,11872.0,3
2024-05-04,1164,Physalis_1,Fruit and vegetable,20.01,12.44,0.0,88.37000274658203,0.0,36.09,9787.0,3
2024-05-05,1164,Physalis_1,Fruit and vegetable,33.67,28.31,0.0,88.37000274658203,0.0,41.46,10036.0,3
2024-03-01,1169,Pastry_98,Bakery,20.16,20.16,0.0,37.72999954223633,0.09431999921798706,0.0,11812.0,2
2024-03-02,1169,Pastry_98,Bakery,22.13,22.13,0.0,37.72999954223633,0.17847999930381775,0.0,10054.0,2
2024-03-03,1169,Pastry_98,Bakery,21.94,17.3,0.0,37.72999954223633,0.16287000477313995,4.64,9613.0,2
2024-03-04,1169,Pastry_98,Bakery,18.63,8.88,0.0,37.72999954223633,0.1466200053691864,14.39,9834.0,2
2024-03-05,1169,Pastry_98,Bakery,15.49,29.88,0.0,37.72999954223633,0.16518999636173248,0.0,9746.0,2
2024-03-06,1169,Pastry_98,Bakery,29.92,19.91,0.0,37.72999954223633,0.0699400007724762,10.01,9774.0,2
2024-03-07,1169,Pastry_98,Bakery,23.54,33.55,0.0,37.72999954223633,0.21081000566482544,0.0,11142.0,2
2024-03-08,1169,Pastry_98,Bakery,30.57,19.63,0.0,37.72999954223633,0.1292400062084198,10.94,11864.0,2
2024-03-09,1169,Pastry_98,Bakery,26.72,37.66,0.0,37.72999954223633,0.06825999915599823,0.0,10078.0,2
2024-03-10,1169,Pastry_98,Bakery,30.33,15.02,0.0,37.72999954223633,0.10249000042676926,15.31,10124.0,2
2024-03-11,1169,Pastry_98,Bakery,6.95,11.84,0.0,37.72999954223633,0.09956000000238419,10.42,10122.0,2
2024-03-12,1169,Pastry_98,Bakery,35.47,13.39,3.47,37.72999954223633,0.11766000092029572,29.04,10267.0,2
2024-03-13,1169,Pastry_98,Bakery,3.81,25.4,0.0,37.72999954223633,0.10117000341415405,7.45,10214.0,2
2024-03-14,1169,Pastry_98,Bakery,42.76,23.08,3.64,37.72999954223633,0.0830800011754036,23.49,11286.0,2
2024-03-15,1169,Pastry_98,Bakery,19.26,42.75,0.0,37.72999954223633,0.13233999907970428,0.0,12108.0,2
2024-03-16,1169,Pastry_98,Bakery,53.18,21.21,0.0,37.72999954223633,0.177729994058609,31.97,10102.0,2
2024-03-17,1169,Pastry_98,Bakery,0.0,21.0,0.0,37.72999954223633,0.14437000453472137,10.97,10186.0,2
2024-03-18,1169,Pastry_98,Bakery,27.85,27.85,10.97,37.72999954223633,0.17124000191688538,0.0,10282.0,2
2024-03-19,1169,Pastry_98,Bakery,32.65,32.65,0.0,37.72999954223633,0.4000000059604645,0.0,9794.0,2
2024-03-20,1169,Pastry_98,Bakery,35.38,13.25,0.0,37.72999954223633,0.06703999638557434,22.13,10111.0,2
2024-03-21,1169,Pastry_98,Bakery,13.18,29.95,0.0,37.72999954223633,0.08028999716043472,5.35,11034.0,2
2024-03-22,1169,Pastry_98,Bakery,49.63,31.07,0.0,37.72999954223633,0.3500800132751465,23.91,11672.0,2
2024-03-23,1169,Pastry_98,Bakery,6.29,15.36,0.0,37.72999954223633,0.08387000113725662,14.84,10153.0,2
2024-03-24,1169,Pastry_98,Bakery,24.8,20.44,8.55,37.72999954223633,0.03968999907374382,10.65,10824.0,2
2024-03-25,1169,Pastry_98,Bakery,27.35,21.93,0.0,37.72999954223633,0.06678000092506409,16.07,10530.0,2
2024-03-26,1169,Pastry_98,Bakery,26.58,15.18,0.0,37.72999954223633,0.14868000149726868,27.46,10879.0,2
2024-03-27,1169,Pastry_98,Bakery,3.86,30.44,0.89,37.72999954223633,0.12370000034570694,0.0,12451.0,2
2024-03-28,1169,Pastry_98,Bakery,38.92,14.46,0.0,37.72999954223633,0.13113999366760254,24.46,12938.0,2
2024-03-29,1169,Pastry_98,Bakery,15.66,14.33,0.0,37.72999954223633,0.15059000253677368,25.79,10045.0,2
2024-03-30,1169,Pastry_98,Bakery,7.3,8.24,10.13,37.72999954223633,0.16847999393939972,14.72,8440.0,2
2024-03-31,1169,Pastry_98,Bakery,22.27,22.5,7.42,37.72999954223633,0.4416399896144867,7.07,9558.0,2
2024-04-01,1169,Pastry_98,Bakery,24.2,11.55,0.0,37.72999954223633,0.11332999914884567,19.72,9826.0,2
2024-04-02,1169,Pastry_98,Bakery,5.0,12.87,0.0,37.72999954223633,0.1367799937725067,11.85,10261.0,2
2024-04-03,1169,Pastry_98,Bakery,35.14,38.99,6.85,37.72999954223633,0.30000001192092896,1.16,9938.0,2
2024-04-04,1169,Pastry_98,Bakery,35.05,36.21,0.0,37.72999954223633,0.0,0.0,11179.0,2
2024-04-05,1169,Pastry_98,Bakery,30.17,12.38,0.0,37.72999954223633,0.0,17.79,12214.0,2
2024-04-06,1169,Pastry_98,Bakery,6.53,8.37,0.0,37.72999954223633,0.044759999960660934,15.95,9690.0,2
2024-04-07,1169,Pastry_98,Bakery,32.03,17.81,9.42,37.72999954223633,0.0,20.75,9684.0,2
2024-04-08,1169,Pastry_98,Bakery,9.8,30.55,0.0,37.72999954223633,0.06943999975919724,0.0,10147.0,2
2024-04-09,1169,Pastry_98,Bakery,29.46,29.46,0.0,37.72999954223633,0.09819000214338303,0.0,10198.0,2
2024-04-10,1169,Pastry_98,Bakery,55.51,55.51,0.0,37.72999954223633,0.2500799894332886,0.0,10762.0,2
2024-04-11,1169,Pastry_98,Bakery,56.86,21.56,0.0,37.72999954223633,0.0,35.3,11005.0,2
2024-04-12,1169,Pastry_98,Bakery,2.51,37.81,0.0,37.72999954223633,0.0,0.0,12008.0,2
2024-04-13,1169,Pastry_98,Bakery,27.84,11.01,0.0,37.72999954223633,0.0,16.83,9772.0,2
2024-04-14,1169,Pastry_98,Bakery,19.72,24.77,0.0,37.72999954223633,0.0,11.79,10033.0,2
2024-04-15,1169,Pastry_98,Bakery,36.65,26.38,0.0,37.72999954223633,0.05282999947667122,22.06,10806.0,2
2024-04-16,1169,Pastry_98,Bakery,25.37,30.09,0.0,37.72999954223633,0.010040000081062317,17.34,10398.0,2
2024-04-17,1169,Pastry_98,Bakery,56.14,26.66,0.0,37.72999954223633,0.0,46.82,10170.0,2
2024-04-18,1169,Pastry_98,Bakery,0.0,19.27,0.0,37.72999954223633,0.06370999664068222,27.55,11244.0,2
2024-04-19,1169,Pastry_98,Bakery,48.56,33.03,27.55,37.72999954223633,0.06373000144958496,15.53,12858.0,2
2024-04-20,1169,Pastry_98,Bakery,4.85,12.43,0.0,37.72999954223633,0.05234000086784363,7.95,10666.0,2
2024-04-21,1169,Pastry_98,Bakery,28.74,23.6,3.1,37.72999954223633,0.1341399997472763,9.99,10309.0,2
2024-04-22,1169,Pastry_98,Bakery,25.22,26.34,0.0,37.72999954223633,0.0,8.88,10488.0,2
2024-04-23,1169,Pastry_98,Bakery,30.05,12.88,0.0,37.72999954223633,0.054329998791217804,26.05,10195.0,2
2024-04-24,1169,Pastry_98,Bakery,10.35,18.51,0.0,37.72999954223633,0.063960000872612,17.88,10255.0,2
2024-04-25,1169,Pastry_98,Bakery,22.29,32.64,7.54,37.72999954223633,0.07310999929904938,0.0,11238.0,2
2024-04-26,1169,Pastry_98,Bakery,43.98,24.24,0.0,37.72999954223633,0.05578000098466873,19.74,11988.0,2
2024-04-27,1169,Pastry_98,Bakery,9.74,29.48,0.0,37.72999954223633,0.04538000002503395,0.0,9223.0,2
2024-04-28,1169,Pastry_98,Bakery,32.09,25.43,0.0,37.72999954223633,0.011669999919831753,6.66,10142.0,2
2024-04-29,1169,Pastry_98,Bakery,28.2,19.86,0.0,37.72999954223633,0.06666000187397003,15.0,11011.0,2
2024-04-30,1169,Pastry_98,Bakery,6.53,12.48,0.0,37.72999954223633,0.007180000189691782,9.05,11142.0,2
2024-05-01,1169,Pastry_98,Bakery,20.76,23.78,2.52,37.72999954223633,0.06593000143766403,3.52,9874.0,2
2024-05-02,1169,Pastry_98,Bakery,37.5,34.42,0.0,37.72999954223633,0.08429999649524689,6.59,10795.0,2
2024-05-03,1169,Pastry_98,Bakery,26.55,24.1,0.0,37.72999954223633,0.20000000298023224,9.04,11872.0,2
2024-05-04,1169,Pastry_98,Bakery,29.34,24.89,0.0,37.72999954223633,0.0,13.49,9787.0,2
2024-05-05,1169,Pastry_98,Bakery,20.36,16.1,0.0,37.72999954223633,0.05950000137090683,17.76,10036.0,2
2024-03-01,1188,Tomato_48,Fruit and vegetable,198.39,198.39,0.0,108.93000030517578,0.0,0.0,11812.0,3
2024-03-04,1188,Tomato_48,Fruit and vegetable,198.39,118.18,0.0,108.93000030517578,0.0,80.21,9834.0,3
2024-03-05,1188,Tomato_48,Fruit and vegetable,190.78,90.79,0.0,108.93000030517578,0.0,180.2,9746.0,3
2024-03-06,1188,Tomato_48,Fruit and vegetable,89.77,73.1,0.0,108.93000030517578,0.0,196.87,9774.0,3
2024-03-07,1188,Tomato_48,Fruit and vegetable,72.41,90.25,0.0,140.57000732421875,0.0,179.03,11142.0,3
2024-03-08,1188,Tomato_48,Fruit and vegetable,99.94,143.67,16.85,108.93000030517578,0.0,118.45,11864.0,3
2024-03-09,1188,Tomato_48,Fruit and vegetable,138.99,106.47,0.0,108.93000030517578,0.0,150.97,10078.0,3
2024-03-10,1188,Tomato_48,Fruit and vegetable,101.67,153.55,0.0,108.93000030517578,0.0,99.09,10124.0,3
2024-03-11,1188,Tomato_48,Fruit and vegetable,56.87,69.74,0.0,108.93000030517578,0.0,86.21,10122.0,3
2024-03-12,1188,Tomato_48,Fruit and vegetable,46.79,81.21,0.0,108.93000030517578,0.0,51.8,10267.0,3
2024-03-13,1188,Tomato_48,Fruit and vegetable,64.58,70.13,0.0,108.93000030517578,0.0,46.24,10214.0,3
2024-03-14,1188,Tomato_48,Fruit and vegetable,87.85,76.89,0.0,108.93000030517578,0.0,57.21,11286.0,3
2024-03-15,1188,Tomato_48,Fruit and vegetable,131.75,106.61,0.0,108.93000030517578,0.0,82.35,12108.0,3
2024-03-16,1188,Tomato_48,Fruit and vegetable,62.77,90.75,0.0,108.93000030517578,0.0,54.37,10102.0,3
2024-03-17,1188,Tomato_48,Fruit and vegetable,137.29,99.81,0.0,108.93000030517578,0.0,91.85,10186.0,3
2024-03-19,1188,Tomato_48,Fruit and vegetable,0.0,81.7,0.0,108.91999816894531,0.0,10.15,9794.0,3
2024-03-20,1188,Tomato_48,Fruit and vegetable,97.82,43.8,10.15,137.8300018310547,0.0,54.02,10111.0,3
2024-03-21,1188,Tomato_48,Fruit and vegetable,42.87,65.5,0.0,137.8300018310547,0.0,31.39,11034.0,3
2024-03-22,1188,Tomato_48,Fruit and vegetable,72.88,63.77,0.0,137.8300018310547,0.0,40.5,11672.0,3
2024-03-23,1188,Tomato_48,Fruit and vegetable,94.7,72.66,0.0,137.8300018310547,0.0,62.54,10153.0,3
2024-03-24,1188,Tomato_48,Fruit and vegetable,52.14,80.12,0.0,137.8300018310547,0.0,34.56,10824.0,3
2024-03-25,1188,Tomato_48,Fruit and vegetable,87.65,69.7,0.0,137.8300018310547,0.0,52.51,10530.0,3
2024-03-26,1188,Tomato_48,Fruit and vegetable,45.45,60.36,0.0,137.8300018310547,0.0,37.6,10879.0,3
2024-03-27,1188,Tomato_48,Fruit and vegetable,41.7,79.3,0.0,137.8300018310547,0.0,0.0,12451.0,3
2024-03-28,1188,Tomato_48,Fruit and vegetable,101.15,101.15,0.0,137.8300018310547,0.0,0.0,12938.0,3
2024-03-29,1188,Tomato_48,Fruit and vegetable,81.12,78.42,0.0,137.8300018310547,0.0,2.7,10045.0,3
2024-03-30,1188,Tomato_48,Fruit and vegetable,86.05,53.13,0.0,137.8300018310547,0.0,35.62,8440.0,3
2024-03-31,1188,Tomato_48,Fruit and vegetable,64.46,61.58,0.0,137.8300018310547,0.0,38.51,9558.0,3
2024-04-01,1188,Tomato_48,Fruit and vegetable,51.77,71.39,0.0,137.8300018310547,0.0,18.88,9826.0,3
2024-04-02,1188,Tomato_48,Fruit and vegetable,65.49,84.37,0.0,137.8300018310547,0.0,0.0,10261.0,3
2024-04-03,1188,Tomato_48,Fruit and vegetable,99.34,59.16,0.0,137.8300018310547,0.0,40.18,9938.0,3
2024-04-04,1188,Tomato_48,Fruit and vegetable,82.33,71.08,0.0,137.8300018310547,0.0,51.42,11179.0,3
2024-04-05,1188,Tomato_48,Fruit and vegetable,41.18,90.73,0.0,137.8300018310547,0.0,1.87,12214.0,3
2024-04-06,1188,Tomato_48,Fruit and vegetable,72.06,73.93,0.0,137.8300018310547,0.0,0.0,9690.0,3
2024-04-07,1188,Tomato_48,Fruit and vegetable,120.67,120.67,0.0,137.8300018310547,0.0,0.0,9684.0,3
2024-04-08,1188,Tomato_48,Fruit and vegetable,621.48,621.48,0.0,137.82000732421875,0.4289799928665161,0.0,10147.0,3
2024-04-09,1188,Tomato_48,Fruit and vegetable,718.64,718.64,0.0,137.82000732421875,0.4289799928665161,0.0,10198.0,3
2024-04-10,1188,Tomato_48,Fruit and vegetable,622.19,622.19,0.0,137.82000732421875,0.4289799928665161,0.0,10762.0,3
2024-04-11,1188,Tomato_48,Fruit and vegetable,713.36,713.36,0.0,137.82000732421875,0.4289799928665161,0.0,11005.0,3
2024-04-12,1188,Tomato_48,Fruit and vegetable,787.88,787.88,0.0,137.82000732421875,0.4289799928665161,0.0,12008.0,3
2024-04-13,1188,Tomato_48,Fruit and vegetable,726.52,726.52,0.0,137.82000732421875,0.4289799928665161,0.0,9772.0,3
2024-04-14,1188,Tomato_48,Fruit and vegetable,670.99,670.99,0.0,137.82000732421875,0.4289799928665161,0.0,10033.0,3
2024-04-15,1188,Tomato_48,Fruit and vegetable,698.63,69.22,0.0,137.8300018310547,0.0,629.41,10806.0,3
2024-04-16,1188,Tomato_48,Fruit and vegetable,404.42,51.24,0.0,137.8300018310547,0.0,982.59,10398.0,3
2024-04-17,1188,Tomato_48,Fruit and vegetable,47.06,73.47,0.0,137.8300018310547,0.0,956.17,10170.0,3
2024-04-18,1188,Tomato_48,Fruit and vegetable,715.68,86.02,504.7,108.93000030517578,0.0,1081.13,11244.0,3
2024-04-19,1188,Tomato_48,Fruit and vegetable,477.92,104.95,318.4,108.93000030517578,0.0,1135.71,12858.0,3
2024-04-20,1188,Tomato_48,Fruit and vegetable,0.0,83.34,0.0,108.93000030517578,0.0,1052.37,10666.0,3
2024-04-21,1188,Tomato_48,Fruit and vegetable,480.71,99.15,574.45,108.93000030517578,0.0,859.48,10309.0,3
2024-04-22,1188,Tomato_48,Fruit and vegetable,0.0,85.42,378.77,108.93000030517578,0.0,395.29,10488.0,3
2024-04-23,1188,Tomato_48,Fruit and vegetable,0.0,93.62,0.0,108.93000030517578,0.0,301.67,10195.0,3
2024-04-24,1188,Tomato_48,Fruit and vegetable,87.02,75.62,301.67,108.93000030517578,0.0,11.4,10255.0,3
2024-04-25,1188,Tomato_48,Fruit and vegetable,87.5,94.93,0.0,108.93000030517578,0.0,3.97,11238.0,3
2024-04-26,1188,Tomato_48,Fruit and vegetable,113.88,85.15,0.0,108.93000030517578,0.0,32.7,11988.0,3
2024-04-27,1188,Tomato_48,Fruit and vegetable,61.0,69.02,0.0,108.93000030517578,0.0,24.69,9223.0,3
2024-04-28,1188,Tomato_48,Fruit and vegetable,88.37,79.19,0.0,108.93000030517578,0.0,33.86,10142.0,3
2024-04-29,1188,Tomato_48,Fruit and vegetable,63.58,56.4,0.0,108.93000030517578,0.0,41.04,11011.0,3
2024-04-30,1188,Tomato_48,Fruit and vegetable,70.12,72.43,0.0,108.93000030517578,0.0,38.73,11142.0,3
2024-05-01,1188,Tomato_48,Fruit and vegetable,52.55,74.75,0.0,108.93000030517578,0.0,16.53,9874.0,3
2024-05-02,1188,Tomato_48,Fruit and vegetable,94.07,77.25,0.0,108.93000030517578,0.0,33.35,10795.0,3
2024-05-03,1188,Tomato_48,Fruit and vegetable,63.45,72.69,0.0,108.93000030517578,0.0,24.11,11872.0,3
2024-05-04,1188,Tomato_48,Fruit and vegetable,54.53,58.0,0.0,108.93000030517578,0.0,20.64,9787.0,3
2024-05-05,1188,Tomato_48,Fruit and vegetable,70.25,70.65,0.0,108.93000030517578,0.0,20.24,10036.0,3
2024-03-01,1196,Pumpkin_9,Fruit and vegetable,38.13,38.13,0.0,149.0800018310547,0.0,0.0,11812.0,3
2024-03-05,1196,Pumpkin_9,Fruit and vegetable,38.13,15.24,0.0,149.07000732421875,0.0,22.89,9746.0,3
2024-03-06,1196,Pumpkin_9,Fruit and vegetable,35.96,24.66,0.0,149.07000732421875,0.0,34.19,9774.0,3
2024-04-21,1196,Pumpkin_9,Fruit and vegetable,52.86,13.07,34.19,149.07000732421875,0.0,39.79,10309.0,3
2024-04-22,1196,Pumpkin_9,Fruit and vegetable,12.94,47.09,0.0,149.07000732421875,0.16680000722408295,5.64,10488.0,3
2024-04-23,1196,Pumpkin_9,Fruit and vegetable,51.29,44.52,0.0,149.07000732421875,0.16680000722408295,12.41,10195.0,3
2024-04-24,1196,Pumpkin_9,Fruit and vegetable,44.71,33.28,0.0,149.07000732421875,0.16680000722408295,23.84,10255.0,3
2024-04-25,1196,Pumpkin_9,Fruit and vegetable,31.68,41.02,0.0,149.07000732421875,0.16680000722408295,14.5,11238.0,3
2024-04-26,1196,Pumpkin_9,Fruit and vegetable,19.42,33.92,0.0,149.07000732421875,0.16680000722408295,0.0,11988.0,3
2024-04-27,1196,Pumpkin_9,Fruit and vegetable,39.96,35.17,0.0,149.07000732421875,0.16680000722408295,4.79,9223.0,3
2024-04-28,1196,Pumpkin_9,Fruit and vegetable,29.54,34.33,0.0,149.07000732421875,0.16680000722408295,0.0,10142.0,3
2024-04-29,1196,Pumpkin_9,Fruit and vegetable,54.35,13.6,0.0,149.07000732421875,0.0,40.75,11011.0,3
2024-04-30,1196,Pumpkin_9,Fruit and vegetable,16.33,1.98,0.0,124.20999908447266,0.0,55.1,11142.0,3
2024-05-01,1196,Pumpkin_9,Fruit and vegetable,0.0,11.8,0.0,149.07000732421875,0.0,43.3,9874.0,3
2024-05-02,1196,Pumpkin_9,Fruit and vegetable,43.96,12.41,26.97,149.07000732421875,0.0,47.88,10795.0,3
2024-05-03,1196,Pumpkin_9,Fruit and vegetable,7.43,4.8,3.92,149.07000732421875,0.0,46.59,11872.0,3
2024-05-04,1196,Pumpkin_9,Fruit and vegetable,5.6,9.69,0.0,149.0800018310547,0.0,42.5,9787.0,3
2024-05-05,1196,Pumpkin_9,Fruit and vegetable,34.68,15.91,29.47,149.0800018310547,0.0,31.8,10036.0,3
2024-03-01,1232,Blueberry_17,Fruit and vegetable,3657.65,3657.65,0.0,55.75,0.3499099910259247,0.0,11812.0,3
2024-03-02,1232,Blueberry_17,Fruit and vegetable,3657.65,3175.04,0.0,55.75,0.34992000460624695,482.61,10054.0,3
2024-03-03,1232,Blueberry_17,Fruit and vegetable,3611.85,2861.7,0.0,55.75,0.3499099910259247,1232.76,9613.0,3
2024-03-04,1232,Blueberry_17,Fruit and vegetable,2938.12,706.87,0.0,55.75,0.0,3464.01,9834.0,3
2024-03-05,1232,Blueberry_17,Fruit and vegetable,1862.83,652.82,0.0,55.75,0.0,4674.03,9746.0,3
2024-03-06,1232,Blueberry_17,Fruit and vegetable,809.13,688.11,0.0,55.75,0.0,4795.05,9774.0,3
2024-03-07,1232,Blueberry_17,Fruit and vegetable,2802.04,818.83,2123.08,55.75,0.0,4655.17,11142.0,3
2024-03-08,1232,Blueberry_17,Fruit and vegetable,1793.62,988.24,1044.0,55.75,0.0,4416.55,11864.0,3
2024-03-09,1232,Blueberry_17,Fruit and vegetable,174.13,772.65,0.0,55.75,0.0,3818.02,10078.0,3
2024-03-10,1232,Blueberry_17,Fruit and vegetable,1915.3,842.64,1850.27,55.75,0.0,3040.41,10124.0,3
2024-03-11,1232,Blueberry_17,Fruit and vegetable,710.96,2800.38,950.98,55.75,0.31560999155044556,0.0,10122.0,3
2024-03-12,1232,Blueberry_17,Fruit and vegetable,2955.33,2955.33,0.0,55.75,0.31560999155044556,0.0,10267.0,3
2024-03-13,1232,Blueberry_17,Fruit and vegetable,2732.08,2732.08,0.0,55.75,0.31560999155044556,0.0,10214.0,3
2024-03-14,1232,Blueberry_17,Fruit and vegetable,3128.16,3128.16,0.0,55.75,0.31560999155044556,0.0,11286.0,3
2024-03-15,1232,Blueberry_17,Fruit and vegetable,3325.28,3325.28,0.0,55.75,0.31560999155044556,0.0,12108.0,3
2024-03-16,1232,Blueberry_17,Fruit and vegetable,2719.91,2719.91,0.0,55.75,0.31560999155044556,0.0,10102.0,3
2024-03-17,1232,Blueberry_17,Fruit and vegetable,2943.56,2943.56,0.0,55.75,0.31560999155044556,0.0,10186.0,3
2024-03-18,1232,Blueberry_17,Fruit and vegetable,3084.28,1765.35,0.0,55.75,0.22484999895095825,1318.93,10282.0,3
2024-03-19,1232,Blueberry_17,Fruit and vegetable,2278.47,954.34,0.0,55.75,0.08749999850988388,2643.06,9794.0,3
2024-03-20,1232,Blueberry_17,Fruit and vegetable,1172.96,745.69,0.0,55.75,0.0,3070.33,10111.0,3
2024-03-21,1232,Blueberry_17,Fruit and vegetable,1420.67,814.88,0.0,55.75,0.0,3676.12,11034.0,3
2024-03-22,1232,Blueberry_17,Fruit and vegetable,2135.27,936.5,1082.49,55.75,0.0,3792.4,11672.0,3
2024-03-24,1232,Blueberry_17,Fruit and vegetable,1784.87,811.91,1657.13,55.75,0.0,3108.23,10824.0,3
2024-03-25,1232,Blueberry_17,Fruit and vegetable,2196.98,646.36,1323.36,55.75,0.0,3335.49,10530.0,3
2024-03-26,1232,Blueberry_17,Fruit and vegetable,0.0,688.08,0.0,55.75,0.0,2647.41,10879.0,3
2024-03-27,1232,Blueberry_17,Fruit and vegetable,0.0,662.56,450.43,55.75,0.0,1534.42,12451.0,3
2024-03-28,1232,Blueberry_17,Fruit and vegetable,878.52,752.81,1534.42,55.75,0.0,125.71,12938.0,3
2024-03-29,1232,Blueberry_17,Fruit and vegetable,821.86,631.57,0.0,55.75,0.0,316.01,10045.0,3
2024-03-30,1232,Blueberry_17,Fruit and vegetable,761.49,481.71,0.0,55.75,0.0,595.79,8440.0,3
2024-03-31,1232,Blueberry_17,Fruit and vegetable,349.18,644.58,0.0,55.75,0.0,300.39,9558.0,3
2024-04-01,1232,Blueberry_17,Fruit and vegetable,639.23,939.62,0.0,55.75,0.0,0.0,9826.0,3
2024-04-02,1232,Blueberry_17,Fruit and vegetable,941.15,941.15,0.0,55.75,0.0,0.0,10261.0,3
2024-04-03,1232,Blueberry_17,Fruit and vegetable,909.26,909.26,0.0,55.75,0.0,0.0,9938.0,3
2024-04-04,1232,Blueberry_17,Fruit and vegetable,1351.77,1351.77,0.0,55.75,0.1133899986743927,0.0,11179.0,3
2024-04-05,1232,Blueberry_17,Fruit and vegetable,999.89,982.4,0.0,55.75,0.0,17.49,12214.0,3
2024-04-06,1232,Blueberry_17,Fruit and vegetable,851.6,869.09,0.0,55.75,0.0,0.0,9690.0,3
2024-04-07,1232,Blueberry_17,Fruit and vegetable,913.14,860.29,0.0,55.75,0.0,52.85,9684.0,3
2024-04-08,1232,Blueberry_17,Fruit and vegetable,1104.11,697.84,0.0,55.75,0.0,459.12,10147.0,3
2024-04-09,1232,Blueberry_17,Fruit and vegetable,739.19,838.65,0.0,55.75,0.0,359.66,10198.0,3
2024-04-10,1232,Blueberry_17,Fruit and vegetable,811.86,677.43,0.0,55.75,0.0,494.09,10762.0,3
2024-04-11,1232,Blueberry_17,Fruit and vegetable,1147.46,770.98,0.0,47.7599983215332,0.0,870.57,11005.0,3
2024-04-12,1232,Blueberry_17,Fruit and vegetable,411.52,1282.09,0.0,47.7599983215332,0.0,0.0,12008.0,3
2024-04-13,1232,Blueberry_17,Fruit and vegetable,1128.36,1015.73,0.0,47.7599983215332,0.0,112.63,9772.0,3
2024-04-14,1232,Blueberry_17,Fruit and vegetable,1124.03,1236.66,0.0,47.7599983215332,0.0,0.0,10033.0,3
2024-04-15,1232,Blueberry_17,Fruit and vegetable,1109.06,1109.06,0.0,47.7599983215332,0.0,0.0,10806.0,3
2024-04-16,1232,Blueberry_17,Fruit and vegetable,1138.64,661.39,0.0,47.7599983215332,0.0,477.25,10398.0,3
2024-04-17,1232,Blueberry_17,Fruit and vegetable,534.86,990.34,0.0,47.7599983215332,0.0,21.77,10170.0,3
2024-04-18,1232,Blueberry_17,Fruit and vegetable,1146.55,1168.32,0.0,47.7599983215332,0.0,0.0,11244.0,3
2024-04-19,1232,Blueberry_17,Fruit and vegetable,1548.6,1339.77,0.0,47.7599983215332,0.0,208.83,12858.0,3
2024-04-20,1232,Blueberry_17,Fruit and vegetable,1087.27,1073.25,0.0,47.7599983215332,0.0,222.84,10666.0,3
2024-04-21,1232,Blueberry_17,Fruit and vegetable,1292.26,832.59,0.0,47.7599983215332,0.0,682.52,10309.0,3
2024-04-25,1232,Blueberry_17,Fruit and vegetable,1395.01,1031.68,682.52,47.7599983215332,0.0,363.33,11238.0,3
2024-04-26,1232,Blueberry_17,Fruit and vegetable,877.93,1241.26,0.0,47.7599983215332,0.0,0.0,11988.0,3
2024-04-27,1232,Blueberry_17,Fruit and vegetable,1206.4,900.73,0.0,47.7599983215332,0.0,305.67,9223.0,3
2024-04-28,1232,Blueberry_17,Fruit and vegetable,1094.53,1169.08,0.0,47.7599983215332,0.0,231.12,10142.0,3
2024-04-29,1232,Blueberry_17,Fruit and vegetable,1340.61,1107.72,0.0,47.7599983215332,0.0,464.01,11011.0,3
2024-04-30,1232,Blueberry_17,Fruit and vegetable,793.63,1081.34,0.0,47.7599983215332,0.0,176.3,11142.0,3
2024-05-01,1232,Blueberry_17,Fruit and vegetable,849.43,1025.73,0.0,47.7599983215332,0.0,0.0,9874.0,3
2024-05-02,1232,Blueberry_17,Fruit and vegetable,1172.02,992.48,0.0,47.7599983215332,0.0,179.54,10795.0,3
2024-05-03,1232,Blueberry_17,Fruit and vegetable,1206.92,1041.55,0.0,47.7599983215332,0.0,344.91,11872.0,3
2024-05-04,1232,Blueberry_17,Fruit and vegetable,666.19,870.98,0.0,47.7599983215332,0.0,140.11,9787.0,3
2024-05-05,1232,Blueberry_17,Fruit and vegetable,1150.37,913.01,0.0,47.7599983215332,0.0,377.48,10036.0,3
2024-03-01,1262,Pastry_110,Bakery,13.97,13.97,0.0,46.47999954223633,0.0,0.0,12026.0,2
2024-03-02,1262,Pastry_110,Bakery,13.97,8.74,0.0,46.47999954223633,0.0,5.23,10750.0,2
2024-03-03,1262,Pastry_110,Bakery,13.47,0.0,0.0,46.47999954223633,0.0,18.7,10158.0,2
2024-03-04,1262,Pastry_110,Bakery,9.53,14.38,5.23,46.47999954223633,0.0,8.62,9802.0,2
2024-03-05,1262,Pastry_110,Bakery,13.91,12.49,0.0,46.47999954223633,0.0,10.05,9606.0,2
2024-03-06,1262,Pastry_110,Bakery,11.57,10.71,0.0,46.47999954223633,0.0,10.91,9558.0,2
2024-03-07,1262,Pastry_110,Bakery,9.92,19.89,0.0,46.47999954223633,0.0,0.93,10034.0,2
2024-03-08,1262,Pastry_110,Bakery,20.9,8.56,0.0,46.47999954223633,0.0,13.27,12292.0,2
2024-03-09,1262,Pastry_110,Bakery,5.68,18.95,0.0,46.47999954223633,0.0,0.0,10656.0,2
2024-03-10,1262,Pastry_110,Bakery,8.65,0.0,0.0,46.47999954223633,0.0,8.65,10524.0,2
2024-03-11,1262,Pastry_110,Bakery,14.38,19.32,0.0,46.47999954223633,0.0,3.71,10134.0,2
2024-03-12,1262,Pastry_110,Bakery,18.08,3.54,0.0,46.47999954223633,0.0,18.25,10012.0,2
2024-03-13,1262,Pastry_110,Bakery,2.97,12.41,0.17,46.47999954223633,0.0,8.64,9924.0,2
2024-03-14,1262,Pastry_110,Bakery,27.26,19.79,5.67,46.47999954223633,0.0,10.44,10324.0,2
2024-03-15,1262,Pastry_110,Bakery,10.33,20.77,0.0,46.47999954223633,0.0,0.0,12304.0,2
2024-03-16,1262,Pastry_110,Bakery,29.89,8.72,0.0,46.47999954223633,0.0,21.17,10926.0,2
2024-03-17,1262,Pastry_110,Bakery,0.0,0.0,0.0,46.47999954223633,0.0,21.17,10662.0,2
2024-03-18,1262,Pastry_110,Bakery,30.0,8.81,21.17,46.47999954223633,0.0,21.19,10286.0,2
2024-03-19,1262,Pastry_110,Bakery,0.0,14.26,0.0,46.47999954223633,0.0,6.93,9634.0,2
2024-03-20,1262,Pastry_110,Bakery,21.58,8.88,6.93,46.47999954223633,0.0,12.7,9842.0,2
2024-03-21,1262,Pastry_110,Bakery,16.39,21.09,0.0,46.47999954223633,0.0,7.99,10076.0,2
2024-03-22,1262,Pastry_110,Bakery,22.4,14.75,0.0,46.47999954223633,0.0,15.64,12078.0,2
2024-03-23,1262,Pastry_110,Bakery,1.54,6.99,0.0,46.47999954223633,0.0,10.19,10782.0,2
2024-03-24,1262,Pastry_110,Bakery,7.08,0.0,8.65,46.47999954223633,0.0,8.62,10920.0,2
2024-03-25,1262,Pastry_110,Bakery,13.33,20.41,1.54,46.47999954223633,0.0,0.0,10111.0,2
2024-03-26,1262,Pastry_110,Bakery,23.95,7.09,0.0,46.47999954223633,0.0,16.86,9932.0,2
2024-03-27,1262,Pastry_110,Bakery,1.94,10.81,0.0,46.47999954223633,0.0,7.99,10540.0,2
2024-03-28,1262,Pastry_110,Bakery,28.99,16.78,6.05,46.47999954223633,0.0,14.15,13846.0,2
2024-03-29,1262,Pastry_110,Bakery,9.48,0.0,0.0,46.47999954223633,0.0,23.62,12157.0,2
2024-03-30,1262,Pastry_110,Bakery,7.48,12.72,14.15,46.47999954223633,0.0,4.23,8768.0,2
2024-03-31,1262,Pastry_110,Bakery,5.82,0.0,0.0,46.47999954223633,0.0,10.05,9390.0,2
2024-04-01,1262,Pastry_110,Bakery,24.64,10.62,4.23,46.47999954223633,0.0,19.84,10206.0,2
2024-04-02,1262,Pastry_110,Bakery,0.0,17.46,0.0,46.47999954223633,0.0,2.38,10356.0,2
2024-04-03,1262,Pastry_110,Bakery,20.01,16.82,2.38,46.47999954223633,0.0,3.19,9502.0,2
2024-04-04,1262,Pastry_110,Bakery,23.41,5.31,0.0,46.47999954223633,0.0,21.29,10040.0,2
2024-04-05,1262,Pastry_110,Bakery,0.0,16.28,0.0,46.47999954223633,0.0,5.01,12248.0,2
2024-04-06,1262,Pastry_110,Bakery,21.13,8.77,5.01,46.47999954223633,0.0,12.36,10560.0,2
2024-04-07,1262,Pastry_110,Bakery,0.0,0.0,0.0,46.47999954223633,0.0,12.36,10420.0,2
2024-04-08,1262,Pastry_110,Bakery,19.07,12.38,12.36,46.47999954223633,0.0,6.69,10060.0,2
2024-04-09,1262,Pastry_110,Bakery,19.26,23.0,0.0,46.47999954223633,0.0,2.95,9823.0,2
2024-04-10,1262,Pastry_110,Bakery,23.81,8.81,0.0,46.47999954223633,0.0,17.95,10304.0,2
2024-04-11,1262,Pastry_110,Bakery,0.0,14.09,0.0,46.47999954223633,0.0,3.86,10316.0,2
2024-04-12,1262,Pastry_110,Bakery,25.46,20.72,3.86,46.47999954223633,0.0,4.74,12158.0,2
2024-04-13,1262,Pastry_110,Bakery,14.01,7.01,0.0,46.47999954223633,0.0,11.73,10585.0,2
2024-04-14,1262,Pastry_110,Bakery,0.0,0.0,0.0,46.47999954223633,0.0,11.73,10578.0,2
2024-04-15,1262,Pastry_110,Bakery,22.57,14.36,11.73,46.47999954223633,0.0,8.21,10416.0,2
2024-04-16,1262,Pastry_110,Bakery,25.03,12.32,0.0,46.47999954223633,0.0,20.92,10322.0,2
2024-04-17,1262,Pastry_110,Bakery,0.0,17.92,0.0,46.47999954223633,0.0,3.0,10042.0,2
2024-04-18,1262,Pastry_110,Bakery,25.5,25.5,3.0,46.47999954223633,0.0,0.0,10182.0,2
2024-04-19,1262,Pastry_110,Bakery,31.69,14.98,0.0,46.47999954223633,0.0,16.71,12894.0,2
2024-04-20,1262,Pastry_110,Bakery,0.64,14.21,0.0,46.47999954223633,0.0,3.14,11854.0,2
2024-04-21,1262,Pastry_110,Bakery,9.1,0.0,2.5,46.47999954223633,0.0,9.74,10578.0,2
2024-04-22,1262,Pastry_110,Bakery,15.0,14.2,0.64,46.47999954223633,0.0,9.9,10500.0,2
2024-04-23,1262,Pastry_110,Bakery,12.16,19.15,0.0,46.47999954223633,0.0,2.91,9974.0,2
2024-04-24,1262,Pastry_110,Bakery,24.96,8.84,0.0,46.47999954223633,0.0,19.02,10096.0,2
2024-04-25,1262,Pastry_110,Bakery,16.69,21.2,0.0,46.47999954223633,0.0,14.52,10130.0,2
2024-04-26,1262,Pastry_110,Bakery,9.48,14.36,0.0,46.47999954223633,0.0,9.64,12265.0,2
2024-04-27,1262,Pastry_110,Bakery,13.72,14.52,0.16,46.47999954223633,0.0,8.68,10339.0,2
2024-04-28,1262,Pastry_110,Bakery,0.32,0.0,0.0,46.47999954223633,0.0,9.0,10120.0,2
2024-04-29,1262,Pastry_110,Bakery,22.88,14.08,8.68,46.47999954223633,0.0,9.12,10345.0,2
2024-04-30,1262,Pastry_110,Bakery,19.03,10.43,0.0,46.47999954223633,0.0,17.72,11167.0,2
2024-05-01,1262,Pastry_110,Bakery,5.57,23.29,0.0,46.47999954223633,0.0,0.0,10620.0,2
2024-05-02,1262,Pastry_110,Bakery,30.94,8.92,0.0,46.47999954223633,0.0,22.02,9613.0,2
2024-05-03,1262,Pastry_110,Bakery,1.38,14.26,0.0,46.47999954223633,0.0,9.14,12020.0,2
2024-05-04,1262,Pastry_110,Bakery,22.17,5.27,7.76,46.47999954223633,0.0,18.28,10495.0,2
2024-05-05,1262,Pastry_110,Bakery,0.0,0.0,0.0,46.47999954223633,0.0,18.28,10224.0,2
2024-03-01,1270,Baguette_19,Bakery,171.82,171.82,0.0,30.729999542236328,0.0,0.0,12026.0,2
2024-03-02,1270,Baguette_19,Bakery,182.67,182.67,0.0,30.729999542236328,0.0,0.0,10750.0,2
2024-03-03,1270,Baguette_19,Bakery,181.64,153.61,0.0,30.729999542236328,0.0,28.03,10158.0,2
2024-03-04,1270,Baguette_19,Bakery,162.59,145.06,0.0,30.729999542236328,0.0,45.56,9802.0,2
2024-03-05,1270,Baguette_19,Bakery,148.12,156.87,0.0,30.729999542236328,0.0,36.8,9606.0,2
2024-03-06,1270,Baguette_19,Bakery,154.3,142.84,0.0,30.729999542236328,0.0,48.26,9558.0,2
2024-03-07,1270,Baguette_19,Bakery,143.5,130.93,0.0,30.729999542236328,0.0,60.83,10034.0,2
2024-03-08,1270,Baguette_19,Bakery,143.3,204.13,0.0,30.729999542236328,0.0,0.0,12292.0,2
2024-03-09,1270,Baguette_19,Bakery,215.19,134.84,0.0,30.729999542236328,0.0,80.35,10656.0,2
2024-03-10,1270,Baguette_19,Bakery,104.67,129.86,0.0,30.729999542236328,0.0,55.15,10524.0,2
2024-03-11,1270,Baguette_19,Bakery,123.15,162.02,0.0,30.729999542236328,0.0,16.29,10134.0,2
2024-03-12,1270,Baguette_19,Bakery,174.26,104.44,0.0,30.729999542236328,0.0,86.11,10012.0,2
2024-03-13,1270,Baguette_19,Bakery,97.08,138.3,0.0,30.729999542236328,0.0,44.89,9924.0,2
2024-03-14,1270,Baguette_19,Bakery,126.49,125.0,0.0,30.729999542236328,0.0,46.38,10324.0,2
2024-03-15,1270,Baguette_19,Bakery,198.8,167.84,0.0,30.729999542236328,0.0,77.34,12304.0,2
2024-03-16,1270,Baguette_19,Bakery,85.34,146.49,0.0,30.729999542236328,0.0,16.18,10926.0,2
2024-03-17,1270,Baguette_19,Bakery,141.78,115.57,0.0,30.729999542236328,0.0,42.39,10662.0,2
2024-03-18,1270,Baguette_19,Bakery,149.79,147.97,0.0,30.729999542236328,0.0,44.21,10286.0,2
2024-03-19,1270,Baguette_19,Bakery,87.88,89.14,0.0,30.729999542236328,0.0,42.96,9634.0,2
2024-03-20,1270,Baguette_19,Bakery,128.14,150.41,0.0,30.729999542236328,0.0,20.69,9842.0,2
2024-03-21,1270,Baguette_19,Bakery,138.16,132.6,0.0,30.729999542236328,0.0,26.25,10076.0,2
2024-03-22,1270,Baguette_19,Bakery,175.05,189.8,0.0,30.729999542236328,0.0,11.5,12078.0,2
2024-03-23,1270,Baguette_19,Bakery,175.21,180.61,0.0,30.729999542236328,0.0,6.1,10782.0,2
2024-03-24,1270,Baguette_19,Bakery,154.55,134.3,0.0,30.729999542236328,0.0,26.35,10920.0,2
2024-03-25,1270,Baguette_19,Bakery,164.35,176.67,0.0,30.729999542236328,0.0,14.03,10111.0,2
2024-03-26,1270,Baguette_19,Bakery,120.31,104.58,0.0,30.729999542236328,0.0,29.77,9932.0,2
2024-03-27,1270,Baguette_19,Bakery,160.42,149.7,0.0,30.729999542236328,0.0,40.48,10540.0,2
2024-03-28,1270,Baguette_19,Bakery,187.14,227.62,0.0,30.729999542236328,0.0,0.0,13846.0,2
2024-03-29,1270,Baguette_19,Bakery,241.35,166.42,0.0,30.729999542236328,0.0,74.93,12157.0,2
2024-03-30,1270,Baguette_19,Bakery,155.52,123.52,0.0,30.729999542236328,0.0,106.93,8768.0,2
2024-03-31,1270,Baguette_19,Bakery,99.25,206.18,0.0,30.729999542236328,0.0,0.0,9390.0,2
2024-04-01,1270,Baguette_19,Bakery,232.37,75.67,0.0,30.729999542236328,0.0,156.7,10206.0,2
2024-04-02,1270,Baguette_19,Bakery,17.48,124.94,0.0,30.729999542236328,0.0,49.24,10356.0,2
2024-04-03,1270,Baguette_19,Bakery,198.78,107.25,31.76,30.729999542236328,0.0,109.01,9502.0,2
2024-04-04,1270,Baguette_19,Bakery,188.89,131.5,0.0,30.729999542236328,0.0,166.39,10040.0,2
2024-04-05,1270,Baguette_19,Bakery,53.77,190.53,0.0,30.729999542236328,0.0,29.63,12248.0,2
2024-04-06,1270,Baguette_19,Bakery,165.87,195.5,0.0,30.729999542236328,0.0,0.0,10560.0,2
2024-04-07,1270,Baguette_19,Bakery,270.49,150.1,0.0,30.729999542236328,0.0,120.39,10420.0,2
2024-04-08,1270,Baguette_19,Bakery,18.24,138.63,0.0,30.729999542236328,0.0,0.0,10060.0,2
2024-04-09,1270,Baguette_19,Bakery,167.46,146.65,0.0,30.729999542236328,0.0,20.81,9823.0,2
2024-04-10,1270,Baguette_19,Bakery,126.95,145.48,0.0,30.729999542236328,0.0,2.28,10304.0,2
2024-04-11,1270,Baguette_19,Bakery,185.11,187.39,0.0,30.729999542236328,0.0,0.0,10316.0,2
2024-04-12,1270,Baguette_19,Bakery,222.39,150.97,0.0,30.729999542236328,0.0,71.42,12158.0,2
2024-04-13,1270,Baguette_19,Bakery,152.85,136.74,0.0,30.729999542236328,0.0,87.53,10585.0,2
2024-04-14,1270,Baguette_19,Bakery,84.31,126.24,0.0,30.729999542236328,0.0,45.6,10578.0,2
2024-04-15,1270,Baguette_19,Bakery,117.84,152.89,0.0,30.729999542236328,0.0,10.55,10416.0,2
2024-04-16,1270,Baguette_19,Bakery,164.48,175.03,0.0,30.729999542236328,0.0,0.0,10322.0,2
2024-04-17,1270,Baguette_19,Bakery,172.67,141.54,0.0,32.119998931884766,0.0,31.13,10042.0,2
2024-04-18,1270,Baguette_19,Bakery,183.83,149.83,0.0,32.119998931884766,0.0,65.13,10182.0,2
2024-04-19,1270,Baguette_19,Bakery,155.58,220.71,0.0,32.119998931884766,0.0,0.0,12894.0,2
2024-04-20,1270,Baguette_19,Bakery,177.37,118.82,0.0,32.119998931884766,0.0,58.55,11854.0,2
2024-04-21,1270,Baguette_19,Bakery,115.56,174.11,0.0,32.119998931884766,0.0,0.0,10578.0,2
2024-04-22,1270,Baguette_19,Bakery,194.29,166.78,0.0,32.119998931884766,0.0,27.51,10500.0,2
2024-04-23,1270,Baguette_19,Bakery,188.64,115.13,0.0,32.119998931884766,0.0,101.03,9974.0,2
2024-04-24,1270,Baguette_19,Bakery,90.06,191.09,0.0,32.119998931884766,0.0,0.0,10096.0,2
2024-04-25,1270,Baguette_19,Bakery,198.49,107.75,0.0,32.119998931884766,0.0,90.74,10130.0,2
2024-04-26,1270,Baguette_19,Bakery,185.38,164.49,0.0,32.119998931884766,0.0,111.63,12265.0,2
2024-04-27,1270,Baguette_19,Bakery,50.01,156.65,0.0,32.119998931884766,0.0,4.99,10339.0,2
2024-04-28,1270,Baguette_19,Bakery,208.61,143.11,0.0,32.119998931884766,0.0,70.49,10120.0,2
2024-04-29,1270,Baguette_19,Bakery,134.23,167.46,0.0,32.119998931884766,0.0,37.25,10345.0,2
2024-04-30,1270,Baguette_19,Bakery,115.9,121.64,0.0,32.119998931884766,0.0,31.51,11167.0,2
2024-05-01,1270,Baguette_19,Bakery,196.1,145.52,0.0,32.119998931884766,0.0,82.09,10620.0,2
2024-05-02,1270,Baguette_19,Bakery,54.03,117.71,0.0,32.119998931884766,0.0,18.41,9613.0,2
2024-05-03,1270,Baguette_19,Bakery,171.22,166.03,0.0,32.119998931884766,0.0,23.6,12020.0,2
2024-05-04,1270,Baguette_19,Bakery,158.52,142.2,0.0,32.119998931884766,0.0,39.92,10495.0,2
2024-05-05,1270,Baguette_19,Bakery,127.87,130.51,0.0,32.119998931884766,0.0,37.28,10224.0,2
2024-03-01,1278,Cucumber_18,Fruit and vegetable,287.74,287.74,0.0,81.62000274658203,0.0,0.0,11812.0,3
2024-03-02,1278,Cucumber_18,Fruit and vegetable,287.74,281.17,0.0,81.62000274658203,0.0,6.57,10054.0,3
2024-03-03,1278,Cucumber_18,Fruit and vegetable,287.12,272.21,0.0,81.62000274658203,0.0,21.48,9613.0,3
2024-03-04,1278,Cucumber_18,Fruit and vegetable,276.24,147.63,0.0,81.62000274658203,0.0,150.09,9834.0,3
2024-03-05,1278,Cucumber_18,Fruit and vegetable,223.0,168.97,0.0,81.62000274658203,0.0,204.12,9746.0,3
2024-03-06,1278,Cucumber_18,Fruit and vegetable,170.04,181.9,0.0,81.62000274658203,0.0,192.26,9774.0,3
2024-03-07,1278,Cucumber_18,Fruit and vegetable,177.01,191.25,0.0,81.62000274658203,0.0,178.02,11142.0,3
2024-03-08,1278,Cucumber_18,Fruit and vegetable,185.74,207.19,0.0,81.62000274658203,0.0,156.57,11864.0,3
2024-03-09,1278,Cucumber_18,Fruit and vegetable,189.87,184.25,0.0,81.62000274658203,0.0,162.19,10078.0,3
2024-03-10,1278,Cucumber_18,Fruit and vegetable,160.45,134.15,0.0,81.5999984741211,0.0,188.49,10124.0,3
2024-03-11,1278,Cucumber_18,Fruit and vegetable,0.0,163.36,0.0,81.62000274658203,0.0,25.13,10122.0,3
2024-03-12,1278,Cucumber_18,Fruit and vegetable,173.72,182.59,0.0,81.62000274658203,0.0,16.26,10267.0,3
2024-03-13,1278,Cucumber_18,Fruit and vegetable,195.39,184.21,0.0,81.62000274658203,0.0,27.43,10214.0,3
2024-03-14,1278,Cucumber_18,Fruit and vegetable,294.13,321.56,0.0,81.62000274658203,0.0,0.0,11286.0,3
2024-03-15,1278,Cucumber_18,Fruit and vegetable,314.4,314.4,0.0,81.62000274658203,0.0,0.0,12108.0,3
2024-03-16,1278,Cucumber_18,Fruit and vegetable,279.64,188.82,0.0,81.62000274658203,0.0,90.82,10102.0,3
2024-03-17,1278,Cucumber_18,Fruit and vegetable,138.38,178.91,0.0,81.62000274658203,0.0,50.29,10186.0,3
2024-03-18,1278,Cucumber_18,Fruit and vegetable,200.15,162.33,0.0,81.62000274658203,0.0,88.11,10282.0,3
2024-03-19,1278,Cucumber_18,Fruit and vegetable,181.74,237.52,0.0,81.62000274658203,0.0,32.33,9794.0,3
2024-03-20,1278,Cucumber_18,Fruit and vegetable,236.9,201.58,0.0,81.62000274658203,0.0,67.66,10111.0,3
2024-03-21,1278,Cucumber_18,Fruit and vegetable,336.95,321.72,0.0,81.62000274658203,0.0,82.88,11034.0,3
2024-03-22,1278,Cucumber_18,Fruit and vegetable,314.61,290.1,0.0,81.5999984741211,0.0,107.39,11672.0,3
2024-03-23,1278,Cucumber_18,Fruit and vegetable,172.32,279.71,0.0,81.62000274658203,0.0,0.0,10153.0,3
2024-03-24,1278,Cucumber_18,Fruit and vegetable,274.42,274.42,0.0,81.62000274658203,0.0,0.0,10824.0,3
2024-03-25,1278,Cucumber_18,Fruit and vegetable,233.16,152.5,0.0,81.62000274658203,0.0,80.66,10530.0,3
2024-03-26,1278,Cucumber_18,Fruit and vegetable,231.18,310.54,0.0,81.62000274658203,0.0,1.3,10879.0,3
2024-03-27,1278,Cucumber_18,Fruit and vegetable,279.21,168.62,0.0,81.5999984741211,0.0,111.9,12451.0,3
2024-03-28,1278,Cucumber_18,Fruit and vegetable,296.79,246.23,0.0,81.62000274658203,0.0,162.46,12938.0,3
2024-03-29,1278,Cucumber_18,Fruit and vegetable,206.51,121.02,0.0,81.62000274658203,0.0,247.96,10045.0,3
2024-03-30,1278,Cucumber_18,Fruit and vegetable,125.79,107.31,0.0,81.5999984741211,0.0,266.43,8440.0,3
2024-03-31,1278,Cucumber_18,Fruit and vegetable,109.73,79.24,0.0,81.5999984741211,0.0,296.93,9558.0,3
2024-04-01,1278,Cucumber_18,Fruit and vegetable,22.06,93.87,61.41,81.5999984741211,0.0,163.71,9826.0,3
2024-04-02,1278,Cucumber_18,Fruit and vegetable,290.04,131.97,31.92,81.5999984741211,0.0,289.86,10261.0,3
2024-04-03,1278,Cucumber_18,Fruit and vegetable,0.0,128.5,0.0,81.62000274658203,0.0,161.36,9938.0,3
2024-04-04,1278,Cucumber_18,Fruit and vegetable,154.96,107.5,0.0,81.62000274658203,0.0,208.82,11179.0,3
2024-04-05,1278,Cucumber_18,Fruit and vegetable,0.0,130.28,53.86,81.62000274658203,0.0,24.68,12214.0,3
2024-04-06,1278,Cucumber_18,Fruit and vegetable,108.47,124.17,0.0,81.62000274658203,0.0,8.98,9690.0,3
2024-04-07,1278,Cucumber_18,Fruit and vegetable,267.97,276.95,0.0,81.62000274658203,0.0,0.0,9684.0,3
2024-04-08,1278,Cucumber_18,Fruit and vegetable,172.18,123.07,0.0,81.62000274658203,0.0,49.11,10147.0,3
2024-04-09,1278,Cucumber_18,Fruit and vegetable,157.47,157.26,0.0,81.62000274658203,0.0,49.31,10198.0,3
2024-04-10,1278,Cucumber_18,Fruit and vegetable,153.49,195.92,0.0,81.5999984741211,0.0,6.88,10762.0,3
2024-04-11,1278,Cucumber_18,Fruit and vegetable,176.81,173.99,0.0,81.62000274658203,0.0,9.7,11005.0,3
2024-04-12,1278,Cucumber_18,Fruit and vegetable,191.0,148.75,0.0,81.62000274658203,0.0,51.95,12008.0,3
2024-04-13,1278,Cucumber_18,Fruit and vegetable,140.41,161.18,0.0,81.62000274658203,0.0,31.18,9772.0,3
2024-04-14,1278,Cucumber_18,Fruit and vegetable,309.13,201.46,0.0,81.62000274658203,0.0,138.85,10033.0,3
2024-04-15,1278,Cucumber_18,Fruit and vegetable,62.93,201.78,0.0,81.62000274658203,0.0,0.0,10806.0,3
2024-04-16,1278,Cucumber_18,Fruit and vegetable,195.35,195.35,0.0,81.5999984741211,0.0,0.0,10398.0,3
2024-04-17,1278,Cucumber_18,Fruit and vegetable,251.24,251.24,0.0,81.62000274658203,0.0,0.0,10170.0,3
2024-04-18,1278,Cucumber_18,Fruit and vegetable,291.72,291.72,0.0,81.5999984741211,0.0,0.0,11244.0,3
2024-04-19,1278,Cucumber_18,Fruit and vegetable,360.07,360.07,0.0,81.62000274658203,0.0,0.0,12858.0,3
2024-04-20,1278,Cucumber_18,Fruit and vegetable,304.98,304.98,0.0,81.5999984741211,0.0,0.0,10666.0,3
2024-04-21,1278,Cucumber_18,Fruit and vegetable,282.57,262.39,0.0,81.62000274658203,0.0,20.18,10309.0,3
2024-04-22,1278,Cucumber_18,Fruit and vegetable,256.19,222.09,0.0,81.62000274658203,0.0,54.28,10488.0,3
2024-04-23,1278,Cucumber_18,Fruit and vegetable,255.13,309.41,0.0,81.62000274658203,0.0,0.0,10195.0,3
2024-04-24,1278,Cucumber_18,Fruit and vegetable,318.77,318.77,0.0,81.62000274658203,0.0,0.0,10255.0,3
2024-04-25,1278,Cucumber_18,Fruit and vegetable,347.74,285.42,0.0,81.62000274658203,0.0,62.32,11238.0,3
2024-04-26,1278,Cucumber_18,Fruit and vegetable,353.97,227.42,0.0,81.5999984741211,0.0,188.88,11988.0,3
2024-04-27,1278,Cucumber_18,Fruit and vegetable,166.57,226.39,0.0,81.62000274658203,0.0,129.05,9223.0,3
2024-04-28,1278,Cucumber_18,Fruit and vegetable,185.67,212.27,0.0,81.62000274658203,0.0,102.45,10142.0,3
2024-04-29,1278,Cucumber_18,Fruit and vegetable,308.02,410.47,0.0,81.62000274658203,0.0,0.0,11011.0,3
2024-04-30,1278,Cucumber_18,Fruit and vegetable,399.19,277.46,0.0,81.62000274658203,0.0,121.73,11142.0,3
2024-05-01,1278,Cucumber_18,Fruit and vegetable,285.7,382.08,0.0,81.62000274658203,0.0,25.35,9874.0,3
2024-05-02,1278,Cucumber_18,Fruit and vegetable,360.81,355.23,0.0,81.62000274658203,0.0,30.93,10795.0,3
2024-05-03,1278,Cucumber_18,Fruit and vegetable,302.13,267.38,0.0,81.5999984741211,0.0,65.68,11872.0,3
2024-05-04,1278,Cucumber_18,Fruit and vegetable,260.59,264.16,0.0,81.62000274658203,0.0,62.12,9787.0,3
2024-05-05,1278,Cucumber_18,Fruit and vegetable,270.7,332.82,0.0,81.62000274658203,0.0,0.0,10036.0,3
2024-03-01,1280,Orange_14,Fruit and vegetable,748.14,748.14,0.0,50.31999969482422,0.0,0.0,11812.0,3
2024-03-02,1280,Orange_14,Fruit and vegetable,748.14,590.45,0.0,50.31999969482422,0.0,157.69,10054.0,3
2024-03-03,1280,Orange_14,Fruit and vegetable,733.17,639.88,0.0,50.31999969482422,0.0,250.98,9613.0,3
2024-03-04,1280,Orange_14,Fruit and vegetable,600.39,568.44,0.0,50.310001373291016,0.0,282.94,9834.0,3
2024-03-05,1280,Orange_14,Fruit and vegetable,567.68,554.24,0.0,50.310001373291016,0.0,296.37,9746.0,3
2024-03-06,1280,Orange_14,Fruit and vegetable,552.29,538.31,0.0,50.310001373291016,0.0,310.35,9774.0,3
2024-03-07,1280,Orange_14,Fruit and vegetable,537.37,623.82,0.0,50.31999969482422,0.0,223.9,11142.0,3
2024-03-08,1280,Orange_14,Fruit and vegetable,615.53,801.4,0.0,50.31999969482422,0.0,38.03,11864.0,3
2024-03-09,1280,Orange_14,Fruit and vegetable,666.63,555.16,0.0,50.31999969482422,0.0,149.5,10078.0,3
2024-03-10,1280,Orange_14,Fruit and vegetable,608.03,528.67,0.0,50.31999969482422,0.0,228.85,10124.0,3
2024-03-11,1280,Orange_14,Fruit and vegetable,462.13,544.28,0.0,50.31999969482422,0.0,146.71,10122.0,3
2024-03-12,1280,Orange_14,Fruit and vegetable,532.09,538.43,0.0,50.31999969482422,0.0,140.37,10267.0,3
2024-03-13,1280,Orange_14,Fruit and vegetable,524.04,395.68,0.0,50.31999969482422,0.0,268.73,10214.0,3
2024-03-14,1280,Orange_14,Fruit and vegetable,512.22,521.64,0.0,50.31999969482422,0.0,259.31,11286.0,3
2024-03-15,1280,Orange_14,Fruit and vegetable,697.36,769.81,0.0,50.31999969482422,0.0,186.86,12108.0,3
2024-03-16,1280,Orange_14,Fruit and vegetable,510.05,533.87,0.0,50.310001373291016,0.0,163.04,10102.0,3
2024-03-17,1280,Orange_14,Fruit and vegetable,507.56,593.02,0.0,50.310001373291016,0.0,77.58,10186.0,3
2024-03-18,1280,Orange_14,Fruit and vegetable,609.71,627.16,0.0,50.310001373291016,0.0,60.13,10282.0,3
2024-03-19,1280,Orange_14,Fruit and vegetable,624.92,537.91,0.0,50.310001373291016,0.0,147.15,9794.0,3
2024-03-20,1280,Orange_14,Fruit and vegetable,395.19,538.88,0.0,50.310001373291016,0.0,3.46,10111.0,3
2024-03-21,1280,Orange_14,Fruit and vegetable,631.31,564.64,0.0,50.31999969482422,0.0,70.12,11034.0,3
2024-03-22,1280,Orange_14,Fruit and vegetable,807.62,737.74,0.0,50.31999969482422,0.0,140.01,11672.0,3
2024-03-23,1280,Orange_14,Fruit and vegetable,487.83,558.61,0.0,50.31999969482422,0.0,69.23,10153.0,3
2024-03-24,1280,Orange_14,Fruit and vegetable,627.37,696.6,0.0,50.310001373291016,0.0,0.0,10824.0,3
2024-03-25,1280,Orange_14,Fruit and vegetable,765.51,765.51,0.0,50.31999969482422,0.11913999915122986,0.0,10530.0,3
2024-03-26,1280,Orange_14,Fruit and vegetable,858.07,858.07,0.0,50.29999923706055,0.1995300054550171,0.0,10879.0,3
2024-03-27,1280,Orange_14,Fruit and vegetable,695.96,526.61,0.0,50.31999969482422,0.0,169.35,12451.0,3
2024-03-28,1280,Orange_14,Fruit and vegetable,555.34,568.03,0.0,50.31999969482422,0.0,156.66,12938.0,3
2024-03-29,1280,Orange_14,Fruit and vegetable,740.51,382.64,0.0,50.310001373291016,0.0,514.54,10045.0,3
2024-03-30,1280,Orange_14,Fruit and vegetable,249.95,318.84,0.0,50.310001373291016,0.0,445.64,8440.0,3
2024-03-31,1280,Orange_14,Fruit and vegetable,504.29,386.89,0.0,50.33000183105469,0.0,563.04,9558.0,3
2024-04-01,1280,Orange_14,Fruit and vegetable,463.75,550.41,0.0,50.31999969482422,0.0,476.38,9826.0,3
2024-04-02,1280,Orange_14,Fruit and vegetable,612.02,630.36,0.0,50.310001373291016,0.0,458.04,10261.0,3
2024-04-03,1280,Orange_14,Fruit and vegetable,217.85,478.77,0.0,50.31999969482422,0.0,197.12,9938.0,3
2024-04-04,1280,Orange_14,Fruit and vegetable,517.94,428.46,0.0,50.31999969482422,0.0,286.59,11179.0,3
2024-04-05,1280,Orange_14,Fruit and vegetable,380.74,667.33,0.0,50.31999969482422,0.0,0.0,12214.0,3
2024-04-06,1280,Orange_14,Fruit and vegetable,482.84,398.96,0.0,50.31999969482422,0.0,83.88,9690.0,3
2024-04-07,1280,Orange_14,Fruit and vegetable,450.0,533.88,0.0,50.31999969482422,0.0,0.0,9684.0,3
2024-04-08,1280,Orange_14,Fruit and vegetable,677.77,583.48,0.0,50.31999969482422,0.0,94.29,10147.0,3
2024-04-09,1280,Orange_14,Fruit and vegetable,666.08,464.36,0.0,50.31999969482422,0.0,296.01,10198.0,3
2024-04-10,1280,Orange_14,Fruit and vegetable,302.76,386.16,0.0,50.31999969482422,0.0,212.6,10762.0,3
2024-04-11,1280,Orange_14,Fruit and vegetable,349.57,427.55,0.0,50.310001373291016,0.0,134.62,11005.0,3
2024-04-12,1280,Orange_14,Fruit and vegetable,666.54,662.39,0.0,50.31999969482422,0.0,138.77,12008.0,3
2024-04-13,1280,Orange_14,Fruit and vegetable,433.01,571.78,0.0,50.31999969482422,0.0,0.0,9772.0,3
2024-04-14,1280,Orange_14,Fruit and vegetable,658.33,541.52,0.0,50.31999969482422,0.0,116.81,10033.0,3
2024-04-15,1280,Orange_14,Fruit and vegetable,591.43,636.43,0.0,50.310001373291016,0.0,71.81,10806.0,3
2024-04-16,1280,Orange_14,Fruit and vegetable,526.97,572.02,0.0,50.310001373291016,0.0,26.76,10398.0,3
2024-04-17,1280,Orange_14,Fruit and vegetable,490.12,401.91,0.0,50.31999969482422,0.0,114.97,10170.0,3
2024-04-18,1280,Orange_14,Fruit and vegetable,438.28,422.04,0.0,50.31999969482422,0.0,131.22,11244.0,3
2024-04-19,1280,Orange_14,Fruit and vegetable,658.3,634.29,0.0,50.31999969482422,0.0,155.23,12858.0,3
2024-04-20,1280,Orange_14,Fruit and vegetable,537.09,489.44,0.0,50.31999969482422,0.0,202.88,10666.0,3
2024-04-21,1280,Orange_14,Fruit and vegetable,459.83,530.68,0.0,50.31999969482422,0.0,132.03,10309.0,3
2024-04-22,1280,Orange_14,Fruit and vegetable,625.38,441.63,0.0,50.31999969482422,0.0,315.78,10488.0,3
2024-04-23,1280,Orange_14,Fruit and vegetable,365.06,401.55,0.0,50.31999969482422,0.0,279.3,10195.0,3
2024-04-24,1280,Orange_14,Fruit and vegetable,231.4,332.93,0.0,50.31999969482422,0.0,177.76,10255.0,3
2024-04-25,1280,Orange_14,Fruit and vegetable,369.51,489.94,0.0,50.31999969482422,0.0,57.33,11238.0,3
2024-04-26,1280,Orange_14,Fruit and vegetable,700.17,527.69,0.0,50.31999969482422,0.0,229.81,11988.0,3
2024-04-27,1280,Orange_14,Fruit and vegetable,351.98,459.46,0.0,50.310001373291016,0.0,122.34,9223.0,3
2024-04-28,1280,Orange_14,Fruit and vegetable,499.14,530.52,0.0,50.900001525878906,0.0,90.95,10142.0,3
2024-04-29,1280,Orange_14,Fruit and vegetable,995.96,1086.91,0.0,50.310001373291016,0.20000000298023224,0.0,11011.0,3
2024-04-30,1280,Orange_14,Fruit and vegetable,1074.21,1074.21,0.0,50.29999923706055,0.20000000298023224,0.0,11142.0,3
2024-05-01,1280,Orange_14,Fruit and vegetable,1129.58,1129.58,0.0,50.310001373291016,0.20000000298023224,0.0,9874.0,3
2024-05-02,1280,Orange_14,Fruit and vegetable,1134.44,1134.44,0.0,50.310001373291016,0.20000000298023224,0.0,10795.0,3
2024-05-03,1280,Orange_14,Fruit and vegetable,1191.66,1191.66,0.0,50.29999923706055,0.20000000298023224,0.0,11872.0,3
2024-05-04,1280,Orange_14,Fruit and vegetable,922.94,922.94,0.0,50.290000915527344,0.20000000298023224,0.0,9787.0,3
2024-05-05,1280,Orange_14,Fruit and vegetable,1041.62,1041.62,0.0,49.279998779296875,0.20000000298023224,0.0,10036.0,3
2024-03-01,13,Melon_0,Fruit and vegetable,36.83,36.83,0.0,98.61000061035156,0.0,0.0,11812.0,3
2024-03-02,13,Melon_0,Fruit and vegetable,42.73,42.73,0.0,98.61000061035156,0.0,0.0,10054.0,3
2024-03-03,13,Melon_0,Fruit and vegetable,42.17,31.32,0.0,98.61000061035156,0.0,10.85,9613.0,3
2024-03-04,13,Melon_0,Fruit and vegetable,33.28,28.27,0.0,98.61000061035156,0.0,15.86,9834.0,3
2024-03-05,13,Melon_0,Fruit and vegetable,29.12,20.01,0.0,98.61000061035156,0.0,24.97,9746.0,3
2024-03-06,13,Melon_0,Fruit and vegetable,22.87,3.84,0.0,111.69000244140625,0.0,44.01,9774.0,3
2024-03-07,13,Melon_0,Fruit and vegetable,10.46,3.42,0.0,111.69000244140625,0.0,51.05,11142.0,3
2024-03-08,13,Melon_0,Fruit and vegetable,23.28,38.53,17.71,111.69000244140625,0.0,18.08,11864.0,3
2024-03-09,13,Melon_0,Fruit and vegetable,44.75,18.55,0.0,111.69000244140625,0.0,44.28,10078.0,3
2024-03-10,13,Melon_0,Fruit and vegetable,4.18,33.55,0.0,111.69000244140625,0.0,14.91,10124.0,3
2024-03-11,13,Melon_0,Fruit and vegetable,30.91,26.02,0.0,111.69000244140625,0.0,19.8,10122.0,3
2024-03-12,13,Melon_0,Fruit and vegetable,17.53,15.38,0.0,111.69000244140625,0.0,21.95,10267.0,3
2024-03-13,13,Melon_0,Fruit and vegetable,0.0,7.74,0.0,111.69000244140625,0.0,14.21,10214.0,3
2024-03-14,13,Melon_0,Fruit and vegetable,5.82,11.57,0.0,111.69000244140625,0.0,8.46,11286.0,3
2024-03-15,13,Melon_0,Fruit and vegetable,47.4,42.4,2.64,111.69000244140625,0.0,10.81,12108.0,3
2024-03-16,13,Melon_0,Fruit and vegetable,23.7,27.61,0.0,111.69000244140625,0.0,6.9,10102.0,3
2024-03-17,13,Melon_0,Fruit and vegetable,42.65,32.01,0.0,111.69000244140625,0.0,17.54,10186.0,3
2024-03-18,13,Melon_0,Fruit and vegetable,24.23,32.73,0.0,111.69000244140625,0.0,9.05,10282.0,3
2024-03-19,13,Melon_0,Fruit and vegetable,22.73,17.7,0.0,111.69000244140625,0.0,14.08,9794.0,3
2024-03-20,13,Melon_0,Fruit and vegetable,18.61,32.69,0.0,111.69000244140625,0.0,0.0,10111.0,3
2024-03-21,13,Melon_0,Fruit and vegetable,24.83,24.5,0.0,111.69000244140625,0.0,0.33,11034.0,3
2024-03-22,13,Melon_0,Fruit and vegetable,51.98,35.43,0.0,111.69000244140625,0.0,16.88,11672.0,3
2024-03-23,13,Melon_0,Fruit and vegetable,18.62,21.49,0.0,111.69000244140625,0.0,14.01,10153.0,3
2024-03-24,13,Melon_0,Fruit and vegetable,26.69,12.45,0.0,111.69000244140625,0.0,28.25,10824.0,3
2024-03-25,13,Melon_0,Fruit and vegetable,15.57,17.58,0.0,111.69000244140625,0.0,26.24,10530.0,3
2024-03-26,13,Melon_0,Fruit and vegetable,2.19,22.55,0.0,111.69000244140625,0.0,5.88,10879.0,3
2024-03-27,13,Melon_0,Fruit and vegetable,37.12,26.49,0.0,95.04000091552734,0.0,16.51,12451.0,3
2024-03-28,13,Melon_0,Fruit and vegetable,17.22,25.48,0.0,95.04000091552734,0.0,8.25,12938.0,3
2024-03-29,13,Melon_0,Fruit and vegetable,36.47,23.65,0.0,95.04000091552734,0.0,21.07,10045.0,3
2024-03-30,13,Melon_0,Fruit and vegetable,6.68,15.97,0.0,95.04000091552734,0.0,11.78,8440.0,3
2024-03-31,13,Melon_0,Fruit and vegetable,7.45,14.57,0.0,95.04000091552734,0.0,4.67,9558.0,3
2024-04-01,13,Melon_0,Fruit and vegetable,57.75,62.42,0.0,95.04000091552734,0.0,0.0,9826.0,3
2024-04-02,13,Melon_0,Fruit and vegetable,43.21,30.4,0.0,95.04000091552734,0.0,12.81,10261.0,3
2024-04-03,13,Melon_0,Fruit and vegetable,34.2,42.84,0.0,95.04000091552734,0.0,4.17,9938.0,3
2024-04-04,13,Melon_0,Fruit and vegetable,42.91,12.7,0.0,95.04000091552734,0.0,34.37,11179.0,3
2024-04-05,13,Melon_0,Fruit and vegetable,12.54,36.35,0.0,95.04000091552734,0.0,10.57,12214.0,3
2024-04-06,13,Melon_0,Fruit and vegetable,28.69,24.02,0.0,95.04000091552734,0.0,15.24,9690.0,3
2024-04-07,13,Melon_0,Fruit and vegetable,21.52,10.29,0.0,95.04000091552734,0.0,26.48,9684.0,3
2024-04-08,13,Melon_0,Fruit and vegetable,59.13,51.94,0.0,95.04000091552734,0.0,33.66,10147.0,3
2024-04-09,13,Melon_0,Fruit and vegetable,16.36,21.63,0.0,95.04000091552734,0.0,28.39,10198.0,3
2024-04-10,13,Melon_0,Fruit and vegetable,34.45,26.8,0.0,95.04000091552734,0.0,36.04,10762.0,3
2024-04-11,13,Melon_0,Fruit and vegetable,0.0,19.58,0.0,95.04000091552734,0.0,16.46,11005.0,3
2024-04-12,13,Melon_0,Fruit and vegetable,37.07,32.72,0.0,95.04000091552734,0.0,20.81,12008.0,3
2024-04-13,13,Melon_0,Fruit and vegetable,29.31,50.12,0.0,95.04000091552734,0.0,0.0,9772.0,3
2024-04-14,13,Melon_0,Fruit and vegetable,30.32,14.17,0.0,95.04000091552734,0.0,16.15,10033.0,3
2024-04-15,13,Melon_0,Fruit and vegetable,54.82,22.92,0.0,95.04000091552734,0.0,48.05,10806.0,3
2024-04-16,13,Melon_0,Fruit and vegetable,0.0,22.65,0.0,95.04000091552734,0.0,25.4,10398.0,3
2024-04-17,13,Melon_0,Fruit and vegetable,16.39,28.69,0.0,98.61000061035156,0.0,13.1,10170.0,3
2024-04-18,13,Melon_0,Fruit and vegetable,21.49,27.83,0.0,98.61000061035156,0.0,6.76,11244.0,3
2024-04-19,13,Melon_0,Fruit and vegetable,40.33,30.06,0.0,98.61000061035156,0.0,17.03,12858.0,3
2024-04-20,13,Melon_0,Fruit and vegetable,47.3,19.57,0.0,98.61000061035156,0.0,44.76,10666.0,3
2024-04-21,13,Melon_0,Fruit and vegetable,0.0,28.49,0.0,98.61000061035156,0.0,16.27,10309.0,3
2024-04-22,13,Melon_0,Fruit and vegetable,11.74,16.8,0.0,98.61000061035156,0.0,11.21,10488.0,3
2024-04-23,13,Melon_0,Fruit and vegetable,18.08,18.86,0.0,98.61000061035156,0.0,10.43,10195.0,3
2024-04-24,13,Melon_0,Fruit and vegetable,25.47,25.89,0.0,98.61000061035156,0.0,10.02,10255.0,3
2024-04-25,13,Melon_0,Fruit and vegetable,24.69,25.78,0.0,98.61000061035156,0.0,8.92,11238.0,3
2024-04-26,13,Melon_0,Fruit and vegetable,33.65,42.57,0.0,98.61000061035156,0.0,0.0,11988.0,3
2024-04-27,13,Melon_0,Fruit and vegetable,36.19,36.19,0.0,98.61000061035156,0.0,0.0,9223.0,3
2024-04-28,13,Melon_0,Fruit and vegetable,58.72,58.72,0.0,98.61000061035156,0.0,0.0,10142.0,3
2024-04-29,13,Melon_0,Fruit and vegetable,35.81,14.19,0.0,98.61000061035156,0.0,21.62,11011.0,3
2024-04-30,13,Melon_0,Fruit and vegetable,16.86,31.07,0.0,98.61000061035156,0.0,7.4,11142.0,3
2024-05-01,13,Melon_0,Fruit and vegetable,36.75,23.8,0.0,98.61000061035156,0.0,20.36,9874.0,3
2024-05-02,13,Melon_0,Fruit and vegetable,23.95,17.95,0.0,98.61000061035156,0.0,26.36,10795.0,3
2024-05-03,13,Melon_0,Fruit and vegetable,35.94,34.22,0.0,98.61000061035156,0.0,28.08,11872.0,3
2024-05-04,13,Melon_0,Fruit and vegetable,27.02,36.9,0.0,98.61000061035156,0.0,18.21,9787.0,3
2024-05-05,13,Melon_0,Fruit and vegetable,59.49,34.84,0.0,98.61000061035156,0.0,42.85,10036.0,3
2024-03-01,1336,Onion_25,Fruit and vegetable,153.34,153.34,0.0,29.469999313354492,0.0,0.0,11812.0,3
2024-03-02,1336,Onion_25,Fruit and vegetable,153.34,137.97,0.0,29.469999313354492,0.0,15.37,10054.0,3
2024-03-03,1336,Onion_25,Fruit and vegetable,151.88,119.49,0.0,29.469999313354492,0.0,47.76,9613.0,3
2024-03-04,1336,Onion_25,Fruit and vegetable,127.27,106.56,0.0,29.469999313354492,0.0,68.47,9834.0,3
2024-03-05,1336,Onion_25,Fruit and vegetable,111.16,138.75,0.0,29.469999313354492,0.0,40.89,9746.0,3
2024-03-06,1336,Onion_25,Fruit and vegetable,135.85,112.02,0.0,29.469999313354492,0.0,64.72,9774.0,3
2024-03-07,1336,Onion_25,Fruit and vegetable,111.83,166.9,0.0,29.469999313354492,0.0,9.65,11142.0,3
2024-03-08,1336,Onion_25,Fruit and vegetable,172.02,165.28,0.0,29.469999313354492,0.0,16.39,11864.0,3
2024-03-09,1336,Onion_25,Fruit and vegetable,152.64,141.45,0.0,29.469999313354492,0.0,27.59,10078.0,3
2024-03-10,1336,Onion_25,Fruit and vegetable,123.1,134.26,0.0,29.469999313354492,0.0,16.42,10124.0,3
2024-03-11,1336,Onion_25,Fruit and vegetable,120.01,88.34,0.0,29.469999313354492,0.0,48.1,10122.0,3
2024-03-12,1336,Onion_25,Fruit and vegetable,126.46,107.5,0.0,29.469999313354492,0.0,67.06,10267.0,3
2024-03-13,1336,Onion_25,Fruit and vegetable,83.06,128.76,0.0,29.469999313354492,0.0,21.36,10214.0,3
2024-03-14,1336,Onion_25,Fruit and vegetable,182.22,159.62,0.0,29.469999313354492,0.0,43.96,11286.0,3
2024-03-15,1336,Onion_25,Fruit and vegetable,199.81,243.77,0.0,29.469999313354492,0.0,0.0,12108.0,3
2024-03-16,1336,Onion_25,Fruit and vegetable,205.36,139.62,0.0,29.469999313354492,0.0,65.74,10102.0,3
2024-03-17,1336,Onion_25,Fruit and vegetable,132.45,104.12,0.0,29.469999313354492,0.0,94.07,10186.0,3
2024-03-18,1336,Onion_25,Fruit and vegetable,60.94,133.9,0.0,29.469999313354492,0.0,21.12,10282.0,3
2024-03-19,1336,Onion_25,Fruit and vegetable,147.01,112.76,0.0,29.469999313354492,0.0,55.37,9794.0,3
2024-03-20,1336,Onion_25,Fruit and vegetable,133.17,89.29,0.0,29.469999313354492,0.0,99.25,10111.0,3
2024-03-21,1336,Onion_25,Fruit and vegetable,126.03,104.47,0.0,34.689998626708984,0.0,120.81,11034.0,3
2024-03-22,1336,Onion_25,Fruit and vegetable,189.63,167.41,0.0,34.689998626708984,0.0,143.04,11672.0,3
2024-03-23,1336,Onion_25,Fruit and vegetable,30.83,134.2,0.0,34.689998626708984,0.0,39.67,10153.0,3
2024-03-24,1336,Onion_25,Fruit and vegetable,98.02,129.25,0.0,34.689998626708984,0.0,8.44,10824.0,3
2024-03-25,1336,Onion_25,Fruit and vegetable,157.78,119.32,0.0,34.689998626708984,0.0,46.9,10530.0,3
2024-03-26,1336,Onion_25,Fruit and vegetable,97.79,129.14,0.0,34.689998626708984,0.0,15.54,10879.0,3
2024-03-27,1336,Onion_25,Fruit and vegetable,174.25,189.79,0.0,34.689998626708984,0.0,0.0,12451.0,3
2024-03-28,1336,Onion_25,Fruit and vegetable,190.49,190.49,0.0,34.689998626708984,0.0,0.0,12938.0,3
2024-03-29,1336,Onion_25,Fruit and vegetable,206.41,151.91,0.0,34.689998626708984,0.0,54.5,10045.0,3
2024-03-30,1336,Onion_25,Fruit and vegetable,117.67,106.23,0.0,34.689998626708984,0.0,65.93,8440.0,3
2024-03-31,1336,Onion_25,Fruit and vegetable,106.36,107.13,0.0,34.689998626708984,0.0,65.16,9558.0,3
2024-04-01,1336,Onion_25,Fruit and vegetable,100.63,103.02,0.0,34.689998626708984,0.0,62.77,9826.0,3
2024-04-02,1336,Onion_25,Fruit and vegetable,115.6,77.55,0.0,34.689998626708984,0.0,100.82,10261.0,3
2024-04-03,1336,Onion_25,Fruit and vegetable,146.79,81.53,0.0,34.689998626708984,0.0,166.08,9938.0,3
2024-04-04,1336,Onion_25,Fruit and vegetable,76.25,114.67,0.0,34.689998626708984,0.0,127.66,11179.0,3
2024-04-05,1336,Onion_25,Fruit and vegetable,55.61,128.59,0.0,34.689998626708984,0.0,54.68,12214.0,3
2024-04-06,1336,Onion_25,Fruit and vegetable,78.89,133.57,0.0,34.689998626708984,0.0,0.0,9690.0,3
2024-04-07,1336,Onion_25,Fruit and vegetable,134.59,96.18,0.0,34.689998626708984,0.0,38.41,9684.0,3
2024-04-08,1336,Onion_25,Fruit and vegetable,92.52,121.85,0.0,34.689998626708984,0.0,9.08,10147.0,3
2024-04-09,1336,Onion_25,Fruit and vegetable,97.48,97.04,0.0,34.689998626708984,0.0,9.52,10198.0,3
2024-04-10,1336,Onion_25,Fruit and vegetable,121.6,131.12,0.0,34.689998626708984,0.0,0.0,10762.0,3
2024-04-11,1336,Onion_25,Fruit and vegetable,151.54,151.54,0.0,34.689998626708984,0.0,0.0,11005.0,3
2024-04-12,1336,Onion_25,Fruit and vegetable,154.28,130.62,0.0,34.689998626708984,0.0,23.66,12008.0,3
2024-04-13,1336,Onion_25,Fruit and vegetable,135.74,103.13,0.0,34.689998626708984,0.0,56.28,9772.0,3
2024-04-14,1336,Onion_25,Fruit and vegetable,66.57,102.63,0.0,34.689998626708984,0.0,20.21,10033.0,3
2024-04-15,1336,Onion_25,Fruit and vegetable,126.96,111.82,0.0,34.689998626708984,0.0,35.35,10806.0,3
2024-04-16,1336,Onion_25,Fruit and vegetable,87.24,112.54,0.0,34.689998626708984,0.0,10.05,10398.0,3
2024-04-17,1336,Onion_25,Fruit and vegetable,144.08,104.15,0.0,34.689998626708984,0.0,49.98,10170.0,3
2024-04-18,1336,Onion_25,Fruit and vegetable,124.86,149.3,0.0,34.689998626708984,0.0,25.54,11244.0,3
2024-04-19,1336,Onion_25,Fruit and vegetable,148.1,173.64,0.0,34.689998626708984,0.0,0.0,12858.0,3
2024-04-20,1336,Onion_25,Fruit and vegetable,157.57,157.57,0.0,34.689998626708984,0.0,0.0,10666.0,3
2024-04-21,1336,Onion_25,Fruit and vegetable,147.93,147.93,0.0,34.689998626708984,0.0,0.0,10309.0,3
2024-04-22,1336,Onion_25,Fruit and vegetable,158.03,158.03,0.0,34.689998626708984,0.0,0.0,10488.0,3
2024-04-23,1336,Onion_25,Fruit and vegetable,145.08,88.22,0.0,34.689998626708984,0.0,56.86,10195.0,3
2024-04-24,1336,Onion_25,Fruit and vegetable,87.36,132.78,0.0,34.689998626708984,0.0,11.44,10255.0,3
2024-04-25,1336,Onion_25,Fruit and vegetable,173.07,116.32,0.0,34.689998626708984,0.0,68.19,11238.0,3
2024-04-26,1336,Onion_25,Fruit and vegetable,142.83,163.32,0.0,34.689998626708984,0.0,47.7,11988.0,3
2024-04-27,1336,Onion_25,Fruit and vegetable,144.92,145.63,0.0,34.689998626708984,0.0,46.99,9223.0,3
2024-04-28,1336,Onion_25,Fruit and vegetable,134.59,104.19,0.0,34.689998626708984,0.0,77.39,10142.0,3
2024-04-29,1336,Onion_25,Fruit and vegetable,116.64,123.66,0.0,34.689998626708984,0.0,70.37,11011.0,3
2024-04-30,1336,Onion_25,Fruit and vegetable,50.13,113.0,0.0,34.689998626708984,0.0,7.51,11142.0,3
2024-05-01,1336,Onion_25,Fruit and vegetable,151.54,118.31,0.0,34.689998626708984,0.0,40.74,9874.0,3
2024-05-02,1336,Onion_25,Fruit and vegetable,102.12,115.32,0.0,34.689998626708984,0.0,27.54,10795.0,3
2024-05-03,1336,Onion_25,Fruit and vegetable,162.43,111.9,0.0,34.689998626708984,0.0,78.07,11872.0,3
2024-05-04,1336,Onion_25,Fruit and vegetable,84.5,126.2,0.0,34.689998626708984,0.0,36.37,9787.0,3
2024-05-05,1336,Onion_25,Fruit and vegetable,77.37,106.16,0.0,34.689998626708984,0.0,7.58,10036.0,3
2024-03-01,1365,Bread_103,Bakery,236.22,236.22,0.0,38.95000076293945,0.1501699984073639,0.0,12026.0,2
2024-03-02,1365,Bread_103,Bakery,236.22,219.2,0.0,38.95000076293945,0.1501699984073639,17.02,10750.0,2
2024-03-03,1365,Bread_103,Bakery,234.6,234.24,0.0,38.95000076293945,0.1501699984073639,17.38,10158.0,2
2024-03-04,1365,Bread_103,Bakery,230.75,198.4,0.0,38.95000076293945,0.1501699984073639,49.73,9802.0,2
2024-03-05,1365,Bread_103,Bakery,208.86,178.38,0.0,38.95000076293945,0.1501699984073639,80.22,9606.0,2
2024-03-06,1365,Bread_103,Bakery,187.62,219.0,0.0,38.95000076293945,0.1501699984073639,48.83,9558.0,2
2024-03-07,1365,Bread_103,Bakery,215.82,215.03,0.0,38.95000076293945,0.1501699984073639,49.62,10034.0,2
2024-03-08,1365,Bread_103,Bakery,212.56,173.83,0.0,38.95000076293945,0.1501699984073639,88.35,12292.0,2
2024-03-09,1365,Bread_103,Bakery,159.83,231.79,0.0,38.95000076293945,0.1501699984073639,16.39,10656.0,2
2024-03-10,1365,Bread_103,Bakery,249.02,227.64,0.0,38.95000076293945,0.1501699984073639,37.77,10524.0,2
2024-03-11,1365,Bread_103,Bakery,200.4,238.17,0.0,38.95000076293945,0.1501699984073639,0.0,10134.0,2
2024-03-12,1365,Bread_103,Bakery,211.29,202.68,0.0,38.95000076293945,0.1501699984073639,8.61,10012.0,2
2024-03-13,1365,Bread_103,Bakery,238.24,243.52,0.0,38.95000076293945,0.1501699984073639,3.33,9924.0,2
2024-03-14,1365,Bread_103,Bakery,242.75,237.62,0.0,38.95000076293945,0.1501699984073639,8.45,10324.0,2
2024-03-15,1365,Bread_103,Bakery,197.54,196.07,0.0,38.95000076293945,0.1501699984073639,9.93,12304.0,2
2024-03-16,1365,Bread_103,Bakery,245.6,215.14,0.0,38.95000076293945,0.1501699984073639,40.38,10926.0,2
2024-03-17,1365,Bread_103,Bakery,211.12,220.72,0.0,38.95000076293945,0.1501699984073639,30.79,10662.0,2
2024-03-18,1365,Bread_103,Bakery,231.12,216.55,0.0,38.95000076293945,0.1501699984073639,45.35,10286.0,2
2024-03-19,1365,Bread_103,Bakery,179.27,207.96,0.0,38.95000076293945,0.1501699984073639,16.67,9634.0,2
2024-03-20,1365,Bread_103,Bakery,247.86,194.16,0.0,38.95000076293945,0.1501699984073639,70.37,9842.0,2
2024-03-21,1365,Bread_103,Bakery,186.44,214.32,0.0,38.95000076293945,0.1501699984073639,42.49,10076.0,2
2024-03-22,1365,Bread_103,Bakery,213.94,256.43,0.0,38.95000076293945,0.1501699984073639,0.0,12078.0,2
2024-03-23,1365,Bread_103,Bakery,239.52,239.08,0.0,38.95000076293945,0.1501699984073639,0.44,10782.0,2
2024-03-24,1365,Bread_103,Bakery,246.59,200.14,0.0,38.95000076293945,0.1501699984073639,46.9,10920.0,2
2024-03-25,1365,Bread_103,Bakery,213.83,260.73,0.0,38.95000076293945,0.1501699984073639,0.0,10111.0,2
2024-03-26,1365,Bread_103,Bakery,242.76,241.2,0.0,38.95000076293945,0.1501699984073639,1.56,9932.0,2
2024-03-27,1365,Bread_103,Bakery,226.75,215.2,0.0,38.95000076293945,0.1501699984073639,13.11,10540.0,2
2024-03-28,1365,Bread_103,Bakery,249.5,262.61,0.0,38.95000076293945,0.1501699984073639,0.0,13846.0,2
2024-03-29,1365,Bread_103,Bakery,286.96,247.19,0.0,38.95000076293945,0.1501699984073639,39.77,12157.0,2
2024-03-30,1365,Bread_103,Bakery,228.74,198.67,0.0,38.95000076293945,0.1501699984073639,69.84,8768.0,2
2024-03-31,1365,Bread_103,Bakery,165.3,210.82,0.0,38.95000076293945,0.1501699984073639,24.32,9390.0,2
2024-04-01,1365,Bread_103,Bakery,269.04,0.0,0.0,38.95000076293945,0.1501699984073639,293.35,10206.0,2
2024-04-02,1365,Bread_103,Bakery,86.78,241.22,24.32,38.95000076293945,0.1501699984073639,114.6,10356.0,2
2024-04-03,1365,Bread_103,Bakery,243.04,196.78,27.82,38.95000076293945,0.1501699984073639,133.04,9502.0,2
2024-04-04,1365,Bread_103,Bakery,243.72,192.4,0.0,38.95000076293945,0.1501699984073639,184.36,10040.0,2
2024-04-05,1365,Bread_103,Bakery,170.3,222.92,0.0,38.95000076293945,0.1501699984073639,131.73,12248.0,2
2024-04-06,1365,Bread_103,Bakery,171.09,264.34,0.0,38.95000076293945,0.1501699984073639,38.48,10560.0,2
2024-04-07,1365,Bread_103,Bakery,284.2,219.23,0.0,38.95000076293945,0.1501699984073639,103.44,10420.0,2
2024-04-08,1365,Bread_103,Bakery,151.1,254.54,0.0,38.95000076293945,0.1501699984073639,0.0,10060.0,2
2024-04-09,1365,Bread_103,Bakery,276.44,194.22,0.0,38.95000076293945,0.1501699984073639,82.22,9823.0,2
2024-04-10,1365,Bread_103,Bakery,152.0,209.97,0.0,38.95000076293945,0.1501699984073639,24.24,10304.0,2
2024-04-11,1365,Bread_103,Bakery,211.18,235.42,0.0,38.95000076293945,0.1501699984073639,0.0,10316.0,2
2024-04-12,1365,Bread_103,Bakery,254.47,233.45,0.0,38.95000076293945,0.1501699984073639,21.02,12158.0,2
2024-04-13,1365,Bread_103,Bakery,274.76,265.97,0.0,38.95000076293945,0.1501699984073639,29.81,10585.0,2
2024-04-14,1365,Bread_103,Bakery,221.35,247.03,0.0,38.95000076293945,0.1501699984073639,4.13,10578.0,2
2024-04-15,1365,Bread_103,Bakery,282.52,227.29,0.0,38.95000076293945,0.1501699984073639,59.36,10416.0,2
2024-04-16,1365,Bread_103,Bakery,178.89,238.25,0.0,38.95000076293945,0.1501699984073639,0.0,10322.0,2
2024-04-17,1365,Bread_103,Bakery,232.02,208.27,0.0,38.95000076293945,0.1501699984073639,23.75,10042.0,2
2024-04-18,1365,Bread_103,Bakery,234.29,174.89,0.0,38.95000076293945,0.1501699984073639,83.16,10182.0,2
2024-04-19,1365,Bread_103,Bakery,187.79,226.47,0.0,38.95000076293945,0.1501699984073639,44.48,12894.0,2
2024-04-20,1365,Bread_103,Bakery,258.86,228.54,0.0,38.95000076293945,0.1501699984073639,74.8,11854.0,2
2024-04-21,1365,Bread_103,Bakery,202.65,232.74,0.0,38.95000076293945,0.1501699984073639,44.7,10578.0,2
2024-04-22,1365,Bread_103,Bakery,219.72,264.42,0.0,38.95000076293945,0.1501699984073639,0.0,10500.0,2
2024-04-23,1365,Bread_103,Bakery,273.67,196.38,0.0,38.95000076293945,0.1501699984073639,77.29,9974.0,2
2024-04-24,1365,Bread_103,Bakery,167.82,215.35,0.0,38.95000076293945,0.1501699984073639,29.76,10096.0,2
2024-04-25,1365,Bread_103,Bakery,203.08,232.84,0.0,38.95000076293945,0.1501699984073639,0.0,10130.0,2
2024-04-26,1365,Bread_103,Bakery,252.78,204.04,0.0,38.95000076293945,0.1501699984073639,48.74,12265.0,2
2024-04-27,1365,Bread_103,Bakery,208.61,244.17,0.0,38.95000076293945,0.1501699984073639,13.18,10339.0,2
2024-04-28,1365,Bread_103,Bakery,249.86,232.75,0.0,38.95000076293945,0.1501699984073639,30.29,10120.0,2
2024-04-29,1365,Bread_103,Bakery,264.43,255.23,0.0,38.95000076293945,0.1501699984073639,39.49,10345.0,2
2024-04-30,1365,Bread_103,Bakery,244.86,284.35,0.0,38.95000076293945,0.1501699984073639,0.0,11167.0,2
2024-05-01,1365,Bread_103,Bakery,249.23,236.0,0.0,38.95000076293945,0.1501699984073639,13.23,10620.0,2
2024-05-02,1365,Bread_103,Bakery,251.04,209.7,0.0,38.95000076293945,0.1501699984073639,54.57,9613.0,2
2024-05-03,1365,Bread_103,Bakery,184.41,221.81,0.0,38.95000076293945,0.1501699984073639,17.16,12020.0,2
2024-05-04,1365,Bread_103,Bakery,258.06,224.14,0.0,38.95000076293945,0.1501699984073639,51.08,10495.0,2
2024-05-05,1365,Bread_103,Bakery,213.59,216.35,0.0,38.95000076293945,0.1501699984073639,48.32,10224.0,2
2024-03-01,1411,Bell Pepper_10,Fruit and vegetable,280.83,280.83,0.0,36.779998779296875,0.0,0.0,11812.0,3
2024-03-02,1411,Bell Pepper_10,Fruit and vegetable,280.83,267.18,0.0,36.779998779296875,0.0,13.65,10054.0,3
2024-03-03,1411,Bell Pepper_10,Fruit and vegetable,279.53,223.61,0.0,36.779998779296875,0.0,69.57,9613.0,3
2024-03-04,1411,Bell Pepper_10,Fruit and vegetable,249.51,214.9,0.0,36.779998779296875,0.0,104.18,9834.0,3
2024-03-05,1411,Bell Pepper_10,Fruit and vegetable,217.98,263.26,0.0,36.779998779296875,0.0,58.91,9746.0,3
2024-03-06,1411,Bell Pepper_10,Fruit and vegetable,258.97,236.48,0.0,36.779998779296875,0.0,81.39,9774.0,3
2024-03-07,1411,Bell Pepper_10,Fruit and vegetable,233.31,250.34,0.0,36.779998779296875,0.0,64.36,11142.0,3
2024-03-08,1411,Bell Pepper_10,Fruit and vegetable,248.98,313.34,0.0,36.779998779296875,0.0,0.0,11864.0,3
2024-03-09,1411,Bell Pepper_10,Fruit and vegetable,394.28,394.28,0.0,30.649999618530273,0.0,0.0,10078.0,3
2024-03-10,1411,Bell Pepper_10,Fruit and vegetable,304.67,167.98,0.0,30.649999618530273,0.0,136.69,10124.0,3
2024-03-11,1411,Bell Pepper_10,Fruit and vegetable,171.65,218.41,0.0,30.649999618530273,0.0,89.93,10122.0,3
2024-03-13,1411,Bell Pepper_10,Fruit and vegetable,266.29,244.21,0.0,32.4900016784668,0.0,112.01,10214.0,3
2024-03-14,1411,Bell Pepper_10,Fruit and vegetable,217.9,305.2,0.0,32.4900016784668,0.0,24.71,11286.0,3
2024-03-15,1411,Bell Pepper_10,Fruit and vegetable,320.1,342.48,0.0,32.4900016784668,0.0,2.33,12108.0,3
2024-03-16,1411,Bell Pepper_10,Fruit and vegetable,410.49,301.06,0.0,32.4900016784668,0.0,111.75,10102.0,3
2024-03-17,1411,Bell Pepper_10,Fruit and vegetable,381.17,231.02,0.0,32.4900016784668,0.0,261.91,10186.0,3
2024-03-18,1411,Bell Pepper_10,Fruit and vegetable,78.4,340.31,0.0,32.4900016784668,0.0,0.0,10282.0,3
2024-03-21,1411,Bell Pepper_10,Fruit and vegetable,384.91,384.91,0.0,32.4900016784668,0.0,0.0,11034.0,3
2024-03-22,1411,Bell Pepper_10,Fruit and vegetable,344.31,344.31,0.0,32.4900016784668,0.0,0.0,11672.0,3
2024-03-24,1411,Bell Pepper_10,Fruit and vegetable,367.48,332.61,0.0,32.4900016784668,0.0,34.87,10824.0,3
2024-03-25,1411,Bell Pepper_10,Fruit and vegetable,369.36,312.34,0.0,32.4900016784668,0.0,91.89,10530.0,3
2024-03-26,1411,Bell Pepper_10,Fruit and vegetable,270.34,350.77,0.0,36.779998779296875,0.0,11.46,10879.0,3
2024-03-27,1411,Bell Pepper_10,Fruit and vegetable,383.51,394.97,0.0,36.779998779296875,0.0,0.0,12451.0,3
2024-03-28,1411,Bell Pepper_10,Fruit and vegetable,418.4,418.4,0.0,36.779998779296875,0.0,0.0,12938.0,3
2024-03-29,1411,Bell Pepper_10,Fruit and vegetable,433.25,279.52,0.0,36.779998779296875,0.0,153.73,10045.0,3
2024-03-30,1411,Bell Pepper_10,Fruit and vegetable,251.02,266.63,0.0,36.779998779296875,0.0,138.13,8440.0,3
2024-03-31,1411,Bell Pepper_10,Fruit and vegetable,266.62,182.45,0.0,36.779998779296875,0.0,222.3,9558.0,3
2024-04-01,1411,Bell Pepper_10,Fruit and vegetable,193.95,266.43,0.0,36.779998779296875,0.0,149.82,9826.0,3
2024-04-02,1411,Bell Pepper_10,Fruit and vegetable,307.52,329.58,0.0,36.779998779296875,0.0,127.76,10261.0,3
2024-04-03,1411,Bell Pepper_10,Fruit and vegetable,371.96,294.22,0.0,36.779998779296875,0.0,205.5,9938.0,3
2024-04-04,1411,Bell Pepper_10,Fruit and vegetable,304.67,349.24,0.0,36.779998779296875,0.0,160.93,11179.0,3
2024-04-05,1411,Bell Pepper_10,Fruit and vegetable,313.98,474.91,0.0,36.779998779296875,0.0,0.0,12214.0,3
2024-04-06,1411,Bell Pepper_10,Fruit and vegetable,382.79,360.19,0.0,36.779998779296875,0.0,22.6,9690.0,3
2024-04-07,1411,Bell Pepper_10,Fruit and vegetable,275.49,278.03,0.0,36.779998779296875,0.0,20.06,9684.0,3
2024-04-08,1411,Bell Pepper_10,Fruit and vegetable,336.95,283.96,0.0,36.779998779296875,0.0,73.05,10147.0,3
2024-04-09,1411,Bell Pepper_10,Fruit and vegetable,343.76,275.36,0.0,36.779998779296875,0.0,141.45,10198.0,3
2024-04-10,1411,Bell Pepper_10,Fruit and vegetable,304.34,445.79,0.0,36.779998779296875,0.0,0.0,10762.0,3
2024-04-11,1411,Bell Pepper_10,Fruit and vegetable,536.49,536.49,0.0,36.779998779296875,0.0,0.0,11005.0,3
2024-04-12,1411,Bell Pepper_10,Fruit and vegetable,611.96,515.59,0.0,36.779998779296875,0.0,96.37,12008.0,3
2024-04-13,1411,Bell Pepper_10,Fruit and vegetable,409.75,318.27,0.0,36.779998779296875,0.0,187.85,9772.0,3
2024-04-14,1411,Bell Pepper_10,Fruit and vegetable,239.43,299.04,0.0,42.90999984741211,0.0,128.24,10033.0,3
2024-04-15,1411,Bell Pepper_10,Fruit and vegetable,301.39,276.05,0.0,42.90999984741211,0.0,153.58,10806.0,3
2024-04-16,1411,Bell Pepper_10,Fruit and vegetable,268.95,235.64,0.0,42.90999984741211,0.0,186.89,10398.0,3
2024-04-17,1411,Bell Pepper_10,Fruit and vegetable,414.84,238.32,0.0,42.90999984741211,0.0,363.41,10170.0,3
2024-04-18,1411,Bell Pepper_10,Fruit and vegetable,335.56,274.29,0.0,42.90999984741211,0.0,424.69,11244.0,3
2024-04-19,1411,Bell Pepper_10,Fruit and vegetable,214.04,350.69,0.0,42.90999984741211,0.0,288.04,12858.0,3
2024-04-20,1411,Bell Pepper_10,Fruit and vegetable,83.6,217.1,0.0,42.90999984741211,0.0,154.53,10666.0,3
2024-04-21,1411,Bell Pepper_10,Fruit and vegetable,202.68,207.8,0.0,42.90999984741211,0.0,149.41,10309.0,3
2024-04-22,1411,Bell Pepper_10,Fruit and vegetable,189.04,214.22,0.0,42.90999984741211,0.0,124.23,10488.0,3
2024-04-23,1411,Bell Pepper_10,Fruit and vegetable,175.83,232.91,0.0,42.90999984741211,0.0,67.14,10195.0,3
2024-04-24,1411,Bell Pepper_10,Fruit and vegetable,235.75,192.13,0.0,42.90999984741211,0.0,110.76,10255.0,3
2024-04-25,1411,Bell Pepper_10,Fruit and vegetable,233.6,277.78,0.0,42.90999984741211,0.0,66.59,11238.0,3
2024-04-26,1411,Bell Pepper_10,Fruit and vegetable,354.65,304.3,0.0,42.90999984741211,0.0,116.93,11988.0,3
2024-04-27,1411,Bell Pepper_10,Fruit and vegetable,152.33,179.79,0.0,42.90999984741211,0.0,89.48,9223.0,3
2024-04-28,1411,Bell Pepper_10,Fruit and vegetable,176.77,192.49,0.0,42.90999984741211,0.0,73.75,10142.0,3
2024-04-29,1411,Bell Pepper_10,Fruit and vegetable,200.92,222.94,0.0,42.90999984741211,0.0,51.74,11011.0,3
2024-04-30,1411,Bell Pepper_10,Fruit and vegetable,241.25,191.23,0.0,42.90999984741211,0.0,101.75,11142.0,3
2024-05-01,1411,Bell Pepper_10,Fruit and vegetable,153.02,150.84,0.0,42.90999984741211,0.0,103.93,9874.0,3
2024-05-02,1411,Bell Pepper_10,Fruit and vegetable,244.69,220.16,0.0,42.90999984741211,0.0,128.46,10795.0,3
2024-05-03,1411,Bell Pepper_10,Fruit and vegetable,238.17,223.81,0.0,42.90999984741211,0.0,142.81,11872.0,3
2024-05-04,1411,Bell Pepper_10,Fruit and vegetable,71.67,145.76,0.0,42.90999984741211,0.0,68.72,9787.0,3
2024-05-05,1411,Bell Pepper_10,Fruit and vegetable,166.2,136.24,0.0,42.90999984741211,0.0,98.68,10036.0,3
2024-03-01,1449,Croissant_21,Bakery,18.95,18.95,0.0,28.760000228881836,0.0,0.0,11812.0,2
2024-03-02,1449,Croissant_21,Bakery,18.95,10.61,0.0,28.760000228881836,0.0,8.34,10054.0,2
2024-03-03,1449,Croissant_21,Bakery,18.16,14.27,0.0,28.760000228881836,0.0,12.23,9613.0,2
2024-03-04,1449,Croissant_21,Bakery,12.07,10.66,0.0,28.760000228881836,0.0,13.64,9834.0,2
2024-03-05,1449,Croissant_21,Bakery,11.93,5.34,1.57,28.760000228881836,0.0,18.66,9746.0,2
2024-03-06,1449,Croissant_21,Bakery,13.47,16.0,6.73,28.760000228881836,0.0,9.4,9774.0,2
2024-03-07,1449,Croissant_21,Bakery,15.69,0.0,0.0,28.760000228881836,0.0,25.09,11142.0,2
2024-03-08,1449,Croissant_21,Bakery,11.55,3.44,9.4,28.760000228881836,0.0,23.81,11864.0,2
2024-03-09,1449,Croissant_21,Bakery,7.9,19.45,12.25,28.760000228881836,0.0,0.0,10078.0,2
2024-03-10,1449,Croissant_21,Bakery,42.4,42.4,0.0,28.760000228881836,0.0,0.0,10124.0,2
2024-03-11,1449,Croissant_21,Bakery,29.02,3.53,0.0,28.760000228881836,0.0,25.49,10122.0,2
2024-03-12,1449,Croissant_21,Bakery,0.0,22.91,0.0,28.760000228881836,0.0,2.58,10267.0,2
2024-03-13,1449,Croissant_21,Bakery,35.01,7.06,2.58,28.760000228881836,0.0,27.95,10214.0,2
2024-03-14,1449,Croissant_21,Bakery,0.0,10.41,0.0,28.760000228881836,0.0,17.54,11286.0,2
2024-03-15,1449,Croissant_21,Bakery,34.33,34.33,17.54,28.760000228881836,0.0,0.0,12108.0,2
2024-03-16,1449,Croissant_21,Bakery,37.9,8.84,0.0,28.760000228881836,0.0,29.06,10102.0,2
2024-03-17,1449,Croissant_21,Bakery,32.58,21.18,0.0,28.760000228881836,0.0,40.46,10186.0,2
2024-03-18,1449,Croissant_21,Bakery,0.0,14.09,7.88,28.760000228881836,0.0,18.49,10282.0,2
2024-03-19,1449,Croissant_21,Bakery,35.39,3.55,18.49,28.760000228881836,0.0,31.84,9794.0,2
2024-03-20,1449,Croissant_21,Bakery,0.0,10.6,0.0,28.760000228881836,0.0,21.24,10111.0,2
2024-03-21,1449,Croissant_21,Bakery,23.44,12.19,21.24,28.760000228881836,0.0,11.25,11034.0,2
2024-03-22,1449,Croissant_21,Bakery,35.98,29.34,0.0,28.760000228881836,0.0,17.89,11672.0,2
2024-03-23,1449,Croissant_21,Bakery,5.06,22.95,0.0,28.760000228881836,0.0,0.0,10153.0,2
2024-03-24,1449,Croissant_21,Bakery,32.33,17.47,0.0,28.760000228881836,0.0,14.86,10824.0,2
2024-03-25,1449,Croissant_21,Bakery,10.07,24.57,0.0,28.760000228881836,0.0,0.36,10530.0,2
2024-03-26,1449,Croissant_21,Bakery,14.76,1.75,0.0,28.760000228881836,0.0,13.36,10879.0,2
2024-03-27,1449,Croissant_21,Bakery,19.13,32.49,0.0,28.760000228881836,0.0,0.0,12451.0,2
2024-03-28,1449,Croissant_21,Bakery,25.75,10.2,0.0,28.760000228881836,0.0,15.55,12938.0,2
2024-03-29,1449,Croissant_21,Bakery,27.7,10.61,0.0,28.760000228881836,0.0,32.64,10045.0,2
2024-03-30,1449,Croissant_21,Bakery,8.6,21.98,4.94,28.760000228881836,0.0,14.32,8440.0,2
2024-03-31,1449,Croissant_21,Bakery,22.11,3.57,5.72,28.760000228881836,0.0,27.14,9558.0,2
2024-04-01,1449,Croissant_21,Bakery,17.19,17.76,5.03,28.760000228881836,0.0,21.54,9826.0,2
2024-04-02,1449,Croissant_21,Bakery,3.96,21.15,4.35,28.760000228881836,0.0,0.0,10261.0,2
2024-04-03,1449,Croissant_21,Bakery,44.74,5.32,0.0,28.760000228881836,0.0,39.42,9938.0,2
2024-04-04,1449,Croissant_21,Bakery,0.0,3.47,0.0,28.760000228881836,0.0,35.95,11179.0,2
2024-04-05,1449,Croissant_21,Bakery,21.15,12.0,35.95,28.760000228881836,0.0,9.15,12214.0,2
2024-04-06,1449,Croissant_21,Bakery,23.34,3.56,0.0,28.760000228881836,0.0,28.93,9690.0,2
2024-04-07,1449,Croissant_21,Bakery,5.16,28.5,5.59,28.760000228881836,0.0,0.0,9684.0,2
2024-04-08,1449,Croissant_21,Bakery,38.85,38.85,0.0,28.760000228881836,0.0,0.0,10147.0,2
2024-04-09,1449,Croissant_21,Bakery,38.84,3.53,0.0,28.760000228881836,0.0,35.31,10198.0,2
2024-04-10,1449,Croissant_21,Bakery,0.0,0.0,0.0,28.760000228881836,0.0,35.31,10762.0,2
2024-04-11,1449,Croissant_21,Bakery,33.1,33.1,35.31,28.760000228881836,0.0,0.0,11005.0,2
2024-04-12,1449,Croissant_21,Bakery,32.54,8.59,0.0,28.760000228881836,0.0,23.95,12008.0,2
2024-04-13,1449,Croissant_21,Bakery,0.44,1.78,0.0,28.760000228881836,0.0,22.61,9772.0,2
2024-04-14,1449,Croissant_21,Bakery,49.21,0.0,22.17,28.760000228881836,0.0,49.65,10033.0,2
2024-04-15,1449,Croissant_21,Bakery,10.81,52.41,0.44,28.760000228881836,0.1913899928331375,7.61,10806.0,2
2024-04-16,1449,Croissant_21,Bakery,22.15,24.62,0.0,28.760000228881836,0.1913899928331375,5.14,10398.0,2
2024-04-17,1449,Croissant_21,Bakery,35.46,40.6,0.0,28.760000228881836,0.1913899928331375,0.0,10170.0,2
2024-04-18,1449,Croissant_21,Bakery,59.05,41.66,0.0,28.760000228881836,0.1913899928331375,17.39,11244.0,2
2024-04-19,1449,Croissant_21,Bakery,23.47,40.86,0.0,28.760000228881836,0.1913899928331375,0.0,12858.0,2
2024-04-20,1449,Croissant_21,Bakery,28.35,26.26,0.0,28.760000228881836,0.1913899928331375,2.09,10666.0,2
2024-04-21,1449,Croissant_21,Bakery,52.5,54.59,0.0,28.760000228881836,0.1913899928331375,0.0,10309.0,2
2024-04-22,1449,Croissant_21,Bakery,67.15,14.05,0.0,28.760000228881836,0.0,53.1,10488.0,2
2024-04-23,1449,Croissant_21,Bakery,0.0,30.0,0.0,28.760000228881836,0.0,23.1,10195.0,2
2024-04-24,1449,Croissant_21,Bakery,57.39,7.05,23.1,28.760000228881836,0.0,50.34,10255.0,2
2024-04-25,1449,Croissant_21,Bakery,12.55,12.15,0.0,28.760000228881836,0.0,50.74,11238.0,2
2024-04-26,1449,Croissant_21,Bakery,50.15,1.72,38.19,28.760000228881836,0.0,60.98,11988.0,2
2024-04-27,1449,Croissant_21,Bakery,0.0,32.36,10.83,28.760000228881836,0.0,17.79,9223.0,2
2024-04-28,1449,Croissant_21,Bakery,78.12,14.13,17.79,28.760000228881836,0.0,63.99,10142.0,2
2024-04-29,1449,Croissant_21,Bakery,0.0,22.64,0.0,28.760000228881836,0.0,41.35,11011.0,2
2024-04-30,1449,Croissant_21,Bakery,44.79,0.0,41.35,28.760000228881836,0.0,44.79,11142.0,2
2024-05-01,1449,Croissant_21,Bakery,0.0,5.32,0.0,28.760000228881836,0.0,39.47,9874.0,2
2024-05-02,1449,Croissant_21,Bakery,27.15,6.99,39.47,28.760000228881836,0.0,20.16,10795.0,2
2024-05-03,1449,Croissant_21,Bakery,0.0,15.49,0.0,28.760000228881836,0.0,4.67,11872.0,2
2024-05-04,1449,Croissant_21,Bakery,46.52,16.0,4.67,28.760000228881836,0.0,30.52,9787.0,2
2024-05-05,1449,Croissant_21,Bakery,0.0,19.46,0.0,28.760000228881836,0.0,11.06,10036.0,2
2024-03-01,1453,Salmon_9,Meat and fish,13.78,13.78,0.0,174.30999755859375,0.0,0.0,11812.0,4
2024-03-02,1453,Salmon_9,Meat and fish,15.92,15.92,0.0,174.30999755859375,0.0,0.0,10054.0,4
2024-03-03,1453,Salmon_9,Meat and fish,17.83,17.83,0.0,174.30999755859375,0.0,0.0,9613.0,4
2024-03-04,1453,Salmon_9,Meat and fish,16.37,5.42,0.0,174.30999755859375,0.06582000106573105,10.95,9834.0,4
2024-03-05,1453,Salmon_9,Meat and fish,9.83,15.23,0.0,174.30999755859375,0.13412000238895416,5.55,9746.0,4
2024-03-06,1453,Salmon_9,Meat and fish,14.4,4.29,0.0,174.30999755859375,0.057440001517534256,15.66,9774.0,4
2024-03-07,1453,Salmon_9,Meat and fish,5.49,13.91,0.0,174.30999755859375,0.0,7.24,11142.0,4
2024-03-08,1453,Salmon_9,Meat and fish,13.33,13.77,0.0,174.30999755859375,0.0,6.79,11864.0,4
2024-03-09,1453,Salmon_9,Meat and fish,15.91,21.57,0.0,174.30999755859375,0.05071999877691269,1.13,10078.0,4
2024-03-10,1453,Salmon_9,Meat and fish,24.73,15.85,0.0,174.30999755859375,0.0,10.01,10124.0,4
2024-03-11,1453,Salmon_9,Meat and fish,6.67,16.68,0.0,174.30999755859375,0.0,0.0,10122.0,4
2024-03-12,1453,Salmon_9,Meat and fish,33.48,33.48,0.0,174.30999755859375,0.0,0.0,10267.0,4
2024-03-13,1453,Salmon_9,Meat and fish,15.68,7.94,0.0,174.30999755859375,0.0,7.74,10214.0,4
2024-03-14,1453,Salmon_9,Meat and fish,16.53,5.2,0.0,174.30999755859375,0.0,19.08,11286.0,4
2024-03-15,1453,Salmon_9,Meat and fish,10.1,29.18,0.0,174.30999755859375,0.0,0.0,12108.0,4
2024-03-16,1453,Salmon_9,Meat and fish,34.86,3.53,0.0,174.30999755859375,0.0,31.33,10102.0,4
2024-03-17,1453,Salmon_9,Meat and fish,0.0,17.65,0.0,174.30999755859375,0.0,13.68,10186.0,4
2024-03-18,1453,Salmon_9,Meat and fish,17.96,17.62,0.0,174.30999755859375,0.0,14.02,10282.0,4
2024-03-19,1453,Salmon_9,Meat and fish,34.43,8.89,0.0,174.30999755859375,0.0,39.56,9794.0,4
2024-03-20,1453,Salmon_9,Meat and fish,0.0,14.14,0.0,174.30999755859375,0.0,25.42,10111.0,4
2024-03-21,1453,Salmon_9,Meat and fish,0.0,13.93,0.0,174.30999755859375,0.0,11.49,11034.0,4
2024-03-22,1453,Salmon_9,Meat and fish,27.95,15.53,0.0,174.30999755859375,0.0,23.91,11672.0,4
2024-03-23,1453,Salmon_9,Meat and fish,0.0,12.45,0.0,174.30999755859375,0.0508899986743927,11.46,10153.0,4
2024-03-24,1453,Salmon_9,Meat and fish,10.12,16.07,0.0,174.30999755859375,0.04972999915480614,5.51,10824.0,4
2024-03-25,1453,Salmon_9,Meat and fish,20.64,26.15,0.0,174.30999755859375,0.0,0.0,10530.0,4
2024-03-26,1453,Salmon_9,Meat and fish,15.72,8.73,0.0,174.30999755859375,0.0,6.99,10879.0,4
2024-03-27,1453,Salmon_9,Meat and fish,14.02,13.68,0.0,174.30999755859375,0.0,7.33,12451.0,4
2024-03-28,1453,Salmon_9,Meat and fish,13.49,5.1,0.0,174.30999755859375,0.0,15.73,12938.0,4
2024-03-29,1453,Salmon_9,Meat and fish,8.29,5.31,0.0,174.30999755859375,0.0,18.71,10045.0,4
2024-03-30,1453,Salmon_9,Meat and fish,3.11,2.75,0.0,174.30999755859375,0.11704999953508377,19.06,8440.0,4
2024-03-31,1453,Salmon_9,Meat and fish,7.49,8.0,0.0,174.30999755859375,0.0,18.56,9558.0,4
2024-04-02,1453,Salmon_9,Meat and fish,25.72,0.35,7.96,174.30999755859375,0.09684000164270401,35.97,10261.0,4
2024-04-05,1453,Salmon_9,Meat and fish,0.0,16.6,10.25,174.30999755859375,0.0,9.12,12214.0,4
2024-04-08,1453,Salmon_9,Meat and fish,30.66,30.66,9.12,174.30999755859375,0.0,0.0,10147.0,4
2024-04-09,1453,Salmon_9,Meat and fish,18.58,15.88,0.0,174.30999755859375,0.0,2.7,10198.0,4
2024-04-10,1453,Salmon_9,Meat and fish,16.07,11.22,0.0,174.30999755859375,0.0,7.55,10762.0,4
2024-04-11,1453,Salmon_9,Meat and fish,8.23,12.19,0.0,174.30999755859375,0.0,3.59,11005.0,4
2024-04-12,1453,Salmon_9,Meat and fish,16.32,15.47,0.0,174.30999755859375,0.0,4.44,12008.0,4
2024-04-13,1453,Salmon_9,Meat and fish,7.41,10.67,0.0,174.30999755859375,0.0,1.18,9772.0,4
2024-04-14,1453,Salmon_9,Meat and fish,24.18,7.08,0.0,174.30999755859375,0.0,18.28,10033.0,4
2024-04-15,1453,Salmon_9,Meat and fish,22.14,13.98,0.0,174.30999755859375,0.0,26.45,10806.0,4
2024-04-16,1453,Salmon_9,Meat and fish,0.0,10.55,0.0,174.30999755859375,0.0,15.9,10398.0,4
2024-04-17,1453,Salmon_9,Meat and fish,0.0,9.27,0.0,174.30999755859375,0.07004000246524811,6.63,10170.0,4
2024-04-18,1453,Salmon_9,Meat and fish,9.19,15.8,0.0,174.30999755859375,0.032510001212358475,0.02,11244.0,4
2024-04-19,1453,Salmon_9,Meat and fish,19.69,18.73,0.0,174.30999755859375,0.30000001192092896,0.98,12858.0,4
2024-04-20,1453,Salmon_9,Meat and fish,15.65,16.63,0.0,174.30999755859375,0.0,0.0,10666.0,4
2024-04-22,1453,Salmon_9,Meat and fish,21.54,21.54,0.0,174.30999755859375,0.0,0.0,10488.0,4
2024-04-23,1453,Salmon_9,Meat and fish,19.54,14.12,0.0,174.30999755859375,0.0,5.42,10195.0,4
2024-04-24,1453,Salmon_9,Meat and fish,23.1,28.52,0.0,174.30999755859375,0.0,0.0,10255.0,4
2024-04-25,1453,Salmon_9,Meat and fish,17.05,13.89,0.0,174.30999755859375,0.0,3.16,11238.0,4
2024-04-26,1453,Salmon_9,Meat and fish,19.27,16.81,0.0,174.30999755859375,0.0,5.62,11988.0,4
2024-04-27,1453,Salmon_9,Meat and fish,19.65,5.39,0.0,174.30999755859375,0.0,19.88,9223.0,4
2024-04-28,1453,Salmon_9,Meat and fish,16.78,36.66,0.0,174.30999755859375,0.0,0.0,10142.0,4
2024-04-29,1453,Salmon_9,Meat and fish,34.83,21.37,0.0,180.5399932861328,0.0,13.46,11011.0,4
2024-04-30,1453,Salmon_9,Meat and fish,13.94,26.08,0.0,180.5399932861328,0.0,1.32,11142.0,4
2024-05-01,1453,Salmon_9,Meat and fish,40.41,16.01,0.0,180.5399932861328,0.0,25.72,9874.0,4
2024-05-03,1453,Salmon_9,Meat and fish,0.88,9.23,0.0,180.5399932861328,0.0,17.37,11872.0,4
2024-05-04,1453,Salmon_9,Meat and fish,12.89,7.11,0.0,180.5399932861328,0.0,23.14,9787.0,4
2024-05-05,1453,Salmon_9,Meat and fish,13.24,27.0,9.38,180.5399932861328,0.0,0.0,10036.0,4
2024-03-01,1463,Potato_49,Fruit and vegetable,32.73,32.73,0.0,12.680000305175781,0.0,0.0,11812.0,3
2024-03-02,1463,Potato_49,Fruit and vegetable,32.73,26.53,0.0,12.680000305175781,0.0,6.2,10054.0,3
2024-03-03,1463,Potato_49,Fruit and vegetable,32.14,34.08,0.0,12.680000305175781,0.0,4.26,9613.0,3
2024-03-04,1463,Potato_49,Fruit and vegetable,33.62,13.68,0.0,12.680000305175781,0.010320000350475311,24.2,9834.0,3
2024-03-05,1463,Potato_49,Fruit and vegetable,20.45,12.45,0.0,12.680000305175781,0.0065899998880922794,32.2,9746.0,3
2024-03-06,1463,Potato_49,Fruit and vegetable,13.71,42.67,0.0,12.680000305175781,0.0,3.24,9774.0,3
2024-03-07,1463,Potato_49,Fruit and vegetable,44.83,28.16,0.0,12.680000305175781,0.06521999835968018,19.91,11142.0,3
2024-03-08,1463,Potato_49,Fruit and vegetable,26.83,15.67,0.0,12.680000305175781,0.001829999964684248,31.07,11864.0,3
2024-03-09,1463,Potato_49,Fruit and vegetable,10.05,25.11,0.0,12.680000305175781,0.05025999993085861,16.01,10078.0,3
2024-03-10,1463,Potato_49,Fruit and vegetable,32.63,33.76,0.0,12.680000305175781,0.004920000210404396,14.88,10124.0,3
2024-03-11,1463,Potato_49,Fruit and vegetable,30.72,45.6,0.0,12.680000305175781,0.0,0.0,10122.0,3
2024-03-12,1463,Potato_49,Fruit and vegetable,28.58,10.57,0.0,12.680000305175781,0.0,18.01,10267.0,3
2024-03-13,1463,Potato_49,Fruit and vegetable,41.34,35.47,0.0,12.680000305175781,0.0,23.87,10214.0,3
2024-03-14,1463,Potato_49,Fruit and vegetable,19.63,14.23,0.0,12.680000305175781,0.05948000028729439,29.28,11286.0,3
2024-03-15,1463,Potato_49,Fruit and vegetable,7.11,36.39,0.0,12.680000305175781,0.004920000210404396,0.0,12108.0,3
2024-03-16,1463,Potato_49,Fruit and vegetable,41.36,14.14,0.0,12.680000305175781,0.20000000298023224,27.22,10102.0,3
2024-03-17,1463,Potato_49,Fruit and vegetable,24.26,19.41,0.0,12.680000305175781,0.0,32.07,10186.0,3
2024-03-18,1463,Potato_49,Fruit and vegetable,31.15,18.32,0.0,12.680000305175781,0.1081399992108345,44.9,10282.0,3
2024-03-19,1463,Potato_49,Fruit and vegetable,0.0,20.26,0.0,12.680000305175781,0.0545400008559227,24.64,9794.0,3
2024-03-20,1463,Potato_49,Fruit and vegetable,22.88,24.74,0.0,12.680000305175781,0.37046998739242554,22.78,10111.0,3
2024-03-21,1463,Potato_49,Fruit and vegetable,1.29,16.19,0.0,12.680000305175781,0.038270000368356705,7.87,11034.0,3
2024-03-22,1463,Potato_49,Fruit and vegetable,38.02,29.34,0.0,12.680000305175781,0.0,16.55,11672.0,3
2024-03-23,1463,Potato_49,Fruit and vegetable,4.64,21.19,0.0,12.680000305175781,0.0,0.0,10153.0,3
2024-03-24,1463,Potato_49,Fruit and vegetable,29.69,29.69,0.0,12.680000305175781,0.0,0.0,10824.0,3
2024-03-25,1463,Potato_49,Fruit and vegetable,25.07,16.34,0.0,12.680000305175781,0.007619999814778566,8.73,10530.0,3
2024-03-26,1463,Potato_49,Fruit and vegetable,18.7,19.89,0.0,12.680000305175781,0.0,7.53,10879.0,3
2024-03-27,1463,Potato_49,Fruit and vegetable,74.15,81.68,0.0,12.680000305175781,0.0,0.0,12451.0,3
2024-03-28,1463,Potato_49,Fruit and vegetable,82.62,82.62,0.0,12.680000305175781,0.0,0.0,12938.0,3
2024-03-29,1463,Potato_49,Fruit and vegetable,66.63,35.13,0.0,12.680000305175781,0.0,31.5,10045.0,3
2024-04-02,1463,Potato_49,Fruit and vegetable,58.12,14.22,31.5,12.680000305175781,0.0,43.9,10261.0,3
2024-04-03,1463,Potato_49,Fruit and vegetable,23.87,10.63,0.0,12.680000305175781,0.0,57.15,9938.0,3
2024-04-04,1463,Potato_49,Fruit and vegetable,0.0,27.8,0.0,12.680000305175781,0.0,29.35,11179.0,3
2024-04-05,1463,Potato_49,Fruit and vegetable,35.29,37.72,5.47,12.680000305175781,0.0,21.44,12214.0,3
2024-04-06,1463,Potato_49,Fruit and vegetable,98.08,39.54,0.0,12.680000305175781,0.0,79.98,9690.0,3
2024-04-07,1463,Potato_49,Fruit and vegetable,32.98,10.69,0.0,12.680000305175781,0.0,102.28,9684.0,3
2024-04-08,1463,Potato_49,Fruit and vegetable,0.0,21.54,0.0,12.680000305175781,0.04623999819159508,80.74,10147.0,3
2024-04-09,1463,Potato_49,Fruit and vegetable,0.0,7.78,47.75,12.680000305175781,0.0,25.2,10198.0,3
2024-04-10,1463,Potato_49,Fruit and vegetable,40.21,40.21,25.2,12.680000305175781,0.0,0.0,10762.0,3
2024-04-11,1463,Potato_49,Fruit and vegetable,45.21,26.65,0.0,12.680000305175781,0.01484999991953373,18.56,11005.0,3
2024-04-12,1463,Potato_49,Fruit and vegetable,36.55,24.23,0.0,12.680000305175781,0.0,30.89,12008.0,3
2024-04-13,1463,Potato_49,Fruit and vegetable,24.81,30.23,0.0,12.680000305175781,0.0,25.47,9772.0,3
2024-04-14,1463,Potato_49,Fruit and vegetable,2.84,28.31,0.0,12.680000305175781,0.0,0.0,10033.0,3
2024-04-15,1463,Potato_49,Fruit and vegetable,34.12,24.98,0.0,12.680000305175781,0.048969998955726624,9.14,10806.0,3
2024-04-16,1463,Potato_49,Fruit and vegetable,11.03,14.61,0.0,12.680000305175781,0.01768999919295311,5.55,10398.0,3
2024-04-17,1463,Potato_49,Fruit and vegetable,44.46,26.48,0.0,12.680000305175781,0.15026000142097473,23.53,10170.0,3
2024-04-18,1463,Potato_49,Fruit and vegetable,9.55,20.48,0.0,12.680000305175781,0.05071000009775162,12.61,11244.0,3
2024-04-19,1463,Potato_49,Fruit and vegetable,18.37,30.98,0.0,12.680000305175781,0.03243999928236008,0.0,12858.0,3
2024-04-20,1463,Potato_49,Fruit and vegetable,50.77,50.77,0.0,12.680000305175781,0.15026000142097473,0.0,10666.0,3
2024-04-21,1463,Potato_49,Fruit and vegetable,42.85,41.72,0.0,12.680000305175781,0.0,1.13,10309.0,3
2024-04-22,1463,Potato_49,Fruit and vegetable,46.49,47.62,0.0,12.680000305175781,0.0,0.0,10488.0,3
2024-04-23,1463,Potato_49,Fruit and vegetable,32.31,28.23,0.0,12.680000305175781,0.0,4.08,10195.0,3
2024-04-24,1463,Potato_49,Fruit and vegetable,37.17,26.44,0.0,12.680000305175781,0.0,14.8,10255.0,3
2024-04-25,1463,Potato_49,Fruit and vegetable,20.45,32.99,0.0,12.680000305175781,0.0,2.26,11238.0,3
2024-04-26,1463,Potato_49,Fruit and vegetable,53.2,55.46,0.0,12.680000305175781,0.0,0.0,11988.0,3
2024-04-27,1463,Potato_49,Fruit and vegetable,65.42,23.37,0.0,12.680000305175781,0.0,42.05,9223.0,3
2024-04-28,1463,Potato_49,Fruit and vegetable,15.04,23.13,0.0,12.680000305175781,0.0,33.96,10142.0,3
2024-04-29,1463,Potato_49,Fruit and vegetable,29.93,20.67,0.0,12.680000305175781,0.014310000464320183,43.21,11011.0,3
2024-04-30,1463,Potato_49,Fruit and vegetable,0.26,19.47,0.0,12.680000305175781,0.0,24.01,11142.0,3
2024-05-01,1463,Potato_49,Fruit and vegetable,18.53,23.07,0.0,12.680000305175781,0.0,19.46,9874.0,3
2024-05-02,1463,Potato_49,Fruit and vegetable,30.51,28.48,0.67,12.680000305175781,0.05253000184893608,20.82,10795.0,3
2024-05-03,1463,Potato_49,Fruit and vegetable,50.74,48.55,0.0,12.680000305175781,0.03316999971866608,23.01,11872.0,3
2024-05-04,1463,Potato_49,Fruit and vegetable,13.22,16.18,0.0,12.680000305175781,0.20000000298023224,20.06,9787.0,3
2024-05-05,1463,Potato_49,Fruit and vegetable,16.88,15.92,0.0,12.680000305175781,0.0,21.02,10036.0,3
2024-03-01,1469,Pomegranate_3,Fruit and vegetable,80.7,80.7,0.0,71.31999969482422,0.0,0.0,11812.0,3
2024-03-02,1469,Pomegranate_3,Fruit and vegetable,81.37,81.37,0.0,71.31999969482422,0.0,0.0,10054.0,3
2024-03-03,1469,Pomegranate_3,Fruit and vegetable,81.31,49.94,0.0,71.31999969482422,0.0,31.37,9613.0,3
2024-03-04,1469,Pomegranate_3,Fruit and vegetable,72.32,58.61,0.0,71.31999969482422,0.0,45.07,9834.0,3
2024-03-05,1469,Pomegranate_3,Fruit and vegetable,55.92,56.92,0.0,71.31999969482422,0.0,44.07,9746.0,3
2024-03-06,1469,Pomegranate_3,Fruit and vegetable,55.24,55.12,0.0,71.31999969482422,0.0,44.2,9774.0,3
2024-03-07,1469,Pomegranate_3,Fruit and vegetable,54.02,64.32,0.0,71.31999969482422,0.0,33.89,11142.0,3
2024-03-08,1469,Pomegranate_3,Fruit and vegetable,62.8,51.65,0.0,71.31999969482422,0.0,45.04,11864.0,3
2024-03-09,1469,Pomegranate_3,Fruit and vegetable,49.97,40.67,0.0,71.31999969482422,0.0,54.34,10078.0,3
2024-03-10,1469,Pomegranate_3,Fruit and vegetable,11.02,65.36,0.0,71.31999969482422,0.0,0.0,10124.0,3
2024-03-11,1469,Pomegranate_3,Fruit and vegetable,69.31,56.54,0.0,71.31999969482422,0.0,12.77,10122.0,3
2024-03-12,1469,Pomegranate_3,Fruit and vegetable,54.76,51.11,0.0,71.31999969482422,0.0,16.42,10267.0,3
2024-03-13,1469,Pomegranate_3,Fruit and vegetable,49.51,35.28,0.0,71.31999969482422,0.0,30.65,10214.0,3
2024-03-14,1469,Pomegranate_3,Fruit and vegetable,48.07,64.19,0.0,71.31999969482422,0.0,14.53,11286.0,3
2024-03-15,1469,Pomegranate_3,Fruit and vegetable,51.49,44.63,0.0,71.31999969482422,0.0,21.39,12108.0,3
2024-03-16,1469,Pomegranate_3,Fruit and vegetable,34.11,53.02,0.0,71.31999969482422,0.0,2.48,10102.0,3
2024-03-17,1469,Pomegranate_3,Fruit and vegetable,76.49,56.47,0.0,71.31999969482422,0.0,22.5,10186.0,3
2024-03-18,1469,Pomegranate_3,Fruit and vegetable,46.0,51.09,0.0,71.31999969482422,0.0,17.41,10282.0,3
2024-03-19,1469,Pomegranate_3,Fruit and vegetable,55.45,72.86,0.0,71.31999969482422,0.0,0.0,9794.0,3
2024-03-20,1469,Pomegranate_3,Fruit and vegetable,51.24,51.24,0.0,71.31999969482422,0.0,0.0,10111.0,3
2024-03-21,1469,Pomegranate_3,Fruit and vegetable,76.29,52.24,0.0,71.31999969482422,0.0,24.05,11034.0,3
2024-03-22,1469,Pomegranate_3,Fruit and vegetable,31.88,51.78,0.0,71.31999969482422,0.0,4.15,11672.0,3
2024-03-23,1469,Pomegranate_3,Fruit and vegetable,58.92,28.25,0.0,71.31999969482422,0.0,34.83,10153.0,3
2024-03-24,1469,Pomegranate_3,Fruit and vegetable,38.34,47.16,0.0,71.31999969482422,0.0,26.0,10824.0,3
2024-03-25,1469,Pomegranate_3,Fruit and vegetable,41.71,38.6,0.0,71.31999969482422,0.0,29.11,10530.0,3
2024-03-26,1469,Pomegranate_3,Fruit and vegetable,61.35,69.8,0.0,71.31999969482422,0.0,20.66,10879.0,3
2024-03-27,1469,Pomegranate_3,Fruit and vegetable,47.07,32.49,0.0,71.31999969482422,0.0,35.24,12451.0,3
2024-03-28,1469,Pomegranate_3,Fruit and vegetable,35.04,47.62,0.0,71.31999969482422,0.0,22.66,12938.0,3
2024-03-29,1469,Pomegranate_3,Fruit and vegetable,46.84,31.84,0.0,71.31999969482422,0.0,37.66,10045.0,3
2024-03-30,1469,Pomegranate_3,Fruit and vegetable,8.87,29.31,0.0,71.31999969482422,0.0,17.23,8440.0,3
2024-03-31,1469,Pomegranate_3,Fruit and vegetable,48.0,23.21,0.0,71.31999969482422,0.0,42.02,9558.0,3
2024-04-01,1469,Pomegranate_3,Fruit and vegetable,16.54,46.18,0.0,71.31999969482422,0.0,12.39,9826.0,3
2024-04-02,1469,Pomegranate_3,Fruit and vegetable,77.68,37.01,0.0,71.31999969482422,0.0,53.05,10261.0,3
2024-04-03,1469,Pomegranate_3,Fruit and vegetable,0.0,46.08,0.0,71.31999969482422,0.0,6.97,9938.0,3
2024-04-04,1469,Pomegranate_3,Fruit and vegetable,52.96,41.7,0.0,71.31999969482422,0.0,18.23,11179.0,3
2024-04-05,1469,Pomegranate_3,Fruit and vegetable,36.63,54.86,0.0,71.31999969482422,0.0,0.0,12214.0,3
2024-04-06,1469,Pomegranate_3,Fruit and vegetable,43.17,35.62,0.0,71.31999969482422,0.0,7.55,9690.0,3
2024-04-07,1469,Pomegranate_3,Fruit and vegetable,42.32,49.87,0.0,71.31999969482422,0.0,0.0,9684.0,3
2024-04-08,1469,Pomegranate_3,Fruit and vegetable,54.99,47.68,0.0,71.31999969482422,0.0,7.31,10147.0,3
2024-04-09,1469,Pomegranate_3,Fruit and vegetable,38.62,31.76,0.0,71.31999969482422,0.0,14.17,10198.0,3
2024-04-10,1469,Pomegranate_3,Fruit and vegetable,42.3,43.71,0.0,71.31999969482422,0.0,12.76,10762.0,3
2024-04-11,1469,Pomegranate_3,Fruit and vegetable,39.26,31.35,0.0,71.31999969482422,0.0,20.67,11005.0,3
2024-04-12,1469,Pomegranate_3,Fruit and vegetable,46.12,37.81,0.0,71.31999969482422,0.0,28.98,12008.0,3
2024-04-13,1469,Pomegranate_3,Fruit and vegetable,16.22,42.67,0.0,71.31999969482422,0.0,2.53,9772.0,3
2024-04-14,1469,Pomegranate_3,Fruit and vegetable,56.71,47.78,0.0,71.31999969482422,0.0,11.46,10033.0,3
2024-04-15,1469,Pomegranate_3,Fruit and vegetable,45.07,41.93,0.0,71.31999969482422,0.0,14.6,10806.0,3
2024-04-16,1469,Pomegranate_3,Fruit and vegetable,25.11,33.41,0.0,71.31999969482422,0.0,6.3,10398.0,3
2024-04-17,1469,Pomegranate_3,Fruit and vegetable,44.95,38.84,0.0,71.31999969482422,0.0,12.41,10170.0,3
2024-04-18,1469,Pomegranate_3,Fruit and vegetable,26.15,27.78,0.0,71.31999969482422,0.0,10.78,11244.0,3
2024-04-19,1469,Pomegranate_3,Fruit and vegetable,41.99,52.77,0.0,71.31999969482422,0.0,0.0,12858.0,3
2024-04-20,1469,Pomegranate_3,Fruit and vegetable,53.44,45.52,0.0,71.31999969482422,0.0,7.92,10666.0,3
2024-04-21,1469,Pomegranate_3,Fruit and vegetable,50.86,36.98,0.0,71.31999969482422,0.0,21.79,10309.0,3
2024-04-22,1469,Pomegranate_3,Fruit and vegetable,30.58,24.58,0.0,71.31999969482422,0.0,27.79,10488.0,3
2024-04-23,1469,Pomegranate_3,Fruit and vegetable,18.17,24.7,0.0,71.31999969482422,0.0,21.26,10195.0,3
2024-04-24,1469,Pomegranate_3,Fruit and vegetable,31.47,26.44,0.0,71.31999969482422,0.0,26.29,10255.0,3
2024-04-25,1469,Pomegranate_3,Fruit and vegetable,15.94,26.04,0.0,71.31999969482422,0.0,16.19,11238.0,3
2024-04-26,1469,Pomegranate_3,Fruit and vegetable,51.26,25.79,0.0,71.31999969482422,0.0,41.66,11988.0,3
2024-04-27,1469,Pomegranate_3,Fruit and vegetable,14.22,16.18,0.0,71.31999969482422,0.0,39.7,9223.0,3
2024-04-28,1469,Pomegranate_3,Fruit and vegetable,5.04,31.79,0.0,71.31999969482422,0.0,12.95,10142.0,3
2024-04-29,1469,Pomegranate_3,Fruit and vegetable,17.54,20.9,0.0,71.31999969482422,0.0,9.59,11011.0,3
2024-04-30,1469,Pomegranate_3,Fruit and vegetable,21.36,20.86,0.0,71.31999969482422,0.0,10.09,11142.0,3
2024-05-01,1469,Pomegranate_3,Fruit and vegetable,43.15,53.24,0.0,71.31999969482422,0.0,0.0,9874.0,3
2024-05-02,1469,Pomegranate_3,Fruit and vegetable,41.73,38.44,0.0,71.31999969482422,0.0,3.29,10795.0,3
2024-05-03,1469,Pomegranate_3,Fruit and vegetable,38.93,29.27,0.0,71.31999969482422,0.0,12.95,11872.0,3
2024-05-04,1469,Pomegranate_3,Fruit and vegetable,19.53,24.89,0.0,71.31999969482422,0.0,7.58,9787.0,3
2024-05-05,1469,Pomegranate_3,Fruit and vegetable,38.94,31.85,0.0,71.31999969482422,0.0,14.67,10036.0,3
2024-03-01,1474,Mushroom_15,Fruit and vegetable,44.79,44.79,0.0,42.369998931884766,0.0,0.0,11812.0,3
2024-03-02,1474,Mushroom_15,Fruit and vegetable,44.79,35.38,0.0,42.369998931884766,0.0,9.41,10054.0,3
2024-03-03,1474,Mushroom_15,Fruit and vegetable,43.9,35.67,0.0,42.369998931884766,0.0,17.64,9613.0,3
2024-03-04,1474,Mushroom_15,Fruit and vegetable,34.0,40.51,0.0,42.369998931884766,0.0,11.13,9834.0,3
2024-03-05,1474,Mushroom_15,Fruit and vegetable,39.38,31.13,0.0,42.369998931884766,0.0,19.38,9746.0,3
2024-03-06,1474,Mushroom_15,Fruit and vegetable,32.14,12.45,0.0,42.369998931884766,0.0,39.07,9774.0,3
2024-03-07,1474,Mushroom_15,Fruit and vegetable,20.13,46.94,0.0,42.369998931884766,0.0,12.26,11142.0,3
2024-03-08,1474,Mushroom_15,Fruit and vegetable,49.72,61.98,0.0,42.369998931884766,0.0,0.0,11864.0,3
2024-03-09,1474,Mushroom_15,Fruit and vegetable,54.74,49.51,0.0,42.369998931884766,0.0,5.23,10078.0,3
2024-03-10,1474,Mushroom_15,Fruit and vegetable,50.53,40.63,0.0,42.369998931884766,0.0,15.13,10124.0,3
2024-03-11,1474,Mushroom_15,Fruit and vegetable,45.34,28.66,0.0,42.369998931884766,0.0,31.81,10122.0,3
2024-03-12,1474,Mushroom_15,Fruit and vegetable,20.08,44.66,0.0,42.369998931884766,0.0,7.23,10267.0,3
2024-03-13,1474,Mushroom_15,Fruit and vegetable,35.35,42.58,0.0,42.369998931884766,0.0,0.0,10214.0,3
2024-03-14,1474,Mushroom_15,Fruit and vegetable,59.79,36.43,0.0,42.369998931884766,0.0,23.36,11286.0,3
2024-03-15,1474,Mushroom_15,Fruit and vegetable,52.03,65.24,0.0,42.369998931884766,0.0,10.15,12108.0,3
2024-03-16,1474,Mushroom_15,Fruit and vegetable,54.03,31.81,0.0,42.369998931884766,0.0,32.37,10102.0,3
2024-03-17,1474,Mushroom_15,Fruit and vegetable,23.59,51.18,0.0,42.369998931884766,0.0,4.77,10186.0,3
2024-03-18,1474,Mushroom_15,Fruit and vegetable,39.89,35.77,0.0,42.369998931884766,0.052080001682043076,8.9,10282.0,3
2024-03-19,1474,Mushroom_15,Fruit and vegetable,50.34,22.75,0.0,42.369998931884766,0.051500000059604645,36.49,9794.0,3
2024-03-20,1474,Mushroom_15,Fruit and vegetable,23.88,21.38,0.0,42.369998931884766,0.005849999841302633,38.99,10111.0,3
2024-03-21,1474,Mushroom_15,Fruit and vegetable,17.47,36.57,0.0,42.369998931884766,0.1507900059223175,19.89,11034.0,3
2024-03-22,1474,Mushroom_15,Fruit and vegetable,65.38,40.04,0.0,42.369998931884766,0.006140000186860561,45.23,11672.0,3
2024-03-23,1474,Mushroom_15,Fruit and vegetable,0.0,37.08,0.0,42.369998931884766,0.0,8.15,10153.0,3
2024-03-24,1474,Mushroom_15,Fruit and vegetable,56.15,35.28,0.0,42.369998931884766,0.04904999956488609,29.02,10824.0,3
2024-03-25,1474,Mushroom_15,Fruit and vegetable,16.26,19.56,0.0,42.369998931884766,0.003389999968931079,25.72,10530.0,3
2024-03-26,1474,Mushroom_15,Fruit and vegetable,8.2,17.85,0.0,42.369998931884766,0.1507900059223175,16.07,10879.0,3
2024-03-27,1474,Mushroom_15,Fruit and vegetable,17.59,32.49,0.0,42.369998931884766,0.0,1.17,12451.0,3
2024-03-28,1474,Mushroom_15,Fruit and vegetable,46.77,42.52,0.0,42.369998931884766,0.0,5.42,12938.0,3
2024-03-29,1474,Mushroom_15,Fruit and vegetable,47.06,40.69,0.0,42.369998931884766,0.0,11.79,10045.0,3
2024-03-30,1474,Mushroom_15,Fruit and vegetable,37.85,15.02,0.0,42.369998931884766,0.14191000163555145,34.62,8440.0,3
2024-03-31,1474,Mushroom_15,Fruit and vegetable,15.25,16.25,0.0,42.369998931884766,0.05457000061869621,33.62,9558.0,3
2024-04-01,1474,Mushroom_15,Fruit and vegetable,1.2,26.64,0.0,42.369998931884766,0.0,8.19,9826.0,3
2024-04-02,1474,Mushroom_15,Fruit and vegetable,37.88,46.07,0.0,42.369998931884766,0.0,0.0,10261.0,3
2024-04-03,1474,Mushroom_15,Fruit and vegetable,48.57,38.92,0.0,42.369998931884766,0.0,9.65,9938.0,3
2024-04-04,1474,Mushroom_15,Fruit and vegetable,49.37,30.04,0.0,42.369998931884766,0.0,28.98,11179.0,3
2024-04-05,1474,Mushroom_15,Fruit and vegetable,27.17,36.23,0.0,42.369998931884766,0.0,19.92,12214.0,3
2024-04-06,1474,Mushroom_15,Fruit and vegetable,9.89,21.37,0.0,42.369998931884766,0.0,8.44,9690.0,3
2024-04-07,1474,Mushroom_15,Fruit and vegetable,21.1,23.33,0.0,42.369998931884766,0.010060000233352184,6.21,9684.0,3
2024-04-08,1474,Mushroom_15,Fruit and vegetable,36.17,42.38,0.0,42.369998931884766,0.0,0.0,10147.0,3
2024-04-09,1474,Mushroom_15,Fruit and vegetable,58.15,22.94,0.0,42.369998931884766,0.0,35.21,10198.0,3
2024-04-10,1474,Mushroom_15,Fruit and vegetable,14.63,36.71,0.0,42.369998931884766,0.0,13.13,10762.0,3
2024-04-11,1474,Mushroom_15,Fruit and vegetable,27.42,31.35,0.0,42.369998931884766,0.0,9.2,11005.0,3
2024-04-12,1474,Mushroom_15,Fruit and vegetable,37.55,44.68,0.0,42.369998931884766,0.0,2.07,12008.0,3
2024-04-13,1474,Mushroom_15,Fruit and vegetable,31.68,21.34,0.0,42.369998931884766,0.0,12.41,9772.0,3
2024-04-14,1474,Mushroom_15,Fruit and vegetable,31.83,44.24,0.0,42.369998931884766,0.0,0.0,10033.0,3
2024-04-15,1474,Mushroom_15,Fruit and vegetable,54.98,51.56,0.0,42.369998931884766,0.0,3.42,10806.0,3
2024-04-16,1474,Mushroom_15,Fruit and vegetable,34.23,26.48,0.0,42.369998931884766,0.0,11.17,10398.0,3
2024-04-17,1474,Mushroom_15,Fruit and vegetable,39.46,31.78,0.0,42.369998931884766,0.0,18.86,10170.0,3
2024-04-18,1474,Mushroom_15,Fruit and vegetable,26.61,32.98,0.0,42.369998931884766,0.0,12.49,11244.0,3
2024-04-19,1474,Mushroom_15,Fruit and vegetable,46.19,34.05,0.0,42.369998931884766,0.0,24.63,12858.0,3
2024-04-20,1474,Mushroom_15,Fruit and vegetable,26.14,50.77,0.0,42.369998931884766,0.0,0.0,10666.0,3
2024-04-21,1474,Mushroom_15,Fruit and vegetable,56.97,25.36,0.0,42.369998931884766,0.0,31.61,10309.0,3
2024-04-23,1474,Mushroom_15,Fruit and vegetable,33.73,32.61,0.0,42.369998931884766,0.0041600000113248825,32.72,10195.0,3
2024-04-24,1474,Mushroom_15,Fruit and vegetable,4.44,31.73,0.0,42.369998931884766,0.4000000059604645,5.43,10255.0,3
2024-04-25,1474,Mushroom_15,Fruit and vegetable,53.6,59.03,0.0,42.369998931884766,0.0,0.0,11238.0,3
2024-04-26,1474,Mushroom_15,Fruit and vegetable,48.43,37.82,0.0,42.369998931884766,0.0,10.61,11988.0,3
2024-04-27,1474,Mushroom_15,Fruit and vegetable,38.63,35.96,0.0,42.369998931884766,0.0,13.28,9223.0,3
2024-04-28,1474,Mushroom_15,Fruit and vegetable,52.55,37.09,0.0,42.369998931884766,0.0,28.74,10142.0,3
2024-04-29,1474,Mushroom_15,Fruit and vegetable,10.15,32.87,0.0,42.369998931884766,0.0,6.01,11011.0,3
2024-04-30,1474,Mushroom_15,Fruit and vegetable,38.76,24.15,0.0,42.369998931884766,0.0,20.62,11142.0,3
2024-05-01,1474,Mushroom_15,Fruit and vegetable,24.9,24.84,0.0,42.369998931884766,0.0,20.69,9874.0,3
2024-05-02,1474,Mushroom_15,Fruit and vegetable,53.21,20.62,0.0,42.369998931884766,0.04613000154495239,53.28,10795.0,3
2024-05-03,1474,Mushroom_15,Fruit and vegetable,0.0,30.82,0.0,42.369998931884766,0.059140000492334366,22.46,11872.0,3
2024-05-04,1474,Mushroom_15,Fruit and vegetable,21.62,19.02,0.0,42.369998931884766,0.10057999938726425,25.06,9787.0,3
2024-05-05,1474,Mushroom_15,Fruit and vegetable,24.02,33.81,3.44,42.369998931884766,0.06538999825716019,11.83,10036.0,3
2024-03-01,1479,Cracker_2,Bakery,8.61,8.61,0.0,15.779999732971191,0.0,0.0,11812.0,2
2024-03-02,1479,Cracker_2,Bakery,10.61,10.61,0.0,15.779999732971191,0.0,0.0,10054.0,2
2024-03-03,1479,Cracker_2,Bakery,17.83,17.83,0.0,15.779999732971191,0.0,0.0,9613.0,2
2024-03-04,1479,Cracker_2,Bakery,14.82,3.55,0.0,15.779999732971191,0.0,11.27,9834.0,2
2024-03-05,1479,Cracker_2,Bakery,4.92,5.34,0.0,15.779999732971191,0.0,10.85,9746.0,2
2024-03-06,1479,Cracker_2,Bakery,10.81,8.89,5.93,15.779999732971191,0.0,6.84,9774.0,2
2024-03-07,1479,Cracker_2,Bakery,8.14,5.22,0.0,15.779999732971191,0.0,9.76,11142.0,2
2024-03-08,1479,Cracker_2,Bakery,6.58,5.16,1.62,15.779999732971191,0.0,9.56,11864.0,2
2024-03-09,1479,Cracker_2,Bakery,28.78,35.36,2.98,15.779999732971191,0.0,0.0,10078.0,2
2024-03-10,1479,Cracker_2,Bakery,32.58,10.6,0.0,15.779999732971191,0.0,21.98,10124.0,2
2024-03-11,1479,Cracker_2,Bakery,8.06,30.04,0.0,15.779999732971191,0.0,0.0,10122.0,2
2024-03-12,1479,Cracker_2,Bakery,21.7,21.15,0.0,15.779999732971191,0.0,0.55,10267.0,2
2024-03-13,1479,Cracker_2,Bakery,24.09,10.58,0.0,15.779999732971191,0.0,14.07,10214.0,2
2024-03-14,1479,Cracker_2,Bakery,6.7,5.2,0.0,15.779999732971191,0.0,15.57,11286.0,2
2024-03-15,1479,Cracker_2,Bakery,14.01,12.02,8.87,15.779999732971191,0.0,8.69,12108.0,2
2024-03-16,1479,Cracker_2,Bakery,41.13,26.51,0.0,15.779999732971191,0.0,23.31,10102.0,2
2024-03-17,1479,Cracker_2,Bakery,0.0,5.29,0.0,15.779999732971191,0.0,18.02,10186.0,2
2024-03-18,1479,Cracker_2,Bakery,42.95,22.9,18.02,15.779999732971191,0.0,20.05,10282.0,2
2024-03-19,1479,Cracker_2,Bakery,12.2,12.44,0.0,15.779999732971191,0.0,19.81,9794.0,2
2024-03-20,1479,Cracker_2,Bakery,8.91,12.37,7.61,15.779999732971191,0.0,8.74,10111.0,2
2024-03-21,1479,Cracker_2,Bakery,22.6,31.34,0.0,15.779999732971191,0.0,0.0,11034.0,2
2024-03-22,1479,Cracker_2,Bakery,24.08,13.81,0.0,15.779999732971191,0.0,10.27,11672.0,2
2024-03-23,1479,Cracker_2,Bakery,28.11,8.83,0.0,15.779999732971191,0.0,29.55,10153.0,2
2024-03-24,1479,Cracker_2,Bakery,0.0,13.97,1.44,15.779999732971191,0.0,14.14,10824.0,2
2024-03-25,1479,Cracker_2,Bakery,32.91,15.79,14.14,15.779999732971191,0.0,17.12,10530.0,2
2024-03-26,1479,Cracker_2,Bakery,4.66,13.96,0.0,15.779999732971191,0.0,7.83,10879.0,2
2024-03-27,1479,Cracker_2,Bakery,16.95,13.68,3.16,15.779999732971191,0.0,7.93,12451.0,2
2024-03-28,1479,Cracker_2,Bakery,32.54,28.91,0.0,15.779999732971191,0.0,11.56,12938.0,2
2024-03-29,1479,Cracker_2,Bakery,10.27,12.38,0.0,15.779999732971191,0.0,9.44,10045.0,2
2024-03-30,1479,Cracker_2,Bakery,7.51,9.16,0.0,15.779999732971191,0.0,7.8,8440.0,2
2024-03-31,1479,Cracker_2,Bakery,14.51,17.86,0.28,15.779999732971191,0.0,4.17,9558.0,2
2024-04-01,1479,Cracker_2,Bakery,19.71,7.1,0.0,15.779999732971191,0.0,16.78,9826.0,2
2024-04-02,1479,Cracker_2,Bakery,6.34,7.05,0.0,15.779999732971191,0.0,16.07,10261.0,2
2024-04-03,1479,Cracker_2,Bakery,17.24,21.27,9.73,15.779999732971191,0.0,2.31,9938.0,2
2024-04-04,1479,Cracker_2,Bakery,37.15,12.16,0.0,15.779999732971191,0.0,27.3,11179.0,2
2024-04-05,1479,Cracker_2,Bakery,0.0,15.43,0.0,15.779999732971191,0.0,11.87,12214.0,2
2024-04-06,1479,Cracker_2,Bakery,21.37,21.37,11.87,15.779999732971191,0.0,0.0,9690.0,2
2024-04-07,1479,Cracker_2,Bakery,25.63,16.03,0.0,15.779999732971191,0.0,9.6,9684.0,2
2024-04-08,1479,Cracker_2,Bakery,5.11,5.3,0.0,15.779999732971191,0.0,9.41,10147.0,2
2024-04-09,1479,Cracker_2,Bakery,10.05,7.06,4.3,15.779999732971191,0.0,8.1,10198.0,2
2024-04-10,1479,Cracker_2,Bakery,21.28,19.23,0.0,15.779999732971191,0.0,10.14,10762.0,2
2024-04-11,1479,Cracker_2,Bakery,9.67,1.74,0.0,15.779999732971191,0.0,18.08,11005.0,2
2024-04-12,1479,Cracker_2,Bakery,15.42,22.34,8.4,15.779999732971191,0.0,2.75,12008.0,2
2024-04-13,1479,Cracker_2,Bakery,29.4,8.89,0.0,15.779999732971191,0.0,23.27,9772.0,2
2024-04-14,1479,Cracker_2,Bakery,2.65,12.39,0.0,15.779999732971191,0.0,13.53,10033.0,2
2024-04-15,1479,Cracker_2,Bakery,48.02,50.67,10.88,15.779999732971191,0.0,0.0,10806.0,2
2024-04-16,1479,Cracker_2,Bakery,27.86,24.62,0.0,15.779999732971191,0.0,3.24,10398.0,2
2024-04-17,1479,Cracker_2,Bakery,36.11,19.42,0.0,15.779999732971191,0.0,19.93,10170.0,2
2024-04-18,1479,Cracker_2,Bakery,1.93,3.47,0.0,15.779999732971191,0.0,18.39,11244.0,2
2024-04-19,1479,Cracker_2,Bakery,40.12,15.32,16.46,15.779999732971191,0.0,26.72,12858.0,2
2024-04-20,1479,Cracker_2,Bakery,1.96,7.0,0.0,15.779999732971191,0.0,21.68,10666.0,2
2024-04-21,1479,Cracker_2,Bakery,30.51,19.37,19.72,15.779999732971191,0.0,13.1,10309.0,2
2024-04-22,1479,Cracker_2,Bakery,57.31,36.87,0.0,15.779999732971191,0.0,33.54,10488.0,2
2024-04-23,1479,Cracker_2,Bakery,5.33,21.17,0.0,15.779999732971191,0.0,17.69,10195.0,2
2024-04-24,1479,Cracker_2,Bakery,28.0,8.81,12.37,15.779999732971191,0.0,24.51,10255.0,2
2024-04-25,1479,Cracker_2,Bakery,0.0,15.63,0.0,15.779999732971191,0.0,8.88,11238.0,2
2024-04-26,1479,Cracker_2,Bakery,27.97,27.51,8.88,15.779999732971191,0.0,0.46,11988.0,2
2024-04-27,1479,Cracker_2,Bakery,19.91,7.19,0.0,15.779999732971191,0.0,13.18,9223.0,2
2024-04-28,1479,Cracker_2,Bakery,19.51,0.0,0.0,15.779999732971191,0.0,32.69,10142.0,2
2024-04-29,1479,Cracker_2,Bakery,33.69,19.16,13.18,15.779999732971191,0.0,34.04,11011.0,2
2024-04-30,1479,Cracker_2,Bakery,0.0,10.43,0.35,15.779999732971191,0.0,23.26,11142.0,2
2024-05-01,1479,Cracker_2,Bakery,21.3,21.3,23.26,15.779999732971191,0.0,0.0,9874.0,2
2024-05-02,1479,Cracker_2,Bakery,27.53,3.49,0.0,15.779999732971191,0.0,24.04,10795.0,2
2024-05-03,1479,Cracker_2,Bakery,16.44,8.61,0.0,15.779999732971191,0.0,31.88,11872.0,2
2024-05-04,1479,Cracker_2,Bakery,0.71,14.22,15.43,15.779999732971191,0.0,2.94,9787.0,2
2024-05-05,1479,Cracker_2,Bakery,20.52,21.23,2.22,15.779999732971191,0.0,0.0,10036.0,2
2024-03-01,1481,Cake_5,Bakery,20.05,20.05,0.0,82.33999633789062,0.15047000348567963,0.0,11812.0,2
2024-03-02,1481,Cake_5,Bakery,20.05,9.37,0.0,82.33999633789062,0.15000000596046448,10.68,10054.0,2
2024-03-03,1481,Cake_5,Bakery,19.04,12.68,0.0,82.33999633789062,0.15000000596046448,17.04,9613.0,2
2024-03-04,1481,Cake_5,Bakery,10.01,23.09,0.0,82.33999633789062,0.15000000596046448,3.96,9834.0,2
2024-03-05,1481,Cake_5,Bakery,24.23,15.94,0.0,82.33999633789062,0.15000000596046448,12.25,9746.0,2
2024-03-06,1481,Cake_5,Bakery,14.85,14.22,0.0,82.33999633789062,0.15000000596046448,12.88,9774.0,2
2024-03-07,1481,Cake_5,Bakery,29.19,42.07,0.0,82.33999633789062,0.15000000596046448,0.0,11142.0,2
2024-03-08,1481,Cake_5,Bakery,34.0,30.99,0.0,82.33999633789062,0.15000000596046448,3.01,11864.0,2
2024-03-09,1481,Cake_5,Bakery,21.36,16.27,0.0,82.33999633789062,0.15000000596046448,8.1,10078.0,2
2024-03-10,1481,Cake_5,Bakery,18.42,3.53,0.0,82.33999633789062,0.15000000596046448,22.99,10124.0,2
2024-03-11,1481,Cake_5,Bakery,20.75,4.06,4.57,82.33999633789062,0.15000000596046448,35.11,10122.0,2
2024-03-12,1481,Cake_5,Bakery,13.09,10.75,14.36,82.33999633789062,0.15000000596046448,23.09,10267.0,2
2024-03-13,1481,Cake_5,Bakery,19.38,14.32,10.0,82.33999633789062,0.15000000596046448,18.15,10214.0,2
2024-03-14,1481,Cake_5,Bakery,42.17,12.14,0.0,82.33999633789062,0.15000000596046448,48.17,11286.0,2
2024-03-15,1481,Cake_5,Bakery,0.64,18.3,6.01,82.33999633789062,0.15000000596046448,24.51,12108.0,2
2024-03-16,1481,Cake_5,Bakery,22.96,12.37,23.87,82.33999633789062,0.15000000596046448,11.23,10102.0,2
2024-03-17,1481,Cake_5,Bakery,6.68,17.91,0.0,82.33999633789062,0.15000000596046448,0.0,10186.0,2
2024-03-18,1481,Cake_5,Bakery,10.24,8.81,0.0,82.33999633789062,0.15000000596046448,1.43,10282.0,2
2024-03-19,1481,Cake_5,Bakery,13.87,10.17,0.0,82.33999633789062,0.16547000408172607,5.13,9794.0,2
2024-03-20,1481,Cake_5,Bakery,13.84,5.48,0.0,82.33999633789062,0.15000000596046448,13.49,10111.0,2
2024-03-21,1481,Cake_5,Bakery,4.62,12.01,0.0,82.33999633789062,0.15000000596046448,6.1,11034.0,2
2024-03-22,1481,Cake_5,Bakery,19.66,15.71,1.48,82.33999633789062,0.15000000596046448,8.56,11672.0,2
2024-03-23,1481,Cake_5,Bakery,9.27,17.83,0.0,82.33999633789062,0.15000000596046448,0.0,10153.0,2
2024-03-24,1481,Cake_5,Bakery,24.02,3.49,0.0,82.33999633789062,0.15000000596046448,20.53,10824.0,2
2024-03-25,1481,Cake_5,Bakery,0.0,14.0,0.0,82.33999633789062,0.15000000596046448,6.53,10530.0,2
2024-03-26,1481,Cake_5,Bakery,16.9,15.71,6.53,82.33999633789062,0.15000000596046448,1.19,10879.0,2
2024-03-27,1481,Cake_5,Bakery,11.31,11.15,0.0,82.33999633789062,0.15000000596046448,1.35,12451.0,2
2024-03-28,1481,Cake_5,Bakery,16.7,13.78,0.0,82.33999633789062,0.15000000596046448,4.27,12938.0,2
2024-03-29,1481,Cake_5,Bakery,17.47,10.92,0.0,82.33999633789062,0.15000000596046448,10.83,10045.0,2
2024-03-30,1481,Cake_5,Bakery,12.92,3.66,0.0,82.33999633789062,0.15000000596046448,20.08,8440.0,2
2024-03-31,1481,Cake_5,Bakery,0.0,6.41,7.17,82.33999633789062,0.15000000596046448,6.51,9558.0,2
2024-04-02,1481,Cake_5,Bakery,19.57,7.72,6.51,82.33999633789062,0.15000000596046448,11.85,10261.0,2
2024-04-03,1481,Cake_5,Bakery,9.27,3.54,0.0,82.33999633789062,0.15000000596046448,17.58,9938.0,2
2024-04-04,1481,Cake_5,Bakery,6.92,8.86,8.31,82.33999633789062,0.15000000596046448,7.33,11179.0,2
2024-04-05,1481,Cake_5,Bakery,11.65,17.49,0.41,82.33999633789062,0.15000000596046448,1.07,12214.0,2
2024-04-06,1481,Cake_5,Bakery,18.07,19.14,0.0,82.33999633789062,0.17244000732898712,0.0,9690.0,2
2024-04-07,1481,Cake_5,Bakery,14.8,14.8,0.0,82.33999633789062,0.15000000596046448,0.0,9684.0,2
2024-04-08,1481,Cake_5,Bakery,14.07,7.82,0.0,82.33999633789062,0.15000000596046448,6.25,10147.0,2
2024-04-09,1481,Cake_5,Bakery,13.16,19.41,0.0,82.33999633789062,0.15000000596046448,0.0,10198.0,2
2024-04-10,1481,Cake_5,Bakery,13.88,13.88,0.0,82.33999633789062,0.15252000093460083,0.0,10762.0,2
2024-04-11,1481,Cake_5,Bakery,14.85,9.06,0.0,82.33999633789062,0.15000000596046448,5.79,11005.0,2
2024-04-12,1481,Cake_5,Bakery,17.64,15.14,0.0,82.33999633789062,0.15000000596046448,8.29,12008.0,2
2024-04-13,1481,Cake_5,Bakery,16.57,19.74,0.0,82.33999633789062,0.15000000596046448,5.12,9772.0,2
2024-04-14,1481,Cake_5,Bakery,15.55,10.62,0.0,82.33999633789062,0.15000000596046448,10.05,10033.0,2
2024-04-15,1481,Cake_5,Bakery,3.93,13.98,0.0,82.33999633789062,0.15000000596046448,0.0,10806.0,2
2024-04-16,1481,Cake_5,Bakery,26.38,26.38,0.0,82.33999633789062,0.15000000596046448,0.0,10398.0,2
2024-04-17,1481,Cake_5,Bakery,21.39,12.36,0.0,82.33999633789062,0.15000000596046448,9.03,10170.0,2
2024-04-18,1481,Cake_5,Bakery,7.67,16.35,0.0,82.33999633789062,0.15000000596046448,0.35,11244.0,2
2024-04-19,1481,Cake_5,Bakery,21.56,18.73,0.0,82.33999633789062,0.15000000596046448,3.18,12858.0,2
2024-04-20,1481,Cake_5,Bakery,23.37,11.73,0.0,82.33999633789062,0.15000000596046448,14.83,10666.0,2
2024-04-21,1481,Cake_5,Bakery,7.76,22.59,0.0,82.33999633789062,0.15000000596046448,0.0,10309.0,2
2024-04-22,1481,Cake_5,Bakery,20.98,6.25,0.0,82.33999633789062,0.15000000596046448,14.73,10488.0,2
2024-04-23,1481,Cake_5,Bakery,20.46,17.64,0.0,82.33999633789062,0.15000000596046448,17.55,10195.0,2
2024-04-24,1481,Cake_5,Bakery,1.71,10.19,0.0,82.33999633789062,0.15000000596046448,9.07,10255.0,2
2024-04-25,1481,Cake_5,Bakery,21.85,15.63,7.36,82.33999633789062,0.15000000596046448,7.93,11238.0,2
2024-04-26,1481,Cake_5,Bakery,19.42,27.35,0.0,82.33999633789062,0.15000000596046448,0.0,11988.0,2
2024-04-27,1481,Cake_5,Bakery,21.11,16.18,0.0,82.33999633789062,0.15000000596046448,4.93,9223.0,2
2024-04-28,1481,Cake_5,Bakery,26.74,11.58,0.0,82.33999633789062,0.15000000596046448,20.09,10142.0,2
2024-04-29,1481,Cake_5,Bakery,0.0,3.48,0.0,82.33999633789062,0.15000000596046448,16.61,11011.0,2
2024-04-30,1481,Cake_5,Bakery,27.1,14.17,16.61,82.33999633789062,0.16787999868392944,12.93,11142.0,2
2024-05-01,1481,Cake_5,Bakery,13.14,26.07,0.0,82.33999633789062,0.15000000596046448,0.0,9874.0,2
2024-05-02,1481,Cake_5,Bakery,26.2,12.04,0.0,82.33999633789062,0.15000000596046448,14.16,10795.0,2
2024-05-03,1481,Cake_5,Bakery,23.97,29.46,0.0,82.33999633789062,0.15000000596046448,8.67,11872.0,2
2024-05-04,1481,Cake_5,Bakery,18.93,10.61,0.0,82.33999633789062,0.15000000596046448,16.99,9787.0,2
2024-05-05,1481,Cake_5,Bakery,6.32,14.16,0.0,82.33999633789062,0.15000000596046448,9.15,10036.0,2
2024-03-01,1486,Watermelon_16,Fruit and vegetable,75.81,75.81,0.0,46.59000015258789,0.0,0.0,11812.0,3
2024-03-02,1486,Watermelon_16,Fruit and vegetable,75.81,63.68,0.0,46.59000015258789,0.05149000138044357,12.13,10054.0,3
2024-03-03,1486,Watermelon_16,Fruit and vegetable,74.66,54.22,0.0,46.59000015258789,0.011389999650418758,32.57,9613.0,3
2024-03-04,1486,Watermelon_16,Fruit and vegetable,57.09,66.6,0.0,46.59000015258789,0.04701999947428703,23.06,9834.0,3
2024-03-05,1486,Watermelon_16,Fruit and vegetable,67.84,90.9,0.0,46.59000015258789,0.0,0.0,9746.0,3
2024-03-06,1486,Watermelon_16,Fruit and vegetable,93.58,67.57,0.0,46.59000015258789,0.0,26.01,9774.0,3
2024-03-07,1486,Watermelon_16,Fruit and vegetable,69.61,95.62,0.0,46.59000015258789,0.0,0.0,11142.0,3
2024-03-08,1486,Watermelon_16,Fruit and vegetable,95.0,79.2,0.0,46.59000015258789,0.0,15.8,11864.0,3
2024-03-09,1486,Watermelon_16,Fruit and vegetable,67.25,79.56,0.0,46.59000015258789,0.0,3.49,10078.0,3
2024-03-10,1486,Watermelon_16,Fruit and vegetable,81.3,84.79,0.0,46.59000015258789,0.0,0.0,10124.0,3
2024-03-11,1486,Watermelon_16,Fruit and vegetable,115.67,115.67,0.0,46.59000015258789,0.0,0.0,10122.0,3
2024-03-12,1486,Watermelon_16,Fruit and vegetable,110.5,65.2,0.0,46.59000015258789,0.0,45.3,10267.0,3
2024-03-13,1486,Watermelon_16,Fruit and vegetable,44.47,86.42,0.0,46.59000015258789,0.0,3.35,10214.0,3
2024-03-14,1486,Watermelon_16,Fruit and vegetable,112.46,77.03,0.0,46.59000015258789,0.025750000029802322,38.77,11286.0,3
2024-03-15,1486,Watermelon_16,Fruit and vegetable,60.35,92.36,0.0,46.59000015258789,0.010300000198185444,6.77,12108.0,3
2024-03-16,1486,Watermelon_16,Fruit and vegetable,92.87,65.04,0.0,46.59000015258789,0.03943999856710434,34.6,10102.0,3
2024-03-17,1486,Watermelon_16,Fruit and vegetable,72.61,74.82,0.0,46.59000015258789,0.011509999632835388,32.39,10186.0,3
2024-03-18,1486,Watermelon_16,Fruit and vegetable,106.09,95.49,0.0,46.59000015258789,0.03728000074625015,42.99,10282.0,3
2024-03-19,1486,Watermelon_16,Fruit and vegetable,37.98,59.02,0.0,46.59000015258789,0.0,21.95,9794.0,3
2024-03-20,1486,Watermelon_16,Fruit and vegetable,81.96,71.05,0.0,46.59000015258789,0.00791999977082014,32.86,10111.0,3
2024-03-21,1486,Watermelon_16,Fruit and vegetable,61.36,87.41,0.0,46.59000015258789,0.02095000073313713,6.81,11034.0,3
2024-03-22,1486,Watermelon_16,Fruit and vegetable,103.56,58.18,0.0,46.59000015258789,0.035679999738931656,52.18,11672.0,3
2024-03-23,1486,Watermelon_16,Fruit and vegetable,30.95,68.16,0.0,46.59000015258789,0.03616999834775925,14.97,10153.0,3
2024-03-24,1486,Watermelon_16,Fruit and vegetable,77.63,64.45,0.0,46.59000015258789,0.050930000841617584,28.15,10824.0,3
2024-03-25,1486,Watermelon_16,Fruit and vegetable,85.6,81.94,0.0,46.59000015258789,0.0313199982047081,31.81,10530.0,3
2024-03-26,1486,Watermelon_16,Fruit and vegetable,54.22,86.03,0.0,46.59000015258789,0.0014799999771639705,0.0,10879.0,3
2024-03-27,1486,Watermelon_16,Fruit and vegetable,87.2,87.2,0.0,46.59000015258789,0.0,0.0,12451.0,3
2024-03-28,1486,Watermelon_16,Fruit and vegetable,103.12,100.35,0.0,46.59000015258789,0.0,2.77,12938.0,3
2024-03-29,1486,Watermelon_16,Fruit and vegetable,74.52,53.07,0.0,46.59000015258789,0.0,24.22,10045.0,3
2024-03-30,1486,Watermelon_16,Fruit and vegetable,64.6,53.67,0.0,46.59000015258789,0.010080000385642052,35.15,8440.0,3
2024-03-31,1486,Watermelon_16,Fruit and vegetable,52.72,49.1,0.0,46.59000015258789,0.034460000693798065,38.77,9558.0,3
2024-04-01,1486,Watermelon_16,Fruit and vegetable,69.52,59.15,0.0,46.59000015258789,0.020320000126957893,49.13,9826.0,3
2024-04-02,1486,Watermelon_16,Fruit and vegetable,63.45,68.74,0.0,46.59000015258789,0.0,43.84,10261.0,3
2024-04-03,1486,Watermelon_16,Fruit and vegetable,68.29,77.99,0.0,46.59000015258789,0.0,34.14,9938.0,3
2024-04-04,1486,Watermelon_16,Fruit and vegetable,89.48,83.4,0.0,46.59000015258789,0.0,40.22,11179.0,3
2024-04-05,1486,Watermelon_16,Fruit and vegetable,71.24,111.46,0.0,46.59000015258789,0.0,0.0,12214.0,3
2024-04-06,1486,Watermelon_16,Fruit and vegetable,81.12,65.89,0.0,46.59000015258789,0.0,15.23,9690.0,3
2024-04-07,1486,Watermelon_16,Fruit and vegetable,59.69,67.27,0.0,46.59000015258789,0.0,7.65,9684.0,3
2024-04-08,1486,Watermelon_16,Fruit and vegetable,93.17,100.82,0.0,46.59000015258789,0.0,0.0,10147.0,3
2024-04-09,1486,Watermelon_16,Fruit and vegetable,113.27,113.27,0.0,46.59000015258789,0.0,0.0,10198.0,3
2024-04-10,1486,Watermelon_16,Fruit and vegetable,103.54,89.16,0.0,46.59000015258789,0.0,14.38,10762.0,3
2024-04-11,1486,Watermelon_16,Fruit and vegetable,93.87,82.04,0.0,46.59000015258789,0.00674000009894371,26.21,11005.0,3
2024-04-12,1486,Watermelon_16,Fruit and vegetable,110.21,103.46,0.0,46.59000015258789,0.034460000693798065,32.96,12008.0,3
2024-04-13,1486,Watermelon_16,Fruit and vegetable,56.26,78.94,0.0,46.59000015258789,0.054010000079870224,10.28,9772.0,3
2024-04-14,1486,Watermelon_16,Fruit and vegetable,77.5,75.2,0.0,46.59000015258789,0.044860001653432846,12.57,10033.0,3
2024-04-15,1486,Watermelon_16,Fruit and vegetable,106.51,69.38,0.0,46.59000015258789,0.04077000170946121,49.7,10806.0,3
2024-04-16,1486,Watermelon_16,Fruit and vegetable,83.83,106.39,0.0,46.59000015258789,0.024119999259710312,27.15,10398.0,3
2024-04-17,1486,Watermelon_16,Fruit and vegetable,80.03,77.67,0.0,46.59000015258789,0.02353999949991703,29.5,10170.0,3
2024-04-18,1486,Watermelon_16,Fruit and vegetable,70.92,75.17,0.0,46.59000015258789,0.04967999830842018,25.25,11244.0,3
2024-04-19,1486,Watermelon_16,Fruit and vegetable,97.16,69.3,0.0,46.59000015258789,0.027939999476075172,53.1,12858.0,3
2024-04-20,1486,Watermelon_16,Fruit and vegetable,42.09,52.52,0.0,46.59000015258789,0.05432000011205673,42.67,10666.0,3
2024-04-21,1486,Watermelon_16,Fruit and vegetable,53.18,74.49,0.0,46.59000015258789,0.05071999877691269,21.36,10309.0,3
2024-04-22,1486,Watermelon_16,Fruit and vegetable,71.0,92.36,0.0,46.59000015258789,0.010689999908208847,0.0,10488.0,3
2024-04-23,1486,Watermelon_16,Fruit and vegetable,128.29,76.93,0.0,46.59000015258789,0.02928999997675419,51.36,10195.0,3
2024-04-24,1486,Watermelon_16,Fruit and vegetable,41.49,52.88,0.0,46.59000015258789,0.0378899984061718,39.97,10255.0,3
2024-04-25,1486,Watermelon_16,Fruit and vegetable,53.24,92.36,0.0,46.59000015258789,0.051569998264312744,0.85,11238.0,3
2024-04-26,1486,Watermelon_16,Fruit and vegetable,89.38,81.32,0.0,46.59000015258789,0.017559999600052834,8.92,11988.0,3
2024-04-27,1486,Watermelon_16,Fruit and vegetable,64.77,65.26,0.0,46.59000015258789,0.015530000440776348,8.43,9223.0,3
2024-04-28,1486,Watermelon_16,Fruit and vegetable,84.28,62.52,0.0,46.59000015258789,0.022859999909996986,30.18,10142.0,3
2024-04-29,1486,Watermelon_16,Fruit and vegetable,81.63,82.38,0.0,46.59000015258789,0.03888000175356865,29.43,11011.0,3
2024-04-30,1486,Watermelon_16,Fruit and vegetable,64.99,88.66,0.0,46.59000015258789,0.0,5.77,11142.0,3
2024-05-01,1486,Watermelon_16,Fruit and vegetable,90.06,95.83,0.0,46.59000015258789,0.0,0.0,9874.0,3
2024-05-02,1486,Watermelon_16,Fruit and vegetable,108.87,66.4,0.0,46.59000015258789,0.0,42.47,10795.0,3
2024-05-03,1486,Watermelon_16,Fruit and vegetable,55.34,75.75,0.0,46.59000015258789,0.0,22.06,11872.0,3
2024-05-04,1486,Watermelon_16,Fruit and vegetable,59.56,49.24,0.0,46.59000015258789,0.04941999912261963,32.38,9787.0,3
2024-05-05,1486,Watermelon_16,Fruit and vegetable,50.82,59.65,0.0,46.59000015258789,0.10158000141382217,23.55,10036.0,3
2024-03-01,1487,Salmon_10,Meat and fish,38.63,38.63,0.0,118.11000061035156,0.0,0.0,11812.0,4
2024-03-02,1487,Salmon_10,Meat and fish,56.6,56.6,0.0,118.11000061035156,0.0,0.0,10054.0,4
2024-03-03,1487,Salmon_10,Meat and fish,54.89,48.15,0.0,118.11000061035156,0.0,6.74,9613.0,4
2024-03-04,1487,Salmon_10,Meat and fish,51.87,58.61,0.0,118.11000061035156,0.0,0.0,9834.0,4
2024-03-05,1487,Salmon_10,Meat and fish,69.37,69.37,0.0,118.11000061035156,0.0,0.0,9746.0,4
2024-03-06,1487,Salmon_10,Meat and fish,53.42,40.9,0.0,118.11000061035156,0.0,12.52,9774.0,4
2024-03-07,1487,Salmon_10,Meat and fish,58.76,71.28,0.0,118.11000061035156,0.0,0.0,11142.0,4
2024-03-08,1487,Salmon_10,Meat and fish,84.36,84.36,0.0,118.11000061035156,0.0,0.0,11864.0,4
2024-03-09,1487,Salmon_10,Meat and fish,75.55,67.19,0.0,118.11000061035156,0.0,8.36,10078.0,4
2024-03-10,1487,Salmon_10,Meat and fish,78.2,86.56,0.0,118.11000061035156,0.0,0.0,10124.0,4
2024-03-11,1487,Salmon_10,Meat and fish,78.49,44.17,0.0,118.11000061035156,0.0,34.32,10122.0,4
2024-03-12,1487,Salmon_10,Meat and fish,57.87,56.39,0.0,118.11000061035156,0.0,35.8,10267.0,4
2024-03-13,1487,Salmon_10,Meat and fish,28.3,47.62,0.0,118.11000061035156,0.0,16.48,10214.0,4
2024-03-14,1487,Salmon_10,Meat and fish,76.31,43.37,0.0,118.11000061035156,0.0,49.41,11286.0,4
2024-03-15,1487,Salmon_10,Meat and fish,58.5,66.95,0.0,118.11000061035156,0.0,40.96,12108.0,4
2024-03-16,1487,Salmon_10,Meat and fish,46.41,58.32,0.0,118.11000061035156,0.0,29.04,10102.0,4
2024-03-17,1487,Salmon_10,Meat and fish,77.14,56.47,0.0,118.11000061035156,0.0,49.72,10186.0,4
2024-03-18,1487,Salmon_10,Meat and fish,22.51,72.23,0.0,118.11000061035156,0.0,0.0,10282.0,4
2024-03-19,1487,Salmon_10,Meat and fish,69.26,55.09,0.0,118.11000061035156,0.0,14.17,9794.0,4
2024-03-20,1487,Salmon_10,Meat and fish,46.36,42.41,0.0,118.11000061035156,0.0,18.12,10111.0,4
2024-03-21,1487,Salmon_10,Meat and fish,39.4,47.01,0.0,118.11000061035156,0.0,10.51,11034.0,4
2024-03-22,1487,Salmon_10,Meat and fish,69.76,48.32,0.0,118.11000061035156,0.0,31.95,11672.0,4
2024-03-23,1487,Salmon_10,Meat and fish,52.81,84.76,0.0,118.11000061035156,0.0,0.0,10153.0,4
2024-03-24,1487,Salmon_10,Meat and fish,75.93,59.39,0.0,118.11000061035156,0.0,16.54,10824.0,4
2024-03-25,1487,Salmon_10,Meat and fish,75.14,56.15,0.0,118.11000061035156,0.0,35.53,10530.0,4
2024-03-26,1487,Salmon_10,Meat and fish,37.39,29.67,0.0,118.11000061035156,0.0,43.25,10879.0,4
2024-03-27,1487,Salmon_10,Meat and fish,21.16,32.49,0.0,118.11000061035156,0.0,31.92,12451.0,4
2024-03-28,1487,Salmon_10,Meat and fish,107.55,139.47,0.0,118.11000061035156,0.08408000320196152,0.0,12938.0,4
2024-03-29,1487,Salmon_10,Meat and fish,96.85,84.92,0.0,118.11000061035156,0.07659000158309937,11.93,10045.0,4
2024-03-30,1487,Salmon_10,Meat and fish,121.29,47.62,0.0,118.11000061035156,0.149959996342659,85.61,8440.0,4
2024-03-31,1487,Salmon_10,Meat and fish,22.4,30.35,0.0,118.11000061035156,0.149959996342659,77.66,9558.0,4
2024-04-01,1487,Salmon_10,Meat and fish,29.85,45.47,0.0,118.11000061035156,0.060819998383522034,62.04,9826.0,4
2024-04-02,1487,Salmon_10,Meat and fish,19.47,41.44,0.0,118.11000061035156,0.17358000576496124,40.07,10261.0,4
2024-04-03,1487,Salmon_10,Meat and fish,42.76,38.99,0.0,118.11000061035156,0.20000000298023224,43.84,9938.0,4
2024-04-04,1487,Salmon_10,Meat and fish,145.08,39.96,0.0,118.11000061035156,0.0,148.96,11179.0,4
2024-04-05,1487,Salmon_10,Meat and fish,0.0,49.72,0.0,118.11000061035156,0.0,99.24,12214.0,4
2024-04-06,1487,Salmon_10,Meat and fish,0.0,51.65,0.0,118.11000061035156,0.0,47.59,9690.0,4
2024-04-07,1487,Salmon_10,Meat and fish,4.15,51.74,0.0,118.11000061035156,0.0,0.0,9684.0,4
2024-04-08,1487,Salmon_10,Meat and fish,56.88,56.88,0.0,118.11000061035156,0.09165000170469284,0.0,10147.0,4
2024-04-09,1487,Salmon_10,Meat and fish,50.39,48.36,0.0,118.11000061035156,0.3500399887561798,2.03,10198.0,4
2024-04-10,1487,Salmon_10,Meat and fish,45.3,40.91,0.0,118.11000061035156,0.04177999868988991,6.42,10762.0,4
2024-04-11,1487,Salmon_10,Meat and fish,54.54,60.96,0.0,118.11000061035156,0.0,0.0,11005.0,4
2024-04-12,1487,Salmon_10,Meat and fish,57.88,44.68,0.0,118.11000061035156,0.0,13.2,12008.0,4
2024-04-13,1487,Salmon_10,Meat and fish,47.24,49.87,0.0,118.11000061035156,0.0,10.57,9772.0,4
2024-04-14,1487,Salmon_10,Meat and fish,49.95,51.58,0.0,118.11000061035156,0.0,8.94,10033.0,4
2024-04-15,1487,Salmon_10,Meat and fish,56.71,43.68,0.0,118.11000061035156,0.0,21.98,10806.0,4
2024-04-16,1487,Salmon_10,Meat and fish,36.05,58.03,0.0,118.11000061035156,0.0,0.0,10398.0,4
2024-04-17,1487,Salmon_10,Meat and fish,51.19,51.19,0.0,118.11000061035156,0.0,0.0,10170.0,4
2024-04-18,1487,Salmon_10,Meat and fish,69.1,50.34,0.0,118.11000061035156,0.0,18.76,11244.0,4
2024-04-19,1487,Salmon_10,Meat and fish,52.74,71.5,0.0,118.11000061035156,0.0,0.0,12858.0,4
2024-04-20,1487,Salmon_10,Meat and fish,61.23,56.03,0.0,118.11000061035156,0.0,5.2,10666.0,4
2024-04-21,1487,Salmon_10,Meat and fish,57.56,44.03,0.0,118.11000061035156,0.0,18.73,10309.0,4
2024-04-22,1487,Salmon_10,Meat and fish,37.23,36.87,0.0,118.11000061035156,0.0,19.09,10488.0,4
2024-04-23,1487,Salmon_10,Meat and fish,53.02,59.99,0.0,118.11000061035156,0.0,12.12,10195.0,4
2024-04-24,1487,Salmon_10,Meat and fish,58.39,70.51,0.0,118.11000061035156,0.0,0.0,10255.0,4
2024-04-25,1487,Salmon_10,Meat and fish,66.92,46.88,0.0,118.11000061035156,0.0,20.04,11238.0,4
2024-04-26,1487,Salmon_10,Meat and fish,68.42,49.86,0.0,118.11000061035156,0.0,38.6,11988.0,4
2024-04-27,1487,Salmon_10,Meat and fish,31.7,48.36,0.0,118.11000061035156,0.08122999966144562,21.94,9223.0,4
2024-04-28,1487,Salmon_10,Meat and fish,36.25,25.87,0.0,118.11000061035156,0.07667999714612961,32.33,10142.0,4
2024-04-29,1487,Salmon_10,Meat and fish,23.15,50.51,0.0,118.11000061035156,0.0,4.97,11011.0,4
2024-04-30,1487,Salmon_10,Meat and fish,72.47,45.2,0.0,118.11000061035156,0.0,32.24,11142.0,4
2024-05-01,1487,Salmon_10,Meat and fish,54.92,51.46,0.0,118.11000061035156,0.0,35.7,9874.0,4
2024-05-02,1487,Salmon_10,Meat and fish,22.57,43.68,0.0,118.11000061035156,0.0,14.59,10795.0,4
2024-05-03,1487,Salmon_10,Meat and fish,140.44,155.03,0.0,118.11000061035156,0.11992999911308289,0.0,11872.0,4
2024-05-04,1487,Salmon_10,Meat and fish,103.12,36.72,0.0,118.11000061035156,0.10369999706745148,66.4,9787.0,4
2024-05-05,1487,Salmon_10,Meat and fish,15.19,15.68,0.0,118.11000061035156,0.39239001274108887,65.9,10036.0,4
2024-03-01,1513,Salad_33,Fruit and vegetable,43.07,43.07,0.0,42.040000915527344,0.0,0.0,11812.0,3
2024-03-02,1513,Salad_33,Fruit and vegetable,43.07,40.68,0.0,42.040000915527344,0.0,2.39,10054.0,3
2024-03-03,1513,Salad_33,Fruit and vegetable,52.9,55.29,0.0,42.040000915527344,0.0,0.0,9613.0,3
2024-03-04,1513,Salad_33,Fruit and vegetable,53.1,51.51,0.0,42.040000915527344,0.0,1.59,9834.0,3
2024-03-05,1513,Salad_33,Fruit and vegetable,53.55,55.14,0.0,42.040000915527344,0.0,0.0,9746.0,3
2024-03-06,1513,Salad_33,Fruit and vegetable,51.84,42.67,0.0,42.040000915527344,0.0,9.17,9774.0,3
2024-03-07,1513,Salad_33,Fruit and vegetable,52.2,61.37,0.0,42.040000915527344,0.04235000163316727,0.0,11142.0,3
2024-03-08,1513,Salad_33,Fruit and vegetable,72.31,72.31,0.0,42.040000915527344,0.0,0.0,11864.0,3
2024-03-09,1513,Salad_33,Fruit and vegetable,54.55,47.74,0.0,42.040000915527344,0.0,6.81,10078.0,3
2024-03-10,1513,Salad_33,Fruit and vegetable,60.81,61.83,0.0,42.040000915527344,0.0,5.79,10124.0,3
2024-03-11,1513,Salad_33,Fruit and vegetable,58.47,31.8,0.0,42.040000915527344,0.0,32.46,10122.0,3
2024-03-12,1513,Salad_33,Fruit and vegetable,40.08,47.58,0.0,42.040000915527344,0.0,24.96,10267.0,3
2024-03-13,1513,Salad_33,Fruit and vegetable,35.27,59.97,0.0,42.040000915527344,0.0,0.26,10214.0,3
2024-03-14,1513,Salad_33,Fruit and vegetable,78.1,74.6,0.0,42.040000915527344,0.0,3.76,11286.0,3
2024-03-15,1513,Salad_33,Fruit and vegetable,88.0,48.07,0.0,42.040000915527344,0.0,43.68,12108.0,3
2024-03-16,1513,Salad_33,Fruit and vegetable,25.25,68.93,0.0,42.040000915527344,0.0,0.0,10102.0,3
2024-03-17,1513,Salad_33,Fruit and vegetable,80.54,63.53,0.0,42.040000915527344,0.0,17.01,10186.0,3
2024-03-18,1513,Salad_33,Fruit and vegetable,33.66,49.33,0.0,42.040000915527344,0.0,1.34,10282.0,3
2024-03-19,1513,Salad_33,Fruit and vegetable,60.13,39.1,0.0,42.040000915527344,0.0,22.37,9794.0,3
2024-03-20,1513,Salad_33,Fruit and vegetable,53.79,40.64,0.0,42.040000915527344,0.0,35.52,10111.0,3
2024-03-21,1513,Salad_33,Fruit and vegetable,57.11,52.24,0.0,42.040000915527344,0.0,40.39,11034.0,3
2024-03-22,1513,Salad_33,Fruit and vegetable,21.87,39.69,0.0,42.040000915527344,0.0,22.57,11672.0,3
2024-03-23,1513,Salad_33,Fruit and vegetable,61.67,70.63,0.0,42.040000915527344,0.0,13.61,10153.0,3
2024-03-24,1513,Salad_33,Fruit and vegetable,65.8,75.11,0.0,42.040000915527344,0.0,4.3,10824.0,3
2024-03-25,1513,Salad_33,Fruit and vegetable,64.12,52.64,0.0,42.040000915527344,0.0,15.78,10530.0,3
2024-03-26,1513,Salad_33,Fruit and vegetable,43.55,59.33,0.0,42.040000915527344,0.0,0.0,10879.0,3
2024-03-27,1513,Salad_33,Fruit and vegetable,66.68,66.68,0.0,42.040000915527344,0.0,0.0,12451.0,3
2024-03-28,1513,Salad_33,Fruit and vegetable,78.24,78.24,0.0,42.040000915527344,0.0,0.0,12938.0,3
2024-03-29,1513,Salad_33,Fruit and vegetable,57.14,42.46,0.0,42.040000915527344,0.0,14.68,10045.0,3
2024-03-30,1513,Salad_33,Fruit and vegetable,72.4,29.31,0.0,42.040000915527344,0.0,57.77,8440.0,3
2024-03-31,1513,Salad_33,Fruit and vegetable,39.95,39.28,0.0,42.040000915527344,0.0,58.44,9558.0,3
2024-04-01,1513,Salad_33,Fruit and vegetable,15.89,63.94,0.0,42.040000915527344,0.0,10.39,9826.0,3
2024-04-02,1513,Salad_33,Fruit and vegetable,71.32,44.06,0.0,42.040000915527344,0.0,37.65,10261.0,3
2024-04-03,1513,Salad_33,Fruit and vegetable,51.67,42.54,0.0,42.040000915527344,0.0,46.78,9938.0,3
2024-04-04,1513,Salad_33,Fruit and vegetable,52.8,55.6,0.0,42.040000915527344,0.0,43.98,11179.0,3
2024-04-05,1513,Salad_33,Fruit and vegetable,24.6,68.58,0.0,42.040000915527344,0.0,0.0,12214.0,3
2024-04-06,1513,Salad_33,Fruit and vegetable,58.77,58.77,0.0,42.040000915527344,0.0,0.0,9690.0,3
2024-04-07,1513,Salad_33,Fruit and vegetable,76.59,76.59,0.0,42.040000915527344,0.0,0.0,9684.0,3
2024-04-08,1513,Salad_33,Fruit and vegetable,79.88,46.36,0.0,42.040000915527344,0.0,33.52,10147.0,3
2024-04-09,1513,Salad_33,Fruit and vegetable,38.82,72.34,0.0,42.040000915527344,0.0,0.0,10198.0,3
2024-04-10,1513,Salad_33,Fruit and vegetable,59.44,59.44,0.0,42.040000915527344,0.0,0.0,10762.0,3
2024-04-11,1513,Salad_33,Fruit and vegetable,78.38,78.38,0.0,42.040000915527344,0.0,0.0,11005.0,3
2024-04-12,1513,Salad_33,Fruit and vegetable,104.84,104.84,0.0,42.040000915527344,0.0,0.0,12008.0,3
2024-04-13,1513,Salad_33,Fruit and vegetable,82.85,62.23,0.0,42.040000915527344,0.0,20.62,9772.0,3
2024-04-14,1513,Salad_33,Fruit and vegetable,79.63,61.93,0.0,42.040000915527344,0.0,38.31,10033.0,3
2024-04-15,1513,Salad_33,Fruit and vegetable,43.23,81.54,0.0,42.040000915527344,0.0,0.0,10806.0,3
2024-04-16,1513,Salad_33,Fruit and vegetable,92.75,43.96,0.0,42.040000915527344,0.0,48.79,10398.0,3
2024-04-17,1513,Salad_33,Fruit and vegetable,35.89,44.13,0.0,42.040000915527344,0.0,40.54,10170.0,3
2024-04-18,1513,Salad_33,Fruit and vegetable,65.81,53.82,0.0,42.040000915527344,0.0,52.53,11244.0,3
2024-04-19,1513,Salad_33,Fruit and vegetable,80.35,80.01,0.0,42.040000915527344,0.0,52.87,12858.0,3
2024-04-20,1513,Salad_33,Fruit and vegetable,28.99,45.52,0.0,42.040000915527344,0.0,36.35,10666.0,3
2024-04-21,1513,Salad_33,Fruit and vegetable,46.57,75.72,0.0,42.040000915527344,0.0,7.2,10309.0,3
2024-04-22,1513,Salad_33,Fruit and vegetable,96.91,71.99,0.0,42.040000915527344,0.0,32.12,10488.0,3
2024-04-23,1513,Salad_33,Fruit and vegetable,32.38,35.29,0.0,42.040000915527344,0.0,29.21,10195.0,3
2024-04-24,1513,Salad_33,Fruit and vegetable,37.55,54.64,0.0,42.040000915527344,0.0,12.12,10255.0,3
2024-04-25,1513,Salad_33,Fruit and vegetable,63.1,59.03,0.0,42.040000915527344,0.0,16.19,11238.0,3
2024-04-26,1513,Salad_33,Fruit and vegetable,84.98,84.24,0.0,42.040000915527344,0.0,16.94,11988.0,3
2024-04-27,1513,Salad_33,Fruit and vegetable,50.89,57.53,0.0,42.040000915527344,0.0,10.3,9223.0,3
2024-04-28,1513,Salad_33,Fruit and vegetable,86.17,79.47,0.0,42.040000915527344,0.0,17.0,10142.0,3
2024-04-29,1513,Salad_33,Fruit and vegetable,76.45,55.73,0.0,42.040000915527344,0.0,37.72,11011.0,3
2024-04-30,1513,Salad_33,Fruit and vegetable,23.13,60.85,0.0,42.040000915527344,0.0,0.0,11142.0,3
2024-05-01,1513,Salad_33,Fruit and vegetable,70.14,60.34,0.0,42.040000915527344,0.0,9.8,9874.0,3
2024-05-02,1513,Salad_33,Fruit and vegetable,63.97,66.4,0.0,42.040000915527344,0.0,7.37,10795.0,3
2024-05-03,1513,Salad_33,Fruit and vegetable,91.18,87.8,0.0,42.040000915527344,0.0,10.74,11872.0,3
2024-05-04,1513,Salad_33,Fruit and vegetable,62.35,56.88,0.0,42.040000915527344,0.0,16.22,9787.0,3
2024-05-05,1513,Salad_33,Fruit and vegetable,78.93,61.93,0.0,42.040000915527344,0.0,33.21,10036.0,3
2024-03-01,1517,Shallot_1,Fruit and vegetable,56.85,56.85,0.0,26.93000030517578,0.0,0.0,11812.0,3
2024-03-02,1517,Shallot_1,Fruit and vegetable,56.85,40.68,0.0,26.93000030517578,0.0,16.17,10054.0,3
2024-03-03,1517,Shallot_1,Fruit and vegetable,55.32,24.97,0.0,26.93000030517578,0.0,46.52,9613.0,3
2024-03-04,1517,Shallot_1,Fruit and vegetable,30.74,30.19,0.0,26.93000030517578,0.0,47.06,9834.0,3
2024-03-05,1517,Shallot_1,Fruit and vegetable,27.78,28.46,0.0,26.93000030517578,0.0,46.39,9746.0,3
2024-03-06,1517,Shallot_1,Fruit and vegetable,27.01,32.01,0.0,26.93000030517578,0.0,41.39,9774.0,3
2024-03-07,1517,Shallot_1,Fruit and vegetable,30.43,41.72,0.0,26.93000030517578,0.0,30.1,11142.0,3
2024-03-08,1517,Shallot_1,Fruit and vegetable,40.74,36.64,0.0,26.93000030517578,0.0,34.2,11864.0,3
2024-03-09,1517,Shallot_1,Fruit and vegetable,14.58,35.36,0.0,26.93000030517578,0.0,13.42,10078.0,3
2024-03-10,1517,Shallot_1,Fruit and vegetable,28.98,42.4,0.0,26.93000030517578,0.0,0.0,10124.0,3
2024-03-11,1517,Shallot_1,Fruit and vegetable,37.14,28.27,0.0,26.93000030517578,0.0,8.87,10122.0,3
2024-03-12,1517,Shallot_1,Fruit and vegetable,30.85,39.72,0.0,26.93000030517578,0.0,0.0,10267.0,3
2024-03-13,1517,Shallot_1,Fruit and vegetable,38.65,30.05,0.0,26.93000030517578,0.0,8.6,10214.0,3
2024-03-14,1517,Shallot_1,Fruit and vegetable,45.18,53.78,0.0,26.93000030517578,0.0,0.0,11286.0,3
2024-03-15,1517,Shallot_1,Fruit and vegetable,47.58,43.86,0.0,26.93000030517578,0.0,3.72,12108.0,3
2024-03-16,1517,Shallot_1,Fruit and vegetable,42.88,24.19,0.0,26.93000030517578,0.0,22.41,10102.0,3
2024-03-17,1517,Shallot_1,Fruit and vegetable,33.34,26.47,0.0,26.93000030517578,0.0,29.28,10186.0,3
2024-03-18,1517,Shallot_1,Fruit and vegetable,12.94,22.9,0.0,26.93000030517578,0.0,19.32,10282.0,3
2024-03-19,1517,Shallot_1,Fruit and vegetable,35.29,16.74,0.0,26.93000030517578,0.0,37.87,9794.0,3
2024-03-20,1517,Shallot_1,Fruit and vegetable,8.88,26.84,0.0,26.93000030517578,0.0,19.91,10111.0,3
2024-03-21,1517,Shallot_1,Fruit and vegetable,50.7,30.87,0.0,26.93000030517578,0.0,39.74,11034.0,3
2024-03-22,1517,Shallot_1,Fruit and vegetable,14.94,37.97,0.0,26.93000030517578,0.0,16.71,11672.0,3
2024-03-23,1517,Shallot_1,Fruit and vegetable,18.6,35.31,0.0,26.93000030517578,0.0,0.0,10153.0,3
2024-03-24,1517,Shallot_1,Fruit and vegetable,41.85,41.85,0.0,26.93000030517578,0.0,0.0,10824.0,3
2024-03-25,1517,Shallot_1,Fruit and vegetable,34.21,28.08,0.0,26.93000030517578,0.0,6.13,10530.0,3
2024-03-26,1517,Shallot_1,Fruit and vegetable,32.26,38.39,0.0,26.93000030517578,0.0,0.0,10879.0,3
2024-03-27,1517,Shallot_1,Fruit and vegetable,54.71,54.71,0.0,26.93000030517578,0.0,0.0,12451.0,3
2024-03-28,1517,Shallot_1,Fruit and vegetable,78.65,78.65,0.0,26.93000030517578,0.0,0.0,12938.0,3
2024-03-29,1517,Shallot_1,Fruit and vegetable,59.58,44.02,0.0,26.93000030517578,0.0,15.56,10045.0,3
2024-03-30,1517,Shallot_1,Fruit and vegetable,41.02,16.48,0.0,26.93000030517578,0.0,40.1,8440.0,3
2024-03-31,1517,Shallot_1,Fruit and vegetable,27.13,41.07,0.0,26.93000030517578,0.0,26.15,9558.0,3
2024-04-01,1517,Shallot_1,Fruit and vegetable,27.31,37.3,0.0,26.93000030517578,0.0,16.17,9826.0,3
2024-04-02,1517,Shallot_1,Fruit and vegetable,46.49,31.72,0.0,26.93000030517578,0.0,30.94,10261.0,3
2024-04-03,1517,Shallot_1,Fruit and vegetable,48.69,21.27,0.0,26.93000030517578,0.0,58.36,9938.0,3
2024-04-04,1517,Shallot_1,Fruit and vegetable,46.3,41.7,0.0,26.93000030517578,0.0,62.96,11179.0,3
2024-04-05,1517,Shallot_1,Fruit and vegetable,0.0,34.29,0.0,26.93000030517578,0.0,28.67,12214.0,3
2024-04-06,1517,Shallot_1,Fruit and vegetable,0.24,28.49,0.0,26.93000030517578,0.0,0.42,9690.0,3
2024-04-07,1517,Shallot_1,Fruit and vegetable,50.14,32.06,0.18,26.93000030517578,0.0,18.32,9684.0,3
2024-04-08,1517,Shallot_1,Fruit and vegetable,27.31,15.89,0.0,26.93000030517578,0.0,29.74,10147.0,3
2024-04-09,1517,Shallot_1,Fruit and vegetable,12.91,17.64,0.0,26.93000030517578,0.0,25.0,10198.0,3
2024-04-10,1517,Shallot_1,Fruit and vegetable,8.41,20.98,0.0,26.93000030517578,0.0,12.43,10762.0,3
2024-04-11,1517,Shallot_1,Fruit and vegetable,41.45,22.64,0.0,26.93000030517578,0.0,31.25,11005.0,3
2024-04-12,1517,Shallot_1,Fruit and vegetable,12.18,34.37,0.0,26.93000030517578,0.0,9.06,12008.0,3
2024-04-13,1517,Shallot_1,Fruit and vegetable,28.59,24.89,0.0,26.93000030517578,0.0,12.76,9772.0,3
2024-04-14,1517,Shallot_1,Fruit and vegetable,28.2,31.85,0.0,26.93000030517578,0.0,9.12,10033.0,3
2024-04-15,1517,Shallot_1,Fruit and vegetable,15.63,15.72,0.0,26.93000030517578,0.0,9.02,10806.0,3
2024-04-16,1517,Shallot_1,Fruit and vegetable,24.39,33.41,0.0,26.93000030517578,0.0,0.0,10398.0,3
2024-04-17,1517,Shallot_1,Fruit and vegetable,30.06,22.95,0.0,26.93000030517578,0.0,7.11,10170.0,3
2024-04-18,1517,Shallot_1,Fruit and vegetable,24.34,26.04,0.0,26.93000030517578,0.0,5.42,11244.0,3
2024-04-19,1517,Shallot_1,Fruit and vegetable,49.06,54.48,0.0,26.93000030517578,0.0,0.0,12858.0,3
2024-04-20,1517,Shallot_1,Fruit and vegetable,40.65,31.51,0.0,26.93000030517578,0.0,9.14,10666.0,3
2024-04-21,1517,Shallot_1,Fruit and vegetable,38.41,47.55,0.0,26.93000030517578,0.0,0.0,10309.0,3
2024-04-22,1517,Shallot_1,Fruit and vegetable,33.24,19.31,0.0,26.93000030517578,0.0,13.93,10488.0,3
2024-04-23,1517,Shallot_1,Fruit and vegetable,36.09,21.17,0.0,26.93000030517578,0.0,28.85,10195.0,3
2024-04-24,1517,Shallot_1,Fruit and vegetable,11.77,38.78,0.0,26.93000030517578,0.0,1.84,10255.0,3
2024-04-25,1517,Shallot_1,Fruit and vegetable,41.34,32.99,0.0,26.93000030517578,0.0,10.19,11238.0,3
2024-04-26,1517,Shallot_1,Fruit and vegetable,60.86,37.82,0.0,26.93000030517578,0.0,33.22,11988.0,3
2024-04-27,1517,Shallot_1,Fruit and vegetable,11.06,32.36,0.0,26.93000030517578,0.0,11.92,9223.0,3
2024-04-28,1517,Shallot_1,Fruit and vegetable,48.38,24.72,0.0,26.93000030517578,0.0,35.59,10142.0,3
2024-04-29,1517,Shallot_1,Fruit and vegetable,0.0,33.09,0.0,26.93000030517578,0.0,2.5,11011.0,3
2024-04-30,1517,Shallot_1,Fruit and vegetable,28.79,31.29,0.0,26.93000030517578,0.0,0.0,11142.0,3
2024-05-01,1517,Shallot_1,Fruit and vegetable,44.7,35.49,0.0,26.93000030517578,0.0,9.21,9874.0,3
2024-05-02,1517,Shallot_1,Fruit and vegetable,29.0,29.7,0.0,26.93000030517578,0.0,8.51,10795.0,3
2024-05-03,1517,Shallot_1,Fruit and vegetable,41.42,49.93,0.0,26.93000030517578,0.0,0.0,11872.0,3
2024-05-04,1517,Shallot_1,Fruit and vegetable,42.43,32.0,0.0,26.93000030517578,0.0,10.43,9787.0,3
2024-05-05,1517,Shallot_1,Fruit and vegetable,24.38,24.77,0.0,26.93000030517578,0.0,10.03,10036.0,3
2024-03-01,152,Donut_1,Bakery,166.67,166.67,0.0,18.299999237060547,0.0,0.0,12026.0,2
2024-03-02,152,Donut_1,Bakery,166.67,134.64,0.0,18.299999237060547,0.0,32.03,10750.0,2
2024-03-03,152,Donut_1,Bakery,163.63,178.44,0.0,18.299999237060547,0.0,17.22,10158.0,2
2024-03-04,152,Donut_1,Bakery,178.46,127.32,0.0,18.299999237060547,0.0,68.36,9802.0,2
2024-03-05,152,Donut_1,Bakery,129.87,147.65,0.0,18.299999237060547,0.0,50.59,9606.0,2
2024-03-06,152,Donut_1,Bakery,143.52,132.13,0.0,18.299999237060547,0.0,61.98,9558.0,2
2024-03-07,152,Donut_1,Bakery,131.13,100.85,0.0,18.299999237060547,0.0,92.26,10034.0,2
2024-03-08,152,Donut_1,Bakery,107.56,147.31,0.0,18.299999237060547,0.0,52.5,12292.0,2
2024-03-09,152,Donut_1,Bakery,123.95,176.45,0.0,18.299999237060547,0.0,0.0,10656.0,2
2024-03-10,152,Donut_1,Bakery,213.66,114.07,0.0,18.299999237060547,0.0,99.59,10524.0,2
2024-03-11,152,Donut_1,Bakery,59.52,74.19,0.0,18.299999237060547,0.0,84.92,10134.0,2
2024-03-12,152,Donut_1,Bakery,131.69,111.52,25.4,18.299999237060547,0.0,79.69,10012.0,2
2024-03-13,152,Donut_1,Bakery,94.94,134.76,0.0,18.299999237060547,0.0,39.86,9924.0,2
2024-03-14,152,Donut_1,Bakery,103.66,100.35,0.0,18.299999237060547,0.0,43.18,10324.0,2
2024-03-15,152,Donut_1,Bakery,146.88,126.74,0.0,18.299999237060547,0.0,63.32,12304.0,2
2024-03-16,152,Donut_1,Bakery,153.75,198.32,0.0,18.299999237060547,0.0,18.75,10926.0,2
2024-03-17,152,Donut_1,Bakery,144.71,91.05,0.0,18.299999237060547,0.0,72.41,10662.0,2
2024-03-18,152,Donut_1,Bakery,53.49,75.75,0.0,18.299999237060547,0.0,50.15,10286.0,2
2024-03-19,152,Donut_1,Bakery,112.71,94.49,0.0,18.299999237060547,0.0,68.37,9634.0,2
2024-03-20,152,Donut_1,Bakery,119.12,165.09,0.0,18.299999237060547,0.0,22.4,9842.0,2
2024-03-21,152,Donut_1,Bakery,135.26,91.94,0.0,18.299999237060547,0.0,65.71,10076.0,2
2024-03-22,152,Donut_1,Bakery,119.32,168.21,0.0,18.299999237060547,0.0,16.83,12078.0,2
2024-03-23,152,Donut_1,Bakery,244.28,129.34,0.0,18.299999237060547,0.0,131.77,10782.0,2
2024-03-24,152,Donut_1,Bakery,7.73,99.42,0.0,18.299999237060547,0.0,40.08,10920.0,2
2024-03-25,152,Donut_1,Bakery,115.43,106.02,32.35,18.299999237060547,0.0,17.13,10111.0,2
2024-03-26,152,Donut_1,Bakery,119.4,111.04,0.0,18.299999237060547,0.0,25.49,9932.0,2
2024-03-27,152,Donut_1,Bakery,179.38,87.05,0.0,18.299999237060547,0.0,117.81,10540.0,2
2024-03-28,152,Donut_1,Bakery,9.83,112.97,0.0,18.299999237060547,0.0,14.67,13846.0,2
2024-03-29,152,Donut_1,Bakery,192.04,66.91,4.84,18.299999237060547,0.0,134.96,12157.0,2
2024-03-30,152,Donut_1,Bakery,20.12,79.92,0.0,18.299999237060547,0.0,75.16,8768.0,2
2024-03-31,152,Donut_1,Bakery,101.47,21.5,55.04,18.299999237060547,0.0,100.09,9390.0,2
2024-04-01,152,Donut_1,Bakery,47.33,43.14,0.0,18.299999237060547,0.0,104.29,10206.0,2
2024-04-02,152,Donut_1,Bakery,110.22,157.55,56.95,18.299999237060547,0.0,0.0,10356.0,2
2024-04-03,152,Donut_1,Bakery,144.51,96.52,0.0,18.299999237060547,0.0,47.99,9502.0,2
2024-04-04,152,Donut_1,Bakery,122.88,100.84,0.0,18.299999237060547,0.0,70.03,10040.0,2
2024-04-05,152,Donut_1,Bakery,56.07,126.1,0.0,18.299999237060547,0.0,0.0,12248.0,2
2024-04-06,152,Donut_1,Bakery,139.53,91.2,0.0,18.299999237060547,0.0,48.33,10560.0,2
2024-04-07,152,Donut_1,Bakery,89.67,138.0,0.0,18.299999237060547,0.0,0.0,10420.0,2
2024-04-08,152,Donut_1,Bakery,116.73,116.73,0.0,18.299999237060547,0.0,0.0,10060.0,2
2024-04-09,152,Donut_1,Bakery,188.49,137.72,0.0,18.299999237060547,0.0,50.77,9823.0,2
2024-04-10,152,Donut_1,Bakery,100.68,151.45,0.0,18.299999237060547,0.0,0.0,10304.0,2
2024-04-11,152,Donut_1,Bakery,128.5,100.36,0.0,18.299999237060547,0.0,28.14,10316.0,2
2024-04-12,152,Donut_1,Bakery,125.73,125.23,0.0,18.299999237060547,0.0,28.64,12158.0,2
2024-04-13,152,Donut_1,Bakery,121.11,149.75,0.0,18.299999237060547,0.0,0.0,10585.0,2
2024-04-14,152,Donut_1,Bakery,161.6,112.21,0.0,18.299999237060547,0.0,49.39,10578.0,2
2024-04-15,152,Donut_1,Bakery,92.21,126.33,0.0,18.299999237060547,0.0,15.27,10416.0,2
2024-04-16,152,Donut_1,Bakery,146.59,105.63,0.0,18.299999237060547,0.0,56.23,10322.0,2
2024-04-17,152,Donut_1,Bakery,121.12,154.4,0.0,18.299999237060547,0.0,22.96,10042.0,2
2024-04-18,152,Donut_1,Bakery,104.18,102.37,0.0,18.299999237060547,0.0,24.76,10182.0,2
2024-04-19,152,Donut_1,Bakery,144.72,169.48,0.0,18.299999237060547,0.0,0.0,12894.0,2
2024-04-20,152,Donut_1,Bakery,183.68,108.48,0.0,18.299999237060547,0.0,75.2,11854.0,2
2024-04-21,152,Donut_1,Bakery,70.74,108.81,0.0,18.299999237060547,0.0,37.13,10578.0,2
2024-04-22,152,Donut_1,Bakery,123.34,77.24,0.0,18.299999237060547,0.0,83.22,10500.0,2
2024-04-23,152,Donut_1,Bakery,63.58,130.51,0.0,18.299999237060547,0.0,16.3,9974.0,2
2024-04-24,152,Donut_1,Bakery,178.99,81.31,0.0,18.299999237060547,0.0,113.97,10096.0,2
2024-04-25,152,Donut_1,Bakery,28.56,117.76,0.0,18.299999237060547,0.0,24.77,10130.0,2
2024-04-26,152,Donut_1,Bakery,184.64,130.22,0.0,18.299999237060547,0.0,79.19,12265.0,2
2024-04-27,152,Donut_1,Bakery,56.72,98.57,0.0,18.299999237060547,0.0,37.34,10339.0,2
2024-04-28,152,Donut_1,Bakery,99.25,113.07,0.0,18.299999237060547,0.0,23.51,10120.0,2
2024-04-29,152,Donut_1,Bakery,82.09,105.6,0.0,18.299999237060547,0.0,0.0,10345.0,2
2024-04-30,152,Donut_1,Bakery,153.08,133.81,0.0,18.299999237060547,0.0,19.27,11167.0,2
2024-05-01,152,Donut_1,Bakery,124.3,143.57,0.0,18.299999237060547,0.0,0.0,10620.0,2
2024-05-02,152,Donut_1,Bakery,187.3,187.3,0.0,18.299999237060547,0.0,0.0,9613.0,2
2024-05-03,152,Donut_1,Bakery,182.3,182.3,0.0,18.299999237060547,0.0,0.0,12020.0,2
2024-05-04,152,Donut_1,Bakery,222.15,222.15,0.0,18.299999237060547,0.0,0.0,10495.0,2
2024-05-05,152,Donut_1,Bakery,168.06,141.99,0.0,18.299999237060547,0.0,26.07,10224.0,2
2024-03-01,1549,Pineapple_4,Fruit and vegetable,67.71,67.71,0.0,37.720001220703125,0.04627000167965889,0.0,11812.0,3
2024-03-02,1549,Pineapple_4,Fruit and vegetable,70.75,70.75,0.0,37.720001220703125,0.2600499987602234,0.0,10054.0,3
2024-03-03,1549,Pineapple_4,Fruit and vegetable,70.46,53.5,0.0,37.720001220703125,0.0,16.96,9613.0,3
2024-03-04,1549,Pineapple_4,Fruit and vegetable,62.53,58.98,0.0,37.720001220703125,0.0538100004196167,20.52,9834.0,3
2024-03-05,1549,Pineapple_4,Fruit and vegetable,57.34,39.13,0.0,37.720001220703125,0.15000000596046448,38.72,9746.0,3
2024-03-06,1549,Pineapple_4,Fruit and vegetable,45.1,69.72,0.0,37.720001220703125,0.15000000596046448,14.11,9774.0,3
2024-03-07,1549,Pineapple_4,Fruit and vegetable,86.37,100.48,0.0,37.720001220703125,0.04924999922513962,0.0,11142.0,3
2024-03-08,1549,Pineapple_4,Fruit and vegetable,91.97,61.98,0.0,37.720001220703125,0.0,29.99,11864.0,3
2024-03-09,1549,Pineapple_4,Fruit and vegetable,65.05,53.04,0.0,37.720001220703125,0.0,42.0,10078.0,3
2024-03-10,1549,Pineapple_4,Fruit and vegetable,36.14,63.6,0.0,37.720001220703125,0.0,14.54,10124.0,3
2024-03-11,1549,Pineapple_4,Fruit and vegetable,68.56,54.77,0.0,37.720001220703125,0.0,28.34,10122.0,3
2024-03-12,1549,Pineapple_4,Fruit and vegetable,40.56,68.9,0.0,37.720001220703125,0.0,0.0,10267.0,3
2024-03-13,1549,Pineapple_4,Fruit and vegetable,90.04,70.55,0.0,37.720001220703125,0.0,19.49,10214.0,3
2024-03-14,1549,Pineapple_4,Fruit and vegetable,101.34,79.81,0.0,37.720001220703125,0.0,41.01,11286.0,3
2024-03-15,1549,Pineapple_4,Fruit and vegetable,34.53,75.54,0.0,37.720001220703125,0.0,0.0,12108.0,3
2024-03-16,1549,Pineapple_4,Fruit and vegetable,79.53,79.53,0.0,37.720001220703125,0.0,0.0,10102.0,3
2024-03-17,1549,Pineapple_4,Fruit and vegetable,75.18,54.71,0.0,37.720001220703125,0.0,20.47,10186.0,3
2024-03-18,1549,Pineapple_4,Fruit and vegetable,47.92,46.51,0.0,37.720001220703125,0.0,21.88,10282.0,3
2024-03-19,1549,Pineapple_4,Fruit and vegetable,63.33,49.76,0.0,37.720001220703125,0.0,35.46,9794.0,3
2024-03-20,1549,Pineapple_4,Fruit and vegetable,53.58,49.65,0.0,37.720001220703125,0.0,39.39,10111.0,3
2024-03-21,1549,Pineapple_4,Fruit and vegetable,59.99,87.41,0.0,37.720001220703125,0.057750001549720764,11.97,11034.0,3
2024-03-22,1549,Pineapple_4,Fruit and vegetable,85.24,66.1,0.0,37.720001220703125,0.0083600003272295,31.11,11672.0,3
2024-03-23,1549,Pineapple_4,Fruit and vegetable,69.09,60.41,0.0,37.720001220703125,0.00812000036239624,39.79,10153.0,3
2024-03-24,1549,Pineapple_4,Fruit and vegetable,42.3,82.09,0.0,37.720001220703125,0.0,0.0,10824.0,3
2024-03-25,1549,Pineapple_4,Fruit and vegetable,82.47,82.47,0.0,37.720001220703125,0.0,0.0,10530.0,3
2024-03-26,1549,Pineapple_4,Fruit and vegetable,70.1,62.82,0.0,37.720001220703125,0.0,7.28,10879.0,3
2024-03-27,1549,Pineapple_4,Fruit and vegetable,60.3,46.17,0.0,37.720001220703125,0.0,21.41,12451.0,3
2024-03-28,1549,Pineapple_4,Fruit and vegetable,85.06,74.84,0.0,37.720001220703125,0.046629998832941055,31.63,12938.0,3
2024-03-29,1549,Pineapple_4,Fruit and vegetable,51.15,69.0,0.0,37.720001220703125,0.0,13.78,10045.0,3
2024-03-30,1549,Pineapple_4,Fruit and vegetable,63.29,23.81,0.0,37.720001220703125,0.0,53.26,8440.0,3
2024-03-31,1549,Pineapple_4,Fruit and vegetable,56.18,19.82,0.0,37.720001220703125,0.05138999968767166,89.62,9558.0,3
2024-04-01,1549,Pineapple_4,Fruit and vegetable,24.59,5.56,0.0,37.720001220703125,0.1474200040102005,108.65,9826.0,3
2024-04-02,1549,Pineapple_4,Fruit and vegetable,16.71,45.49,27.88,37.720001220703125,0.15000000596046448,51.99,10261.0,3
2024-04-03,1549,Pineapple_4,Fruit and vegetable,37.81,53.17,10.69,37.720001220703125,0.0,25.95,9938.0,3
2024-04-04,1549,Pineapple_4,Fruit and vegetable,82.33,92.09,0.0,37.720001220703125,0.0,16.19,11179.0,3
2024-04-05,1549,Pineapple_4,Fruit and vegetable,91.54,63.95,0.0,37.720001220703125,0.0,43.78,12214.0,3
2024-04-08,1549,Pineapple_4,Fruit and vegetable,61.73,41.0,43.78,37.720001220703125,0.006570000201463699,20.73,10147.0,3
2024-04-09,1549,Pineapple_4,Fruit and vegetable,35.46,51.17,0.0,37.720001220703125,0.0,5.02,10198.0,3
2024-04-10,1549,Pineapple_4,Fruit and vegetable,52.67,57.69,0.0,37.720001220703125,0.0,0.0,10762.0,3
2024-04-11,1549,Pineapple_4,Fruit and vegetable,88.4,88.4,0.0,37.720001220703125,0.0,0.0,11005.0,3
2024-04-12,1549,Pineapple_4,Fruit and vegetable,77.87,76.84,0.0,37.720001220703125,0.0,1.03,12008.0,3
2024-04-13,1549,Pineapple_4,Fruit and vegetable,115.6,76.45,0.0,37.720001220703125,0.0,40.18,9772.0,3
2024-04-14,1549,Pineapple_4,Fruit and vegetable,44.93,63.12,0.0,37.720001220703125,0.0,22.0,10033.0,3
2024-04-15,1549,Pineapple_4,Fruit and vegetable,40.19,48.41,0.0,37.720001220703125,0.0,13.77,10806.0,3
2024-04-16,1549,Pineapple_4,Fruit and vegetable,56.49,68.58,0.0,37.720001220703125,0.0,1.68,10398.0,3
2024-04-17,1549,Pineapple_4,Fruit and vegetable,73.16,49.43,0.0,37.720001220703125,0.0,25.42,10170.0,3
2024-04-18,1549,Pineapple_4,Fruit and vegetable,81.93,88.88,0.0,37.720001220703125,0.018079999834299088,18.47,11244.0,3
2024-04-19,1549,Pineapple_4,Fruit and vegetable,77.47,88.52,0.0,37.720001220703125,0.0,7.42,12858.0,3
2024-04-20,1549,Pineapple_4,Fruit and vegetable,90.41,75.29,0.0,37.720001220703125,0.0,22.54,10666.0,3
2024-04-21,1549,Pineapple_4,Fruit and vegetable,61.86,59.87,0.0,37.720001220703125,0.0,24.52,10309.0,3
2024-04-22,1549,Pineapple_4,Fruit and vegetable,45.46,46.0,0.0,37.720001220703125,0.05163000151515007,23.98,10488.0,3
2024-04-23,1549,Pineapple_4,Fruit and vegetable,66.8,54.17,0.0,37.720001220703125,0.10696999728679657,36.61,10195.0,3
2024-04-24,1549,Pineapple_4,Fruit and vegetable,36.0,51.12,0.0,37.720001220703125,0.15000000596046448,21.5,10255.0,3
2024-04-25,1549,Pineapple_4,Fruit and vegetable,90.25,63.2,0.0,37.720001220703125,0.04374999925494194,48.55,11238.0,3
2024-04-26,1549,Pineapple_4,Fruit and vegetable,58.95,72.21,0.0,37.720001220703125,0.0,35.29,11988.0,3
2024-04-27,1549,Pineapple_4,Fruit and vegetable,53.84,70.66,0.0,37.720001220703125,0.04221000149846077,18.47,9223.0,3
2024-04-28,1549,Pineapple_4,Fruit and vegetable,59.23,77.7,0.0,37.720001220703125,0.0,0.0,10142.0,3
2024-04-29,1549,Pineapple_4,Fruit and vegetable,61.35,50.51,0.0,37.720001220703125,0.060920000076293945,10.84,11011.0,3
2024-04-30,1549,Pineapple_4,Fruit and vegetable,57.49,62.08,0.0,37.720001220703125,0.06904000043869019,6.25,11142.0,3
2024-05-01,1549,Pineapple_4,Fruit and vegetable,58.21,56.79,0.0,37.720001220703125,0.25,7.67,9874.0,3
2024-05-02,1549,Pineapple_4,Fruit and vegetable,67.61,56.44,0.0,37.720001220703125,0.02476000040769577,18.83,10795.0,3
2024-05-03,1549,Pineapple_4,Fruit and vegetable,66.11,74.2,0.0,37.720001220703125,0.0,10.74,11872.0,3
2024-05-04,1549,Pineapple_4,Fruit and vegetable,73.04,51.55,0.0,37.720001220703125,0.0,32.24,9787.0,3
2024-05-05,1549,Pineapple_4,Fruit and vegetable,59.21,42.47,0.0,37.720001220703125,0.0,48.97,10036.0,3
2024-03-01,1580,Beef_17,Meat and fish,32.53,32.53,0.0,204.77000427246094,0.0,0.0,11812.0,4
2024-03-02,1580,Beef_17,Meat and fish,32.53,17.99,0.0,204.77000427246094,0.0,14.54,10054.0,4
2024-03-03,1580,Beef_17,Meat and fish,31.15,9.93,0.0,204.77000427246094,0.0,35.76,9613.0,4
2024-03-04,1580,Beef_17,Meat and fish,11.43,22.01,0.0,204.77000427246094,0.0,25.18,9834.0,4
2024-03-05,1580,Beef_17,Meat and fish,19.38,14.09,0.0,204.77000427246094,0.0,30.47,9746.0,4
2024-03-06,1580,Beef_17,Meat and fish,13.13,14.78,0.0,204.77999877929688,0.0,28.82,9774.0,4
2024-03-07,1580,Beef_17,Meat and fish,13.89,31.85,0.0,204.77999877929688,0.0,10.86,11142.0,4
2024-03-08,1580,Beef_17,Meat and fish,32.97,31.45,0.0,204.77000427246094,0.0,12.38,11864.0,4
2024-03-09,1580,Beef_17,Meat and fish,16.88,29.26,0.0,204.77999877929688,0.0,0.0,10078.0,4
2024-03-10,1580,Beef_17,Meat and fish,21.61,6.45,0.0,204.77999877929688,0.0,15.16,10124.0,4
2024-03-11,1580,Beef_17,Meat and fish,19.58,12.51,0.0,204.77999877929688,0.0,22.23,10122.0,4
2024-03-12,1580,Beef_17,Meat and fish,5.28,22.29,0.0,204.77000427246094,0.0,5.22,10267.0,4
2024-03-13,1580,Beef_17,Meat and fish,22.56,20.27,0.0,204.77000427246094,0.0,7.51,10214.0,4
2024-03-14,1580,Beef_17,Meat and fish,36.86,22.68,0.0,204.77000427246094,0.0,21.69,11286.0,4
2024-03-15,1580,Beef_17,Meat and fish,21.04,24.1,0.0,204.77000427246094,0.0,18.63,12108.0,4
2024-03-16,1580,Beef_17,Meat and fish,20.46,11.01,0.0,204.77000427246094,0.0,28.08,10102.0,4
2024-03-17,1580,Beef_17,Meat and fish,0.0,15.86,0.0,204.77000427246094,0.0,12.22,10186.0,4
2024-03-18,1580,Beef_17,Meat and fish,7.01,13.28,0.0,204.77000427246094,0.0,5.95,10282.0,4
2024-03-19,1580,Beef_17,Meat and fish,22.88,17.93,0.0,204.77000427246094,0.0,10.9,9794.0,4
2024-03-20,1580,Beef_17,Meat and fish,15.55,13.04,0.0,204.77000427246094,0.0,13.41,10111.0,4
2024-03-21,1580,Beef_17,Meat and fish,15.67,14.63,0.0,204.77000427246094,0.0,14.45,11034.0,4
2024-03-22,1580,Beef_17,Meat and fish,15.17,17.31,0.0,204.77000427246094,0.0,12.31,11672.0,4
2024-03-23,1580,Beef_17,Meat and fish,2.06,14.37,0.0,204.77000427246094,0.0,0.0,10153.0,4
2024-03-24,1580,Beef_17,Meat and fish,19.77,19.77,0.0,204.77000427246094,0.0,0.0,10824.0,4
2024-03-25,1580,Beef_17,Meat and fish,21.78,21.78,0.0,204.77000427246094,0.0,0.0,10530.0,4
2024-03-26,1580,Beef_17,Meat and fish,28.9,28.9,0.0,204.77000427246094,0.0,0.0,10879.0,4
2024-03-27,1580,Beef_17,Meat and fish,30.09,30.09,0.0,204.77999877929688,0.0,0.0,12451.0,4
2024-03-28,1580,Beef_17,Meat and fish,31.98,31.98,0.0,204.77000427246094,0.0,0.0,12938.0,4
2024-03-29,1580,Beef_17,Meat and fish,26.1,22.2,0.0,204.77000427246094,0.0,3.9,10045.0,4
2024-03-30,1580,Beef_17,Meat and fish,18.62,9.16,0.0,204.77000427246094,0.0,13.36,8440.0,4
2024-03-31,1580,Beef_17,Meat and fish,16.44,7.07,0.0,204.77000427246094,0.008729999884963036,22.73,9558.0,4
2024-04-01,1580,Beef_17,Meat and fish,11.84,9.56,0.0,204.77000427246094,0.0,25.01,9826.0,4
2024-04-02,1580,Beef_17,Meat and fish,17.94,29.15,0.0,204.77000427246094,0.0,13.8,10261.0,4
2024-04-03,1580,Beef_17,Meat and fish,30.38,9.87,0.0,199.2899932861328,0.0,34.31,9938.0,4
2024-04-04,1580,Beef_17,Meat and fish,11.14,33.2,0.0,199.3000030517578,0.0,12.26,11179.0,4
2024-04-05,1580,Beef_17,Meat and fish,23.8,24.0,0.0,199.2899932861328,0.0,12.06,12214.0,4
2024-04-06,1580,Beef_17,Meat and fish,11.16,16.37,0.0,199.2899932861328,0.0,6.85,9690.0,4
2024-04-07,1580,Beef_17,Meat and fish,13.53,15.55,0.0,199.3000030517578,0.0,4.84,9684.0,4
2024-04-08,1580,Beef_17,Meat and fish,16.62,4.8,0.0,199.2899932861328,0.0,16.65,10147.0,4
2024-04-09,1580,Beef_17,Meat and fish,25.65,8.95,0.0,199.2899932861328,0.0,33.35,10198.0,4
2024-04-10,1580,Beef_17,Meat and fish,0.0,32.69,0.0,199.2899932861328,0.0,0.66,10762.0,4
2024-04-11,1580,Beef_17,Meat and fish,46.7,21.55,0.0,199.2899932861328,0.0,25.81,11005.0,4
2024-04-12,1580,Beef_17,Meat and fish,10.2,16.76,0.0,199.2899932861328,0.0,19.25,12008.0,4
2024-04-13,1580,Beef_17,Meat and fish,8.59,16.0,0.0,199.3000030517578,0.0,11.85,9772.0,4
2024-04-14,1580,Beef_17,Meat and fish,15.18,4.44,0.0,199.2899932861328,0.0,22.59,10033.0,4
2024-04-15,1580,Beef_17,Meat and fish,0.0,11.02,0.0,199.2899932861328,0.0,11.57,10806.0,4
2024-04-16,1580,Beef_17,Meat and fish,9.27,13.42,0.0,199.2899932861328,0.0,7.42,10398.0,4
2024-04-17,1580,Beef_17,Meat and fish,36.63,26.59,0.0,199.3000030517578,0.0,17.46,10170.0,4
2024-04-18,1580,Beef_17,Meat and fish,13.26,5.42,0.0,205.69000244140625,0.0,25.3,11244.0,4
2024-04-19,1580,Beef_17,Meat and fish,1.12,15.71,0.0,205.6999969482422,0.0,10.71,12858.0,4
2024-04-20,1580,Beef_17,Meat and fish,14.86,25.11,0.0,205.69000244140625,0.0,0.46,10666.0,4
2024-04-21,1580,Beef_17,Meat and fish,19.37,19.83,0.0,205.69000244140625,0.0,0.0,10309.0,4
2024-04-22,1580,Beef_17,Meat and fish,20.79,7.04,0.0,205.69000244140625,0.0,13.75,10488.0,4
2024-04-23,1580,Beef_17,Meat and fish,10.23,9.26,0.0,205.6999969482422,0.0,14.72,10195.0,4
2024-04-24,1580,Beef_17,Meat and fish,22.91,5.89,0.0,204.77000427246094,0.0,31.74,10255.0,4
2024-04-25,1580,Beef_17,Meat and fish,0.0,20.69,0.0,204.77000427246094,0.0,11.05,11238.0,4
2024-04-26,1580,Beef_17,Meat and fish,22.03,33.08,0.0,204.77999877929688,0.0,0.0,11988.0,4
2024-04-27,1580,Beef_17,Meat and fish,38.21,10.27,0.0,204.77000427246094,0.0,27.94,9223.0,4
2024-04-28,1580,Beef_17,Meat and fish,4.52,10.28,0.0,204.77000427246094,0.0,22.18,10142.0,4
2024-04-29,1580,Beef_17,Meat and fish,5.16,27.34,0.0,204.77000427246094,0.0,0.0,11011.0,4
2024-04-30,1580,Beef_17,Meat and fish,22.61,17.87,0.0,204.77000427246094,0.0,4.74,11142.0,4
2024-05-01,1580,Beef_17,Meat and fish,13.82,13.49,0.0,204.77000427246094,0.0,5.07,9874.0,4
2024-05-02,1580,Beef_17,Meat and fish,26.76,14.61,0.0,204.77000427246094,0.0,17.22,10795.0,4
2024-05-03,1580,Beef_17,Meat and fish,27.14,22.09,0.0,204.77000427246094,0.0,22.27,11872.0,4
2024-03-01,1592,Tomato_66,Fruit and vegetable,114.02,114.02,0.0,373.7099914550781,0.0,0.0,11812.0,3
2024-03-02,1592,Tomato_66,Fruit and vegetable,114.02,101.5,0.0,373.7200012207031,0.0,12.52,10054.0,3
2024-03-03,1592,Tomato_66,Fruit and vegetable,112.83,80.51,0.0,373.7200012207031,0.0,44.84,9613.0,3
2024-03-05,1592,Tomato_66,Fruit and vegetable,90.85,73.13,0.0,399.5,0.0,62.56,9746.0,3
2024-03-06,1592,Tomato_66,Fruit and vegetable,75.55,86.08,0.0,399.5,0.0,52.03,9774.0,3
2024-03-07,1592,Tomato_66,Fruit and vegetable,83.15,82.53,0.0,399.5,0.0,52.66,11142.0,3
2024-03-08,1592,Tomato_66,Fruit and vegetable,80.81,113.94,0.0,399.5,0.0,19.53,11864.0,3
2024-03-09,1592,Tomato_66,Fruit and vegetable,115.79,84.8,0.0,399.5,0.0,50.52,10078.0,3
2024-03-10,1592,Tomato_66,Fruit and vegetable,68.86,79.74,0.0,399.489990234375,0.0,39.64,10124.0,3
2024-03-12,1592,Tomato_66,Fruit and vegetable,57.64,43.19,0.0,399.489990234375,0.0,54.08,10267.0,3
2024-03-13,1592,Tomato_66,Fruit and vegetable,45.79,65.67,0.0,399.489990234375,0.0,34.2,10214.0,3
2024-03-14,1592,Tomato_66,Fruit and vegetable,79.41,88.02,0.0,399.489990234375,0.0,25.59,11286.0,3
2024-03-15,1592,Tomato_66,Fruit and vegetable,84.61,87.83,0.0,399.5,0.0,22.38,12108.0,3
2024-03-16,1592,Tomato_66,Fruit and vegetable,119.51,92.32,0.0,399.489990234375,0.0,49.56,10102.0,3
2024-03-17,1592,Tomato_66,Fruit and vegetable,57.48,76.27,0.0,399.489990234375,0.0,30.78,10186.0,3
2024-03-19,1592,Tomato_66,Fruit and vegetable,70.81,80.04,0.0,399.5,0.0,21.55,9794.0,3
2024-03-20,1592,Tomato_66,Fruit and vegetable,46.45,68.0,0.0,399.5,0.0,0.0,10111.0,3
2024-03-21,1592,Tomato_66,Fruit and vegetable,91.29,91.29,0.0,399.5,0.0,0.0,11034.0,3
2024-03-22,1592,Tomato_66,Fruit and vegetable,111.25,111.25,0.0,399.5,0.0,0.0,11672.0,3
2024-03-23,1592,Tomato_66,Fruit and vegetable,105.62,61.52,0.0,399.489990234375,0.0,44.1,10153.0,3
2024-03-24,1592,Tomato_66,Fruit and vegetable,69.72,72.21,0.0,399.489990234375,0.0,41.62,10824.0,3
2024-03-25,1592,Tomato_66,Fruit and vegetable,55.97,59.82,0.0,399.5,0.0,37.77,10530.0,3
2024-03-26,1592,Tomato_66,Fruit and vegetable,65.77,77.36,0.0,399.489990234375,0.0,26.17,10879.0,3
2024-03-27,1592,Tomato_66,Fruit and vegetable,65.28,70.39,0.0,399.489990234375,0.0,21.07,12451.0,3
2024-03-28,1592,Tomato_66,Fruit and vegetable,93.45,86.52,0.0,399.489990234375,0.0,28.0,12938.0,3
2024-03-29,1592,Tomato_66,Fruit and vegetable,105.82,63.67,0.0,399.5,0.0,70.15,10045.0,3
2024-03-30,1592,Tomato_66,Fruit and vegetable,3.6,56.74,0.0,399.489990234375,0.0,17.01,8440.0,3
2024-03-31,1592,Tomato_66,Fruit and vegetable,68.53,44.12,0.0,399.5,0.0,41.41,9558.0,3
2024-04-01,1592,Tomato_66,Fruit and vegetable,36.33,52.24,0.0,399.489990234375,0.0,25.5,9826.0,3
2024-04-02,1592,Tomato_66,Fruit and vegetable,70.79,35.34,0.0,399.489990234375,0.0,60.94,10261.0,3
2024-04-03,1592,Tomato_66,Fruit and vegetable,31.24,30.88,0.0,399.489990234375,0.0,61.3,9938.0,3
2024-04-04,1592,Tomato_66,Fruit and vegetable,49.35,49.21,0.0,399.489990234375,0.0,61.44,11179.0,3
2024-04-05,1592,Tomato_66,Fruit and vegetable,17.08,54.16,0.0,399.489990234375,0.0,24.36,12214.0,3
2024-04-06,1592,Tomato_66,Fruit and vegetable,44.93,53.8,0.0,399.489990234375,0.0,15.49,9690.0,3
2024-04-07,1592,Tomato_66,Fruit and vegetable,58.34,73.83,0.0,399.489990234375,0.0,0.0,9684.0,3
2024-04-08,1592,Tomato_66,Fruit and vegetable,73.16,73.16,0.0,399.489990234375,0.0,0.0,10147.0,3
2024-04-09,1592,Tomato_66,Fruit and vegetable,57.87,57.87,0.0,399.5,0.0,0.0,10198.0,3
2024-04-10,1592,Tomato_66,Fruit and vegetable,73.41,73.41,0.0,399.5,0.0,0.0,10762.0,3
2024-04-11,1592,Tomato_66,Fruit and vegetable,70.06,70.06,0.0,399.5,0.0,0.0,11005.0,3
2024-04-12,1592,Tomato_66,Fruit and vegetable,82.13,82.13,0.0,399.5,0.0,0.0,12008.0,3
2024-04-13,1592,Tomato_66,Fruit and vegetable,69.84,69.84,0.0,399.5,0.0,0.0,9772.0,3
2024-04-14,1592,Tomato_66,Fruit and vegetable,83.11,57.46,0.0,399.489990234375,0.0,25.65,10033.0,3
2024-04-15,1592,Tomato_66,Fruit and vegetable,153.83,179.48,0.0,399.489990234375,0.16133999824523926,0.0,10806.0,3
2024-04-16,1592,Tomato_66,Fruit and vegetable,182.22,182.22,0.0,399.489990234375,0.16133999824523926,0.0,10398.0,3
2024-04-17,1592,Tomato_66,Fruit and vegetable,170.99,170.99,0.0,399.489990234375,0.16133999824523926,0.0,10170.0,3
2024-04-18,1592,Tomato_66,Fruit and vegetable,187.21,187.21,0.0,399.489990234375,0.16133999824523926,0.0,11244.0,3
2024-04-19,1592,Tomato_66,Fruit and vegetable,214.74,214.74,0.0,399.489990234375,0.16133999824523926,0.0,12858.0,3
2024-04-20,1592,Tomato_66,Fruit and vegetable,189.88,189.88,0.0,399.489990234375,0.16133999824523926,0.0,10666.0,3
2024-04-21,1592,Tomato_66,Fruit and vegetable,183.45,183.45,0.0,399.489990234375,0.16133999824523926,0.0,10309.0,3
2024-04-22,1592,Tomato_66,Fruit and vegetable,197.02,48.2,0.0,399.489990234375,0.0,148.82,10488.0,3
2024-04-23,1592,Tomato_66,Fruit and vegetable,103.19,67.98,0.0,399.489990234375,0.0,184.02,10195.0,3
2024-04-24,1592,Tomato_66,Fruit and vegetable,70.89,43.94,0.0,399.5,0.0,210.98,10255.0,3
2024-04-25,1592,Tomato_66,Fruit and vegetable,110.54,56.86,36.9,399.489990234375,0.0,227.76,11238.0,3
2024-04-26,1592,Tomato_66,Fruit and vegetable,131.55,91.77,46.33,399.5,0.0,221.21,11988.0,3
2024-04-27,1592,Tomato_66,Fruit and vegetable,49.25,30.42,0.0,399.489990234375,0.0,240.04,9223.0,3
2024-04-28,1592,Tomato_66,Fruit and vegetable,68.94,60.27,59.24,399.5,0.0,189.47,10142.0,3
2024-04-29,1592,Tomato_66,Fruit and vegetable,121.55,239.74,71.28,399.489990234375,0.2581399977207184,0.0,11011.0,3
2024-04-30,1592,Tomato_66,Fruit and vegetable,245.67,245.67,0.0,399.489990234375,0.2581399977207184,0.0,11142.0,3
2024-05-01,1592,Tomato_66,Fruit and vegetable,172.03,172.03,0.0,399.489990234375,0.2581399977207184,0.0,9874.0,3
2024-05-02,1592,Tomato_66,Fruit and vegetable,206.34,206.34,0.0,399.489990234375,0.2581399977207184,0.0,10795.0,3
2024-05-03,1592,Tomato_66,Fruit and vegetable,261.83,261.83,0.0,399.489990234375,0.2581399977207184,0.0,11872.0,3
2024-05-04,1592,Tomato_66,Fruit and vegetable,227.79,227.79,0.0,399.489990234375,0.2581399977207184,0.0,9787.0,3
2024-05-05,1592,Tomato_66,Fruit and vegetable,255.15,255.15,0.0,399.489990234375,0.2581399977207184,0.0,10036.0,3
2024-03-01,1635,Blueberry_25,Fruit and vegetable,106.82,106.82,0.0,173.3800048828125,0.0,0.0,11812.0,3
2024-03-02,1635,Blueberry_25,Fruit and vegetable,109.67,109.67,0.0,173.3800048828125,0.0,0.0,10054.0,3
2024-03-03,1635,Blueberry_25,Fruit and vegetable,109.4,98.09,0.0,173.3800048828125,0.0,11.31,9613.0,3
2024-03-04,1635,Blueberry_25,Fruit and vegetable,104.13,115.44,0.0,173.3800048828125,0.0,0.0,9834.0,3
2024-03-05,1635,Blueberry_25,Fruit and vegetable,116.07,79.89,0.0,173.3800048828125,0.0,36.18,9746.0,3
2024-03-06,1635,Blueberry_25,Fruit and vegetable,88.36,62.32,0.0,173.3800048828125,0.0,62.22,9774.0,3
2024-03-07,1635,Blueberry_25,Fruit and vegetable,70.69,128.65,0.0,173.3800048828125,0.0,4.26,11142.0,3
2024-03-08,1635,Blueberry_25,Fruit and vegetable,131.31,87.8,0.0,173.3800048828125,0.0,47.77,11864.0,3
2024-03-09,1635,Blueberry_25,Fruit and vegetable,90.91,114.92,0.0,173.3800048828125,0.0,23.76,10078.0,3
2024-03-10,1635,Blueberry_25,Fruit and vegetable,104.05,111.29,0.0,173.3800048828125,0.0,16.52,10124.0,3
2024-03-11,1635,Blueberry_25,Fruit and vegetable,129.31,63.6,0.0,173.3800048828125,0.0,82.23,10122.0,3
2024-03-12,1635,Blueberry_25,Fruit and vegetable,31.08,54.63,0.0,173.3800048828125,0.0,58.68,10267.0,3
2024-03-13,1635,Blueberry_25,Fruit and vegetable,47.16,105.84,0.0,173.3800048828125,0.0,0.0,10214.0,3
2024-03-14,1635,Blueberry_25,Fruit and vegetable,164.01,76.34,0.0,173.3800048828125,0.0,87.67,11286.0,3
2024-03-15,1635,Blueberry_25,Fruit and vegetable,30.73,94.42,0.0,173.3800048828125,0.0,23.98,12108.0,3
2024-03-16,1635,Blueberry_25,Fruit and vegetable,121.71,53.02,0.0,173.3800048828125,0.0,92.67,10102.0,3
2024-03-17,1635,Blueberry_25,Fruit and vegetable,49.57,90.0,0.0,173.3800048828125,0.0,52.24,10186.0,3
2024-03-18,1635,Blueberry_25,Fruit and vegetable,53.47,105.71,0.0,173.3800048828125,0.0,0.0,10282.0,3
2024-03-19,1635,Blueberry_25,Fruit and vegetable,85.3,85.3,0.0,173.3800048828125,0.0,0.0,9794.0,3
2024-03-20,1635,Blueberry_25,Fruit and vegetable,129.44,70.49,0.0,173.3800048828125,0.0,58.95,10111.0,3
2024-03-27,1635,Blueberry_25,Fruit and vegetable,98.48,68.39,58.95,173.3800048828125,0.0,30.09,12451.0,3
2024-03-28,1635,Blueberry_25,Fruit and vegetable,172.12,202.21,0.0,173.3800048828125,0.0,0.0,12938.0,3
2024-03-29,1635,Blueberry_25,Fruit and vegetable,116.56,51.3,0.0,173.3800048828125,0.0,65.26,10045.0,3
2024-03-30,1635,Blueberry_25,Fruit and vegetable,88.61,53.12,0.0,173.3800048828125,0.0,100.74,8440.0,3
2024-03-31,1635,Blueberry_25,Fruit and vegetable,72.21,73.21,0.0,173.3800048828125,0.0,99.74,9558.0,3
2024-04-01,1635,Blueberry_25,Fruit and vegetable,52.69,90.59,0.0,173.3800048828125,0.0,61.84,9826.0,3
2024-04-02,1635,Blueberry_25,Fruit and vegetable,75.81,111.03,0.0,173.3800048828125,0.0,26.62,10261.0,3
2024-04-03,1635,Blueberry_25,Fruit and vegetable,109.07,108.33,0.0,173.3800048828125,0.0,27.35,9938.0,3
2024-04-04,1635,Blueberry_25,Fruit and vegetable,240.95,83.99,0.0,173.3800048828125,0.0,184.32,11179.0,3
2024-04-05,1635,Blueberry_25,Fruit and vegetable,0.0,84.59,0.0,173.3800048828125,0.0,99.73,12214.0,3
2024-04-06,1635,Blueberry_25,Fruit and vegetable,11.92,111.65,0.0,173.3800048828125,0.0,0.0,9690.0,3
2024-04-07,1635,Blueberry_25,Fruit and vegetable,102.09,102.09,0.0,173.3800048828125,0.0,0.0,9684.0,3
2024-04-08,1635,Blueberry_25,Fruit and vegetable,178.43,178.43,0.0,173.3800048828125,0.0,0.0,10147.0,3
2024-04-11,1635,Blueberry_25,Fruit and vegetable,253.91,253.91,0.0,173.3800048828125,0.0,0.0,11005.0,3
2024-04-12,1635,Blueberry_25,Fruit and vegetable,213.11,213.11,0.0,173.3800048828125,0.0,0.0,12008.0,3
2024-04-13,1635,Blueberry_25,Fruit and vegetable,171.31,160.02,0.0,173.3800048828125,0.0,11.29,9772.0,3
2024-04-14,1635,Blueberry_25,Fruit and vegetable,153.1,116.72,0.0,173.3800048828125,0.0,47.67,10033.0,3
2024-04-15,1635,Blueberry_25,Fruit and vegetable,136.97,146.76,0.0,173.3800048828125,0.0,37.88,10806.0,3
2024-04-16,1635,Blueberry_25,Fruit and vegetable,132.37,77.97,0.0,173.3800048828125,0.0,92.27,10398.0,3
2024-04-17,1635,Blueberry_25,Fruit and vegetable,161.26,91.32,0.0,173.3800048828125,0.0,162.21,10170.0,3
2024-04-18,1635,Blueberry_25,Fruit and vegetable,173.69,102.42,0.0,173.3800048828125,0.0,233.48,11244.0,3
2024-04-19,1635,Blueberry_25,Fruit and vegetable,39.74,102.14,0.0,173.3800048828125,0.0,171.07,12858.0,3
2024-04-20,1635,Blueberry_25,Fruit and vegetable,26.94,119.06,0.0,173.3800048828125,0.0,78.95,10666.0,3
2024-04-21,1635,Blueberry_25,Fruit and vegetable,78.41,140.88,12.28,173.3800048828125,0.0,4.2,10309.0,3
2024-04-22,1635,Blueberry_25,Fruit and vegetable,266.21,270.41,0.0,173.3800048828125,0.0,0.0,10488.0,3
2024-04-23,1635,Blueberry_25,Fruit and vegetable,161.72,78.24,0.0,173.3800048828125,0.0,83.48,10195.0,3
2024-04-24,1635,Blueberry_25,Fruit and vegetable,91.55,80.41,0.0,173.3800048828125,0.0,94.62,10255.0,3
2024-04-25,1635,Blueberry_25,Fruit and vegetable,93.01,143.3,0.0,173.3800048828125,0.0,44.33,11238.0,3
2024-04-26,1635,Blueberry_25,Fruit and vegetable,142.0,147.85,0.0,173.3800048828125,0.0,38.48,11988.0,3
2024-04-27,1635,Blueberry_25,Fruit and vegetable,163.01,103.29,0.0,173.3800048828125,0.0,98.2,9223.0,3
2024-05-01,1635,Blueberry_25,Fruit and vegetable,224.75,80.96,98.2,173.3800048828125,0.0,143.79,9874.0,3
2024-05-02,1635,Blueberry_25,Fruit and vegetable,214.78,75.14,0.0,173.3800048828125,0.0,283.43,10795.0,3
2024-05-03,1635,Blueberry_25,Fruit and vegetable,0.0,89.52,0.0,173.3800048828125,0.0,193.91,11872.0,3
2024-05-04,1635,Blueberry_25,Fruit and vegetable,0.0,117.32,0.0,173.3800048828125,0.0,76.59,9787.0,3
2024-05-05,1635,Blueberry_25,Fruit and vegetable,180.6,79.62,76.59,173.3800048828125,0.0,100.98,10036.0,3
2024-03-01,1639,Sprout_3,Fruit and vegetable,44.79,44.79,0.0,38.310001373291016,0.0,0.0,11812.0,3
2024-03-02,1639,Sprout_3,Fruit and vegetable,44.79,35.38,0.0,38.310001373291016,0.0,9.41,10054.0,3
2024-03-03,1639,Sprout_3,Fruit and vegetable,43.9,23.19,0.0,38.310001373291016,0.0,30.12,9613.0,3
2024-03-04,1639,Sprout_3,Fruit and vegetable,28.54,30.19,0.0,38.310001373291016,0.0,28.46,9834.0,3
2024-03-05,1639,Sprout_3,Fruit and vegetable,27.97,44.47,0.0,38.310001373291016,0.0,11.96,9746.0,3
2024-03-06,1639,Sprout_3,Fruit and vegetable,44.74,42.67,0.0,38.310001373291016,0.0,14.03,9774.0,3
2024-03-07,1639,Sprout_3,Fruit and vegetable,42.03,41.06,0.0,38.310001373291016,0.0,15.01,11142.0,3
2024-03-08,1639,Sprout_3,Fruit and vegetable,40.28,31.99,0.0,38.310001373291016,0.0,23.3,11864.0,3
2024-03-09,1639,Sprout_3,Fruit and vegetable,21.92,42.43,0.0,38.310001373291016,0.0,2.79,10078.0,3
2024-03-10,1639,Sprout_3,Fruit and vegetable,30.78,31.8,0.0,38.310001373291016,0.0,1.77,10124.0,3
2024-03-11,1639,Sprout_3,Fruit and vegetable,36.31,28.27,0.0,38.310001373291016,0.0,9.81,10122.0,3
2024-03-12,1639,Sprout_3,Fruit and vegetable,43.09,42.29,0.0,38.310001373291016,0.0,10.61,10267.0,3
2024-03-13,1639,Sprout_3,Fruit and vegetable,40.05,47.62,0.0,38.310001373291016,0.0,3.05,10214.0,3
2024-03-14,1639,Sprout_3,Fruit and vegetable,47.2,38.17,0.0,38.310001373291016,0.0,12.08,11286.0,3
2024-03-15,1639,Sprout_3,Fruit and vegetable,42.13,54.21,0.0,38.310001373291016,0.0,0.0,12108.0,3
2024-03-16,1639,Sprout_3,Fruit and vegetable,53.83,35.35,0.0,38.310001373291016,0.0,18.48,10102.0,3
2024-03-17,1639,Sprout_3,Fruit and vegetable,25.64,44.12,0.0,38.310001373291016,0.0,0.0,10186.0,3
2024-03-18,1639,Sprout_3,Fruit and vegetable,39.11,38.76,0.0,38.310001373291016,0.0,0.35,10282.0,3
2024-03-19,1639,Sprout_3,Fruit and vegetable,50.18,26.66,0.0,38.310001373291016,0.0,23.87,9794.0,3
2024-03-20,1639,Sprout_3,Fruit and vegetable,35.18,33.57,0.0,38.310001373291016,0.0,25.47,10111.0,3
2024-03-21,1639,Sprout_3,Fruit and vegetable,23.81,47.01,0.0,38.310001373291016,0.0,2.28,11034.0,3
2024-03-22,1639,Sprout_3,Fruit and vegetable,63.74,36.24,0.0,38.310001373291016,0.0,29.78,11672.0,3
2024-03-23,1639,Sprout_3,Fruit and vegetable,14.24,28.25,0.0,38.310001373291016,0.0,15.76,10153.0,3
2024-03-24,1639,Sprout_3,Fruit and vegetable,38.09,19.21,0.0,38.310001373291016,0.0,34.65,10824.0,3
2024-03-25,1639,Sprout_3,Fruit and vegetable,15.72,12.28,0.0,38.310001373291016,0.0,38.08,10530.0,3
2024-03-26,1639,Sprout_3,Fruit and vegetable,3.16,19.2,0.0,38.310001373291016,0.0,22.05,10879.0,3
2024-03-27,1639,Sprout_3,Fruit and vegetable,30.03,30.78,3.17,38.310001373291016,0.0,18.13,12451.0,3
2024-03-28,1639,Sprout_3,Fruit and vegetable,44.0,30.61,0.0,38.310001373291016,0.0,31.52,12938.0,3
2024-03-29,1639,Sprout_3,Fruit and vegetable,15.56,38.92,0.0,38.310001373291016,0.0,8.16,10045.0,3
2024-03-30,1639,Sprout_3,Fruit and vegetable,31.72,35.53,0.0,38.310001373291016,0.03717000037431717,4.35,8440.0,3
2024-03-31,1639,Sprout_3,Fruit and vegetable,27.44,28.57,0.0,38.310001373291016,0.0,3.22,9558.0,3
2024-04-01,1639,Sprout_3,Fruit and vegetable,30.53,33.75,0.0,38.310001373291016,0.0,0.0,9826.0,3
2024-04-03,1639,Sprout_3,Fruit and vegetable,36.94,36.94,0.0,38.310001373291016,0.0,0.0,9938.0,3
2024-04-04,1639,Sprout_3,Fruit and vegetable,37.1,37.1,0.0,38.310001373291016,0.0,0.0,11179.0,3
2024-04-05,1639,Sprout_3,Fruit and vegetable,51.43,51.43,0.0,38.310001373291016,0.0,0.0,12214.0,3
2024-04-06,1639,Sprout_3,Fruit and vegetable,47.88,28.49,0.0,38.310001373291016,0.0,19.39,9690.0,3
2024-04-07,1639,Sprout_3,Fruit and vegetable,26.01,33.84,0.0,38.310001373291016,0.0,11.56,9684.0,3
2024-04-08,1639,Sprout_3,Fruit and vegetable,29.06,40.62,0.0,38.310001373291016,0.0,0.0,10147.0,3
2024-04-09,1639,Sprout_3,Fruit and vegetable,47.64,47.64,0.0,38.310001373291016,0.0,0.0,10198.0,3
2024-04-10,1639,Sprout_3,Fruit and vegetable,47.06,31.47,0.0,38.310001373291016,0.0,15.59,10762.0,3
2024-04-11,1639,Sprout_3,Fruit and vegetable,32.32,27.87,0.0,38.310001373291016,0.0,20.05,11005.0,3
2024-04-12,1639,Sprout_3,Fruit and vegetable,43.42,44.68,0.0,38.310001373291016,0.0,18.78,12008.0,3
2024-04-13,1639,Sprout_3,Fruit and vegetable,22.11,40.89,0.0,38.310001373291016,0.0,0.0,9772.0,3
2024-04-14,1639,Sprout_3,Fruit and vegetable,44.24,44.24,0.0,38.310001373291016,0.0,0.0,10033.0,3
2024-04-15,1639,Sprout_3,Fruit and vegetable,59.4,59.4,0.0,38.310001373291016,0.0,0.0,10806.0,3
2024-04-16,1639,Sprout_3,Fruit and vegetable,61.04,28.14,0.0,38.310001373291016,0.0,32.9,10398.0,3
2024-04-17,1639,Sprout_3,Fruit and vegetable,13.12,30.01,0.0,38.310001373291016,0.0,16.02,10170.0,3
2024-04-18,1639,Sprout_3,Fruit and vegetable,26.65,22.57,0.0,38.310001373291016,0.0,20.09,11244.0,3
2024-04-19,1639,Sprout_3,Fruit and vegetable,40.67,45.96,0.0,38.310001373291016,0.0,14.8,12858.0,3
2024-04-20,1639,Sprout_3,Fruit and vegetable,42.31,28.01,0.0,38.310001373291016,0.0,29.1,10666.0,3
2024-04-21,1639,Sprout_3,Fruit and vegetable,32.08,42.26,0.0,38.310001373291016,0.0,18.92,10309.0,3
2024-04-22,1639,Sprout_3,Fruit and vegetable,57.21,38.63,0.0,38.310001373291016,0.0,37.5,10488.0,3
2024-04-23,1639,Sprout_3,Fruit and vegetable,1.71,30.0,0.0,38.310001373291016,0.0,9.21,10195.0,3
2024-04-24,1639,Sprout_3,Fruit and vegetable,31.65,33.49,0.0,38.310001373291016,0.0,7.37,10255.0,3
2024-04-25,1639,Sprout_3,Fruit and vegetable,39.51,46.88,0.0,38.310001373291016,0.0,0.0,11238.0,3
2024-04-26,1639,Sprout_3,Fruit and vegetable,55.66,55.01,0.0,38.310001373291016,0.0,0.65,11988.0,3
2024-04-27,1639,Sprout_3,Fruit and vegetable,39.73,30.56,0.0,38.310001373291016,0.0,9.83,9223.0,3
2024-04-28,1639,Sprout_3,Fruit and vegetable,44.23,40.62,0.0,38.310001373291016,0.0,13.44,10142.0,3
2024-04-29,1639,Sprout_3,Fruit and vegetable,36.91,34.83,0.0,38.310001373291016,0.0,15.52,11011.0,3
2024-04-30,1639,Sprout_3,Fruit and vegetable,26.4,19.12,0.0,38.310001373291016,0.0,22.8,11142.0,3
2024-05-01,1639,Sprout_3,Fruit and vegetable,25.59,24.84,0.0,38.310001373291016,0.0,23.55,9874.0,3
2024-05-02,1639,Sprout_3,Fruit and vegetable,39.37,29.7,0.0,38.310001373291016,0.0,33.21,10795.0,3
2024-05-03,1639,Sprout_3,Fruit and vegetable,36.76,46.48,0.0,38.310001373291016,0.0,23.49,11872.0,3
2024-05-04,1639,Sprout_3,Fruit and vegetable,18.93,24.89,0.0,38.310001373291016,0.0,17.54,9787.0,3
2024-05-05,1639,Sprout_3,Fruit and vegetable,35.48,40.7,0.0,38.310001373291016,0.0,12.32,10036.0,3
2024-03-01,165,Tortilla_0,Bakery,179.18,179.18,0.0,60.66999816894531,0.3310999870300293,0.0,11812.0,2
2024-03-02,165,Tortilla_0,Bakery,179.18,169.81,0.0,60.66999816894531,0.3310999870300293,9.37,10054.0,2
2024-03-03,165,Tortilla_0,Bakery,178.29,167.65,0.0,60.66999816894531,0.3310999870300293,20.01,9613.0,2
2024-03-04,165,Tortilla_0,Bakery,167.01,175.83,0.0,60.66999816894531,0.3310999870300293,11.2,9834.0,2
2024-03-05,165,Tortilla_0,Bakery,174.8,154.75,0.0,60.66999816894531,0.3310999870300293,31.24,9746.0,2
2024-03-06,165,Tortilla_0,Bakery,159.99,174.25,0.0,60.66999816894531,0.3310999870300293,16.99,9774.0,2
2024-03-07,165,Tortilla_0,Bakery,173.27,177.33,0.0,60.66999816894531,0.3310999870300293,12.92,11142.0,2
2024-03-08,165,Tortilla_0,Bakery,186.79,199.71,0.0,60.66999816894531,0.3310999870300293,0.0,11864.0,2
2024-03-09,165,Tortilla_0,Bakery,187.17,167.17,0.0,60.66999816894531,0.3310999870300293,20.0,10078.0,2
2024-03-12,165,Tortilla_0,Bakery,185.24,14.7,20.0,60.66999816894531,0.3310999870300293,170.54,10267.0,2
2024-03-13,165,Tortilla_0,Bakery,84.66,135.81,0.0,60.66999816894531,0.3310999870300293,119.39,10214.0,2
2024-03-14,165,Tortilla_0,Bakery,148.53,133.59,34.73,60.66999816894531,0.3310999870300293,99.6,11286.0,2
2024-03-15,165,Tortilla_0,Bakery,153.13,164.8,0.0,60.66999816894531,0.3310999870300293,87.93,12108.0,2
2024-03-16,165,Tortilla_0,Bakery,166.99,5.3,0.0,60.66999816894531,0.0,249.62,10102.0,2
2024-03-17,165,Tortilla_0,Bakery,130.78,17.65,82.63,60.66999816894531,0.0,280.12,10186.0,2
2024-03-18,165,Tortilla_0,Bakery,132.2,24.67,149.34,60.66999816894531,0.0,238.31,10282.0,2
2024-03-19,165,Tortilla_0,Bakery,0.0,17.77,106.11,60.66999816894531,0.0,114.43,9794.0,2
2024-03-20,165,Tortilla_0,Bakery,224.89,19.44,114.43,60.66999816894531,0.0,205.45,10111.0,2
2024-03-21,165,Tortilla_0,Bakery,11.86,26.12,0.0,60.66999816894531,0.0,191.19,11034.0,2
2024-03-22,165,Tortilla_0,Bakery,224.24,20.71,179.33,60.66999816894531,0.0,215.4,11672.0,2
2024-03-23,165,Tortilla_0,Bakery,0.0,19.42,0.0,60.66999816894531,0.0,195.98,10153.0,2
2024-03-24,165,Tortilla_0,Bakery,21.9,19.21,195.98,60.66999816894531,0.0,2.69,10824.0,2
2024-03-25,165,Tortilla_0,Bakery,25.97,24.57,0.0,60.66999816894531,0.0,4.09,10530.0,2
2024-03-26,165,Tortilla_0,Bakery,17.65,3.49,0.0,60.66999816894531,0.0,18.25,10879.0,2
2024-03-27,165,Tortilla_0,Bakery,19.97,37.62,0.6,60.66999816894531,0.0,0.0,12451.0,2
2024-03-28,165,Tortilla_0,Bakery,39.19,18.71,0.0,60.66999816894531,0.0,20.48,12938.0,2
2024-03-29,165,Tortilla_0,Bakery,13.09,19.46,0.0,60.66999816894531,0.0,14.1,10045.0,2
2024-03-30,165,Tortilla_0,Bakery,19.19,3.66,1.02,60.66999816894531,0.0,28.62,8440.0,2
2024-03-31,165,Tortilla_0,Bakery,15.24,5.36,9.43,60.66999816894531,0.0,29.07,9558.0,2
2024-04-01,165,Tortilla_0,Bakery,25.71,19.54,13.83,60.66999816894531,0.0,21.41,9826.0,2
2024-04-02,165,Tortilla_0,Bakery,1.5,22.91,0.0,60.66999816894531,0.0,0.0,10261.0,2
2024-04-03,165,Tortilla_0,Bakery,52.21,33.68,0.0,60.66999816894531,0.0,18.53,9938.0,2
2024-04-04,165,Tortilla_0,Bakery,13.4,8.69,0.0,60.66999816894531,0.0,23.23,11179.0,2
2024-04-05,165,Tortilla_0,Bakery,19.92,6.86,9.84,60.66999816894531,0.0,26.46,12214.0,2
2024-04-06,165,Tortilla_0,Bakery,0.0,16.03,6.54,60.66999816894531,0.0,3.89,9690.0,2
2024-04-07,165,Tortilla_0,Bakery,24.94,24.94,3.89,60.66999816894531,0.0,0.0,9684.0,2
2024-04-08,165,Tortilla_0,Bakery,35.32,35.32,0.0,60.66999816894531,0.0,0.0,10147.0,2
2024-04-09,165,Tortilla_0,Bakery,37.32,14.11,0.0,60.66999816894531,0.0,23.21,10198.0,2
2024-04-10,165,Tortilla_0,Bakery,25.22,17.48,0.0,60.66999816894531,0.0,30.95,10762.0,2
2024-04-11,165,Tortilla_0,Bakery,0.0,6.97,5.73,60.66999816894531,0.0,18.25,11005.0,2
2024-04-12,165,Tortilla_0,Bakery,19.77,18.9,18.25,60.66999816894531,0.0,0.87,12008.0,2
2024-04-13,165,Tortilla_0,Bakery,26.62,8.89,0.0,60.66999816894531,0.0,18.6,9772.0,2
2024-04-14,165,Tortilla_0,Bakery,18.8,15.93,0.0,60.66999816894531,0.0,21.47,10033.0,2
2024-04-15,165,Tortilla_0,Bakery,28.38,10.48,2.67,60.66999816894531,0.0,36.7,10806.0,2
2024-04-16,165,Tortilla_0,Bakery,0.0,15.83,8.32,60.66999816894531,0.0,12.55,10398.0,2
2024-04-17,165,Tortilla_0,Bakery,23.42,15.89,12.55,60.66999816894531,0.0,7.53,10170.0,2
2024-04-18,165,Tortilla_0,Bakery,21.98,29.51,0.0,60.66999816894531,0.0,0.0,11244.0,2
2024-04-19,165,Tortilla_0,Bakery,27.49,22.13,0.0,60.66999816894531,0.0,5.36,12858.0,2
2024-04-20,165,Tortilla_0,Bakery,12.5,15.76,0.0,60.66999816894531,0.0,2.1,10666.0,2
2024-04-21,165,Tortilla_0,Bakery,21.66,15.85,0.0,60.66999816894531,0.0,7.91,10309.0,2
2024-04-22,165,Tortilla_0,Bakery,10.41,8.78,0.0,60.66999816894531,0.0,9.54,10488.0,2
2024-04-23,165,Tortilla_0,Bakery,15.16,24.7,0.0,60.66999816894531,0.0,0.0,10195.0,2
2024-04-24,165,Tortilla_0,Bakery,24.75,12.34,0.0,60.66999816894531,0.0,12.41,10255.0,2
2024-04-25,165,Tortilla_0,Bakery,26.45,22.57,0.0,60.66999816894531,0.0,16.28,11238.0,2
2024-04-26,165,Tortilla_0,Bakery,13.37,24.07,0.0,60.66999816894531,0.0,5.59,11988.0,2
2024-04-27,165,Tortilla_0,Bakery,18.08,12.58,0.0,60.66999816894531,0.0,11.08,9223.0,2
2024-04-28,165,Tortilla_0,Bakery,13.03,14.13,0.0,60.66999816894531,0.0,9.98,10142.0,2
2024-04-29,165,Tortilla_0,Bakery,7.18,10.45,0.0,60.66999816894531,0.0,6.71,11011.0,2
2024-04-30,165,Tortilla_0,Bakery,25.95,17.38,0.0,60.66999816894531,0.0,15.28,11142.0,2
2024-05-01,165,Tortilla_0,Bakery,3.86,12.42,0.0,60.66999816894531,0.0,6.72,9874.0,2
2024-05-02,165,Tortilla_0,Bakery,25.5,13.98,2.86,60.66999816894531,0.0,15.38,10795.0,2
2024-05-03,165,Tortilla_0,Bakery,14.49,18.94,0.0,60.66999816894531,0.0,10.92,11872.0,2
2024-05-04,165,Tortilla_0,Bakery,5.44,16.0,0.0,60.66999816894531,0.0,0.36,9787.0,2
2024-05-05,165,Tortilla_0,Bakery,17.49,17.69,0.0,60.66999816894531,0.0,0.17,10036.0,2
2024-03-01,1656,Snack_5,Bakery,17.23,17.23,0.0,25.200000762939453,0.0,0.0,11812.0,2
2024-03-02,1656,Snack_5,Bakery,17.23,10.61,0.0,25.200000762939453,0.0,6.62,10054.0,2
2024-03-03,1656,Snack_5,Bakery,16.6,10.7,0.0,25.200000762939453,0.0,12.52,9613.0,2
2024-03-04,1656,Snack_5,Bakery,9.57,19.54,0.0,25.200000762939453,0.0,2.55,9834.0,2
2024-03-05,1656,Snack_5,Bakery,20.52,10.67,0.0,25.200000762939453,0.0,12.4,9746.0,2
2024-03-06,1656,Snack_5,Bakery,10.35,8.89,0.0,25.200000762939453,0.0,13.86,9774.0,2
2024-03-07,1656,Snack_5,Bakery,12.43,13.91,3.51,25.200000762939453,0.0,8.87,11142.0,2
2024-03-08,1656,Snack_5,Bakery,13.45,18.94,0.0,25.200000762939453,0.0,3.38,11864.0,2
2024-03-09,1656,Snack_5,Bakery,16.07,19.45,0.0,25.200000762939453,0.0,0.0,10078.0,2
2024-03-10,1656,Snack_5,Bakery,17.67,17.67,0.0,25.200000762939453,0.0,0.0,10124.0,2
2024-03-11,1656,Snack_5,Bakery,25.22,14.13,0.0,25.200000762939453,0.0,11.09,10122.0,2
2024-03-12,1656,Snack_5,Bakery,10.06,21.15,0.0,25.200000762939453,0.0,0.0,10267.0,2
2024-03-13,1656,Snack_5,Bakery,22.93,22.93,0.0,25.200000762939453,0.0,0.0,10214.0,2
2024-03-14,1656,Snack_5,Bakery,31.23,31.23,0.0,25.200000762939453,0.0,0.0,11286.0,2
2024-03-15,1656,Snack_5,Bakery,25.81,13.73,0.0,25.200000762939453,0.0,12.08,12108.0,2
2024-03-16,1656,Snack_5,Bakery,16.2,28.28,0.0,25.200000762939453,0.0,0.0,10102.0,2
2024-03-17,1656,Snack_5,Bakery,26.29,14.12,0.0,25.200000762939453,0.0,12.17,10186.0,2
2024-03-18,1656,Snack_5,Bakery,17.78,29.95,0.0,25.200000762939453,0.0,0.0,10282.0,2
2024-03-19,1656,Snack_5,Bakery,30.38,10.66,0.0,25.200000762939453,0.0,19.72,9794.0,2
2024-03-20,1656,Snack_5,Bakery,14.25,14.14,0.0,25.200000762939453,0.0,19.83,10111.0,2
2024-03-21,1656,Snack_5,Bakery,28.53,8.71,5.58,25.200000762939453,0.0,34.07,11034.0,2
2024-03-22,1656,Snack_5,Bakery,7.71,36.24,5.54,25.200000762939453,0.0,0.0,11672.0,2
2024-03-23,1656,Snack_5,Bakery,42.25,24.72,0.0,25.200000762939453,0.0,17.53,10153.0,2
2024-03-24,1656,Snack_5,Bakery,10.1,13.97,0.0,25.200000762939453,0.0,13.66,10824.0,2
2024-03-25,1656,Snack_5,Bakery,33.37,8.77,3.56,25.200000762939453,0.0,34.71,10530.0,2
2024-03-26,1656,Snack_5,Bakery,0.0,6.98,1.33,25.200000762939453,0.0,26.39,10879.0,2
2024-03-27,1656,Snack_5,Bakery,27.76,20.52,26.39,25.200000762939453,0.0,7.24,12451.0,2
2024-03-28,1656,Snack_5,Bakery,15.17,8.5,0.0,25.200000762939453,0.0,13.92,12938.0,2
2024-03-29,1656,Snack_5,Bakery,36.07,1.77,0.0,25.200000762939453,0.0,48.21,10045.0,2
2024-03-30,1656,Snack_5,Bakery,0.0,5.49,12.15,25.200000762939453,0.0,30.58,8440.0,2
2024-03-31,1656,Snack_5,Bakery,21.81,7.14,30.58,25.200000762939453,0.0,14.67,9558.0,2
2024-04-01,1656,Snack_5,Bakery,1.55,7.82,0.0,25.200000762939453,0.0,8.4,9826.0,2
2024-04-02,1656,Snack_5,Bakery,12.88,12.64,6.85,25.200000762939453,0.0,1.79,10261.0,2
2024-04-03,1656,Snack_5,Bakery,28.34,30.13,0.0,25.200000762939453,0.0,0.0,9938.0,2
2024-04-04,1656,Snack_5,Bakery,20.34,8.69,0.0,25.200000762939453,0.0,11.65,11179.0,2
2024-04-05,1656,Snack_5,Bakery,5.49,17.14,0.0,25.200000762939453,0.0,0.0,12214.0,2
2024-04-06,1656,Snack_5,Bakery,16.53,5.34,0.0,25.200000762939453,0.0,11.19,9690.0,2
2024-04-07,1656,Snack_5,Bakery,7.02,10.69,0.0,25.200000762939453,0.0,7.52,9684.0,2
2024-04-08,1656,Snack_5,Bakery,11.51,14.13,0.5,25.200000762939453,0.0,4.4,10147.0,2
2024-04-09,1656,Snack_5,Bakery,18.51,12.35,0.0,25.200000762939453,0.0,10.56,10198.0,2
2024-04-10,1656,Snack_5,Bakery,29.85,10.49,0.0,25.200000762939453,0.0,29.92,10762.0,2
2024-04-11,1656,Snack_5,Bakery,0.0,10.45,0.07,25.200000762939453,0.0,19.4,11005.0,2
2024-04-12,1656,Snack_5,Bakery,21.82,3.44,19.4,25.200000762939453,0.0,18.38,12008.0,2
2024-04-13,1656,Snack_5,Bakery,4.73,23.11,0.0,25.200000762939453,0.0,0.0,9772.0,2
2024-04-14,1656,Snack_5,Bakery,18.22,7.08,0.0,25.200000762939453,0.0,11.14,10033.0,2
2024-04-15,1656,Snack_5,Bakery,10.9,13.98,0.0,25.200000762939453,0.0,8.06,10806.0,2
2024-04-16,1656,Snack_5,Bakery,12.19,14.07,0.0,25.200000762939453,0.0,6.18,10398.0,2
2024-04-17,1656,Snack_5,Bakery,12.3,7.06,0.0,25.200000762939453,0.0,11.42,10170.0,2
2024-04-18,1656,Snack_5,Bakery,14.62,26.04,0.0,25.200000762939453,0.0,0.0,11244.0,2
2024-04-19,1656,Snack_5,Bakery,14.33,10.21,0.0,25.200000762939453,0.0,4.12,12858.0,2
2024-04-20,1656,Snack_5,Bakery,28.58,15.76,0.0,25.200000762939453,0.0,16.94,10666.0,2
2024-04-21,1656,Snack_5,Bakery,0.0,8.81,0.0,25.200000762939453,0.0,8.13,10309.0,2
2024-04-22,1656,Snack_5,Bakery,22.02,15.8,8.13,25.200000762939453,0.0,6.22,10488.0,2
2024-04-23,1656,Snack_5,Bakery,22.01,28.23,0.0,25.200000762939453,0.0,0.0,10195.0,2
2024-04-24,1656,Snack_5,Bakery,17.71,12.34,0.0,25.200000762939453,0.0,5.37,10255.0,2
2024-04-25,1656,Snack_5,Bakery,30.38,20.83,0.0,25.200000762939453,0.0,14.92,11238.0,2
2024-04-26,1656,Snack_5,Bakery,9.15,24.07,0.0,25.200000762939453,0.0,0.0,11988.0,2
2024-04-27,1656,Snack_5,Bakery,24.44,1.8,0.0,25.200000762939453,0.0,22.64,9223.0,2
2024-04-28,1656,Snack_5,Bakery,0.0,21.19,0.0,25.200000762939453,0.0,1.45,10142.0,2
2024-04-29,1656,Snack_5,Bakery,26.99,13.93,1.45,25.200000762939453,0.0,13.06,11011.0,2
2024-04-30,1656,Snack_5,Bakery,26.48,6.95,0.0,25.200000762939453,0.0,32.6,11142.0,2
2024-05-01,1656,Snack_5,Bakery,0.0,10.65,6.11,25.200000762939453,0.0,15.83,9874.0,2
2024-05-02,1656,Snack_5,Bakery,31.4,19.22,15.83,25.200000762939453,0.0,12.18,10795.0,2
2024-05-03,1656,Snack_5,Bakery,22.21,13.77,0.0,25.200000762939453,0.0,20.62,11872.0,2
2024-05-04,1656,Snack_5,Bakery,0.0,14.22,0.0,25.200000762939453,0.0,6.4,9787.0,2
2024-05-05,1656,Snack_5,Bakery,27.36,3.54,6.4,25.200000762939453,0.0,23.82,10036.0,2
2024-03-01,1691,Apple_93,Fruit and vegetable,335.1,335.1,0.0,38.22999954223633,0.0,0.0,11812.0,3
2024-03-02,1691,Apple_93,Fruit and vegetable,335.1,276.52,0.0,38.22999954223633,0.0,58.58,10054.0,3
2024-03-03,1691,Apple_93,Fruit and vegetable,329.54,254.91,0.0,38.22999954223633,0.0,133.21,9613.0,3
2024-03-04,1691,Apple_93,Fruit and vegetable,255.0,270.33,0.0,38.22999954223633,0.0,117.88,9834.0,3
2024-03-05,1691,Apple_93,Fruit and vegetable,262.17,249.81,0.0,38.22999954223633,0.0,130.24,9746.0,3
2024-03-06,1691,Apple_93,Fruit and vegetable,248.49,207.66,0.0,38.22999954223633,0.0,171.07,9774.0,3
2024-03-07,1691,Apple_93,Fruit and vegetable,217.4,301.16,0.0,38.22999954223633,0.0,87.31,11142.0,3
2024-03-08,1691,Apple_93,Fruit and vegetable,299.44,377.94,0.0,38.22999954223633,0.0,8.81,11864.0,3
2024-03-09,1691,Apple_93,Fruit and vegetable,335.55,267.37,0.0,38.22999954223633,0.0,76.99,10078.0,3
2024-03-10,1691,Apple_93,Fruit and vegetable,245.92,247.99,0.0,38.22999954223633,0.0,74.92,10124.0,3
2024-03-11,1691,Apple_93,Fruit and vegetable,264.06,196.45,0.0,38.22999954223633,0.0,142.53,10122.0,3
2024-03-12,1691,Apple_93,Fruit and vegetable,185.78,241.55,0.0,39.31999969482422,0.0,86.76,10267.0,3
2024-03-14,1691,Apple_93,Fruit and vegetable,199.91,222.35,0.0,39.31999969482422,0.0,64.32,11286.0,3
2024-03-15,1691,Apple_93,Fruit and vegetable,313.33,341.35,0.0,39.31999969482422,0.0,36.3,12108.0,3
2024-03-16,1691,Apple_93,Fruit and vegetable,425.44,190.8,0.0,39.310001373291016,0.0,270.94,10102.0,3
2024-03-17,1691,Apple_93,Fruit and vegetable,61.7,223.45,0.0,39.310001373291016,0.0,109.2,10186.0,3
2024-03-18,1691,Apple_93,Fruit and vegetable,203.23,127.43,0.0,39.31999969482422,0.0,184.99,10282.0,3
2024-03-19,1691,Apple_93,Fruit and vegetable,94.38,134.94,0.0,39.31999969482422,0.0,144.43,9794.0,3
2024-03-20,1691,Apple_93,Fruit and vegetable,189.69,115.78,0.0,39.31999969482422,0.0,218.34,10111.0,3
2024-03-21,1691,Apple_93,Fruit and vegetable,105.11,138.83,0.0,39.31999969482422,0.0,184.62,11034.0,3
2024-03-22,1691,Apple_93,Fruit and vegetable,259.44,185.18,0.0,39.310001373291016,0.0,258.87,11672.0,3
2024-03-23,1691,Apple_93,Fruit and vegetable,0.0,98.05,0.0,39.31999969482422,0.0,160.82,10153.0,3
2024-03-24,1691,Apple_93,Fruit and vegetable,118.09,139.78,0.0,39.31999969482422,0.0,139.13,10824.0,3
2024-03-25,1691,Apple_93,Fruit and vegetable,112.43,230.52,21.04,39.310001373291016,0.0,0.0,10530.0,3
2024-03-26,1691,Apple_93,Fruit and vegetable,230.18,230.18,0.0,39.31999969482422,0.0,0.0,10879.0,3
2024-03-27,1691,Apple_93,Fruit and vegetable,249.91,249.91,0.0,39.31999969482422,0.0,0.0,12451.0,3
2024-03-28,1691,Apple_93,Fruit and vegetable,212.71,194.57,0.0,39.31999969482422,0.0,18.14,12938.0,3
2024-03-29,1691,Apple_93,Fruit and vegetable,236.88,194.37,0.0,39.310001373291016,0.0,60.66,10045.0,3
2024-03-30,1691,Apple_93,Fruit and vegetable,107.22,161.93,0.0,39.29999923706055,0.0,5.94,8440.0,3
2024-03-31,1691,Apple_93,Fruit and vegetable,184.69,117.72,0.0,39.31999969482422,0.0,72.91,9558.0,3
2024-04-01,1691,Apple_93,Fruit and vegetable,216.15,277.55,0.0,39.31999969482422,0.0,11.52,9826.0,3
2024-04-02,1691,Apple_93,Fruit and vegetable,350.91,362.43,0.0,38.33000183105469,0.0,0.0,10261.0,3
2024-04-03,1691,Apple_93,Fruit and vegetable,353.87,257.46,0.0,38.33000183105469,0.0,96.41,9938.0,3
2024-04-04,1691,Apple_93,Fruit and vegetable,202.72,234.02,0.0,38.31999969482422,0.0,65.12,11179.0,3
2024-04-05,1691,Apple_93,Fruit and vegetable,278.19,343.31,0.0,38.33000183105469,0.0,0.0,12214.0,3
2024-04-06,1691,Apple_93,Fruit and vegetable,276.02,208.58,0.0,38.33000183105469,0.0,67.44,9690.0,3
2024-04-07,1691,Apple_93,Fruit and vegetable,237.54,304.98,0.0,38.33000183105469,0.0,0.0,9684.0,3
2024-04-08,1691,Apple_93,Fruit and vegetable,349.66,86.32,0.0,38.33000183105469,0.0,263.34,10147.0,3
2024-04-09,1691,Apple_93,Fruit and vegetable,219.25,287.59,0.0,38.33000183105469,0.0,195.0,10198.0,3
2024-04-10,1691,Apple_93,Fruit and vegetable,169.37,307.11,0.0,38.31999969482422,0.0,57.25,10762.0,3
2024-04-11,1691,Apple_93,Fruit and vegetable,287.74,339.07,0.0,38.31999969482422,0.0,5.92,11005.0,3
2024-04-12,1691,Apple_93,Fruit and vegetable,454.87,362.78,0.0,38.33000183105469,0.0,98.01,12008.0,3
2024-04-13,1691,Apple_93,Fruit and vegetable,231.77,257.96,0.0,38.33000183105469,0.0,71.82,9772.0,3
2024-04-14,1691,Apple_93,Fruit and vegetable,349.69,296.12,0.0,38.31999969482422,0.0,125.39,10033.0,3
2024-04-15,1691,Apple_93,Fruit and vegetable,130.3,255.69,0.0,38.33000183105469,0.0,0.0,10806.0,3
2024-04-16,1691,Apple_93,Fruit and vegetable,338.29,179.89,0.0,38.31999969482422,0.0,158.4,10398.0,3
2024-04-17,1691,Apple_93,Fruit and vegetable,226.61,194.94,0.0,38.31999969482422,0.0,190.07,10170.0,3
2024-04-18,1691,Apple_93,Fruit and vegetable,236.7,216.27,0.0,38.33000183105469,0.0,210.49,11244.0,3
2024-04-19,1691,Apple_93,Fruit and vegetable,233.24,303.74,0.0,38.33000183105469,0.0,139.99,12858.0,3
2024-04-20,1691,Apple_93,Fruit and vegetable,179.58,180.74,0.0,38.31999969482422,0.0,138.83,10666.0,3
2024-04-21,1691,Apple_93,Fruit and vegetable,224.98,251.6,0.0,38.33000183105469,0.0,112.21,10309.0,3
2024-04-22,1691,Apple_93,Fruit and vegetable,202.63,196.36,0.0,38.33000183105469,0.0,118.48,10488.0,3
2024-04-23,1691,Apple_93,Fruit and vegetable,119.42,119.37,0.0,38.31999969482422,0.0,118.53,10195.0,3
2024-04-24,1691,Apple_93,Fruit and vegetable,150.37,161.62,0.0,38.33000183105469,0.0,107.28,10255.0,3
2024-04-25,1691,Apple_93,Fruit and vegetable,186.36,174.01,0.0,38.310001373291016,0.0,119.63,11238.0,3
2024-04-26,1691,Apple_93,Fruit and vegetable,262.38,239.85,0.0,38.31999969482422,0.0,142.16,11988.0,3
2024-04-27,1691,Apple_93,Fruit and vegetable,96.88,120.47,0.0,38.33000183105469,0.0,118.58,9223.0,3
2024-04-28,1691,Apple_93,Fruit and vegetable,200.29,162.22,0.0,38.31999969482422,0.0,156.64,10142.0,3
2024-04-29,1691,Apple_93,Fruit and vegetable,147.13,303.77,0.0,38.33000183105469,0.0,0.0,11011.0,3
2024-04-30,1691,Apple_93,Fruit and vegetable,229.39,229.39,0.0,38.31999969482422,0.0,0.0,11142.0,3
2024-05-01,1691,Apple_93,Fruit and vegetable,241.06,232.69,0.0,38.33000183105469,0.0,8.37,9874.0,3
2024-05-02,1691,Apple_93,Fruit and vegetable,265.86,274.23,0.0,38.31999969482422,0.0,0.0,10795.0,3
2024-05-03,1691,Apple_93,Fruit and vegetable,367.78,367.78,0.0,38.31999969482422,0.0,0.0,11872.0,3
2024-05-04,1691,Apple_93,Fruit and vegetable,227.63,210.51,0.0,38.31999969482422,0.0,17.12,9787.0,3
2024-05-05,1691,Apple_93,Fruit and vegetable,233.41,250.53,0.0,38.33000183105469,0.0,0.0,10036.0,3
2024-03-01,1713,Baguette_25,Bakery,239.48,239.48,0.0,13.779999732971191,0.0,0.0,11812.0,2
2024-03-02,1713,Baguette_25,Bakery,239.48,178.65,0.0,13.779999732971191,0.0,60.83,10054.0,2
2024-03-03,1713,Baguette_25,Bakery,233.71,158.73,0.0,13.779999732971191,0.0,135.81,9613.0,2
2024-03-04,1713,Baguette_25,Bakery,157.52,211.35,0.0,13.779999732971191,0.0,81.98,9834.0,2
2024-03-05,1713,Baguette_25,Bakery,203.13,136.97,0.0,13.779999732971191,0.0,148.14,9746.0,2
2024-03-06,1713,Baguette_25,Bakery,143.73,144.02,0.0,13.779999732971191,0.0,147.85,9774.0,2
2024-03-07,1713,Baguette_25,Bakery,147.28,276.42,4.12,13.779999732971191,0.0,14.58,11142.0,2
2024-03-08,1713,Baguette_25,Bakery,291.76,270.3,0.0,13.779999732971191,0.0,36.04,11864.0,2
2024-03-09,1713,Baguette_25,Bakery,303.43,339.47,0.0,13.779999732971191,0.0,0.0,10078.0,2
2024-03-10,1713,Baguette_25,Bakery,258.54,174.89,0.0,13.779999732971191,0.0,83.65,10124.0,2
2024-03-11,1713,Baguette_25,Bakery,225.1,196.11,0.0,13.779999732971191,0.0,112.63,10122.0,2
2024-03-12,1713,Baguette_25,Bakery,122.46,133.93,0.0,13.779999732971191,0.0,101.16,10267.0,2
2024-03-13,1713,Baguette_25,Bakery,141.69,169.32,0.0,13.779999732971191,0.0,73.53,10214.0,2
2024-03-14,1713,Baguette_25,Bakery,297.11,190.85,0.0,13.779999732971191,0.0,179.79,11286.0,2
2024-03-15,1713,Baguette_25,Bakery,180.46,240.34,0.0,13.779999732971191,0.0,119.91,12108.0,2
2024-03-16,1713,Baguette_25,Bakery,305.15,231.52,0.0,13.779999732971191,0.0,193.54,10102.0,2
2024-03-17,1713,Baguette_25,Bakery,28.35,114.71,0.0,13.779999732971191,0.0,107.18,10186.0,2
2024-03-18,1713,Baguette_25,Bakery,227.64,151.52,78.83,13.779999732971191,0.0,104.47,10282.0,2
2024-03-19,1713,Baguette_25,Bakery,90.43,190.16,0.0,13.779999732971191,0.0,4.74,9794.0,2
2024-03-20,1713,Baguette_25,Bakery,220.83,160.8,0.0,13.779999732971191,0.0,64.77,10111.0,2
2024-03-21,1713,Baguette_25,Bakery,183.09,208.94,0.0,13.779999732971191,0.0,38.92,11034.0,2
2024-03-22,1713,Baguette_25,Bakery,259.78,253.7,0.0,13.779999732971191,0.0,45.0,11672.0,2
2024-03-23,1713,Baguette_25,Bakery,248.55,218.95,0.0,13.779999732971191,0.0,74.6,10153.0,2
2024-03-24,1713,Baguette_25,Bakery,155.96,230.56,0.0,13.779999732971191,0.0,0.0,10824.0,2
2024-03-25,1713,Baguette_25,Bakery,198.87,184.24,0.0,13.779999732971191,0.0,14.63,10530.0,2
2024-03-26,1713,Baguette_25,Bakery,215.39,174.51,0.0,13.779999732971191,0.0,55.51,10879.0,2
2024-03-27,1713,Baguette_25,Bakery,243.71,299.22,0.0,13.779999732971191,0.0,0.0,12451.0,2
2024-03-28,1713,Baguette_25,Bakery,265.33,265.33,0.0,13.779999732971191,0.0,0.0,12938.0,2
2024-03-29,1713,Baguette_25,Bakery,310.6,205.22,0.0,13.779999732971191,0.0,105.38,10045.0,2
2024-03-30,1713,Baguette_25,Bakery,170.34,137.37,0.0,13.779999732971191,0.0,138.35,8440.0,2
2024-03-31,1713,Baguette_25,Bakery,163.41,273.19,0.0,13.779999732971191,0.0,28.57,9558.0,2
2024-04-01,1713,Baguette_25,Bakery,232.39,234.46,0.0,13.779999732971191,0.0,26.5,9826.0,2
2024-04-02,1713,Baguette_25,Bakery,222.17,183.3,0.0,13.779999732971191,0.0,65.36,10261.0,2
2024-04-03,1713,Baguette_25,Bakery,306.41,148.88,0.0,13.779999732971191,0.0,222.9,9938.0,2
2024-04-04,1713,Baguette_25,Bakery,111.22,288.42,0.0,13.779999732971191,0.0,45.7,11179.0,2
2024-04-05,1713,Baguette_25,Bakery,234.32,238.31,0.0,13.779999732971191,0.0,41.71,12214.0,2
2024-04-06,1713,Baguette_25,Bakery,171.57,165.63,0.0,13.779999732971191,0.0,47.65,9690.0,2
2024-04-07,1713,Baguette_25,Bakery,294.49,183.46,0.0,13.779999732971191,0.0,158.67,9684.0,2
2024-04-08,1713,Baguette_25,Bakery,138.85,247.23,0.0,13.779999732971191,0.0,50.29,10147.0,2
2024-04-09,1713,Baguette_25,Bakery,214.36,264.65,0.0,13.779999732971191,0.0,0.0,10198.0,2
2024-04-10,1713,Baguette_25,Bakery,217.21,195.8,0.0,13.779999732971191,0.0,21.41,10762.0,2
2024-04-11,1713,Baguette_25,Bakery,325.1,191.6,0.0,13.779999732971191,0.0,154.91,11005.0,2
2024-04-12,1713,Baguette_25,Bakery,131.14,266.39,0.0,13.779999732971191,0.0,19.66,12008.0,2
2024-04-13,1713,Baguette_25,Bakery,199.46,181.36,0.0,13.779999732971191,0.0,37.76,9772.0,2
2024-04-14,1713,Baguette_25,Bakery,195.53,136.25,0.0,13.779999732971191,0.0,97.04,10033.0,2
2024-04-15,1713,Baguette_25,Bakery,212.73,169.47,0.0,13.779999732971191,0.0,140.31,10806.0,2
2024-04-16,1713,Baguette_25,Bakery,186.2,244.43,0.0,13.779999732971191,0.0,82.08,10398.0,2
2024-04-17,1713,Baguette_25,Bakery,170.44,229.49,0.0,13.779999732971191,0.0,23.03,10170.0,2
2024-04-18,1713,Baguette_25,Bakery,227.26,210.05,0.0,13.779999732971191,0.0,40.24,11244.0,2
2024-04-19,1713,Baguette_25,Bakery,284.56,250.25,0.0,13.779999732971191,0.0,74.55,12858.0,2
2024-04-20,1713,Baguette_25,Bakery,160.98,187.34,0.0,13.779999732971191,0.0,48.2,10666.0,2
2024-04-21,1713,Baguette_25,Bakery,141.65,162.01,0.0,13.779999732971191,0.0,27.84,10309.0,2
2024-04-22,1713,Baguette_25,Bakery,232.03,259.87,0.0,13.779999732971191,0.0,0.0,10488.0,2
2024-04-23,1713,Baguette_25,Bakery,290.34,134.1,0.0,13.779999732971191,0.0,156.24,10195.0,2
2024-04-24,1713,Baguette_25,Bakery,132.53,163.92,0.0,13.779999732971191,0.0,124.85,10255.0,2
2024-04-25,1713,Baguette_25,Bakery,145.48,192.71,0.0,13.779999732971191,0.0,77.62,11238.0,2
2024-04-26,1713,Baguette_25,Bakery,232.34,251.0,0.0,13.779999732971191,0.0,58.96,11988.0,2
2024-04-27,1713,Baguette_25,Bakery,188.29,129.45,0.0,13.779999732971191,0.0,117.8,9223.0,2
2024-04-28,1713,Baguette_25,Bakery,111.68,220.75,0.0,13.779999732971191,0.0,8.73,10142.0,2
2024-04-29,1713,Baguette_25,Bakery,319.19,221.2,0.0,13.779999732971191,0.0,106.72,11011.0,2
2024-04-30,1713,Baguette_25,Bakery,131.45,238.17,0.0,14.930000305175781,0.0,0.0,11142.0,2
2024-05-01,1713,Baguette_25,Bakery,219.29,193.43,0.0,14.930000305175781,0.0,25.86,9874.0,2
2024-05-02,1713,Baguette_25,Bakery,218.31,178.23,0.0,14.930000305175781,0.0,65.95,10795.0,2
2024-05-03,1713,Baguette_25,Bakery,238.05,287.5,0.0,14.930000305175781,0.0,16.49,11872.0,2
2024-05-04,1713,Baguette_25,Bakery,209.25,225.74,0.0,14.930000305175781,0.0,0.0,9787.0,2
2024-05-05,1713,Baguette_25,Bakery,265.34,123.86,0.0,14.930000305175781,0.0,141.48,10036.0,2
2024-03-01,1716,Spinach_9,Fruit and vegetable,34.37,34.37,0.0,95.38999938964844,0.0,0.0,11812.0,3
2024-03-03,1716,Spinach_9,Fruit and vegetable,34.37,21.31,0.0,95.38999938964844,0.0,13.06,9613.0,3
2024-03-04,1716,Spinach_9,Fruit and vegetable,33.13,21.31,0.0,95.38999938964844,0.0,24.88,9834.0,3
2024-03-05,1716,Spinach_9,Fruit and vegetable,19.14,14.23,0.0,95.38999938964844,0.0,29.79,9746.0,3
2024-03-06,1716,Spinach_9,Fruit and vegetable,15.33,14.22,0.0,95.38999938964844,0.0,30.9,9774.0,3
2024-03-07,1716,Spinach_9,Fruit and vegetable,14.0,29.55,0.0,95.38999938964844,0.0,15.35,11142.0,3
2024-03-08,1716,Spinach_9,Fruit and vegetable,29.42,17.22,0.0,95.38999938964844,0.0,27.55,11864.0,3
2024-03-09,1716,Spinach_9,Fruit and vegetable,16.65,38.9,0.0,95.38999938964844,0.0,5.31,10078.0,3
2024-03-10,1716,Spinach_9,Fruit and vegetable,27.53,26.5,0.0,95.38999938964844,0.0,6.33,10124.0,3
2024-03-11,1716,Spinach_9,Fruit and vegetable,27.24,33.57,0.0,95.38999938964844,0.0,0.0,10122.0,3
2024-03-12,1716,Spinach_9,Fruit and vegetable,29.96,29.96,0.0,95.38999938964844,0.0,0.0,10267.0,3
2024-03-13,1716,Spinach_9,Fruit and vegetable,42.33,42.33,0.0,95.38999938964844,0.0,0.0,10214.0,3
2024-03-14,1716,Spinach_9,Fruit and vegetable,40.14,28.92,0.0,95.38999938964844,0.0,11.22,11286.0,3
2024-03-17,1716,Spinach_9,Fruit and vegetable,27.84,23.86,11.22,95.38999938964844,0.0,3.98,10186.0,3
2024-03-18,1716,Spinach_9,Fruit and vegetable,43.46,21.14,0.0,95.38999938964844,0.0,26.3,10282.0,3
2024-03-19,1716,Spinach_9,Fruit and vegetable,9.14,17.77,0.0,95.38999938964844,0.0,17.67,9794.0,3
2024-03-20,1716,Spinach_9,Fruit and vegetable,26.48,35.34,0.0,95.38999938964844,0.0,8.81,10111.0,3
2024-03-21,1716,Spinach_9,Fruit and vegetable,32.01,31.34,0.0,95.38999938964844,0.0,9.47,11034.0,3
2024-03-22,1716,Spinach_9,Fruit and vegetable,43.78,30.12,0.0,95.38999938964844,0.0,23.13,11672.0,3
2024-03-27,1716,Spinach_9,Fruit and vegetable,184.9,184.9,23.13,95.38999938964844,0.2780900001525879,0.0,12451.0,3
2024-03-28,1716,Spinach_9,Fruit and vegetable,231.31,231.31,0.0,95.38999938964844,0.2780900001525879,0.0,12938.0,3
2024-03-29,1716,Spinach_9,Fruit and vegetable,171.6,171.6,0.0,95.38999938964844,0.2780900001525879,0.0,10045.0,3
2024-03-30,1716,Spinach_9,Fruit and vegetable,134.75,124.55,0.0,95.38999938964844,0.2780900001525879,10.2,8440.0,3
2024-03-31,1716,Spinach_9,Fruit and vegetable,132.55,105.35,0.0,95.38999938964844,0.2780900001525879,37.41,9558.0,3
2024-04-01,1716,Spinach_9,Fruit and vegetable,92.0,17.76,0.0,95.38999938964844,0.0,111.65,9826.0,3
2024-04-02,1716,Spinach_9,Fruit and vegetable,20.25,49.35,0.0,95.38999938964844,0.0,82.55,10261.0,3
2024-04-03,1716,Spinach_9,Fruit and vegetable,199.63,69.12,0.0,95.38999938964844,0.0,213.06,9938.0,3
2024-04-04,1716,Spinach_9,Fruit and vegetable,112.6,41.7,0.0,95.38999938964844,0.0,283.96,11179.0,3
2024-04-05,1716,Spinach_9,Fruit and vegetable,0.0,48.01,0.0,95.38999938964844,0.0,235.95,12214.0,3
2024-04-06,1716,Spinach_9,Fruit and vegetable,60.12,26.71,123.35,95.38999938964844,0.0,146.02,9690.0,3
2024-04-07,1716,Spinach_9,Fruit and vegetable,82.45,51.65,85.89,95.38999938964844,0.0,90.93,9684.0,3
2024-04-08,1716,Spinach_9,Fruit and vegetable,0.0,28.25,0.0,95.38999938964844,0.0,62.68,10147.0,3
2024-04-09,1716,Spinach_9,Fruit and vegetable,5.37,19.41,0.0,95.38999938964844,0.0,48.64,10198.0,3
2024-04-10,1716,Spinach_9,Fruit and vegetable,85.84,26.22,43.27,95.38999938964844,0.0,64.98,10762.0,3
2024-04-11,1716,Spinach_9,Fruit and vegetable,0.0,41.8,0.0,95.38999938964844,0.0,23.18,11005.0,3
2024-04-12,1716,Spinach_9,Fruit and vegetable,40.73,27.76,0.0,95.38999938964844,0.0,36.15,12008.0,3
2024-04-14,1716,Spinach_9,Fruit and vegetable,4.71,29.89,0.0,95.38999938964844,0.0,10.97,10033.0,3
2024-04-15,1716,Spinach_9,Fruit and vegetable,60.87,24.76,6.26,95.38999938964844,0.0,40.82,10806.0,3
2024-04-19,1716,Spinach_9,Fruit and vegetable,37.18,37.18,40.82,95.38999938964844,0.0,0.0,12858.0,3
2024-04-20,1716,Spinach_9,Fruit and vegetable,40.27,40.27,0.0,95.38999938964844,0.0,0.0,10666.0,3
2024-04-21,1716,Spinach_9,Fruit and vegetable,36.98,36.98,0.0,95.38999938964844,0.0,0.0,10309.0,3
2024-04-22,1716,Spinach_9,Fruit and vegetable,50.23,22.83,0.0,95.38999938964844,0.0,27.4,10488.0,3
2024-04-23,1716,Spinach_9,Fruit and vegetable,9.05,34.92,0.0,95.38999938964844,0.0,1.53,10195.0,3
2024-04-24,1716,Spinach_9,Fruit and vegetable,36.92,22.03,0.0,95.38999938964844,0.0,16.42,10255.0,3
2024-04-25,1716,Spinach_9,Fruit and vegetable,18.27,33.47,0.0,95.38999938964844,0.0,1.22,11238.0,3
2024-04-26,1716,Spinach_9,Fruit and vegetable,45.2,31.94,0.0,95.38999938964844,0.0,14.47,11988.0,3
2024-04-27,1716,Spinach_9,Fruit and vegetable,34.65,30.56,0.0,95.38999938964844,0.0,18.56,9223.0,3
2024-04-28,1716,Spinach_9,Fruit and vegetable,25.86,24.72,0.0,95.38999938964844,0.0,19.7,10142.0,3
2024-04-29,1716,Spinach_9,Fruit and vegetable,13.39,33.09,0.0,95.38999938964844,0.0,0.0,11011.0,3
2024-04-30,1716,Spinach_9,Fruit and vegetable,41.13,24.34,0.0,95.38999938964844,0.0,16.79,11142.0,3
2024-05-01,1716,Spinach_9,Fruit and vegetable,24.03,40.82,0.0,95.38999938964844,0.0,0.0,9874.0,3
2024-05-02,1716,Spinach_9,Fruit and vegetable,40.7,29.7,0.0,95.38999938964844,0.0,11.0,10795.0,3
2024-05-03,1716,Spinach_9,Fruit and vegetable,28.09,22.38,0.0,95.38999938964844,0.0,16.7,11872.0,3
2024-05-04,1716,Spinach_9,Fruit and vegetable,21.99,21.33,0.0,95.38999938964844,0.0,17.36,9787.0,3
2024-05-05,1716,Spinach_9,Fruit and vegetable,21.57,38.93,0.0,95.38999938964844,0.0,0.0,10036.0,3
2024-03-01,1722,Bagel_8,Bakery,31.01,31.01,0.0,17.760000228881836,0.0,0.0,11812.0,2
2024-03-02,1722,Bagel_8,Bakery,31.01,26.53,0.0,17.760000228881836,0.0,4.48,10054.0,2
2024-03-03,1722,Bagel_8,Bakery,30.58,32.1,0.0,17.760000228881836,0.0,2.96,9613.0,2
2024-03-04,1722,Bagel_8,Bakery,31.82,30.19,0.0,17.760000228881836,0.0,4.6,9834.0,2
2024-03-05,1722,Bagel_8,Bakery,43.43,48.03,0.0,17.760000228881836,0.0,0.0,9746.0,2
2024-03-06,1722,Bagel_8,Bakery,41.7,19.56,0.0,17.760000228881836,0.0,22.14,9774.0,2
2024-03-07,1722,Bagel_8,Bakery,20.91,38.25,0.0,17.760000228881836,0.0,4.8,11142.0,2
2024-03-08,1722,Bagel_8,Bakery,74.4,79.2,0.0,17.760000228881836,0.0,0.0,11864.0,2
2024-03-09,1722,Bagel_8,Bakery,65.42,65.42,0.0,17.760000228881836,0.0,0.0,10078.0,2
2024-03-10,1722,Bagel_8,Bakery,59.12,30.03,0.0,17.760000228881836,0.0,29.09,10124.0,2
2024-03-11,1722,Bagel_8,Bakery,28.4,22.97,0.0,17.760000228881836,0.0,34.52,10122.0,2
2024-03-12,1722,Bagel_8,Bakery,48.15,33.48,6.12,17.760000228881836,0.0,43.07,10267.0,2
2024-03-13,1722,Bagel_8,Bakery,15.13,58.2,0.0,17.760000228881836,0.0,0.0,10214.0,2
2024-03-14,1722,Bagel_8,Bakery,65.03,36.43,0.0,17.760000228881836,0.0,28.6,11286.0,2
2024-03-15,1722,Bagel_8,Bakery,77.55,42.92,0.0,17.760000228881836,0.0,63.23,12108.0,2
2024-03-16,1722,Bagel_8,Bakery,21.87,17.67,0.0,17.760000228881836,0.0,67.43,10102.0,2
2024-03-17,1722,Bagel_8,Bakery,25.29,38.82,45.56,17.760000228881836,0.0,8.33,10186.0,2
2024-03-18,1722,Bagel_8,Bakery,31.66,22.9,0.0,17.760000228881836,0.0,17.09,10282.0,2
2024-03-19,1722,Bagel_8,Bakery,36.23,53.32,0.0,17.760000228881836,0.0,0.0,9794.0,2
2024-03-20,1722,Bagel_8,Bakery,77.1,24.74,0.0,17.760000228881836,0.0,52.36,10111.0,2
2024-03-21,1722,Bagel_8,Bakery,5.1,57.46,0.0,21.270000457763672,0.0,0.0,11034.0,2
2024-03-22,1722,Bagel_8,Bakery,62.79,29.34,0.0,21.270000457763672,0.0,33.45,11672.0,2
2024-03-23,1722,Bagel_8,Bakery,4.04,31.78,0.0,21.270000457763672,0.0,5.71,10153.0,2
2024-03-24,1722,Bagel_8,Bakery,52.29,45.41,1.67,21.270000457763672,0.0,10.92,10824.0,2
2024-03-25,1722,Bagel_8,Bakery,34.7,45.62,0.0,21.270000457763672,0.0,0.0,10530.0,2
2024-03-26,1722,Bagel_8,Bakery,69.42,43.63,0.0,21.270000457763672,0.0,25.79,10879.0,2
2024-03-27,1722,Bagel_8,Bakery,13.66,23.94,0.0,21.270000457763672,0.0,15.51,12451.0,2
2024-03-28,1722,Bagel_8,Bakery,58.73,25.51,1.85,21.270000457763672,0.0,46.89,12938.0,2
2024-03-29,1722,Bagel_8,Bakery,0.0,26.54,0.0,21.270000457763672,0.0,20.35,10045.0,2
2024-03-30,1722,Bagel_8,Bakery,44.46,14.65,20.35,21.270000457763672,0.0,29.81,8440.0,2
2024-03-31,1722,Bagel_8,Bakery,31.6,42.85,0.0,21.270000457763672,0.0,18.57,9558.0,2
2024-04-01,1722,Bagel_8,Bakery,42.52,30.2,0.0,21.270000457763672,0.0,30.89,9826.0,2
2024-04-02,1722,Bagel_8,Bakery,26.11,24.67,0.0,21.270000457763672,0.0,32.33,10261.0,2
2024-04-03,1722,Bagel_8,Bakery,8.68,26.59,6.22,21.270000457763672,0.0,8.2,9938.0,2
2024-04-04,1722,Bagel_8,Bakery,28.29,36.49,0.0,21.270000457763672,0.0,0.0,11179.0,2
2024-04-05,1722,Bagel_8,Bakery,56.58,56.58,0.0,21.270000457763672,0.0,0.0,12214.0,2
2024-04-06,1722,Bagel_8,Bakery,32.14,24.93,0.0,21.270000457763672,0.0,7.21,9690.0,2
2024-04-07,1722,Bagel_8,Bakery,50.7,39.18,0.0,21.270000457763672,0.0,18.73,9684.0,2
2024-04-08,1722,Bagel_8,Bakery,30.72,49.45,0.0,21.270000457763672,0.0,0.0,10147.0,2
2024-04-09,1722,Bagel_8,Bakery,40.77,21.17,0.0,21.270000457763672,0.0,19.6,10198.0,2
2024-04-10,1722,Bagel_8,Bakery,23.88,24.47,0.0,21.270000457763672,0.0,19.01,10762.0,2
2024-04-11,1722,Bagel_8,Bakery,34.73,27.87,0.0,21.270000457763672,0.0,25.87,11005.0,2
2024-04-12,1722,Bagel_8,Bakery,48.4,44.12,0.0,21.270000457763672,0.0,30.15,12008.0,2
2024-04-14,1722,Bagel_8,Bakery,39.11,36.61,30.15,21.270000457763672,0.0,2.5,10033.0,2
2024-04-15,1722,Bagel_8,Bakery,50.15,33.2,0.0,21.270000457763672,0.0,19.45,10806.0,2
2024-04-19,1722,Bagel_8,Bakery,67.14,67.14,19.45,21.270000457763672,0.0,0.0,12858.0,2
2024-04-20,1722,Bagel_8,Bakery,41.15,24.51,0.0,21.270000457763672,0.0,16.64,10666.0,2
2024-04-21,1722,Bagel_8,Bakery,32.67,49.31,0.0,21.270000457763672,0.0,0.0,10309.0,2
2024-04-22,1722,Bagel_8,Bakery,46.59,38.63,0.0,21.270000457763672,0.0,7.96,10488.0,2
2024-04-23,1722,Bagel_8,Bakery,53.59,54.7,0.0,21.270000457763672,0.0,6.86,10195.0,2
2024-04-24,1722,Bagel_8,Bakery,48.27,38.78,0.0,21.270000457763672,0.0,16.35,10255.0,2
2024-04-25,1722,Bagel_8,Bakery,35.18,31.25,0.0,21.270000457763672,0.0,20.28,11238.0,2
2024-04-26,1722,Bagel_8,Bakery,65.52,61.89,0.0,21.270000457763672,0.0,23.91,11988.0,2
2024-04-27,1722,Bagel_8,Bakery,17.53,35.96,0.0,21.270000457763672,0.0,5.48,9223.0,2
2024-04-28,1722,Bagel_8,Bakery,58.09,24.72,0.0,21.270000457763672,0.0,38.85,10142.0,2
2024-04-29,1722,Bagel_8,Bakery,16.46,31.35,0.0,21.270000457763672,0.0,23.97,11011.0,2
2024-04-30,1722,Bagel_8,Bakery,55.55,33.03,7.5,21.270000457763672,0.0,38.98,11142.0,2
2024-05-01,1722,Bagel_8,Bakery,15.07,17.75,0.0,21.270000457763672,0.0,36.31,9874.0,2
2024-05-02,1722,Bagel_8,Bakery,33.87,24.46,21.23,21.270000457763672,0.0,24.49,10795.0,2
2024-05-03,1722,Bagel_8,Bakery,55.65,53.37,0.0,21.270000457763672,0.0,26.77,11872.0,2
2024-05-04,1722,Bagel_8,Bakery,23.83,37.33,0.0,21.270000457763672,0.0,13.27,9787.0,2
2024-05-05,1722,Bagel_8,Bakery,27.43,40.7,0.0,21.270000457763672,0.0,0.0,10036.0,2
2024-03-01,1726,Lemon_9,Fruit and vegetable,62.02,62.02,0.0,42.83000183105469,0.0,0.0,11812.0,3
2024-03-02,1726,Lemon_9,Fruit and vegetable,62.02,54.83,0.0,42.83000183105469,0.0,7.19,10054.0,3
2024-03-03,1726,Lemon_9,Fruit and vegetable,61.34,53.5,0.0,42.83000183105469,0.0,15.03,9613.0,3
2024-03-04,1726,Lemon_9,Fruit and vegetable,52.86,40.85,0.0,42.83000183105469,0.0,27.04,9834.0,3
2024-03-05,1726,Lemon_9,Fruit and vegetable,46.25,46.25,0.0,42.83000183105469,0.0,27.04,9746.0,3
2024-03-06,1726,Lemon_9,Fruit and vegetable,45.44,33.78,0.0,42.83000183105469,0.0,38.69,9774.0,3
2024-03-07,1726,Lemon_9,Fruit and vegetable,51.71,90.4,0.0,42.83000183105469,0.0,0.0,11142.0,3
2024-03-08,1726,Lemon_9,Fruit and vegetable,85.57,60.26,0.0,42.83000183105469,0.0,25.31,11864.0,3
2024-03-09,1726,Lemon_9,Fruit and vegetable,68.4,93.71,0.0,42.83000183105469,0.0,0.0,10078.0,3
2024-03-10,1726,Lemon_9,Fruit and vegetable,83.73,72.43,0.0,42.83000183105469,0.0,11.3,10124.0,3
2024-03-11,1726,Lemon_9,Fruit and vegetable,60.08,61.84,0.0,42.83000183105469,0.0,9.54,10122.0,3
2024-03-12,1726,Lemon_9,Fruit and vegetable,82.98,92.52,0.0,42.83000183105469,0.0,0.0,10267.0,3
2024-03-13,1726,Lemon_9,Fruit and vegetable,62.08,58.8,0.0,42.83000183105469,0.0,3.28,10214.0,3
2024-03-14,1726,Lemon_9,Fruit and vegetable,107.69,74.6,0.0,42.83000183105469,0.0,36.37,11286.0,3
2024-03-15,1726,Lemon_9,Fruit and vegetable,42.73,53.22,0.0,42.83000183105469,0.0,25.88,12108.0,3
2024-03-16,1726,Lemon_9,Fruit and vegetable,88.26,77.76,0.0,42.83000183105469,0.0,36.38,10102.0,3
2024-03-17,1726,Lemon_9,Fruit and vegetable,90.68,127.06,0.0,42.83000183105469,0.0,0.0,10186.0,3
2024-03-18,1726,Lemon_9,Fruit and vegetable,94.36,68.2,0.0,42.83000183105469,0.0,26.16,10282.0,3
2024-03-19,1726,Lemon_9,Fruit and vegetable,98.16,64.64,0.0,42.83000183105469,0.0,59.68,9794.0,3
2024-03-20,1726,Lemon_9,Fruit and vegetable,30.51,54.53,0.0,42.83000183105469,0.0,35.66,10111.0,3
2024-03-21,1726,Lemon_9,Fruit and vegetable,70.99,81.84,0.0,42.83000183105469,0.0,24.81,11034.0,3
2024-03-22,1726,Lemon_9,Fruit and vegetable,60.67,82.84,0.0,42.83000183105469,0.0,2.64,11672.0,3
2024-03-23,1726,Lemon_9,Fruit and vegetable,120.96,123.6,0.0,42.83000183105469,0.0,0.0,10153.0,3
2024-03-24,1726,Lemon_9,Fruit and vegetable,163.6,60.66,0.0,42.83000183105469,0.0,102.94,10824.0,3
2024-03-25,1726,Lemon_9,Fruit and vegetable,0.0,70.19,0.0,42.83000183105469,0.0,32.75,10530.0,3
2024-03-26,1726,Lemon_9,Fruit and vegetable,75.45,108.2,0.0,42.83000183105469,0.0,0.0,10879.0,3
2024-03-27,1726,Lemon_9,Fruit and vegetable,86.57,70.1,0.0,42.83000183105469,0.0,16.47,12451.0,3
2024-03-29,1726,Lemon_9,Fruit and vegetable,98.52,114.99,0.0,42.83000183105469,0.0,0.0,10045.0,3
2024-03-30,1726,Lemon_9,Fruit and vegetable,114.99,81.51,0.0,42.83000183105469,0.0,33.48,8440.0,3
2024-03-31,1726,Lemon_9,Fruit and vegetable,122.36,116.99,0.0,42.83000183105469,0.0,38.85,9558.0,3
2024-04-01,1726,Lemon_9,Fruit and vegetable,414.08,452.93,0.0,42.83000183105469,0.4132300019264221,0.0,9826.0,3
2024-04-02,1726,Lemon_9,Fruit and vegetable,599.62,599.62,0.0,42.83000183105469,0.413239985704422,0.0,10261.0,3
2024-04-03,1726,Lemon_9,Fruit and vegetable,427.99,427.99,0.0,42.83000183105469,0.413239985704422,0.0,9938.0,3
2024-04-04,1726,Lemon_9,Fruit and vegetable,481.28,481.28,0.0,42.83000183105469,0.413239985704422,0.0,11179.0,3
2024-04-05,1726,Lemon_9,Fruit and vegetable,778.43,778.43,0.0,42.83000183105469,0.413239985704422,0.0,12214.0,3
2024-04-06,1726,Lemon_9,Fruit and vegetable,400.24,206.89,0.0,42.83000183105469,0.413239985704422,193.35,9690.0,3
2024-04-07,1726,Lemon_9,Fruit and vegetable,210.18,304.61,0.0,42.83000183105469,0.4132300019264221,98.92,9684.0,3
2024-04-08,1726,Lemon_9,Fruit and vegetable,593.76,74.17,0.0,42.83000183105469,0.0,618.5,10147.0,3
2024-04-09,1726,Lemon_9,Fruit and vegetable,286.82,135.86,0.0,42.83000183105469,0.0,769.46,10198.0,3
2024-04-10,1726,Lemon_9,Fruit and vegetable,0.0,120.63,0.0,42.83000183105469,0.0,648.83,10762.0,3
2024-04-11,1726,Lemon_9,Fruit and vegetable,516.82,113.22,362.01,42.83000183105469,0.0,690.42,11005.0,3
2024-04-12,1726,Lemon_9,Fruit and vegetable,576.63,159.83,173.6,42.83000183105469,0.0,933.63,12008.0,3
2024-04-13,1726,Lemon_9,Fruit and vegetable,0.0,168.91,0.0,42.83000183105469,0.0,764.72,9772.0,3
2024-04-14,1726,Lemon_9,Fruit and vegetable,0.0,88.47,188.08,42.83000183105469,0.0,488.16,10033.0,3
2024-04-15,1726,Lemon_9,Fruit and vegetable,140.54,140.54,488.16,42.83000183105469,0.0,0.0,10806.0,3
2024-04-17,1726,Lemon_9,Fruit and vegetable,171.3,69.18,0.0,42.83000183105469,0.0,102.12,10170.0,3
2024-04-18,1726,Lemon_9,Fruit and vegetable,65.14,65.97,0.0,42.83000183105469,0.0,101.29,11244.0,3
2024-04-19,1726,Lemon_9,Fruit and vegetable,66.18,136.94,0.0,42.83000183105469,0.0,30.53,12858.0,3
2024-04-20,1726,Lemon_9,Fruit and vegetable,184.52,106.8,0.0,42.83000183105469,0.0,108.26,10666.0,3
2024-04-21,1726,Lemon_9,Fruit and vegetable,110.78,86.29,0.0,42.83000183105469,0.0,132.74,10309.0,3
2024-04-22,1726,Lemon_9,Fruit and vegetable,0.0,80.77,0.0,42.83000183105469,0.0,51.97,10488.0,3
2024-04-23,1726,Lemon_9,Fruit and vegetable,128.0,79.4,0.0,42.83000183105469,0.0,100.57,10195.0,3
2024-04-24,1726,Lemon_9,Fruit and vegetable,0.42,91.66,0.0,42.83000183105469,0.0,9.33,10255.0,3
2024-04-25,1726,Lemon_9,Fruit and vegetable,86.35,85.07,0.0,42.83000183105469,0.0,10.61,11238.0,3
2024-04-26,1726,Lemon_9,Fruit and vegetable,152.61,128.94,0.0,42.83000183105469,0.0,34.28,11988.0,3
2024-04-27,1726,Lemon_9,Fruit and vegetable,95.4,73.71,0.0,42.83000183105469,0.0,55.97,9223.0,3
2024-04-28,1726,Lemon_9,Fruit and vegetable,53.79,61.81,0.0,42.83000183105469,0.0,47.95,10142.0,3
2024-04-29,1726,Lemon_9,Fruit and vegetable,59.89,59.22,0.0,42.83000183105469,0.0,48.62,11011.0,3
2024-04-30,1726,Lemon_9,Fruit and vegetable,60.81,81.71,0.0,42.83000183105469,0.0,27.72,11142.0,3
2024-05-01,1726,Lemon_9,Fruit and vegetable,93.92,58.56,0.0,42.83000183105469,0.0,63.08,9874.0,3
2024-05-02,1726,Lemon_9,Fruit and vegetable,53.64,113.58,0.0,42.83000183105469,0.0,3.14,10795.0,3
2024-05-03,1726,Lemon_9,Fruit and vegetable,161.79,103.29,0.0,42.83000183105469,0.0,61.64,11872.0,3
2024-05-04,1726,Lemon_9,Fruit and vegetable,40.33,97.76,0.0,42.83000183105469,0.0,4.21,9787.0,3
2024-05-05,1726,Lemon_9,Fruit and vegetable,87.04,81.39,0.0,42.83000183105469,0.0,9.86,10036.0,3
2024-03-01,1743,Pastry_132,Bakery,58.03,58.03,0.0,20.760000228881836,0.0,0.0,12026.0,2
2024-03-02,1743,Pastry_132,Bakery,58.03,20.98,0.0,20.760000228881836,0.0,37.05,10750.0,2
2024-03-03,1743,Pastry_132,Bakery,54.51,33.55,0.0,20.760000228881836,0.0,58.01,10158.0,2
2024-03-04,1743,Pastry_132,Bakery,27.63,46.93,3.5,20.760000228881836,0.0,35.22,9802.0,2
2024-03-05,1743,Pastry_132,Bakery,50.99,14.27,7.58,20.760000228881836,0.0,64.35,9606.0,2
2024-03-06,1743,Pastry_132,Bakery,30.12,46.83,13.36,20.760000228881836,0.0,34.28,9558.0,2
2024-03-07,1743,Pastry_132,Bakery,49.49,26.54,4.16,20.760000228881836,0.0,53.08,10034.0,2
2024-03-08,1743,Pastry_132,Bakery,28.85,30.83,3.58,20.760000228881836,0.0,47.52,12292.0,2
2024-03-09,1743,Pastry_132,Bakery,7.89,33.27,18.66,20.760000228881836,0.0,3.47,10656.0,2
2024-03-10,1743,Pastry_132,Bakery,44.7,21.06,0.0,20.760000228881836,0.0,27.11,10524.0,2
2024-03-11,1743,Pastry_132,Bakery,35.56,19.43,0.0,20.760000228881836,0.0,43.24,10134.0,2
2024-03-12,1743,Pastry_132,Bakery,0.0,26.55,7.68,20.760000228881836,0.0,9.01,10012.0,2
2024-03-13,1743,Pastry_132,Bakery,58.58,28.78,9.01,20.760000228881836,0.0,29.8,9924.0,2
2024-03-14,1743,Pastry_132,Bakery,3.12,32.78,0.0,20.760000228881836,0.0,0.14,10324.0,2
2024-03-15,1743,Pastry_132,Bakery,46.1,46.24,0.0,20.760000228881836,0.0,0.0,12304.0,2
2024-03-16,1743,Pastry_132,Bakery,44.8,40.11,0.0,20.760000228881836,0.0,4.69,10926.0,2
2024-03-17,1743,Pastry_132,Bakery,28.9,22.76,0.0,20.760000228881836,0.0,10.83,10662.0,2
2024-03-18,1743,Pastry_132,Bakery,36.28,47.11,0.0,20.760000228881836,0.0,0.0,10286.0,2
2024-03-19,1743,Pastry_132,Bakery,38.96,14.26,0.0,20.760000228881836,0.0,24.7,9634.0,2
2024-03-20,1743,Pastry_132,Bakery,19.75,19.53,0.0,20.760000228881836,0.0,24.92,9842.0,2
2024-03-21,1743,Pastry_132,Bakery,29.99,24.75,5.17,20.760000228881836,0.0,24.99,10076.0,2
2024-03-22,1743,Pastry_132,Bakery,38.53,56.67,0.0,20.760000228881836,0.0,6.84,12078.0,2
2024-03-23,1743,Pastry_132,Bakery,53.58,27.96,0.0,20.760000228881836,0.0,32.46,10782.0,2
2024-03-24,1743,Pastry_132,Bakery,10.16,30.24,0.0,20.760000228881836,0.0,12.38,10920.0,2
2024-03-25,1743,Pastry_132,Bakery,56.35,15.9,2.22,20.760000228881836,0.0,50.6,10111.0,2
2024-03-26,1743,Pastry_132,Bakery,0.0,23.04,0.0,20.760000228881836,0.0,27.56,9932.0,2
2024-03-27,1743,Pastry_132,Bakery,36.7,26.49,27.56,20.760000228881836,0.0,10.21,10540.0,2
2024-03-28,1743,Pastry_132,Bakery,38.69,48.9,0.0,20.760000228881836,0.0,0.0,13846.0,2
2024-03-29,1743,Pastry_132,Bakery,75.36,20.59,0.0,20.760000228881836,0.0,54.77,12157.0,2
2024-03-30,1743,Pastry_132,Bakery,0.0,23.43,0.0,20.760000228881836,0.0,31.34,8768.0,2
2024-03-31,1743,Pastry_132,Bakery,43.9,10.75,31.34,20.760000228881836,0.0,33.15,9390.0,2
2024-04-01,1743,Pastry_132,Bakery,0.0,22.93,0.0,20.760000228881836,0.0,10.22,10206.0,2
2024-04-02,1743,Pastry_132,Bakery,37.88,21.12,10.22,20.760000228881836,0.0,16.76,10356.0,2
2024-04-03,1743,Pastry_132,Bakery,24.67,29.87,0.0,20.760000228881836,0.0,11.56,9502.0,2
2024-04-04,1743,Pastry_132,Bakery,52.47,26.94,0.0,20.760000228881836,0.0,37.09,10040.0,2
2024-04-05,1743,Pastry_132,Bakery,0.0,32.56,0.0,20.760000228881836,0.0,4.53,12248.0,2
2024-04-06,1743,Pastry_132,Bakery,32.51,28.92,4.53,20.760000228881836,0.0,3.59,10560.0,2
2024-04-07,1743,Pastry_132,Bakery,16.54,12.3,0.0,20.760000228881836,0.0,7.83,10420.0,2
2024-04-08,1743,Pastry_132,Bakery,29.22,37.05,0.0,20.760000228881836,0.0,0.0,10060.0,2
2024-04-09,1743,Pastry_132,Bakery,31.5,29.93,0.0,20.760000228881836,0.0,1.57,9823.0,2
2024-04-10,1743,Pastry_132,Bakery,38.19,28.18,0.0,20.760000228881836,0.0,11.58,10304.0,2
2024-04-11,1743,Pastry_132,Bakery,25.24,36.82,0.0,20.760000228881836,0.0,0.0,10316.0,2
2024-04-12,1743,Pastry_132,Bakery,43.24,32.6,0.0,20.760000228881836,0.0,10.64,12158.0,2
2024-04-13,1743,Pastry_132,Bakery,28.96,26.3,0.0,20.760000228881836,0.0,13.31,10585.0,2
2024-04-14,1743,Pastry_132,Bakery,9.79,22.79,0.0,20.760000228881836,0.0,0.3,10578.0,2
2024-04-15,1743,Pastry_132,Bakery,43.56,35.05,0.0,20.760000228881836,0.0,8.81,10416.0,2
2024-04-16,1743,Pastry_132,Bakery,27.46,30.77,0.0,20.760000228881836,0.0,5.5,10322.0,2
2024-04-17,1743,Pastry_132,Bakery,30.1,35.6,0.0,20.760000228881836,0.0,0.0,10042.0,2
2024-04-18,1743,Pastry_132,Bakery,43.48,29.12,0.0,20.760000228881836,0.0,14.36,10182.0,2
2024-04-19,1743,Pastry_132,Bakery,24.2,20.42,0.0,20.760000228881836,0.0,18.14,12894.0,2
2024-04-20,1743,Pastry_132,Bakery,15.58,29.53,0.0,20.760000228881836,0.0,4.19,11854.0,2
2024-04-21,1743,Pastry_132,Bakery,25.91,26.3,0.0,20.760000228881836,0.0,3.8,10578.0,2
2024-04-22,1743,Pastry_132,Bakery,37.91,36.76,0.0,20.760000228881836,0.0,4.95,10500.0,2
2024-04-23,1743,Pastry_132,Bakery,32.9,10.63,0.0,20.760000228881836,0.0,27.22,9974.0,2
2024-04-24,1743,Pastry_132,Bakery,19.96,33.58,0.0,20.760000228881836,0.0,13.61,10096.0,2
2024-04-25,1743,Pastry_132,Bakery,26.72,38.28,0.0,20.760000228881836,0.0,2.05,10130.0,2
2024-04-26,1743,Pastry_132,Bakery,44.21,46.26,0.0,20.760000228881836,0.0,0.0,12265.0,2
2024-04-27,1743,Pastry_132,Bakery,43.96,27.32,0.0,20.760000228881836,0.0,16.64,10339.0,2
2024-04-28,1743,Pastry_132,Bakery,24.22,19.43,0.0,20.760000228881836,0.0,21.42,10120.0,2
2024-04-29,1743,Pastry_132,Bakery,30.88,22.88,0.0,20.760000228881836,0.0,29.42,10345.0,2
2024-04-30,1743,Pastry_132,Bakery,0.0,26.45,0.0,20.760000228881836,0.0,2.97,11167.0,2
2024-05-01,1743,Pastry_132,Bakery,45.56,5.26,2.97,20.760000228881836,0.0,40.3,10620.0,2
2024-05-02,1743,Pastry_132,Bakery,14.87,33.69,0.0,20.760000228881836,0.0,21.48,9613.0,2
2024-05-03,1743,Pastry_132,Bakery,47.54,17.18,6.61,20.760000228881836,0.0,45.22,12020.0,2
2024-05-04,1743,Pastry_132,Bakery,1.5,46.72,0.0,20.760000228881836,0.0,0.0,10495.0,2
2024-05-05,1743,Pastry_132,Bakery,36.23,32.54,0.0,20.760000228881836,0.0,3.69,10224.0,2
2024-03-01,1821,Pastry_139,Bakery,25.84,25.84,0.0,24.75,0.0,0.0,11812.0,2
2024-03-02,1821,Pastry_139,Bakery,25.84,15.92,0.0,24.75,0.0,9.92,10054.0,2
2024-03-03,1821,Pastry_139,Bakery,24.9,24.97,0.0,24.75,0.0,9.85,9613.0,2
2024-03-04,1821,Pastry_139,Bakery,32.78,42.63,0.0,24.75,0.0,0.0,9834.0,2
2024-03-05,1821,Pastry_139,Bakery,40.09,30.24,0.0,24.75,0.0,9.85,9746.0,2
2024-03-06,1821,Pastry_139,Bakery,28.44,8.89,0.0,24.75,0.0,29.41,9774.0,2
2024-03-07,1821,Pastry_139,Bakery,12.33,24.34,0.96,24.75,0.0,16.43,11142.0,2
2024-03-08,1821,Pastry_139,Bakery,27.14,18.94,4.1,24.75,0.0,20.53,11864.0,2
2024-03-09,1821,Pastry_139,Bakery,9.27,5.3,0.0,24.75,0.0,24.5,10078.0,2
2024-03-10,1821,Pastry_139,Bakery,31.96,26.5,15.23,24.75,0.0,14.73,10124.0,2
2024-03-11,1821,Pastry_139,Bakery,44.25,5.3,0.0,24.75,0.0,53.67,10122.0,2
2024-03-12,1821,Pastry_139,Bakery,0.0,10.57,9.43,24.75,0.0,33.68,10267.0,2
2024-03-13,1821,Pastry_139,Bakery,28.22,28.22,33.68,24.75,0.0,0.0,10214.0,2
2024-03-14,1821,Pastry_139,Bakery,37.02,20.82,0.0,24.75,0.0,16.2,11286.0,2
2024-03-15,1821,Pastry_139,Bakery,14.97,10.3,0.0,24.75,0.0,20.87,12108.0,2
2024-03-16,1821,Pastry_139,Bakery,2.81,5.3,5.9,24.75,0.0,12.48,10102.0,2
2024-03-17,1821,Pastry_139,Bakery,36.17,21.18,9.67,24.75,0.0,17.8,10186.0,2
2024-03-18,1821,Pastry_139,Bakery,19.2,37.0,0.0,24.75,0.0,0.0,10282.0,2
2024-03-19,1821,Pastry_139,Bakery,30.21,30.21,0.0,24.75,0.0,0.0,9794.0,2
2024-03-20,1821,Pastry_139,Bakery,72.45,72.45,0.0,24.75,0.0,0.0,10111.0,2
2024-03-21,1821,Pastry_139,Bakery,49.38,8.71,0.0,24.75,0.0,40.67,11034.0,2
2024-03-22,1821,Pastry_139,Bakery,0.0,37.97,0.0,24.75,0.0,2.7,11672.0,2
2024-03-23,1821,Pastry_139,Bakery,34.18,21.19,2.7,24.75,0.0,12.99,10153.0,2
2024-03-24,1821,Pastry_139,Bakery,34.18,26.2,0.0,24.75,0.0,20.97,10824.0,2
2024-03-25,1821,Pastry_139,Bakery,41.52,24.57,0.0,24.75,0.0,37.92,10530.0,2
2024-03-26,1821,Pastry_139,Bakery,18.01,8.73,0.0,24.75,0.0,47.2,10879.0,2
2024-03-27,1821,Pastry_139,Bakery,82.48,5.13,29.19,24.75,0.0,95.35,12451.0,2
2024-03-28,1821,Pastry_139,Bakery,0.0,10.2,12.88,24.75,0.0,72.28,12938.0,2
2024-03-29,1821,Pastry_139,Bakery,52.96,5.31,72.28,24.75,0.0,47.65,10045.0,2
2024-03-30,1821,Pastry_139,Bakery,0.0,5.49,0.0,24.75,0.0,42.16,8440.0,2
2024-03-31,1821,Pastry_139,Bakery,37.97,7.14,42.16,24.75,0.0,30.83,9558.0,2
2024-04-01,1821,Pastry_139,Bakery,2.58,19.54,0.0,24.75,0.0,13.87,9826.0,2
2024-04-02,1821,Pastry_139,Bakery,25.62,28.2,11.29,24.75,0.0,0.0,10261.0,2
2024-04-03,1821,Pastry_139,Bakery,16.57,14.18,0.0,24.75,0.0,2.39,9938.0,2
2024-04-04,1821,Pastry_139,Bakery,21.93,24.32,0.0,24.75,0.0,0.0,11179.0,2
2024-04-05,1821,Pastry_139,Bakery,32.58,32.58,0.0,24.75,0.0,0.0,12214.0,2
2024-04-06,1821,Pastry_139,Bakery,18.75,1.78,0.0,24.75,0.0,16.97,9690.0,2
2024-04-07,1821,Pastry_139,Bakery,9.75,26.72,0.0,24.75,0.0,0.0,9684.0,2
2024-04-08,1821,Pastry_139,Bakery,45.91,45.91,0.0,24.75,0.0,0.0,10147.0,2
2024-04-09,1821,Pastry_139,Bakery,46.03,15.88,0.0,24.75,0.0,30.15,10198.0,2
2024-04-10,1821,Pastry_139,Bakery,3.07,33.22,0.0,24.75,0.0,0.0,10762.0,2
2024-04-11,1821,Pastry_139,Bakery,42.3,29.61,0.0,24.75,0.0,12.69,11005.0,2
2024-04-12,1821,Pastry_139,Bakery,37.94,20.62,0.0,24.75,0.0,30.0,12008.0,2
2024-04-13,1821,Pastry_139,Bakery,0.0,8.89,0.0,24.75,0.0,21.11,9772.0,2
2024-04-14,1821,Pastry_139,Bakery,42.27,12.39,21.11,24.75,0.0,29.88,10033.0,2
2024-04-15,1821,Pastry_139,Bakery,32.85,36.69,0.0,24.75,0.0,26.05,10806.0,2
2024-04-16,1821,Pastry_139,Bakery,3.68,14.07,0.0,24.75,0.0,15.65,10398.0,2
2024-04-17,1821,Pastry_139,Bakery,43.65,17.65,11.98,24.75,0.0,29.67,10170.0,2
2024-04-18,1821,Pastry_139,Bakery,32.83,62.5,0.0,24.75,0.0,0.0,11244.0,2
2024-04-19,1821,Pastry_139,Bakery,44.87,27.24,0.0,24.75,0.0,17.63,12858.0,2
2024-04-20,1821,Pastry_139,Bakery,15.42,1.75,0.0,24.75,0.0,31.3,10666.0,2
2024-04-21,1821,Pastry_139,Bakery,47.98,63.4,15.88,24.75,0.0,0.0,10309.0,2
2024-04-22,1821,Pastry_139,Bakery,67.17,38.63,0.0,24.75,0.0,28.54,10488.0,2
2024-04-23,1821,Pastry_139,Bakery,16.11,24.7,0.0,24.75,0.0,19.95,10195.0,2
2024-04-24,1821,Pastry_139,Bakery,30.81,45.83,3.84,24.75,0.0,1.09,10255.0,2
2024-04-25,1821,Pastry_139,Bakery,89.62,15.63,0.0,24.75,0.0,75.08,11238.0,2
2024-04-26,1821,Pastry_139,Bakery,0.0,55.01,0.0,24.75,0.0,20.07,11988.0,2
2024-04-27,1821,Pastry_139,Bakery,30.01,25.17,20.07,24.75,0.0,4.84,9223.0,2
2024-04-28,1821,Pastry_139,Bakery,80.96,5.3,0.0,24.75,0.0,80.5,10142.0,2
2024-04-29,1821,Pastry_139,Bakery,0.0,6.97,0.0,24.75,0.0,73.53,11011.0,2
2024-04-30,1821,Pastry_139,Bakery,48.84,22.6,73.53,25.520000457763672,0.0,26.24,11142.0,2
2024-05-01,1821,Pastry_139,Bakery,43.77,23.07,0.0,25.520000457763672,0.0,46.94,9874.0,2
2024-05-02,1821,Pastry_139,Bakery,0.0,6.99,3.17,25.520000457763672,0.0,36.78,10795.0,2
2024-05-03,1821,Pastry_139,Bakery,77.3,27.55,36.78,25.520000457763672,0.0,49.75,11872.0,2
2024-05-04,1821,Pastry_139,Bakery,0.0,14.22,0.0,25.520000457763672,0.0,35.53,9787.0,2
2024-05-05,1821,Pastry_139,Bakery,28.31,28.31,35.53,25.520000457763672,0.0,0.0,10036.0,2
2024-03-01,1828,Cake_8,Bakery,13.49,13.49,0.0,67.20999908447266,0.05099000036716461,0.0,11812.0,2
2024-03-02,1828,Cake_8,Bakery,36.86,36.86,0.0,67.20999908447266,0.0,0.0,10054.0,2
2024-03-04,1828,Cake_8,Bakery,34.64,7.1,0.0,67.20999908447266,0.0,27.54,9834.0,2
2024-03-05,1828,Cake_8,Bakery,6.0,4.57,0.0,67.20999908447266,0.009100000374019146,28.97,9746.0,2
2024-03-06,1828,Cake_8,Bakery,27.78,33.78,22.97,67.20999908447266,0.0,0.0,9774.0,2
2024-03-07,1828,Cake_8,Bakery,32.88,13.13,0.0,67.20999908447266,0.0,19.75,11142.0,2
2024-03-08,1828,Cake_8,Bakery,11.37,12.22,0.0,67.20999908447266,0.0,18.89,11864.0,2
2024-03-09,1828,Cake_8,Bakery,18.46,11.09,7.53,67.20999908447266,0.16773000359535217,18.74,10078.0,2
2024-03-10,1828,Cake_8,Bakery,34.93,21.38,0.28,67.20999908447266,0.012539999559521675,32.02,10124.0,2
2024-03-12,1828,Cake_8,Bakery,19.8,0.0,32.02,67.20999908447266,0.0,19.8,10267.0,2
2024-03-13,1828,Cake_8,Bakery,6.66,26.46,0.0,67.20999908447266,0.0,0.0,10214.0,2
2024-03-14,1828,Cake_8,Bakery,48.11,12.14,0.0,67.20999908447266,0.0,35.97,11286.0,2
2024-03-15,1828,Cake_8,Bakery,0.0,31.9,0.0,67.20999908447266,0.0,4.07,12108.0,2
2024-03-16,1828,Cake_8,Bakery,50.51,50.51,4.07,67.20999908447266,0.0,0.0,10102.0,2
2024-03-17,1828,Cake_8,Bakery,32.2,18.42,0.0,67.20999908447266,0.0,13.78,10186.0,2
2024-03-18,1828,Cake_8,Bakery,27.97,10.57,0.0,67.20999908447266,0.0,31.17,10282.0,2
2024-03-19,1828,Cake_8,Bakery,0.0,3.7,3.21,67.20999908447266,0.1647700071334839,24.27,9794.0,2
2024-03-20,1828,Cake_8,Bakery,46.74,14.14,24.27,67.20999908447266,0.5,32.6,10111.0,2
2024-03-21,1828,Cake_8,Bakery,0.0,11.53,0.0,67.20999908447266,0.15670999884605408,21.07,11034.0,2
2024-03-22,1828,Cake_8,Bakery,52.38,13.81,21.07,67.20999908447266,0.5,38.57,11672.0,2
2024-03-23,1828,Cake_8,Bakery,31.42,14.3,0.0,67.20999908447266,0.0,55.69,10153.0,2
2024-03-24,1828,Cake_8,Bakery,0.0,20.96,24.27,67.20999908447266,0.0,10.46,10824.0,2
2024-03-25,1828,Cake_8,Bakery,17.2,9.07,10.46,67.20999908447266,0.0,8.13,10530.0,2
2024-03-26,1828,Cake_8,Bakery,2.37,3.49,0.0,67.20999908447266,0.0,7.01,10879.0,2
2024-03-27,1828,Cake_8,Bakery,24.18,26.55,4.64,67.20999908447266,0.0,0.0,12451.0,2
2024-03-28,1828,Cake_8,Bakery,21.26,8.67,0.0,67.20999908447266,0.0,12.59,12938.0,2
2024-03-29,1828,Cake_8,Bakery,11.26,3.64,0.0,67.20999908447266,0.018939999863505363,20.21,10045.0,2
2024-03-30,1828,Cake_8,Bakery,19.88,31.14,8.95,67.20999908447266,0.0,0.0,8440.0,2
2024-04-02,1828,Cake_8,Bakery,35.42,10.15,0.0,67.20999908447266,0.0,25.27,10261.0,2
2024-04-03,1828,Cake_8,Bakery,0.0,8.86,0.0,67.20999908447266,0.0,16.41,9938.0,2
2024-04-04,1828,Cake_8,Bakery,17.65,15.64,16.41,67.20999908447266,0.14698000252246857,2.01,11179.0,2
2024-04-05,1828,Cake_8,Bakery,37.6,24.35,0.0,67.20999908447266,0.004269999917596579,15.26,12214.0,2
2024-04-07,1828,Cake_8,Bakery,21.23,8.91,15.26,67.20999908447266,0.0,12.32,9684.0,2
2024-04-08,1828,Cake_8,Bakery,3.85,11.23,0.0,67.20999908447266,0.018959999084472656,4.94,10147.0,2
2024-04-09,1828,Cake_8,Bakery,38.46,21.17,1.09,67.20999908447266,0.0,21.14,10198.0,2
2024-04-11,1828,Cake_8,Bakery,20.9,20.9,21.14,67.20999908447266,0.0,0.0,11005.0,2
2024-04-12,1828,Cake_8,Bakery,17.03,12.37,0.0,67.20999908447266,0.14887000620365143,4.66,12008.0,2
2024-04-13,1828,Cake_8,Bakery,27.34,32.0,0.0,67.20999908447266,0.0,0.0,9772.0,2
2024-04-14,1828,Cake_8,Bakery,34.95,17.29,0.0,67.20999908447266,0.0,17.66,10033.0,2
2024-04-15,1828,Cake_8,Bakery,1.36,7.34,0.0,67.20999908447266,0.0,11.68,10806.0,2
2024-04-16,1828,Cake_8,Bakery,20.37,13.73,10.32,67.20999908447266,0.05762000009417534,8.01,10398.0,2
2024-04-17,1828,Cake_8,Bakery,23.33,3.53,0.0,67.20999908447266,0.0,27.8,10170.0,2
2024-04-18,1828,Cake_8,Bakery,9.57,24.82,4.48,67.20999908447266,0.12403000146150589,8.08,11244.0,2
2024-04-19,1828,Cake_8,Bakery,16.92,23.41,0.0,67.20999908447266,0.6499999761581421,1.59,12858.0,2
2024-04-20,1828,Cake_8,Bakery,43.33,21.76,0.0,67.20999908447266,0.0,23.16,10666.0,2
2024-04-21,1828,Cake_8,Bakery,4.62,5.28,0.0,67.20999908447266,0.0,22.5,10309.0,2
2024-04-22,1828,Cake_8,Bakery,14.35,3.74,17.88,67.20999908447266,0.07857999950647354,15.23,10488.0,2
2024-04-23,1828,Cake_8,Bakery,11.71,14.12,0.88,67.20999908447266,0.0,11.94,10195.0,2
2024-04-24,1828,Cake_8,Bakery,14.17,25.88,0.23,67.20999908447266,0.0,0.0,10255.0,2
2024-04-25,1828,Cake_8,Bakery,36.8,3.47,0.0,67.20999908447266,0.0,33.33,11238.0,2
2024-04-26,1828,Cake_8,Bakery,2.69,25.96,0.0,67.20999908447266,0.0,10.06,11988.0,2
2024-04-27,1828,Cake_8,Bakery,32.25,12.58,7.37,67.20999908447266,0.0,22.36,9223.0,2
2024-04-28,1828,Cake_8,Bakery,0.0,7.33,0.0,67.20999908447266,0.03618999943137169,15.03,10142.0,2
2024-04-29,1828,Cake_8,Bakery,15.92,5.23,15.03,67.20999908447266,0.0,10.69,11011.0,2
2024-04-30,1828,Cake_8,Bakery,15.31,13.68,0.0,67.20999908447266,0.16884000599384308,12.32,11142.0,2
2024-05-01,1828,Cake_8,Bakery,25.44,9.44,0.0,67.20999908447266,0.010329999960958958,28.32,9874.0,2
2024-05-02,1828,Cake_8,Bakery,0.0,16.08,2.88,67.20999908447266,0.0,9.36,10795.0,2
2024-05-03,1828,Cake_8,Bakery,34.75,13.77,9.36,67.20999908447266,0.0,20.98,11872.0,2
2024-05-04,1828,Cake_8,Bakery,0.0,10.63,0.0,67.20999908447266,0.01909000054001808,10.35,9787.0,2
2024-05-05,1828,Cake_8,Bakery,12.39,12.39,10.35,67.20999908447266,0.0,0.0,10036.0,2
2024-03-01,1843,Tomato_83,Fruit and vegetable,44.79,44.79,0.0,89.4000015258789,0.0,0.0,11812.0,3
2024-03-02,1843,Tomato_83,Fruit and vegetable,51.3,51.3,0.0,89.4000015258789,0.0,0.0,10054.0,3
2024-03-03,1843,Tomato_83,Fruit and vegetable,82.04,82.04,0.0,89.4000015258789,0.0,0.0,9613.0,3
2024-03-04,1843,Tomato_83,Fruit and vegetable,70.26,62.16,0.0,89.4000015258789,0.0,8.1,9834.0,3
2024-03-05,1843,Tomato_83,Fruit and vegetable,57.56,53.61,0.0,89.4000015258789,0.0,12.05,9746.0,3
2024-03-06,1843,Tomato_83,Fruit and vegetable,51.19,39.12,0.0,89.4000015258789,0.0,24.12,9774.0,3
2024-03-07,1843,Tomato_83,Fruit and vegetable,40.11,48.68,0.0,89.4000015258789,0.0,15.55,11142.0,3
2024-03-08,1843,Tomato_83,Fruit and vegetable,47.29,60.26,0.0,89.4000015258789,0.0,2.58,11864.0,3
2024-03-09,1843,Tomato_83,Fruit and vegetable,66.03,53.04,0.0,89.4000015258789,0.0,15.57,10078.0,3
2024-03-10,1843,Tomato_83,Fruit and vegetable,83.65,40.63,0.0,89.4000015258789,0.0,58.59,10124.0,3
2024-03-11,1843,Tomato_83,Fruit and vegetable,14.97,53.0,0.0,89.4000015258789,0.0,20.55,10122.0,3
2024-03-12,1843,Tomato_83,Fruit and vegetable,42.75,52.87,0.0,89.4000015258789,0.0,10.43,10267.0,3
2024-03-13,1843,Tomato_83,Fruit and vegetable,38.31,29.98,0.0,89.4000015258789,0.0,18.76,10214.0,3
2024-03-14,1843,Tomato_83,Fruit and vegetable,42.75,48.58,0.0,89.4000015258789,0.0,12.93,11286.0,3
2024-03-15,1843,Tomato_83,Fruit and vegetable,60.89,73.82,0.0,89.4000015258789,0.0,0.0,12108.0,3
2024-03-16,1843,Tomato_83,Fruit and vegetable,70.24,61.86,0.0,89.4000015258789,0.0,8.38,10102.0,3
2024-03-17,1843,Tomato_83,Fruit and vegetable,50.34,54.71,0.0,89.4000015258789,0.0,4.02,10186.0,3
2024-03-18,1843,Tomato_83,Fruit and vegetable,66.01,47.57,0.0,89.4000015258789,0.0,22.46,10282.0,3
2024-03-19,1843,Tomato_83,Fruit and vegetable,47.69,39.1,0.0,89.4000015258789,0.0,31.05,9794.0,3
2024-03-20,1843,Tomato_83,Fruit and vegetable,17.43,37.11,0.0,89.4000015258789,0.0,11.37,10111.0,3
2024-03-21,1843,Tomato_83,Fruit and vegetable,53.73,50.49,0.0,100.22000122070312,0.0,14.61,11034.0,3
2024-03-22,1843,Tomato_83,Fruit and vegetable,75.65,63.86,0.0,100.22000122070312,0.0,26.41,11672.0,3
2024-03-23,1843,Tomato_83,Fruit and vegetable,48.7,51.21,0.0,100.22000122070312,0.0,23.9,10153.0,3
2024-03-24,1843,Tomato_83,Fruit and vegetable,42.52,45.41,0.0,100.22000122070312,0.0,21.01,10824.0,3
2024-03-25,1843,Tomato_83,Fruit and vegetable,37.92,50.89,0.0,100.22000122070312,0.0,8.04,10530.0,3
2024-03-26,1843,Tomato_83,Fruit and vegetable,42.51,30.8,0.0,100.22000122070312,0.0,19.75,10879.0,3
2024-03-27,1843,Tomato_83,Fruit and vegetable,31.1,49.59,0.0,100.22000122070312,0.0,1.27,12451.0,3
2024-03-28,1843,Tomato_83,Fruit and vegetable,61.76,62.93,0.0,100.22000122070312,0.0,0.1,12938.0,3
2024-03-29,1843,Tomato_83,Fruit and vegetable,78.05,58.38,0.0,100.22000122070312,0.0,19.77,10045.0,3
2024-03-30,1843,Tomato_83,Fruit and vegetable,44.55,23.81,0.0,100.22000122070312,0.0,40.51,8440.0,3
2024-03-31,1843,Tomato_83,Fruit and vegetable,23.01,21.43,0.0,100.22000122070312,0.0,42.09,9558.0,3
2024-04-01,1843,Tomato_83,Fruit and vegetable,30.48,56.84,0.0,100.22000122070312,0.0,15.72,9826.0,3
2024-04-02,1843,Tomato_83,Fruit and vegetable,37.55,47.59,0.0,100.22000122070312,0.0,5.69,10261.0,3
2024-04-03,1843,Tomato_83,Fruit and vegetable,65.25,31.9,0.0,100.22000122070312,0.0,39.04,9938.0,3
2024-04-04,1843,Tomato_83,Fruit and vegetable,46.08,29.54,0.0,100.22000122070312,0.0,55.58,11179.0,3
2024-04-05,1843,Tomato_83,Fruit and vegetable,22.67,46.29,0.0,100.22000122070312,0.0,31.96,12214.0,3
2024-04-06,1843,Tomato_83,Fruit and vegetable,9.1,35.62,0.0,100.22000122070312,0.0,5.44,9690.0,3
2024-04-07,1843,Tomato_83,Fruit and vegetable,44.43,49.87,0.0,100.22000122070312,0.0,0.0,9684.0,3
2024-04-08,1843,Tomato_83,Fruit and vegetable,69.93,38.85,0.0,100.22000122070312,0.0,31.08,10147.0,3
2024-04-09,1843,Tomato_83,Fruit and vegetable,26.83,54.7,0.0,100.22000122070312,0.0,3.21,10198.0,3
2024-04-10,1843,Tomato_83,Fruit and vegetable,40.86,33.22,0.0,100.22000122070312,0.0,10.85,10762.0,3
2024-04-11,1843,Tomato_83,Fruit and vegetable,30.61,40.06,0.0,100.22000122070312,0.0,1.39,11005.0,3
2024-04-12,1843,Tomato_83,Fruit and vegetable,54.95,46.88,0.0,100.22000122070312,0.0,9.46,12008.0,3
2024-04-13,1843,Tomato_83,Fruit and vegetable,54.55,64.01,0.0,100.22000122070312,0.0,0.0,9772.0,3
2024-04-14,1843,Tomato_83,Fruit and vegetable,63.31,47.78,0.0,100.22000122070312,0.0,15.53,10033.0,3
2024-04-15,1843,Tomato_83,Fruit and vegetable,36.67,45.43,0.0,100.22000122070312,0.0,6.76,10806.0,3
2024-04-16,1843,Tomato_83,Fruit and vegetable,60.61,32.36,0.0,100.22000122070312,0.0,35.02,10398.0,3
2024-04-17,1843,Tomato_83,Fruit and vegetable,11.95,35.31,0.0,100.22000122070312,0.0,11.65,10170.0,3
2024-04-18,1843,Tomato_83,Fruit and vegetable,41.72,45.14,0.0,100.22000122070312,0.0,8.24,11244.0,3
2024-04-19,1843,Tomato_83,Fruit and vegetable,51.72,42.56,0.0,100.22000122070312,0.0,17.39,12858.0,3
2024-04-20,1843,Tomato_83,Fruit and vegetable,59.71,50.77,0.0,100.22000122070312,0.0,26.34,10666.0,3
2024-04-21,1843,Tomato_83,Fruit and vegetable,47.62,73.96,0.0,100.22000122070312,0.0,0.0,10309.0,3
2024-04-22,1843,Tomato_83,Fruit and vegetable,62.89,56.19,0.0,100.22000122070312,0.0,6.7,10488.0,3
2024-04-23,1843,Tomato_83,Fruit and vegetable,43.71,30.7,0.0,100.22000122070312,0.0,19.7,10195.0,3
2024-04-24,1843,Tomato_83,Fruit and vegetable,34.06,17.89,0.0,100.22000122070312,0.0,35.87,10255.0,3
2024-04-25,1843,Tomato_83,Fruit and vegetable,32.3,42.66,0.0,100.22000122070312,0.0,25.51,11238.0,3
2024-04-26,1843,Tomato_83,Fruit and vegetable,40.12,29.73,0.0,100.22000122070312,0.0,35.89,11988.0,3
2024-04-28,1843,Tomato_83,Fruit and vegetable,39.11,26.4,0.0,100.22000122070312,0.0,48.6,10142.0,3
2024-04-29,1843,Tomato_83,Fruit and vegetable,59.84,38.32,9.49,100.22000122070312,0.0,60.63,11011.0,3
2024-04-30,1843,Tomato_83,Fruit and vegetable,11.5,38.25,0.0,100.22000122070312,0.0,33.88,11142.0,3
2024-05-01,1843,Tomato_83,Fruit and vegetable,7.66,34.66,0.0,100.22000122070312,0.0,6.88,9874.0,3
2024-05-02,1843,Tomato_83,Fruit and vegetable,38.73,45.61,0.0,100.22000122070312,0.0,0.0,10795.0,3
2024-05-03,1843,Tomato_83,Fruit and vegetable,51.38,43.06,0.0,100.22000122070312,0.0,8.32,11872.0,3
2024-05-04,1843,Tomato_83,Fruit and vegetable,30.21,32.0,0.0,100.22000122070312,0.0,6.53,9787.0,3
2024-05-05,1843,Tomato_83,Fruit and vegetable,30.63,37.16,0.0,100.22000122070312,0.0,0.0,10036.0,3
2024-03-01,1878,Celery_13,Fruit and vegetable,74.08,74.08,0.0,54.0099983215332,0.0,0.0,11812.0,3
2024-03-02,1878,Celery_13,Fruit and vegetable,74.08,31.84,0.0,54.0099983215332,0.0,42.24,10054.0,3
2024-03-03,1878,Celery_13,Fruit and vegetable,70.07,55.29,0.0,54.0099983215332,0.0,57.02,9613.0,3
2024-03-04,1878,Celery_13,Fruit and vegetable,44.15,49.73,0.0,54.0099983215332,0.0,51.44,9834.0,3
2024-03-05,1878,Celery_13,Fruit and vegetable,44.91,33.8,0.0,54.0099983215332,0.0,62.55,9746.0,3
2024-03-06,1878,Celery_13,Fruit and vegetable,33.65,64.01,0.0,54.0099983215332,0.0,32.19,9774.0,3
2024-03-07,1878,Celery_13,Fruit and vegetable,63.18,60.85,0.0,54.0099983215332,0.0,34.52,11142.0,3
2024-03-08,1878,Celery_13,Fruit and vegetable,59.52,61.98,0.0,54.0099983215332,0.0,32.06,11864.0,3
2024-03-09,1878,Celery_13,Fruit and vegetable,16.87,47.74,0.0,54.0099983215332,0.0,1.19,10078.0,3
2024-03-10,1878,Celery_13,Fruit and vegetable,67.67,63.6,0.0,54.0099983215332,0.0,5.27,10124.0,3
2024-03-11,1878,Celery_13,Fruit and vegetable,60.1,65.37,0.0,54.0099983215332,0.0,0.0,10122.0,3
2024-03-12,1878,Celery_13,Fruit and vegetable,52.87,52.87,0.0,54.0099983215332,0.0,0.0,10267.0,3
2024-03-13,1878,Celery_13,Fruit and vegetable,72.47,47.62,0.0,54.0099983215332,0.0,24.85,10214.0,3
2024-03-14,1878,Celery_13,Fruit and vegetable,45.69,52.05,0.0,54.0099983215332,0.0,18.49,11286.0,3
2024-03-15,1878,Celery_13,Fruit and vegetable,53.2,53.22,0.0,54.0099983215332,0.0,18.47,12108.0,3
2024-03-16,1878,Celery_13,Fruit and vegetable,39.13,57.6,0.0,54.0099983215332,0.0,0.0,10102.0,3
2024-03-17,1878,Celery_13,Fruit and vegetable,71.89,29.42,0.0,54.0099983215332,0.0,42.47,10186.0,3
2024-03-18,1878,Celery_13,Fruit and vegetable,37.09,35.24,0.0,54.0099983215332,0.0,44.31,10282.0,3
2024-03-21,1878,Celery_13,Fruit and vegetable,66.28,65.59,44.31,54.0099983215332,0.0,0.69,11034.0,3
2024-03-22,1878,Celery_13,Fruit and vegetable,73.52,74.21,0.0,54.0099983215332,0.0,0.0,11672.0,3
2024-03-23,1878,Celery_13,Fruit and vegetable,72.29,54.63,0.0,54.0099983215332,0.0,17.66,10153.0,3
2024-03-24,1878,Celery_13,Fruit and vegetable,55.82,46.46,0.0,54.0099983215332,0.0,27.02,10824.0,3
2024-03-25,1878,Celery_13,Fruit and vegetable,51.07,54.4,0.0,54.0099983215332,0.0,23.69,10530.0,3
2024-03-26,1878,Celery_13,Fruit and vegetable,30.41,54.1,0.0,54.0099983215332,0.0,0.0,10879.0,3
2024-03-27,1878,Celery_13,Fruit and vegetable,81.42,81.42,0.0,54.0099983215332,0.0,0.0,12451.0,3
2024-03-28,1878,Celery_13,Fruit and vegetable,83.34,83.34,0.0,54.0099983215332,0.0,0.0,12938.0,3
2024-03-29,1878,Celery_13,Fruit and vegetable,93.53,47.77,0.0,54.0099983215332,0.0,45.76,10045.0,3
2024-03-30,1878,Celery_13,Fruit and vegetable,28.63,25.64,0.0,54.0099983215332,0.0,48.76,8440.0,3
2024-03-31,1878,Celery_13,Fruit and vegetable,23.73,33.93,0.0,54.0099983215332,0.0,38.55,9558.0,3
2024-04-01,1878,Celery_13,Fruit and vegetable,43.78,46.18,0.0,54.0099983215332,0.0,36.16,9826.0,3
2024-04-02,1878,Celery_13,Fruit and vegetable,46.16,54.64,0.0,54.0099983215332,0.0,27.67,10261.0,3
2024-04-03,1878,Celery_13,Fruit and vegetable,81.97,51.4,0.0,54.0099983215332,0.0,58.24,9938.0,3
2024-04-04,1878,Celery_13,Fruit and vegetable,48.46,88.99,0.0,54.0099983215332,0.0,17.71,11179.0,3
2024-04-05,1878,Celery_13,Fruit and vegetable,55.73,51.43,0.0,54.0099983215332,0.0,22.02,12214.0,3
2024-04-06,1878,Celery_13,Fruit and vegetable,29.63,51.65,0.0,54.0099983215332,0.0,0.0,9690.0,3
2024-04-07,1878,Celery_13,Fruit and vegetable,55.52,28.5,0.0,54.0099983215332,0.0,27.02,9684.0,3
2024-04-08,1878,Celery_13,Fruit and vegetable,42.24,49.45,0.0,54.0099983215332,0.0,19.81,10147.0,3
2024-04-09,1878,Celery_13,Fruit and vegetable,57.69,42.34,0.0,54.0099983215332,0.0,35.16,10198.0,3
2024-04-10,1878,Celery_13,Fruit and vegetable,39.73,45.45,0.0,54.0099983215332,0.0,29.44,10762.0,3
2024-04-11,1878,Celery_13,Fruit and vegetable,83.25,41.8,0.0,54.0099983215332,0.0,70.9,11005.0,3
2024-04-12,1878,Celery_13,Fruit and vegetable,0.0,59.69,0.0,54.0099983215332,0.0,11.21,12008.0,3
2024-04-13,1878,Celery_13,Fruit and vegetable,52.89,44.34,0.0,54.0099983215332,0.0,19.76,9772.0,3
2024-04-14,1878,Celery_13,Fruit and vegetable,23.1,42.86,0.0,54.0099983215332,0.0,0.0,10033.0,3
2024-04-16,1878,Celery_13,Fruit and vegetable,57.56,49.84,0.0,54.0099983215332,0.0,7.72,10398.0,3
2024-04-17,1878,Celery_13,Fruit and vegetable,42.77,45.9,0.0,54.0099983215332,0.0,4.59,10170.0,3
2024-04-18,1878,Celery_13,Fruit and vegetable,48.68,46.87,0.0,54.0099983215332,0.0,6.4,11244.0,3
2024-04-19,1878,Celery_13,Fruit and vegetable,66.8,73.2,0.0,54.0099983215332,0.0,0.0,12858.0,3
2024-04-20,1878,Celery_13,Fruit and vegetable,73.7,68.28,0.0,54.0099983215332,0.0,5.42,10666.0,3
2024-04-21,1878,Celery_13,Fruit and vegetable,54.75,44.03,0.0,54.0099983215332,0.0,16.14,10309.0,3
2024-04-22,1878,Celery_13,Fruit and vegetable,42.6,47.41,0.0,54.0099983215332,0.0,11.32,10488.0,3
2024-04-23,1878,Celery_13,Fruit and vegetable,53.74,45.88,0.0,54.0099983215332,0.0,19.18,10195.0,3
2024-04-24,1878,Celery_13,Fruit and vegetable,42.33,56.4,0.0,54.0099983215332,0.0,5.11,10255.0,3
2024-04-25,1878,Celery_13,Fruit and vegetable,59.13,64.24,0.0,54.0099983215332,0.0,0.0,11238.0,3
2024-04-26,1878,Celery_13,Fruit and vegetable,88.22,37.82,0.0,54.0099983215332,0.0,50.4,11988.0,3
2024-04-27,1878,Celery_13,Fruit and vegetable,32.26,34.16,0.0,54.0099983215332,0.0,48.5,9223.0,3
2024-04-28,1878,Celery_13,Fruit and vegetable,8.8,24.72,0.0,54.0099983215332,0.0,32.58,10142.0,3
2024-04-29,1878,Celery_13,Fruit and vegetable,32.04,43.54,0.0,54.0099983215332,0.0,21.08,11011.0,3
2024-04-30,1878,Celery_13,Fruit and vegetable,41.93,52.15,0.0,54.0099983215332,0.0,10.85,11142.0,3
2024-05-01,1878,Celery_13,Fruit and vegetable,63.14,35.49,0.0,54.0099983215332,0.0,38.5,9874.0,3
2024-05-02,1878,Celery_13,Fruit and vegetable,42.42,41.94,0.0,54.0099983215332,0.0,38.98,10795.0,3
2024-05-03,1878,Celery_13,Fruit and vegetable,38.49,77.47,0.0,54.0099983215332,0.0,0.0,11872.0,3
2024-05-04,1878,Celery_13,Fruit and vegetable,55.91,35.55,0.0,54.0099983215332,0.0,20.36,9787.0,3
2024-05-05,1878,Celery_13,Fruit and vegetable,25.94,38.93,0.0,54.0099983215332,0.0,7.37,10036.0,3
2024-03-01,1884,Bread_153,Bakery,16.04,16.04,0.0,36.310001373291016,0.17639000713825226,0.0,11812.0,2
2024-03-02,1884,Bread_153,Bakery,16.04,14.68,0.0,36.310001373291016,0.19497999548912048,1.36,10054.0,2
2024-03-03,1884,Bread_153,Bakery,15.91,12.66,0.0,36.310001373291016,0.030729999765753746,4.61,9613.0,2
2024-03-04,1884,Bread_153,Bakery,13.61,5.51,0.0,36.310001373291016,0.0,12.71,9834.0,2
2024-03-05,1884,Bread_153,Bakery,9.33,16.9,0.0,36.310001373291016,0.032760001718997955,5.14,9746.0,2
2024-03-06,1884,Bread_153,Bakery,16.75,14.58,0.0,36.310001373291016,0.049430001527071,7.3,9774.0,2
2024-03-07,1884,Bread_153,Bakery,14.02,14.78,0.0,36.310001373291016,0.1489800065755844,6.54,11142.0,2
2024-03-08,1884,Bread_153,Bakery,14.37,18.77,0.0,36.310001373291016,0.21567000448703766,2.14,11864.0,2
2024-03-09,1884,Bread_153,Bakery,17.94,15.74,0.0,36.310001373291016,0.14755000174045563,4.33,10078.0,2
2024-03-10,1884,Bread_153,Bakery,13.78,10.78,0.0,36.310001373291016,0.019209999591112137,7.33,10124.0,2
2024-03-11,1884,Bread_153,Bakery,3.84,5.48,0.0,36.310001373291016,0.158160001039505,5.69,10122.0,2
2024-03-12,1884,Bread_153,Bakery,18.73,14.63,1.85,36.310001373291016,0.2373500019311905,7.95,10267.0,2
2024-03-13,1884,Bread_153,Bakery,12.08,8.11,0.0,36.310001373291016,0.16685999929904938,11.92,10214.0,2
2024-03-14,1884,Bread_153,Bakery,8.85,18.04,0.0,36.310001373291016,0.17166000604629517,2.72,11286.0,2
2024-03-15,1884,Bread_153,Bakery,22.54,13.56,0.0,36.310001373291016,0.18625999987125397,11.7,12108.0,2
2024-03-16,1884,Bread_153,Bakery,9.72,15.2,0.0,36.310001373291016,0.18598000705242157,6.22,10102.0,2
2024-03-17,1884,Bread_153,Bakery,10.16,13.41,0.0,36.310001373291016,0.22869999706745148,2.97,10186.0,2
2024-03-18,1884,Bread_153,Bakery,8.06,9.34,0.0,36.310001373291016,0.18616999685764313,1.69,10282.0,2
2024-03-19,1884,Bread_153,Bakery,17.32,16.88,0.0,36.310001373291016,0.10723999887704849,2.14,9794.0,2
2024-03-20,1884,Bread_153,Bakery,12.17,14.31,0.0,36.310001373291016,0.048190001398324966,0.0,10111.0,2
2024-03-21,1884,Bread_153,Bakery,21.64,19.33,0.0,36.310001373291016,0.023420000448822975,2.31,11034.0,2
2024-03-22,1884,Bread_153,Bakery,17.19,19.5,0.0,36.310001373291016,0.1973399966955185,0.0,11672.0,2
2024-03-23,1884,Bread_153,Bakery,19.77,9.36,0.0,36.310001373291016,0.042750000953674316,10.41,10153.0,2
2024-03-24,1884,Bread_153,Bakery,8.44,4.19,0.0,36.310001373291016,0.1731799989938736,14.66,10824.0,2
2024-03-25,1884,Bread_153,Bakery,8.34,8.77,6.22,36.310001373291016,0.18669000267982483,8.01,10530.0,2
2024-03-26,1884,Bread_153,Bakery,16.4,11.17,0.0,36.310001373291016,0.19710999727249146,13.24,10879.0,2
2024-03-27,1884,Bread_153,Bakery,17.31,30.55,0.0,36.310001373291016,0.3093299865722656,0.0,12451.0,2
2024-03-28,1884,Bread_153,Bakery,31.6,31.6,0.0,36.310001373291016,0.0,0.0,12938.0,2
2024-03-29,1884,Bread_153,Bakery,33.57,13.09,0.0,36.310001373291016,0.0,20.48,10045.0,2
2024-03-30,1884,Bread_153,Bakery,2.91,11.17,0.0,36.310001373291016,0.15261000394821167,12.22,8440.0,2
2024-03-31,1884,Bread_153,Bakery,15.12,13.03,9.31,36.310001373291016,0.12005999684333801,5.0,9558.0,2
2024-04-01,1884,Bread_153,Bakery,16.17,15.1,0.0,36.310001373291016,0.0,6.07,9826.0,2
2024-04-02,1884,Bread_153,Bakery,16.7,15.21,0.0,36.310001373291016,0.0,7.56,10261.0,2
2024-04-03,1884,Bread_153,Bakery,34.1,14.48,0.0,36.310001373291016,0.0,27.18,9938.0,2
2024-04-04,1884,Bread_153,Bakery,13.28,14.77,0.0,36.310001373291016,0.16954000294208527,25.69,11179.0,2
2024-04-05,1884,Bread_153,Bakery,30.3,43.58,12.41,36.310001373291016,0.028139999136328697,0.0,12214.0,2
2024-04-06,1884,Bread_153,Bakery,25.62,23.65,0.0,36.310001373291016,0.0,1.97,9690.0,2
2024-04-07,1884,Bread_153,Bakery,25.11,3.76,0.0,36.310001373291016,0.0,23.32,9684.0,2
2024-04-08,1884,Bread_153,Bakery,7.68,11.48,0.0,36.310001373291016,0.1465200036764145,19.51,10147.0,2
2024-04-09,1884,Bread_153,Bakery,23.74,9.88,11.84,36.310001373291016,0.16358999907970428,21.54,10198.0,2
2024-04-10,1884,Bread_153,Bakery,9.61,16.43,0.0,36.310001373291016,0.1585099995136261,14.72,10762.0,2
2024-04-11,1884,Bread_153,Bakery,21.76,20.55,5.11,36.310001373291016,0.2326900064945221,10.82,11005.0,2
2024-04-12,1884,Bread_153,Bakery,49.32,25.78,0.0,36.310001373291016,0.0,34.36,12008.0,2
2024-04-13,1884,Bread_153,Bakery,0.0,7.84,0.0,36.310001373291016,0.186039999127388,26.52,9772.0,2
2024-04-14,1884,Bread_153,Bakery,13.58,10.79,26.52,36.310001373291016,0.03590000048279762,2.79,10033.0,2
2024-04-15,1884,Bread_153,Bakery,17.05,8.21,0.0,36.310001373291016,0.1764100044965744,11.63,10806.0,2
2024-04-16,1884,Bread_153,Bakery,7.09,11.25,0.0,36.310001373291016,0.2145400047302246,7.47,10398.0,2
2024-04-17,1884,Bread_153,Bakery,18.02,9.0,0.38,36.310001373291016,0.009549999609589577,16.11,10170.0,2
2024-04-18,1884,Bread_153,Bakery,13.39,15.1,0.0,36.310001373291016,0.21046000719070435,14.39,11244.0,2
2024-04-19,1884,Bread_153,Bakery,20.49,27.24,1.01,36.310001373291016,0.0,6.63,12858.0,2
2024-04-20,1884,Bread_153,Bakery,9.96,12.96,0.0,36.310001373291016,0.07377000153064728,3.63,10666.0,2
2024-04-21,1884,Bread_153,Bakery,15.46,3.52,0.0,36.310001373291016,0.0,15.57,10309.0,2
2024-04-22,1884,Bread_153,Bakery,2.34,6.15,0.11,36.310001373291016,0.07427000254392624,11.65,10488.0,2
2024-04-23,1884,Bread_153,Bakery,18.8,13.59,9.31,36.310001373291016,0.18030999600887299,7.55,10195.0,2
2024-04-24,1884,Bread_153,Bakery,11.35,14.45,0.0,36.310001373291016,0.0010999999940395355,4.45,10255.0,2
2024-04-25,1884,Bread_153,Bakery,20.37,19.79,0.0,36.310001373291016,0.15685999393463135,5.03,11238.0,2
2024-04-26,1884,Bread_153,Bakery,32.42,15.64,0.0,36.310001373291016,0.320609986782074,21.81,11988.0,2
2024-04-27,1884,Bread_153,Bakery,0.0,7.55,0.0,36.310001373291016,0.18131999671459198,14.26,9223.0,2
2024-04-28,1884,Bread_153,Bakery,11.04,9.36,14.26,36.310001373291016,0.04926000162959099,1.68,10142.0,2
2024-04-29,1884,Bread_153,Bakery,11.1,12.78,0.0,36.310001373291016,0.15150000154972076,0.0,11011.0,2
2024-04-30,1884,Bread_153,Bakery,36.46,36.46,0.0,36.310001373291016,0.0,0.0,11142.0,2
2024-05-01,1884,Bread_153,Bakery,26.81,7.49,0.0,36.310001373291016,0.0,19.32,9874.0,2
2024-05-02,1884,Bread_153,Bakery,13.59,18.7,0.0,36.310001373291016,0.17896999418735504,14.21,10795.0,2
2024-05-03,1884,Bread_153,Bakery,15.08,11.02,0.62,36.310001373291016,0.06400000303983688,17.65,11872.0,2
2024-05-04,1884,Bread_153,Bakery,5.67,15.66,2.57,36.310001373291016,0.18521000444889069,5.09,9787.0,2
2024-05-05,1884,Bread_153,Bakery,16.83,8.14,0.0,36.310001373291016,0.30994001030921936,13.78,10036.0,2
2024-03-01,1944,Kiwi_19,Fruit and vegetable,162.16,162.16,0.0,20.600000381469727,0.0,0.0,11812.0,3
2024-03-02,1944,Kiwi_19,Fruit and vegetable,231.65,231.65,0.0,20.600000381469727,0.0,0.0,10054.0,3
2024-03-03,1944,Kiwi_19,Fruit and vegetable,225.06,218.28,0.0,20.600000381469727,0.0,6.78,9613.0,3
2024-03-04,1944,Kiwi_19,Fruit and vegetable,202.79,209.57,0.0,20.600000381469727,0.0,0.0,9834.0,3
2024-03-05,1944,Kiwi_19,Fruit and vegetable,245.53,245.53,0.0,20.600000381469727,0.0,0.0,9746.0,3
2024-03-08,1944,Kiwi_19,Fruit and vegetable,202.79,197.99,0.0,20.600000381469727,0.0,4.8,11864.0,3
2024-03-09,1944,Kiwi_19,Fruit and vegetable,194.59,154.71,0.0,20.600000381469727,0.0,44.67,10078.0,3
2024-03-10,1944,Kiwi_19,Fruit and vegetable,160.99,162.52,0.0,20.600000381469727,0.0,43.14,10124.0,3
2024-03-11,1944,Kiwi_19,Fruit and vegetable,231.92,161.96,0.0,20.600000381469727,0.0,113.1,10122.0,3
2024-03-12,1944,Kiwi_19,Fruit and vegetable,149.07,243.25,0.0,20.600000381469727,0.0,18.93,10267.0,3
2024-03-13,1944,Kiwi_19,Fruit and vegetable,239.82,203.52,0.0,20.600000381469727,0.0,55.23,10214.0,3
2024-04-18,1944,Kiwi_19,Fruit and vegetable,294.35,232.69,55.23,25.079999923706055,0.0,61.66,11244.0,3
2024-04-19,1944,Kiwi_19,Fruit and vegetable,181.85,200.64,0.0,25.079999923706055,0.0,42.88,12858.0,3
2024-04-21,1944,Kiwi_19,Fruit and vegetable,157.44,131.39,0.0,25.079999923706055,0.0,68.93,10309.0,3
2024-04-22,1944,Kiwi_19,Fruit and vegetable,145.65,112.38,0.0,25.079999923706055,0.0,102.2,10488.0,3
2024-04-23,1944,Kiwi_19,Fruit and vegetable,123.59,141.16,0.0,25.979999542236328,0.0,84.63,10195.0,3
2024-04-24,1944,Kiwi_19,Fruit and vegetable,225.12,185.08,0.0,25.979999542236328,0.0,124.67,10255.0,3
2024-04-25,1944,Kiwi_19,Fruit and vegetable,135.66,185.77,0.0,25.979999542236328,0.0,74.57,11238.0,3
2024-04-26,1944,Kiwi_19,Fruit and vegetable,212.9,161.61,0.0,25.979999542236328,0.0,125.85,11988.0,3
2024-04-27,1944,Kiwi_19,Fruit and vegetable,116.55,98.88,0.0,25.979999542236328,0.0,143.53,9223.0,3
2024-04-28,1944,Kiwi_19,Fruit and vegetable,31.38,158.94,0.0,25.979999542236328,0.0,15.97,10142.0,3
2024-04-29,1944,Kiwi_19,Fruit and vegetable,142.52,158.49,0.0,25.979999542236328,0.0,0.0,11011.0,3
2024-04-30,1944,Kiwi_19,Fruit and vegetable,179.06,104.31,0.0,25.979999542236328,0.0,74.75,11142.0,3
2024-05-01,1944,Kiwi_19,Fruit and vegetable,155.57,108.25,0.0,25.979999542236328,0.0,122.07,9874.0,3
2024-05-02,1944,Kiwi_19,Fruit and vegetable,108.14,131.05,0.0,25.979999542236328,0.0,99.16,10795.0,3
2024-05-03,1944,Kiwi_19,Fruit and vegetable,98.39,120.51,0.0,25.979999542236328,0.0,77.05,11872.0,3
2024-05-04,1944,Kiwi_19,Fruit and vegetable,53.69,106.65,0.0,25.979999542236328,0.0,24.09,9787.0,3
2024-05-05,1944,Kiwi_19,Fruit and vegetable,165.1,123.86,0.0,25.979999542236328,0.0,65.33,10036.0,3
2024-03-01,1998,Bread_167,Bakery,53.82,53.82,0.0,63.630001068115234,0.0,0.0,12026.0,2
2024-03-02,1998,Bread_167,Bakery,53.82,38.47,0.0,63.630001068115234,0.0,15.35,10750.0,2
2024-03-03,1998,Bread_167,Bakery,52.36,0.0,0.0,63.630001068115234,0.0,67.71,10158.0,2
2024-03-04,1998,Bread_167,Bakery,36.95,47.14,15.35,63.630001068115234,0.0,42.17,9802.0,2
2024-03-05,1998,Bread_167,Bakery,47.69,35.68,5.22,63.630001068115234,0.0,48.95,9606.0,2
2024-03-06,1998,Bread_167,Bakery,32.82,37.5,1.27,63.630001068115234,0.0,43.01,9558.0,2
2024-03-07,1998,Bread_167,Bakery,44.91,42.87,10.19,63.630001068115234,0.0,34.86,10034.0,2
2024-03-08,1998,Bread_167,Bakery,41.08,62.21,0.0,63.630001068115234,0.0,13.73,12292.0,2
2024-03-09,1998,Bread_167,Bakery,48.93,38.53,0.0,63.630001068115234,0.0,24.13,10656.0,2
2024-03-10,1998,Bread_167,Bakery,0.06,0.0,0.0,63.630001068115234,0.0,24.19,10524.0,2
2024-03-11,1998,Bread_167,Bakery,71.27,41.25,24.13,63.630001068115234,0.0,30.08,10134.0,2
2024-03-12,1998,Bread_167,Bakery,29.33,40.71,0.0,63.630001068115234,0.0,18.69,10012.0,2
2024-03-13,1998,Bread_167,Bakery,42.59,48.23,0.0,63.630001068115234,0.0,13.05,9924.0,2
2024-03-14,1998,Bread_167,Bakery,54.15,44.3,0.0,63.630001068115234,0.0,22.9,10324.0,2
2024-03-15,1998,Bread_167,Bakery,63.71,45.34,0.0,63.630001068115234,0.0,41.27,12304.0,2
2024-03-16,1998,Bread_167,Bakery,18.5,36.62,0.0,63.630001068115234,0.0,23.15,10926.0,2
2024-03-17,1998,Bread_167,Bakery,2.72,0.0,4.65,63.630001068115234,0.0,21.22,10662.0,2
2024-03-18,1998,Bread_167,Bakery,59.75,40.52,18.5,63.630001068115234,0.0,21.95,10286.0,2
2024-03-19,1998,Bread_167,Bakery,39.94,46.85,0.0,63.630001068115234,0.0,15.04,9634.0,2
2024-03-20,1998,Bread_167,Bakery,54.9,17.76,0.0,63.630001068115234,0.0,52.18,9842.0,2
2024-03-21,1998,Bread_167,Bakery,14.67,54.38,0.0,63.630001068115234,0.0,12.47,10076.0,2
2024-03-22,1998,Bread_167,Bakery,57.25,67.7,0.0,63.630001068115234,0.0,2.02,12078.0,2
2024-03-23,1998,Bread_167,Bakery,63.65,41.95,0.0,63.630001068115234,0.0,23.72,10782.0,2
2024-03-24,1998,Bread_167,Bakery,5.39,0.0,0.0,63.630001068115234,0.0,29.11,10920.0,2
2024-03-25,1998,Bread_167,Bakery,64.24,45.94,23.72,63.630001068115234,0.0,23.69,10111.0,2
2024-03-26,1998,Bread_167,Bakery,52.49,33.68,0.0,63.630001068115234,0.0,42.5,9932.0,2
2024-03-27,1998,Bread_167,Bakery,4.41,46.91,0.0,63.630001068115234,0.0,0.0,10540.0,2
2024-03-28,1998,Bread_167,Bakery,81.46,43.1,0.0,63.630001068115234,0.0,38.36,13846.0,2
2024-03-29,1998,Bread_167,Bakery,55.49,53.42,0.0,63.630001068115234,0.0,40.43,12157.0,2
2024-03-30,1998,Bread_167,Bakery,24.21,49.04,0.0,63.630001068115234,0.0,15.59,8768.0,2
2024-03-31,1998,Bread_167,Bakery,7.69,0.0,0.0,63.630001068115234,0.0,23.28,9390.0,2
2024-04-01,1998,Bread_167,Bakery,61.53,34.6,15.59,63.630001068115234,0.0,34.62,10206.0,2
2024-04-02,1998,Bread_167,Bakery,22.04,0.0,0.0,63.630001068115234,0.0,56.67,10356.0,2
2024-04-03,1998,Bread_167,Bakery,54.19,54.45,34.62,63.630001068115234,0.0,21.78,9502.0,2
2024-04-04,1998,Bread_167,Bakery,51.86,37.15,0.0,63.630001068115234,0.0,36.49,10040.0,2
2024-04-05,1998,Bread_167,Bakery,47.09,64.47,0.0,63.630001068115234,0.0,19.11,12248.0,2
2024-04-06,1998,Bread_167,Bakery,62.54,48.18,0.0,63.630001068115234,0.0,33.47,10560.0,2
2024-04-07,1998,Bread_167,Bakery,0.0,0.0,0.0,63.630001068115234,0.0,33.47,10420.0,2
2024-04-08,1998,Bread_167,Bakery,67.11,51.89,33.47,63.630001068115234,0.0,15.22,10060.0,2
2024-04-09,1998,Bread_167,Bakery,32.94,48.16,0.0,63.630001068115234,0.0,0.0,9823.0,2
2024-04-10,1998,Bread_167,Bakery,81.13,63.2,0.0,63.630001068115234,0.0,17.93,10304.0,2
2024-04-11,1998,Bread_167,Bakery,47.19,48.6,0.0,63.630001068115234,0.0,16.52,10316.0,2
2024-04-12,1998,Bread_167,Bakery,75.62,52.15,0.0,63.630001068115234,0.0,39.99,12158.0,2
2024-04-13,1998,Bread_167,Bakery,34.25,57.26,0.0,63.630001068115234,0.0,16.98,10585.0,2
2024-04-14,1998,Bread_167,Bakery,9.78,0.0,0.0,63.630001068115234,0.0,26.76,10578.0,2
2024-04-15,1998,Bread_167,Bakery,68.87,43.95,16.98,63.630001068115234,0.0,34.7,10416.0,2
2024-04-16,1998,Bread_167,Bakery,40.01,52.38,0.0,63.630001068115234,0.0,22.33,10322.0,2
2024-04-17,1998,Bread_167,Bakery,67.65,37.15,0.0,63.630001068115234,0.0,52.82,10042.0,2
2024-04-18,1998,Bread_167,Bakery,20.71,42.75,0.0,63.630001068115234,0.0,30.79,10182.0,2
2024-04-19,1998,Bread_167,Bakery,56.09,71.29,10.07,63.630001068115234,0.0,5.51,12894.0,2
2024-04-20,1998,Bread_167,Bakery,80.24,53.43,0.0,63.630001068115234,0.0,32.33,11854.0,2
2024-04-21,1998,Bread_167,Bakery,0.0,0.0,0.0,63.630001068115234,0.0,32.33,10578.0,2
2024-04-22,1998,Bread_167,Bakery,72.0,57.21,32.33,63.630001068115234,0.0,14.79,10500.0,2
2024-04-23,1998,Bread_167,Bakery,66.48,49.88,0.0,63.630001068115234,0.0,31.39,9974.0,2
2024-04-24,1998,Bread_167,Bakery,34.5,38.89,0.0,63.630001068115234,0.0,27.0,10096.0,2
2024-04-25,1998,Bread_167,Bakery,44.38,50.08,0.0,63.630001068115234,0.0,21.3,10130.0,2
2024-04-26,1998,Bread_167,Bakery,78.7,58.98,0.0,63.630001068115234,0.0,41.02,12265.0,2
2024-04-27,1998,Bread_167,Bakery,38.65,36.96,0.0,63.630001068115234,0.0,42.71,10339.0,2
2024-04-28,1998,Bread_167,Bakery,0.0,0.0,4.06,63.630001068115234,0.0,38.65,10120.0,2
2024-04-29,1998,Bread_167,Bakery,83.05,49.67,38.65,63.630001068115234,0.0,33.38,10345.0,2
2024-04-30,1998,Bread_167,Bakery,41.34,48.66,0.0,63.630001068115234,0.0,26.07,11167.0,2
2024-05-01,1998,Bread_167,Bakery,37.55,51.32,0.0,63.630001068115234,0.0,12.3,10620.0,2
2024-05-02,1998,Bread_167,Bakery,63.02,42.54,0.0,63.630001068115234,0.0,32.78,9613.0,2
2024-05-03,1998,Bread_167,Bakery,51.06,58.7,0.0,63.630001068115234,0.0,25.14,12020.0,2
2024-05-04,1998,Bread_167,Bakery,36.63,45.65,0.0,63.630001068115234,0.0,16.11,10495.0,2
2024-05-05,1998,Bread_167,Bakery,8.65,0.0,0.0,63.630001068115234,0.0,24.76,10224.0,2
2024-04-16,2038,Bread_171,Bakery,9.64,9.64,0.0,59.939998626708984,0.0,0.0,10398.0,2
2024-04-17,2038,Bread_171,Bakery,9.64,5.3,0.0,59.939998626708984,0.0,4.34,10170.0,2
2024-04-18,2038,Bread_171,Bakery,9.55,13.89,0.0,59.939998626708984,0.0,0.0,11244.0,2
2024-04-19,2038,Bread_171,Bakery,32.35,32.35,0.0,59.939998626708984,0.0,0.0,12858.0,2
2024-04-20,2038,Bread_171,Bakery,31.51,31.51,0.0,59.939998626708984,0.0,0.0,10666.0,2
2024-04-21,2038,Bread_171,Bakery,31.7,31.7,0.0,59.939998626708984,0.0,0.0,10309.0,2
2024-04-22,2038,Bread_171,Bakery,25.62,10.54,0.0,59.939998626708984,0.0,15.08,10488.0,2
2024-04-23,2038,Bread_171,Bakery,9.96,15.88,0.0,59.939998626708984,0.0,9.16,10195.0,2
2024-04-24,2038,Bread_171,Bakery,11.99,21.15,0.0,59.939998626708984,0.0,0.0,10255.0,2
2024-04-25,2038,Bread_171,Bakery,27.78,27.78,0.0,59.939998626708984,0.0,0.0,11238.0,2
2024-04-26,2038,Bread_171,Bakery,44.7,44.7,0.0,59.939998626708984,0.0,0.0,11988.0,2
2024-04-27,2038,Bread_171,Bakery,46.11,12.58,0.0,59.939998626708984,0.0,33.53,9223.0,2
2024-04-28,2038,Bread_171,Bakery,13.72,8.83,0.0,59.939998626708984,0.0,38.42,10142.0,2
2024-04-29,2038,Bread_171,Bakery,14.15,27.87,24.7,59.939998626708984,0.0,0.0,11011.0,2
2024-04-30,2038,Bread_171,Bakery,34.77,34.77,0.0,59.939998626708984,0.0,0.0,11142.0,2
2024-05-01,2038,Bread_171,Bakery,37.08,14.2,0.0,59.939998626708984,0.0,22.88,9874.0,2
2024-05-02,2038,Bread_171,Bakery,21.67,34.95,0.0,59.939998626708984,0.0,9.59,10795.0,2
2024-05-03,2038,Bread_171,Bakery,52.61,43.04,0.0,59.939998626708984,0.0,19.16,11872.0,2
2024-05-04,2038,Bread_171,Bakery,10.43,12.44,0.0,59.939998626708984,0.0,17.16,9787.0,2
2024-05-05,2038,Bread_171,Bakery,15.44,19.46,6.72,59.939998626708984,0.0,6.41,10036.0,2
2024-03-01,2054,Chicken_77,Meat and fish,22.04,22.04,0.0,196.5,0.0,0.0,11812.0,4
2024-03-02,2054,Chicken_77,Meat and fish,22.04,13.85,0.0,196.5,0.0,8.19,10054.0,4
2024-03-03,2054,Chicken_77,Meat and fish,21.26,13.79,0.0,196.50999450683594,0.0,15.66,9613.0,4
2024-03-04,2054,Chicken_77,Meat and fish,12.45,17.87,0.0,196.50999450683594,0.005499999970197678,10.24,9834.0,4
2024-03-05,2054,Chicken_77,Meat and fish,16.83,4.02,0.0,196.5,0.0,23.05,9746.0,4
2024-03-06,2054,Chicken_77,Meat and fish,7.55,8.93,0.0,196.5,0.0,21.67,9774.0,4
2024-03-07,2054,Chicken_77,Meat and fish,8.53,14.01,0.0,196.50999450683594,0.01104000024497509,16.18,11142.0,4
2024-03-08,2054,Chicken_77,Meat and fish,13.31,17.46,0.0,196.5,0.011590000241994858,12.03,11864.0,4
2024-03-09,2054,Chicken_77,Meat and fish,8.07,18.02,0.0,196.5,0.014030000194907188,2.08,10078.0,4
2024-03-10,2054,Chicken_77,Meat and fish,18.45,13.53,0.0,196.50999450683594,0.0880500003695488,7.0,10124.0,4
2024-03-11,2054,Chicken_77,Meat and fish,17.61,24.31,0.0,196.5,0.07475999742746353,0.3,10122.0,4
2024-03-12,2054,Chicken_77,Meat and fish,12.14,9.02,0.0,196.5,0.003759999992325902,3.41,10267.0,4
2024-03-13,2054,Chicken_77,Meat and fish,12.48,9.3,0.0,196.5,0.2199999988079071,6.59,10214.0,4
2024-03-14,2054,Chicken_77,Meat and fish,26.88,33.47,0.0,196.50999450683594,0.0,0.0,11286.0,4
2024-03-15,2054,Chicken_77,Meat and fish,28.61,26.87,0.0,196.50999450683594,0.0,1.74,12108.0,4
2024-03-16,2054,Chicken_77,Meat and fish,28.23,11.61,0.0,196.50999450683594,0.0,18.37,10102.0,4
2024-03-17,2054,Chicken_77,Meat and fish,7.68,10.22,0.0,196.5,0.0,15.83,10186.0,4
2024-03-18,2054,Chicken_77,Meat and fish,21.44,14.57,0.0,196.50999450683594,0.00773000018671155,22.7,10282.0,4
2024-03-19,2054,Chicken_77,Meat and fish,0.0,9.58,0.0,196.50999450683594,0.0,13.12,9794.0,4
2024-03-20,2054,Chicken_77,Meat and fish,8.57,18.02,0.0,196.5,0.0,3.67,10111.0,4
2024-03-21,2054,Chicken_77,Meat and fish,41.5,15.36,0.0,196.50999450683594,0.0,29.81,11034.0,4
2024-03-22,2054,Chicken_77,Meat and fish,4.7,18.93,0.0,196.50999450683594,0.04173000156879425,15.58,11672.0,4
2024-03-23,2054,Chicken_77,Meat and fish,0.77,11.78,0.0,196.50999450683594,0.09164000302553177,4.57,10153.0,4
2024-03-24,2054,Chicken_77,Meat and fish,16.3,20.87,0.0,196.50999450683594,0.06453000009059906,0.0,10824.0,4
2024-03-25,2054,Chicken_77,Meat and fish,19.71,18.41,0.0,196.50999450683594,0.0772399976849556,1.3,10530.0,4
2024-03-26,2054,Chicken_77,Meat and fish,15.24,16.54,0.0,196.50999450683594,0.010990000329911709,0.0,10879.0,4
2024-03-27,2054,Chicken_77,Meat and fish,23.87,23.87,0.0,196.5,0.23000000417232513,0.0,12451.0,4
2024-03-28,2054,Chicken_77,Meat and fish,43.27,43.27,0.0,196.50999450683594,0.0,0.0,12938.0,4
2024-03-29,2054,Chicken_77,Meat and fish,31.88,30.73,0.0,196.50999450683594,0.0,1.15,10045.0,4
2024-03-30,2054,Chicken_77,Meat and fish,24.08,15.95,0.0,196.5,0.045010000467300415,9.27,8440.0,4
2024-03-31,2054,Chicken_77,Meat and fish,24.16,25.66,0.0,196.50999450683594,0.0,7.77,9558.0,4
2024-04-01,2054,Chicken_77,Meat and fish,23.06,11.44,0.0,196.50999450683594,0.049970000982284546,19.39,9826.0,4
2024-04-02,2054,Chicken_77,Meat and fish,10.95,1.08,0.0,196.5,0.07452999800443649,29.26,10261.0,4
2024-04-04,2054,Chicken_77,Meat and fish,12.18,19.56,0.0,196.50999450683594,0.0,21.88,11179.0,4
2024-04-05,2054,Chicken_77,Meat and fish,38.94,24.24,0.0,196.50999450683594,0.0,36.58,12214.0,4
2024-04-06,2054,Chicken_77,Meat and fish,6.89,23.08,0.0,196.50999450683594,0.0,20.39,9690.0,4
2024-04-07,2054,Chicken_77,Meat and fish,6.71,9.46,0.0,196.49000549316406,0.0,17.65,9684.0,4
2024-04-08,2054,Chicken_77,Meat and fish,19.81,19.51,0.0,196.50999450683594,0.0632999986410141,17.94,10147.0,4
2024-04-09,2054,Chicken_77,Meat and fish,4.3,13.43,0.0,196.50999450683594,0.01071999967098236,8.81,10198.0,4
2024-04-10,2054,Chicken_77,Meat and fish,14.42,23.23,0.0,196.50999450683594,0.20000000298023224,0.0,10762.0,4
2024-04-11,2054,Chicken_77,Meat and fish,33.79,33.79,0.0,196.50999450683594,0.0,0.0,11005.0,4
2024-04-12,2054,Chicken_77,Meat and fish,34.37,12.7,0.0,196.50999450683594,0.0,21.67,12008.0,4
2024-04-13,2054,Chicken_77,Meat and fish,12.05,4.8,0.0,196.50999450683594,0.0,28.92,9772.0,4
2024-04-14,2054,Chicken_77,Meat and fish,0.0,13.89,0.0,196.50999450683594,0.04822999984025955,15.03,10033.0,4
2024-04-15,2054,Chicken_77,Meat and fish,131.36,146.39,0.0,196.64999389648438,0.31529000401496887,0.0,10806.0,4
2024-04-16,2054,Chicken_77,Meat and fish,123.01,123.01,0.0,196.64999389648438,0.31529000401496887,0.0,10398.0,4
2024-04-17,2054,Chicken_77,Meat and fish,145.64,145.64,0.0,196.64999389648438,0.31529000401496887,0.0,10170.0,4
2024-04-18,2054,Chicken_77,Meat and fish,140.06,140.06,0.0,196.64999389648438,0.31529000401496887,0.0,11244.0,4
2024-04-19,2054,Chicken_77,Meat and fish,187.55,187.55,0.0,196.5,0.31529000401496887,0.0,12858.0,4
2024-04-20,2054,Chicken_77,Meat and fish,124.89,124.89,0.0,196.50999450683594,0.31529000401496887,0.0,10666.0,4
2024-04-21,2054,Chicken_77,Meat and fish,139.95,139.95,0.0,196.50999450683594,0.31529000401496887,0.0,10309.0,4
2024-04-22,2054,Chicken_77,Meat and fish,173.76,16.47,0.0,196.5,0.015410000458359718,157.29,10488.0,4
2024-04-23,2054,Chicken_77,Meat and fish,32.99,24.28,0.0,196.5,0.0,166.0,10195.0,4
2024-04-24,2054,Chicken_77,Meat and fish,62.91,13.66,0.0,196.50999450683594,0.0,215.25,10255.0,4
2024-04-25,2054,Chicken_77,Meat and fish,17.18,19.31,0.0,196.50999450683594,0.0,213.12,11238.0,4
2024-04-26,2054,Chicken_77,Meat and fish,168.29,13.03,100.04,196.5,0.0,268.34,11988.0,4
2024-04-27,2054,Chicken_77,Meat and fish,0.0,5.95,19.96,196.50999450683594,0.0,242.43,9223.0,4
2024-04-28,2054,Chicken_77,Meat and fish,15.15,14.55,56.96,196.50999450683594,0.029079999774694443,186.07,10142.0,4
2024-04-29,2054,Chicken_77,Meat and fish,0.0,21.41,2.63,196.5,0.05299999937415123,162.02,11011.0,4
2024-04-30,2054,Chicken_77,Meat and fish,17.19,32.34,146.88,196.50999450683594,0.03277000039815903,0.0,11142.0,4
2024-05-01,2054,Chicken_77,Meat and fish,24.3,6.96,0.0,196.5,0.1526300013065338,17.34,9874.0,4
2024-05-02,2054,Chicken_77,Meat and fish,13.66,17.09,0.0,196.50999450683594,0.0,13.91,10795.0,4
2024-05-03,2054,Chicken_77,Meat and fish,13.34,27.25,0.0,196.50999450683594,0.016090000048279762,0.0,11872.0,4
2024-05-04,2054,Chicken_77,Meat and fish,18.56,12.8,0.0,196.50999450683594,0.0,5.76,9787.0,4
2024-05-05,2054,Chicken_77,Meat and fish,19.98,15.96,0.0,196.50999450683594,0.0,9.78,10036.0,4
2024-03-01,2084,Radish_13,Fruit and vegetable,859.35,859.35,0.0,17.8799991607666,0.0,0.0,11812.0,3
2024-03-02,2084,Radish_13,Fruit and vegetable,1180.41,1180.41,0.0,17.8799991607666,0.0,0.0,10054.0,3
2024-03-03,2084,Radish_13,Fruit and vegetable,1149.94,646.85,0.0,17.8799991607666,0.0,503.09,9613.0,3
2024-03-04,2084,Radish_13,Fruit and vegetable,700.09,740.61,0.0,17.8799991607666,0.0,462.57,9834.0,3
2024-03-05,2084,Radish_13,Fruit and vegetable,694.51,693.73,0.0,17.8799991607666,0.0,463.35,9746.0,3
2024-03-06,2084,Radish_13,Fruit and vegetable,670.22,645.44,0.0,17.8799991607666,0.0,488.13,9774.0,3
2024-03-07,2084,Radish_13,Fruit and vegetable,633.67,850.12,0.0,17.8799991607666,0.0,271.68,11142.0,3
2024-03-08,2084,Radish_13,Fruit and vegetable,828.76,838.45,0.0,18.440000534057617,0.0,262.0,11864.0,3
2024-03-09,2084,Radish_13,Fruit and vegetable,1158.37,769.11,0.0,18.440000534057617,0.0,651.26,10078.0,3
2024-03-10,2084,Radish_13,Fruit and vegetable,103.22,736.64,0.0,18.440000534057617,0.0,17.84,10124.0,3
2024-03-11,2084,Radish_13,Fruit and vegetable,816.97,648.42,0.0,18.440000534057617,0.0,186.39,10122.0,3
2024-03-12,2084,Radish_13,Fruit and vegetable,614.62,697.86,0.0,18.440000534057617,0.0,103.15,10267.0,3
2024-03-13,2084,Radish_13,Fruit and vegetable,649.1,634.96,0.0,18.440000534057617,0.0,117.29,10214.0,3
2024-03-14,2084,Radish_13,Fruit and vegetable,842.28,747.77,0.0,18.440000534057617,0.0,211.8,11286.0,3
2024-03-15,2084,Radish_13,Fruit and vegetable,740.98,952.78,0.0,18.440000534057617,0.0,0.0,12108.0,3
2024-03-16,2084,Radish_13,Fruit and vegetable,904.76,795.29,0.0,18.440000534057617,0.0,109.47,10102.0,3
2024-03-17,2084,Radish_13,Fruit and vegetable,764.87,652.95,0.0,18.440000534057617,0.0,221.39,10186.0,3
2024-03-18,2084,Radish_13,Fruit and vegetable,571.86,694.16,0.0,18.440000534057617,0.0,99.08,10282.0,3
2024-03-19,2084,Radish_13,Fruit and vegetable,737.9,600.68,0.0,18.440000534057617,0.0,236.3,9794.0,3
2024-03-20,2084,Radish_13,Fruit and vegetable,552.83,751.95,0.0,18.440000534057617,0.0,37.18,10111.0,3
2024-03-21,2084,Radish_13,Fruit and vegetable,856.15,853.19,0.0,18.440000534057617,0.0,40.14,11034.0,3
2024-03-22,2084,Radish_13,Fruit and vegetable,1067.91,914.71,0.0,18.440000534057617,0.0,193.34,11672.0,3
2024-03-23,2084,Radish_13,Fruit and vegetable,744.72,731.02,0.0,18.440000534057617,0.0,207.04,10153.0,3
2024-03-24,2084,Radish_13,Fruit and vegetable,586.71,756.3,0.0,18.440000534057617,0.0,37.45,10824.0,3
2024-03-25,2084,Radish_13,Fruit and vegetable,788.09,754.52,0.0,18.440000534057617,0.0,71.02,10530.0,3
2024-03-26,2084,Radish_13,Fruit and vegetable,703.65,774.67,0.0,18.440000534057617,0.0,0.0,10879.0,3
2024-03-27,2084,Radish_13,Fruit and vegetable,837.97,738.15,0.0,18.440000534057617,0.0,99.82,12451.0,3
2024-03-28,2084,Radish_13,Fruit and vegetable,854.33,954.15,0.0,18.440000534057617,0.0,0.0,12938.0,3
2024-03-29,2084,Radish_13,Fruit and vegetable,1031.61,536.54,0.0,18.440000534057617,0.0,495.07,10045.0,3
2024-03-30,2084,Radish_13,Fruit and vegetable,391.33,540.32,0.0,18.440000534057617,0.0,346.08,8440.0,3
2024-03-31,2084,Radish_13,Fruit and vegetable,596.13,664.22,0.0,18.440000534057617,0.0,277.99,9558.0,3
2024-04-01,2084,Radish_13,Fruit and vegetable,663.15,813.5,0.0,18.440000534057617,0.0,127.63,9826.0,3
2024-04-02,2084,Radish_13,Fruit and vegetable,839.67,760.64,0.0,18.440000534057617,0.0,206.66,10261.0,3
2024-04-03,2084,Radish_13,Fruit and vegetable,723.1,663.56,0.0,18.440000534057617,0.0,266.2,9938.0,3
2024-04-04,2084,Radish_13,Fruit and vegetable,880.53,1000.79,0.0,18.440000534057617,0.0,145.94,11179.0,3
2024-04-05,2084,Radish_13,Fruit and vegetable,623.45,769.39,0.0,18.440000534057617,0.0,0.0,12214.0,3
2024-04-06,2084,Radish_13,Fruit and vegetable,972.83,972.83,0.0,18.440000534057617,0.0,0.0,9690.0,3
2024-04-07,2084,Radish_13,Fruit and vegetable,879.72,879.72,0.0,18.440000534057617,0.0,0.0,9684.0,3
2024-04-08,2084,Radish_13,Fruit and vegetable,968.64,650.74,0.0,18.440000534057617,0.0,317.9,10147.0,3
2024-04-09,2084,Radish_13,Fruit and vegetable,622.67,795.37,0.0,18.440000534057617,0.0,145.2,10198.0,3
2024-04-10,2084,Radish_13,Fruit and vegetable,696.25,718.45,0.0,18.440000534057617,0.0,123.0,10762.0,3
2024-04-11,2084,Radish_13,Fruit and vegetable,1044.2,1066.01,0.0,18.440000534057617,0.0,101.2,11005.0,3
2024-04-12,2084,Radish_13,Fruit and vegetable,860.81,962.01,0.0,18.440000534057617,0.0,0.0,12008.0,3
2024-04-13,2084,Radish_13,Fruit and vegetable,1164.03,874.79,0.0,18.440000534057617,0.0,289.24,9772.0,3
2024-04-14,2084,Radish_13,Fruit and vegetable,772.02,927.21,0.0,18.440000534057617,0.0,134.05,10033.0,3
2024-04-15,2084,Radish_13,Fruit and vegetable,1768.57,1902.62,0.0,18.440000534057617,0.3015100061893463,0.0,10806.0,3
2024-04-16,2084,Radish_13,Fruit and vegetable,1784.88,1784.88,0.0,18.440000534057617,0.3015100061893463,0.0,10398.0,3
2024-04-17,2084,Radish_13,Fruit and vegetable,1874.77,1874.77,0.0,18.440000534057617,0.3015100061893463,0.0,10170.0,3
2024-04-18,2084,Radish_13,Fruit and vegetable,2114.43,2114.43,0.0,18.440000534057617,0.3015100061893463,0.0,11244.0,3
2024-04-19,2084,Radish_13,Fruit and vegetable,2313.52,2313.52,0.0,18.440000534057617,0.3015100061893463,0.0,12858.0,3
2024-04-20,2084,Radish_13,Fruit and vegetable,1817.35,1817.35,0.0,18.440000534057617,0.3015100061893463,0.0,10666.0,3
2024-04-21,2084,Radish_13,Fruit and vegetable,1755.74,1755.74,0.0,18.440000534057617,0.3015100061893463,0.0,10309.0,3
2024-04-22,2084,Radish_13,Fruit and vegetable,2163.17,1678.64,0.0,18.440000534057617,0.3015100061893463,484.53,10488.0,3
2024-04-23,2084,Radish_13,Fruit and vegetable,1590.02,1746.81,0.0,18.440000534057617,0.3015100061893463,327.74,10195.0,3
2024-04-24,2084,Radish_13,Fruit and vegetable,1841.58,1566.98,0.0,18.440000534057617,0.3015100061893463,602.34,10255.0,3
2024-04-25,2084,Radish_13,Fruit and vegetable,1848.55,1744.82,0.0,18.440000534057617,0.3015100061893463,706.07,11238.0,3
2024-04-26,2084,Radish_13,Fruit and vegetable,1912.5,2035.54,0.0,18.440000534057617,0.3015100061893463,583.03,11988.0,3
2024-04-27,2084,Radish_13,Fruit and vegetable,1417.9,1429.3,0.0,18.440000534057617,0.3015100061893463,571.63,9223.0,3
2024-04-28,2084,Radish_13,Fruit and vegetable,1424.06,1697.1,0.0,18.440000534057617,0.3015100061893463,298.59,10142.0,3
2024-04-29,2084,Radish_13,Fruit and vegetable,1618.5,788.99,0.0,18.440000534057617,0.0,1128.1,11011.0,3
2024-04-30,2084,Radish_13,Fruit and vegetable,1121.13,784.06,0.0,18.440000534057617,0.0,1465.18,11142.0,3
2024-05-01,2084,Radish_13,Fruit and vegetable,716.52,693.88,0.0,18.440000534057617,0.0,1487.82,9874.0,3
2024-05-02,2084,Radish_13,Fruit and vegetable,959.49,880.65,0.0,18.440000534057617,0.0,1566.66,10795.0,3
2024-05-03,2084,Radish_13,Fruit and vegetable,1149.55,957.2,0.0,18.440000534057617,0.0,1759.01,11872.0,3
2024-05-04,2084,Radish_13,Fruit and vegetable,155.89,611.86,0.0,18.440000534057617,0.0,1303.04,9787.0,3
2024-05-05,2084,Radish_13,Fruit and vegetable,858.06,680.05,0.0,18.440000534057617,0.0,1481.05,10036.0,3
2024-03-01,2107,Herb_15,Fruit and vegetable,22.4,22.4,0.0,21.229999542236328,0.0,0.0,11812.0,3
2024-03-02,2107,Herb_15,Fruit and vegetable,24.76,24.76,0.0,21.229999542236328,0.0,0.0,10054.0,3
2024-03-03,2107,Herb_15,Fruit and vegetable,30.32,30.32,0.0,21.229999542236328,0.0,0.0,9613.0,3
2024-03-04,2107,Herb_15,Fruit and vegetable,31.97,31.97,0.0,21.229999542236328,0.0,0.0,9834.0,3
2024-03-05,2107,Herb_15,Fruit and vegetable,28.19,8.89,0.0,21.229999542236328,0.0,19.3,9746.0,3
2024-03-06,2107,Herb_15,Fruit and vegetable,14.8,12.45,0.0,21.229999542236328,0.0,21.65,9774.0,3
2024-03-07,2107,Herb_15,Fruit and vegetable,12.74,12.17,0.0,21.229999542236328,0.0,22.23,11142.0,3
2024-03-08,2107,Herb_15,Fruit and vegetable,12.07,29.27,0.0,21.229999542236328,0.0,5.03,11864.0,3
2024-03-09,2107,Herb_15,Fruit and vegetable,32.38,14.14,0.0,21.229999542236328,0.0,23.27,10078.0,3
2024-03-10,2107,Herb_15,Fruit and vegetable,19.97,14.13,0.0,21.229999542236328,0.0,29.11,10124.0,3
2024-03-11,2107,Herb_15,Fruit and vegetable,14.52,19.43,0.0,21.229999542236328,0.0,24.21,10122.0,3
2024-03-12,2107,Herb_15,Fruit and vegetable,0.0,15.86,0.0,21.229999542236328,0.0,8.35,10267.0,3
2024-03-13,2107,Herb_15,Fruit and vegetable,11.82,12.35,0.0,21.229999542236328,0.0,7.81,10214.0,3
2024-03-14,2107,Herb_15,Fruit and vegetable,12.09,19.08,0.0,21.229999542236328,0.0,0.82,11286.0,3
2024-03-15,2107,Herb_15,Fruit and vegetable,36.67,37.49,0.0,21.229999542236328,0.0,0.0,12108.0,3
2024-03-17,2107,Herb_15,Fruit and vegetable,25.14,7.91,0.0,21.229999542236328,0.0,17.23,10186.0,3
2024-03-18,2107,Herb_15,Fruit and vegetable,9.0,24.67,0.0,21.229999542236328,0.0,1.56,10282.0,3
2024-03-19,2107,Herb_15,Fruit and vegetable,30.11,19.55,0.0,21.229999542236328,0.0,12.13,9794.0,3
2024-03-20,2107,Herb_15,Fruit and vegetable,15.98,12.37,0.0,21.229999542236328,0.0,15.74,10111.0,3
2024-03-21,2107,Herb_15,Fruit and vegetable,17.34,33.08,0.0,21.229999542236328,0.0,0.0,11034.0,3
2024-03-22,2107,Herb_15,Fruit and vegetable,44.87,44.87,0.0,21.229999542236328,0.0,0.0,11672.0,3
2024-03-23,2107,Herb_15,Fruit and vegetable,54.77,19.42,0.0,21.229999542236328,0.0,35.35,10153.0,3
2024-03-24,2107,Herb_15,Fruit and vegetable,0.0,33.71,0.0,21.229999542236328,0.0,1.64,10824.0,3
2024-03-25,2107,Herb_15,Fruit and vegetable,37.18,12.28,0.0,21.229999542236328,0.0,26.54,10530.0,3
2024-03-26,2107,Herb_15,Fruit and vegetable,8.84,20.94,0.0,21.229999542236328,0.0,14.44,10879.0,3
2024-03-27,2107,Herb_15,Fruit and vegetable,18.05,32.49,0.0,21.229999542236328,0.0,0.0,12451.0,3
2024-03-28,2107,Herb_15,Fruit and vegetable,47.23,8.5,0.0,21.229999542236328,0.0,38.73,12938.0,3
2024-03-29,2107,Herb_15,Fruit and vegetable,22.72,19.46,0.0,21.229999542236328,0.0,42.0,10045.0,3
2024-03-30,2107,Herb_15,Fruit and vegetable,0.0,23.81,0.0,21.229999542236328,0.0,18.19,8440.0,3
2024-03-31,2107,Herb_15,Fruit and vegetable,27.6,12.5,0.0,21.229999542236328,0.0,33.28,9558.0,3
2024-04-01,2107,Herb_15,Fruit and vegetable,0.0,19.54,5.69,21.229999542236328,0.0,8.06,9826.0,3
2024-04-02,2107,Herb_15,Fruit and vegetable,22.79,19.39,0.0,21.229999542236328,0.0,11.46,10261.0,3
2024-04-03,2107,Herb_15,Fruit and vegetable,30.91,19.5,0.0,21.229999542236328,0.0,22.87,9938.0,3
2024-04-04,2107,Herb_15,Fruit and vegetable,0.0,13.9,0.0,21.229999542236328,0.0,8.97,11179.0,3
2024-04-05,2107,Herb_15,Fruit and vegetable,15.42,24.0,0.0,21.229999542236328,0.0,0.39,12214.0,3
2024-04-06,2107,Herb_15,Fruit and vegetable,29.08,10.69,0.0,21.229999542236328,0.0,18.77,9690.0,3
2024-04-07,2107,Herb_15,Fruit and vegetable,6.17,24.94,0.0,21.229999542236328,0.0,0.0,9684.0,3
2024-04-08,2107,Herb_15,Fruit and vegetable,26.06,21.19,0.0,21.229999542236328,0.0,4.87,10147.0,3
2024-04-09,2107,Herb_15,Fruit and vegetable,21.14,7.06,0.0,21.229999542236328,0.0,18.95,10198.0,3
2024-04-10,2107,Herb_15,Fruit and vegetable,21.26,40.21,0.0,21.229999542236328,0.0,0.0,10762.0,3
2024-04-11,2107,Herb_15,Fruit and vegetable,28.12,16.84,0.0,21.229999542236328,0.0,11.28,11005.0,3
2024-04-14,2107,Herb_15,Fruit and vegetable,37.93,6.9,11.28,21.229999542236328,0.0,31.03,10033.0,3
2024-04-15,2107,Herb_15,Fruit and vegetable,0.0,10.48,0.0,21.229999542236328,0.0,20.55,10806.0,3
2024-04-16,2107,Herb_15,Fruit and vegetable,19.64,15.83,0.0,21.229999542236328,0.0,24.36,10398.0,3
2024-04-17,2107,Herb_15,Fruit and vegetable,16.34,7.06,4.72,21.229999542236328,0.0,28.92,10170.0,3
2024-04-18,2107,Herb_15,Fruit and vegetable,0.0,12.15,0.0,21.229999542236328,0.0,16.77,11244.0,3
2024-04-19,2107,Herb_15,Fruit and vegetable,38.6,30.64,0.43,21.229999542236328,0.0,24.29,12858.0,3
2024-04-20,2107,Herb_15,Fruit and vegetable,3.03,17.81,0.0,21.229999542236328,0.0,9.51,10666.0,3
2024-04-21,2107,Herb_15,Fruit and vegetable,13.84,23.35,0.0,21.229999542236328,0.0,0.0,10309.0,3
2024-04-22,2107,Herb_15,Fruit and vegetable,20.84,18.74,0.0,21.229999542236328,0.0,2.1,10488.0,3
2024-04-23,2107,Herb_15,Fruit and vegetable,23.48,7.36,0.0,21.229999542236328,0.0,18.21,10195.0,3
2024-04-24,2107,Herb_15,Fruit and vegetable,1.18,19.39,0.0,21.229999542236328,0.0,0.0,10255.0,3
2024-04-25,2107,Herb_15,Fruit and vegetable,21.74,10.42,0.0,21.229999542236328,0.0,11.32,11238.0,3
2024-04-26,2107,Herb_15,Fruit and vegetable,29.25,12.03,0.0,21.229999542236328,0.0,28.54,11988.0,3
2024-04-27,2107,Herb_15,Fruit and vegetable,0.0,8.99,0.0,21.229999542236328,0.0,19.55,9223.0,3
2024-04-28,2107,Herb_15,Fruit and vegetable,11.62,19.43,0.0,21.229999542236328,0.0,11.74,10142.0,3
2024-04-29,2107,Herb_15,Fruit and vegetable,13.86,10.45,0.12,21.229999542236328,0.0,15.03,11011.0,3
2024-04-30,2107,Herb_15,Fruit and vegetable,0.0,13.91,0.0,21.229999542236328,0.0,1.12,11142.0,3
2024-05-01,2107,Herb_15,Fruit and vegetable,23.78,10.65,0.0,21.229999542236328,0.0,14.25,9874.0,3
2024-05-02,2107,Herb_15,Fruit and vegetable,0.67,12.23,0.0,21.229999542236328,0.0,2.69,10795.0,3
2024-05-03,2107,Herb_15,Fruit and vegetable,13.72,13.77,0.0,21.229999542236328,0.0,2.64,11872.0,3
2024-05-04,2107,Herb_15,Fruit and vegetable,16.91,19.55,0.0,21.229999542236328,0.0,0.0,9787.0,3
2024-05-05,2107,Herb_15,Fruit and vegetable,24.3,17.69,0.0,21.229999542236328,0.0,6.61,10036.0,3
2024-03-01,2128,Chicken_80,Meat and fish,318.18,318.18,0.0,157.89999389648438,0.37003999948501587,0.0,11812.0,4
2024-03-02,2128,Chicken_80,Meat and fish,318.18,210.76,0.0,157.89999389648438,0.0,107.42,10054.0,4
2024-03-03,2128,Chicken_80,Meat and fish,307.99,259.71,0.0,157.89999389648438,0.0,155.7,9613.0,4
2024-03-04,2128,Chicken_80,Meat and fish,231.32,345.14,0.0,157.89999389648438,0.0,41.88,9834.0,4
2024-03-05,2128,Chicken_80,Meat and fish,353.31,354.69,0.0,157.89999389648438,0.01358999963849783,40.5,9746.0,4
2024-03-06,2128,Chicken_80,Meat and fish,355.85,312.28,0.0,157.89999389648438,0.0,84.07,9774.0,4
2024-03-07,2128,Chicken_80,Meat and fish,304.44,339.42,0.0,157.89999389648438,0.0,49.09,11142.0,4
2024-03-08,2128,Chicken_80,Meat and fish,336.05,363.29,0.0,157.89999389648438,0.0,21.85,11864.0,4
2024-03-09,2128,Chicken_80,Meat and fish,315.39,337.24,0.0,157.89999389648438,0.0,0.0,10078.0,4
2024-03-10,2128,Chicken_80,Meat and fish,304.49,275.37,0.0,157.89999389648438,0.0,29.12,10124.0,4
2024-03-11,2128,Chicken_80,Meat and fish,354.22,317.79,0.0,157.89999389648438,0.0,65.55,10122.0,4
2024-03-12,2128,Chicken_80,Meat and fish,327.16,257.8,0.0,157.89999389648438,0.03240999951958656,134.91,10267.0,4
2024-03-13,2128,Chicken_80,Meat and fish,224.92,264.97,0.0,157.89999389648438,0.0,94.86,10214.0,4
2024-03-14,2128,Chicken_80,Meat and fish,297.93,279.3,0.0,157.89999389648438,0.06942000240087509,113.49,11286.0,4
2024-03-15,2128,Chicken_80,Meat and fish,301.4,315.69,0.0,157.89999389648438,0.0,99.2,12108.0,4
2024-03-16,2128,Chicken_80,Meat and fish,277.18,240.73,0.0,157.89999389648438,0.0,135.64,10102.0,4
2024-03-17,2128,Chicken_80,Meat and fish,176.58,282.11,0.0,157.89999389648438,0.0,30.12,10186.0,4
2024-03-18,2128,Chicken_80,Meat and fish,324.5,297.66,0.0,157.89999389648438,0.0,56.96,10282.0,4
2024-03-19,2128,Chicken_80,Meat and fish,232.99,272.12,0.0,157.89999389648438,0.008980000391602516,17.82,9794.0,4
2024-03-20,2128,Chicken_80,Meat and fish,277.67,246.56,0.0,157.89999389648438,0.007369999773800373,48.94,10111.0,4
2024-03-21,2128,Chicken_80,Meat and fish,264.3,285.17,0.0,157.89999389648438,0.0,28.07,11034.0,4
2024-03-22,2128,Chicken_80,Meat and fish,321.82,344.59,0.0,157.89999389648438,0.0,5.3,11672.0,4
2024-03-23,2128,Chicken_80,Meat and fish,285.32,290.62,0.0,157.89999389648438,0.009560000151395798,0.0,10153.0,4
2024-03-24,2128,Chicken_80,Meat and fish,320.2,315.41,0.0,157.89999389648438,0.0,4.79,10824.0,4
2024-03-25,2128,Chicken_80,Meat and fish,332.82,276.09,0.0,157.89999389648438,0.0,61.52,10530.0,4
2024-03-26,2128,Chicken_80,Meat and fish,251.24,253.95,0.0,157.89999389648438,0.0,58.81,10879.0,4
2024-03-27,2128,Chicken_80,Meat and fish,270.54,329.35,0.0,157.89999389648438,0.0,0.0,12451.0,4
2024-03-28,2128,Chicken_80,Meat and fish,392.34,392.34,0.0,157.89999389648438,0.0,0.0,12938.0,4
2024-03-29,2128,Chicken_80,Meat and fish,403.94,248.12,0.0,157.89999389648438,0.0,155.82,10045.0,4
2024-03-30,2128,Chicken_80,Meat and fish,199.0,206.81,0.0,157.89999389648438,0.007379999849945307,148.01,8440.0,4
2024-03-31,2128,Chicken_80,Meat and fish,246.35,268.4,0.0,157.89999389648438,0.09030000120401382,125.96,9558.0,4
2024-04-01,2128,Chicken_80,Meat and fish,228.03,259.47,0.0,157.89999389648438,0.10939999669790268,94.52,9826.0,4
2024-04-02,2128,Chicken_80,Meat and fish,238.09,171.47,0.0,157.89999389648438,0.08182000368833542,161.15,10261.0,4
2024-04-03,2128,Chicken_80,Meat and fish,262.78,264.98,0.0,157.89999389648438,0.15257999300956726,158.94,9938.0,4
2024-04-04,2128,Chicken_80,Meat and fish,321.47,312.73,0.0,157.89999389648438,0.09960000216960907,167.68,11179.0,4
2024-04-05,2128,Chicken_80,Meat and fish,185.33,353.01,0.0,157.89999389648438,0.1525699943304062,0.0,12214.0,4
2024-04-06,2128,Chicken_80,Meat and fish,284.59,280.17,0.0,157.89999389648438,0.0,4.42,9690.0,4
2024-04-07,2128,Chicken_80,Meat and fish,335.27,279.32,0.0,157.89999389648438,0.0,60.36,9684.0,4
2024-04-08,2128,Chicken_80,Meat and fish,270.4,288.96,0.0,157.89999389648438,0.0,41.8,10147.0,4
2024-04-09,2128,Chicken_80,Meat and fish,277.07,318.87,0.0,157.89999389648438,0.0101500004529953,0.0,10198.0,4
2024-04-10,2128,Chicken_80,Meat and fish,312.16,312.16,0.0,166.6300048828125,0.0,0.0,10762.0,4
2024-04-11,2128,Chicken_80,Meat and fish,346.3,315.74,0.0,157.89999389648438,0.0,30.56,11005.0,4
2024-04-12,2128,Chicken_80,Meat and fish,356.2,267.71,0.0,157.89999389648438,0.0,119.05,12008.0,4
2024-04-13,2128,Chicken_80,Meat and fish,187.46,181.34,0.0,157.89999389648438,0.0,125.17,9772.0,4
2024-04-14,2128,Chicken_80,Meat and fish,215.5,233.78,0.0,157.89999389648438,0.0,106.89,10033.0,4
2024-04-15,2128,Chicken_80,Meat and fish,247.5,344.71,0.0,157.89999389648438,0.0,9.68,10806.0,4
2024-04-16,2128,Chicken_80,Meat and fish,383.09,257.5,0.0,157.89999389648438,0.0,135.27,10398.0,4
2024-04-17,2128,Chicken_80,Meat and fish,248.36,243.47,0.0,157.89999389648438,0.0,140.17,10170.0,4
2024-04-18,2128,Chicken_80,Meat and fish,244.53,329.11,0.0,157.89999389648438,0.0,55.58,11244.0,4
2024-04-19,2128,Chicken_80,Meat and fish,349.6,405.18,0.0,157.89999389648438,0.002520000096410513,0.0,12858.0,4
2024-04-20,2128,Chicken_80,Meat and fish,298.99,298.99,0.0,157.89999389648438,0.0,0.0,10666.0,4
2024-04-21,2128,Chicken_80,Meat and fish,323.52,323.52,0.0,157.89999389648438,0.0,0.0,10309.0,4
2024-04-22,2128,Chicken_80,Meat and fish,414.75,271.59,0.0,157.89999389648438,0.0,143.16,10488.0,4
2024-04-23,2128,Chicken_80,Meat and fish,184.74,258.56,0.0,157.89999389648438,0.0,69.34,10195.0,4
2024-04-24,2128,Chicken_80,Meat and fish,244.34,269.4,0.0,157.89999389648438,0.0,44.28,10255.0,4
2024-04-25,2128,Chicken_80,Meat and fish,349.83,306.46,0.0,157.89999389648438,0.0,87.65,11238.0,4
2024-04-26,2128,Chicken_80,Meat and fish,381.44,374.85,0.0,157.89999389648438,0.0,94.24,11988.0,4
2024-04-27,2128,Chicken_80,Meat and fish,256.1,241.0,0.0,157.89999389648438,0.0,109.34,9223.0,4
2024-04-28,2128,Chicken_80,Meat and fish,273.1,285.38,0.0,157.89999389648438,0.0,97.06,10142.0,4
2024-04-29,2128,Chicken_80,Meat and fish,230.74,296.38,0.0,157.89999389648438,0.0,31.42,11011.0,4
2024-04-30,2128,Chicken_80,Meat and fish,308.7,340.12,0.0,157.89999389648438,0.021880000829696655,0.0,11142.0,4
2024-05-01,2128,Chicken_80,Meat and fish,326.34,306.65,0.0,157.89999389648438,0.0,19.69,9874.0,4
2024-05-02,2128,Chicken_80,Meat and fish,340.67,311.02,0.0,157.89999389648438,0.0,49.33,10795.0,4
2024-05-03,2128,Chicken_80,Meat and fish,398.5,447.83,0.0,157.89999389648438,0.0,0.0,11872.0,4
2024-05-04,2128,Chicken_80,Meat and fish,323.59,294.64,0.0,157.89999389648438,0.0,28.95,9787.0,4
2024-05-05,2128,Chicken_80,Meat and fish,328.74,243.47,0.0,157.89999389648438,0.0,114.23,10036.0,4
2024-03-01,2165,Herb_17,Fruit and vegetable,161.95,161.95,0.0,29.510000228881836,0.0,0.0,11812.0,3
2024-03-02,2165,Herb_17,Fruit and vegetable,161.95,132.66,0.0,29.510000228881836,0.0,29.29,10054.0,3
2024-03-03,2165,Herb_17,Fruit and vegetable,159.17,115.93,0.0,29.510000228881836,0.0,72.53,9613.0,3
2024-03-04,2165,Herb_17,Fruit and vegetable,119.24,97.68,0.0,29.510000228881836,0.0,94.09,9834.0,3
2024-03-05,2165,Herb_17,Fruit and vegetable,102.81,119.18,0.0,29.510000228881836,0.0,77.71,9746.0,3
2024-03-06,2165,Herb_17,Fruit and vegetable,114.83,131.58,0.0,29.510000228881836,0.0,60.97,9774.0,3
2024-03-07,2165,Herb_17,Fruit and vegetable,128.53,172.11,0.0,29.510000228881836,0.0,17.39,11142.0,3
2024-03-08,2165,Herb_17,Fruit and vegetable,178.02,115.35,0.0,29.510000228881836,0.0,80.06,11864.0,3
2024-03-09,2165,Herb_17,Fruit and vegetable,82.46,159.13,0.0,29.510000228881836,0.0,3.38,10078.0,3
2024-03-10,2165,Herb_17,Fruit and vegetable,146.4,143.09,0.0,29.510000228881836,0.0,6.7,10124.0,3
2024-03-11,2165,Herb_17,Fruit and vegetable,124.27,98.94,0.0,29.510000228881836,0.0,32.03,10122.0,3
2024-03-12,2165,Herb_17,Fruit and vegetable,120.07,126.88,0.0,29.510000228881836,0.0,25.22,10267.0,3
2024-03-13,2165,Herb_17,Fruit and vegetable,138.52,151.68,0.0,29.510000228881836,0.0,12.06,10214.0,3
2024-03-14,2165,Herb_17,Fruit and vegetable,193.04,104.1,0.0,29.510000228881836,0.0,101.0,11286.0,3
2024-03-15,2165,Herb_17,Fruit and vegetable,44.52,137.34,0.0,29.510000228881836,0.0,8.18,12108.0,3
2024-03-16,2165,Herb_17,Fruit and vegetable,180.38,143.15,0.0,29.510000228881836,0.0,45.41,10102.0,3
2024-03-17,2165,Herb_17,Fruit and vegetable,123.86,150.0,0.0,29.510000228881836,0.0,19.27,10186.0,3
2024-03-18,2165,Herb_17,Fruit and vegetable,107.03,84.57,0.0,29.510000228881836,0.0,41.73,10282.0,3
2024-03-19,2165,Herb_17,Fruit and vegetable,117.45,152.84,0.0,29.510000228881836,0.0,6.34,9794.0,3
2024-03-20,2165,Herb_17,Fruit and vegetable,179.72,118.39,0.0,29.510000228881836,0.0,67.66,10111.0,3
2024-03-21,2165,Herb_17,Fruit and vegetable,99.5,167.16,0.0,29.510000228881836,0.0,0.0,11034.0,3
2024-03-22,2165,Herb_17,Fruit and vegetable,172.23,134.62,0.0,29.510000228881836,0.0,37.61,11672.0,3
2024-03-23,2165,Herb_17,Fruit and vegetable,140.43,130.66,0.0,29.510000228881836,0.0,47.38,10153.0,3
2024-03-24,2165,Herb_17,Fruit and vegetable,137.32,125.76,0.0,29.510000228881836,0.0,58.94,10824.0,3
2024-03-25,2165,Herb_17,Fruit and vegetable,62.13,121.07,0.0,29.510000228881836,0.0,0.0,10530.0,3
2024-03-26,2165,Herb_17,Fruit and vegetable,175.75,108.2,0.0,29.510000228881836,0.0,67.55,10879.0,3
2024-03-27,2165,Herb_17,Fruit and vegetable,86.33,153.88,0.0,29.510000228881836,0.0,0.0,12451.0,3
2024-03-28,2165,Herb_17,Fruit and vegetable,192.79,178.58,0.0,29.510000228881836,0.0,14.21,12938.0,3
2024-03-29,2165,Herb_17,Fruit and vegetable,150.26,150.37,0.0,29.510000228881836,0.0,14.1,10045.0,3
2024-03-30,2165,Herb_17,Fruit and vegetable,147.16,82.42,0.0,29.510000228881836,0.0,78.84,8440.0,3
2024-03-31,2165,Herb_17,Fruit and vegetable,87.95,123.2,0.0,29.510000228881836,0.0,43.6,9558.0,3
2024-04-01,2165,Herb_17,Fruit and vegetable,118.63,103.02,0.0,29.510000228881836,0.0,59.2,9826.0,3
2024-04-02,2165,Herb_17,Fruit and vegetable,92.23,114.56,0.0,29.510000228881836,0.0,36.87,10261.0,3
2024-04-03,2165,Herb_17,Fruit and vegetable,159.53,125.84,0.0,29.510000228881836,0.0,70.56,9938.0,3
2024-04-04,2165,Herb_17,Fruit and vegetable,148.24,137.26,0.0,29.510000228881836,0.0,81.53,11179.0,3
2024-04-05,2165,Herb_17,Fruit and vegetable,97.42,157.73,0.0,29.510000228881836,0.0,21.23,12214.0,3
2024-04-06,2165,Herb_17,Fruit and vegetable,94.53,115.76,0.0,29.510000228881836,0.0,0.0,9690.0,3
2024-04-07,2165,Herb_17,Fruit and vegetable,145.99,119.34,0.0,29.510000228881836,0.0,26.65,9684.0,3
2024-04-08,2165,Herb_17,Fruit and vegetable,107.56,134.21,0.0,29.510000228881836,0.0,0.0,10147.0,3
2024-04-09,2165,Herb_17,Fruit and vegetable,134.16,128.8,0.0,29.510000228881836,0.0,5.36,10198.0,3
2024-04-10,2165,Herb_17,Fruit and vegetable,141.49,146.85,0.0,29.510000228881836,0.0,0.0,10762.0,3
2024-04-11,2165,Herb_17,Fruit and vegetable,156.2,130.64,0.0,29.510000228881836,0.0,25.56,11005.0,3
2024-04-12,2165,Herb_17,Fruit and vegetable,151.1,154.68,0.0,29.510000228881836,0.0,21.97,12008.0,3
2024-04-13,2165,Herb_17,Fruit and vegetable,111.66,124.46,0.0,29.510000228881836,0.0,9.18,9772.0,3
2024-04-14,2165,Herb_17,Fruit and vegetable,134.15,143.33,0.0,29.510000228881836,0.0,0.0,10033.0,3
2024-04-15,2165,Herb_17,Fruit and vegetable,148.23,131.03,0.0,29.510000228881836,0.0,17.2,10806.0,3
2024-04-16,2165,Herb_17,Fruit and vegetable,135.79,152.99,0.0,29.510000228881836,0.0,0.0,10398.0,3
2024-04-17,2165,Herb_17,Fruit and vegetable,162.08,102.39,0.0,29.510000228881836,0.0,59.69,10170.0,3
2024-04-18,2165,Herb_17,Fruit and vegetable,94.23,121.52,0.0,29.510000228881836,0.0,32.4,11244.0,3
2024-04-19,2165,Herb_17,Fruit and vegetable,146.35,139.59,0.0,29.510000228881836,0.0,39.16,12858.0,3
2024-04-20,2165,Herb_17,Fruit and vegetable,106.59,129.56,0.0,29.510000228881836,0.0,16.19,10666.0,3
2024-04-21,2165,Herb_17,Fruit and vegetable,148.16,156.73,0.0,29.510000228881836,0.0,7.62,10309.0,3
2024-04-22,2165,Herb_17,Fruit and vegetable,147.3,82.53,0.0,29.510000228881836,0.0,72.39,10488.0,3
2024-04-23,2165,Herb_17,Fruit and vegetable,115.01,81.16,0.0,29.510000228881836,0.0,106.24,10195.0,3
2024-04-24,2165,Herb_17,Fruit and vegetable,32.91,112.81,0.0,29.510000228881836,0.0,26.34,10255.0,3
2024-04-25,2165,Herb_17,Fruit and vegetable,131.21,123.27,0.0,29.510000228881836,0.0,34.28,11238.0,3
2024-04-26,2165,Herb_17,Fruit and vegetable,141.4,147.85,0.0,29.510000228881836,0.0,27.83,11988.0,3
2024-04-27,2165,Herb_17,Fruit and vegetable,139.36,122.25,0.0,29.510000228881836,0.0,44.94,9223.0,3
2024-04-28,2165,Herb_17,Fruit and vegetable,149.03,102.43,0.0,29.510000228881836,0.0,91.54,10142.0,3
2024-04-29,2165,Herb_17,Fruit and vegetable,32.12,123.66,0.0,29.510000228881836,0.0,0.0,11011.0,3
2024-04-30,2165,Herb_17,Fruit and vegetable,125.17,125.17,0.0,29.510000228881836,0.0,0.0,11142.0,3
2024-05-01,2165,Herb_17,Fruit and vegetable,130.52,115.35,0.0,29.510000228881836,0.0,15.17,9874.0,3
2024-05-02,2165,Herb_17,Fruit and vegetable,128.11,143.28,0.0,29.510000228881836,0.0,0.0,10795.0,3
2024-05-03,2165,Herb_17,Fruit and vegetable,167.85,129.12,0.0,29.510000228881836,0.0,38.73,11872.0,3
2024-05-04,2165,Herb_17,Fruit and vegetable,103.47,142.2,0.0,29.510000228881836,0.0,0.0,9787.0,3
2024-05-05,2165,Herb_17,Fruit and vegetable,130.94,130.94,0.0,29.510000228881836,0.0,0.0,10036.0,3
2024-03-01,2174,Chicken_85,Meat and fish,33.2,33.2,0.0,405.55999755859375,0.037859998643398285,0.0,11812.0,4
2024-03-02,2174,Chicken_85,Meat and fish,33.2,31.24,0.0,405.55999755859375,0.0,1.96,10054.0,4
2024-03-03,2174,Chicken_85,Meat and fish,34.85,36.81,0.0,405.55999755859375,0.07165999710559845,0.0,9613.0,4
2024-03-04,2174,Chicken_85,Meat and fish,49.11,49.11,0.0,405.55999755859375,0.05012999847531319,0.0,9834.0,4
2024-03-05,2174,Chicken_85,Meat and fish,43.46,41.36,0.0,405.55999755859375,0.19995999336242676,2.1,9746.0,4
2024-03-06,2174,Chicken_85,Meat and fish,40.24,35.49,0.0,405.55999755859375,0.0,6.86,9774.0,4
2024-03-07,2174,Chicken_85,Meat and fish,34.66,38.33,0.0,405.55999755859375,0.0,3.19,11142.0,4
2024-03-08,2174,Chicken_85,Meat and fish,37.61,35.74,0.0,405.55999755859375,0.0,5.06,11864.0,4
2024-03-09,2174,Chicken_85,Meat and fish,55.04,60.1,0.0,405.55999755859375,0.0,0.0,10078.0,4
2024-03-10,2174,Chicken_85,Meat and fish,48.49,38.37,0.0,405.55999755859375,0.0,10.12,10124.0,4
2024-03-11,2174,Chicken_85,Meat and fish,50.49,53.6,0.0,405.55999755859375,0.0,7.0,10122.0,4
2024-03-12,2174,Chicken_85,Meat and fish,46.71,34.42,0.0,405.55999755859375,0.0,19.3,10267.0,4
2024-03-13,2174,Chicken_85,Meat and fish,29.28,46.1,0.0,405.55999755859375,0.0,2.48,10214.0,4
2024-03-14,2174,Chicken_85,Meat and fish,48.43,41.76,0.0,405.55999755859375,0.0,9.15,11286.0,4
2024-03-15,2174,Chicken_85,Meat and fish,38.87,42.44,0.0,405.55999755859375,0.0,5.58,12108.0,4
2024-03-16,2174,Chicken_85,Meat and fish,65.92,42.34,0.0,405.55999755859375,0.0,29.16,10102.0,4
2024-03-17,2174,Chicken_85,Meat and fish,16.94,34.66,0.0,405.55999755859375,0.0,11.44,10186.0,4
2024-03-18,2174,Chicken_85,Meat and fish,50.63,33.97,0.0,405.55999755859375,0.004089999943971634,28.1,10282.0,4
2024-03-19,2174,Chicken_85,Meat and fish,12.61,18.25,0.0,405.55999755859375,0.0,22.46,9794.0,4
2024-03-20,2174,Chicken_85,Meat and fish,35.66,21.61,0.0,405.55999755859375,0.0,36.52,10111.0,4
2024-03-21,2174,Chicken_85,Meat and fish,18.06,44.23,0.0,405.55999755859375,0.0,10.35,11034.0,4
2024-03-22,2174,Chicken_85,Meat and fish,45.39,46.63,0.0,405.55999755859375,0.006570000201463699,9.11,11672.0,4
2024-03-23,2174,Chicken_85,Meat and fish,47.39,28.52,0.0,405.55999755859375,0.07073000073432922,27.98,10153.0,4
2024-03-24,2174,Chicken_85,Meat and fish,20.33,42.02,0.0,405.55999755859375,0.0800900012254715,6.28,10824.0,4
2024-03-25,2174,Chicken_85,Meat and fish,42.87,49.15,0.0,405.55999755859375,0.09068000316619873,0.0,10530.0,4
2024-03-26,2174,Chicken_85,Meat and fish,69.89,69.89,0.0,405.55999755859375,0.020579999312758446,0.0,10879.0,4
2024-03-27,2174,Chicken_85,Meat and fish,41.46,34.83,0.0,405.55999755859375,0.27000001072883606,6.63,12451.0,4
2024-03-28,2174,Chicken_85,Meat and fish,54.32,52.03,0.0,405.55999755859375,0.0,8.92,12938.0,4
2024-03-29,2174,Chicken_85,Meat and fish,54.75,26.68,0.0,405.55999755859375,0.0,36.99,10045.0,4
2024-03-30,2174,Chicken_85,Meat and fish,10.98,27.62,0.0,405.55999755859375,0.0,20.35,8440.0,4
2024-03-31,2174,Chicken_85,Meat and fish,41.31,31.51,0.0,405.55999755859375,0.0,30.15,9558.0,4
2024-04-01,2174,Chicken_85,Meat and fish,39.45,27.71,0.0,405.55999755859375,0.053619999438524246,41.89,9826.0,4
2024-04-02,2174,Chicken_85,Meat and fish,48.93,3.26,0.0,405.55999755859375,0.20002999901771545,87.57,10261.0,4
2024-04-04,2174,Chicken_85,Meat and fish,0.0,67.73,0.0,405.55999755859375,0.0,19.84,11179.0,4
2024-04-05,2174,Chicken_85,Meat and fish,58.57,53.82,0.0,405.55999755859375,0.0,24.58,12214.0,4
2024-04-06,2174,Chicken_85,Meat and fish,28.82,35.33,0.0,405.55999755859375,0.0,18.07,9690.0,4
2024-04-07,2174,Chicken_85,Meat and fish,35.94,44.15,0.0,405.54998779296875,0.0,9.87,9684.0,4
2024-04-08,2174,Chicken_85,Meat and fish,59.8,69.67,0.0,405.55999755859375,0.0,0.0,10147.0,4
2024-04-09,2174,Chicken_85,Meat and fish,57.79,37.72,0.0,405.55999755859375,0.0,20.07,10198.0,4
2024-04-10,2174,Chicken_85,Meat and fish,12.24,28.93,0.0,405.55999755859375,0.0,3.38,10762.0,4
2024-04-11,2174,Chicken_85,Meat and fish,84.84,55.86,0.0,405.55999755859375,0.0,32.36,11005.0,4
2024-04-12,2174,Chicken_85,Meat and fish,39.52,56.08,0.0,405.55999755859375,0.0,15.8,12008.0,4
2024-04-13,2174,Chicken_85,Meat and fish,37.87,35.95,0.0,405.55999755859375,0.0,17.72,9772.0,4
2024-04-14,2174,Chicken_85,Meat and fish,44.67,54.85,0.0,405.55999755859375,0.0,7.53,10033.0,4
2024-04-15,2174,Chicken_85,Meat and fish,80.66,67.77,0.0,405.55999755859375,0.0625,20.43,10806.0,4
2024-04-16,2174,Chicken_85,Meat and fish,35.24,38.93,0.0,405.55999755859375,0.008419999852776527,16.73,10398.0,4
2024-04-17,2174,Chicken_85,Meat and fish,29.96,26.11,0.0,405.55999755859375,0.20000000298023224,20.58,10170.0,4
2024-04-18,2174,Chicken_85,Meat and fish,53.91,47.11,0.0,405.55999755859375,0.0,27.38,11244.0,4
2024-04-19,2174,Chicken_85,Meat and fish,46.79,34.34,0.0,405.55999755859375,0.0,39.83,12858.0,4
2024-04-20,2174,Chicken_85,Meat and fish,15.41,55.24,0.0,405.55999755859375,0.0,0.0,10666.0,4
2024-04-21,2174,Chicken_85,Meat and fish,73.1,33.05,0.0,405.55999755859375,0.052310001105070114,40.05,10309.0,4
2024-04-22,2174,Chicken_85,Meat and fish,46.24,36.05,0.0,405.55999755859375,0.16494999825954437,50.24,10488.0,4
2024-04-23,2174,Chicken_85,Meat and fish,1.07,32.89,0.0,405.55999755859375,0.0972599983215332,18.41,10195.0,4
2024-04-24,2174,Chicken_85,Meat and fish,20.38,32.77,0.0,405.55999755859375,0.20000000298023224,6.02,10255.0,4
2024-04-25,2174,Chicken_85,Meat and fish,52.43,49.24,0.0,405.55999755859375,0.0,9.21,11238.0,4
2024-04-26,2174,Chicken_85,Meat and fish,43.23,52.44,0.0,405.55999755859375,0.0,0.0,11988.0,4
2024-04-27,2174,Chicken_85,Meat and fish,68.25,33.21,0.0,405.55999755859375,0.0,35.04,9223.0,4
2024-04-28,2174,Chicken_85,Meat and fish,8.94,31.51,0.0,405.55999755859375,0.0,12.47,10142.0,4
2024-04-29,2174,Chicken_85,Meat and fish,34.74,26.98,0.0,405.55999755859375,0.031550001353025436,20.24,11011.0,4
2024-04-30,2174,Chicken_85,Meat and fish,33.86,54.1,0.0,405.55999755859375,0.0,0.0,11142.0,4
2024-05-01,2174,Chicken_85,Meat and fish,47.35,33.1,0.0,405.55999755859375,0.0,14.25,9874.0,4
2024-05-02,2174,Chicken_85,Meat and fish,49.53,35.61,0.0,405.55999755859375,0.0,28.17,10795.0,4
2024-05-03,2174,Chicken_85,Meat and fish,37.93,44.92,0.0,405.55999755859375,0.0,21.18,11872.0,4
2024-05-04,2174,Chicken_85,Meat and fish,23.91,25.17,0.0,405.55999755859375,0.0,19.92,9787.0,4
2024-05-05,2174,Chicken_85,Meat and fish,24.75,36.11,0.0,405.55999755859375,0.007899999618530273,8.56,10036.0,4
2024-03-01,2227,Parsley_11,Fruit and vegetable,99.27,99.27,0.0,127.70999908447266,0.0,0.0,11812.0,3
2024-03-02,2227,Parsley_11,Fruit and vegetable,99.27,94.19,0.0,127.70999908447266,0.0,5.08,10054.0,3
2024-03-03,2227,Parsley_11,Fruit and vegetable,98.79,67.75,0.0,127.70999908447266,0.0,36.12,9613.0,3
2024-03-04,2227,Parsley_11,Fruit and vegetable,84.81,67.35,0.0,127.70999908447266,0.0,53.58,9834.0,3
2024-03-05,2227,Parsley_11,Fruit and vegetable,67.42,66.28,0.0,127.70999908447266,0.0,54.72,9746.0,3
2024-03-06,2227,Parsley_11,Fruit and vegetable,65.44,84.23,0.0,127.70999908447266,0.0,35.93,9774.0,3
2024-03-07,2227,Parsley_11,Fruit and vegetable,82.23,68.88,0.0,127.70999908447266,0.0,49.28,11142.0,3
2024-03-08,2227,Parsley_11,Fruit and vegetable,68.03,94.73,0.0,127.70999908447266,0.0,22.58,11864.0,3
2024-03-09,2227,Parsley_11,Fruit and vegetable,88.29,94.47,0.0,127.70999908447266,0.0,16.4,10078.0,3
2024-03-10,2227,Parsley_11,Fruit and vegetable,68.11,70.8,0.0,127.70999908447266,0.0,13.71,10124.0,3
2024-03-11,2227,Parsley_11,Fruit and vegetable,69.97,61.41,0.0,127.70999908447266,0.0,22.26,10122.0,3
2024-03-12,2227,Parsley_11,Fruit and vegetable,61.61,80.43,0.0,127.70999908447266,0.0,3.44,10267.0,3
2024-03-13,2227,Parsley_11,Fruit and vegetable,97.27,57.96,0.0,127.70999908447266,0.0,42.75,10214.0,3
2024-03-14,2227,Parsley_11,Fruit and vegetable,45.16,70.96,0.0,127.70999908447266,0.0,16.95,11286.0,3
2024-03-15,2227,Parsley_11,Fruit and vegetable,96.64,106.56,0.0,127.70999908447266,0.0,7.03,12108.0,3
2024-03-16,2227,Parsley_11,Fruit and vegetable,110.04,97.94,0.0,127.70999908447266,0.0,19.12,10102.0,3
2024-03-17,2227,Parsley_11,Fruit and vegetable,75.03,50.67,0.0,127.69000244140625,0.0,43.48,10186.0,3
2024-03-18,2227,Parsley_11,Fruit and vegetable,44.75,68.8,0.0,127.70999908447266,0.0,19.43,10282.0,3
2024-03-19,2227,Parsley_11,Fruit and vegetable,87.01,62.29,0.0,127.70999908447266,0.0,44.16,9794.0,3
2024-03-20,2227,Parsley_11,Fruit and vegetable,40.48,64.73,0.0,127.70999908447266,0.0,19.91,10111.0,3
2024-03-21,2227,Parsley_11,Fruit and vegetable,76.83,94.53,0.0,127.70999908447266,0.0,2.21,11034.0,3
2024-03-22,2227,Parsley_11,Fruit and vegetable,131.7,109.54,0.0,127.70999908447266,0.0,24.38,11672.0,3
2024-03-23,2227,Parsley_11,Fruit and vegetable,101.8,70.4,0.0,127.70999908447266,0.0,55.77,10153.0,3
2024-03-24,2227,Parsley_11,Fruit and vegetable,25.33,81.1,0.0,127.70999908447266,0.0,0.0,10824.0,3
2024-03-25,2227,Parsley_11,Fruit and vegetable,91.21,87.47,0.0,127.70999908447266,0.0,3.74,10530.0,3
2024-03-26,2227,Parsley_11,Fruit and vegetable,80.51,71.97,0.0,127.70999908447266,0.0,12.28,10879.0,3
2024-03-27,2227,Parsley_11,Fruit and vegetable,145.49,157.77,0.0,127.70999908447266,0.0,0.0,12451.0,3
2024-03-28,2227,Parsley_11,Fruit and vegetable,167.46,167.46,0.0,127.70999908447266,0.0,0.0,12938.0,3
2024-03-29,2227,Parsley_11,Fruit and vegetable,161.42,89.68,0.0,127.70999908447266,0.0,71.74,10045.0,3
2024-03-30,2227,Parsley_11,Fruit and vegetable,51.11,52.4,0.0,127.70999908447266,0.0,70.45,8440.0,3
2024-03-31,2227,Parsley_11,Fruit and vegetable,66.81,51.26,0.0,127.70999908447266,0.0,86.0,9558.0,3
2024-04-01,2227,Parsley_11,Fruit and vegetable,62.2,72.45,0.0,127.70999908447266,0.0,75.76,9826.0,3
2024-04-02,2227,Parsley_11,Fruit and vegetable,58.01,79.24,0.0,127.70999908447266,0.0,54.53,10261.0,3
2024-04-03,2227,Parsley_11,Fruit and vegetable,164.41,57.87,0.0,127.70999908447266,0.0,161.06,9938.0,3
2024-04-04,2227,Parsley_11,Fruit and vegetable,58.29,86.93,0.0,127.69000244140625,0.0,132.43,11179.0,3
2024-04-05,2227,Parsley_11,Fruit and vegetable,0.0,78.93,0.0,127.70999908447266,0.0,53.5,12214.0,3
2024-04-06,2227,Parsley_11,Fruit and vegetable,20.59,74.09,0.0,127.70999908447266,0.0,0.0,9690.0,3
2024-04-07,2227,Parsley_11,Fruit and vegetable,67.42,50.1,0.0,127.70999908447266,0.0,17.32,9684.0,3
2024-04-08,2227,Parsley_11,Fruit and vegetable,71.69,59.49,0.0,127.69000244140625,0.0,29.52,10147.0,3
2024-04-09,2227,Parsley_11,Fruit and vegetable,67.21,55.68,0.0,127.70999908447266,0.0,41.05,10198.0,3
2024-04-10,2227,Parsley_11,Fruit and vegetable,34.45,66.05,0.0,127.70999908447266,0.0,9.45,10762.0,3
2024-04-11,2227,Parsley_11,Fruit and vegetable,94.49,91.97,0.0,127.70999908447266,0.0,11.97,11005.0,3
2024-04-12,2227,Parsley_11,Fruit and vegetable,130.93,142.9,0.0,127.70999908447266,0.0,0.0,12008.0,3
2024-04-15,2227,Parsley_11,Fruit and vegetable,115.17,68.73,0.0,127.70999908447266,0.0,46.44,10806.0,3
2024-04-16,2227,Parsley_11,Fruit and vegetable,44.93,54.02,0.0,127.70999908447266,0.0,37.35,10398.0,3
2024-04-17,2227,Parsley_11,Fruit and vegetable,62.77,57.94,0.0,127.70999908447266,0.0,42.18,10170.0,3
2024-04-18,2227,Parsley_11,Fruit and vegetable,54.32,90.13,0.0,127.70999908447266,0.0,6.37,11244.0,3
2024-04-19,2227,Parsley_11,Fruit and vegetable,99.02,86.17,0.0,127.70999908447266,0.0,19.21,12858.0,3
2024-04-20,2227,Parsley_11,Fruit and vegetable,111.1,82.5,0.0,127.69000244140625,0.0,47.81,10666.0,3
2024-04-21,2227,Parsley_11,Fruit and vegetable,133.2,71.11,0.0,127.70999908447266,0.0,109.91,10309.0,3
2024-04-22,2227,Parsley_11,Fruit and vegetable,0.0,76.5,0.0,127.70999908447266,0.0,33.41,10488.0,3
2024-04-23,2227,Parsley_11,Fruit and vegetable,41.81,75.22,0.0,127.70999908447266,0.0,0.0,10195.0,3
2024-04-24,2227,Parsley_11,Fruit and vegetable,80.78,80.78,0.0,127.70999908447266,0.0,0.0,10255.0,3
2024-04-25,2227,Parsley_11,Fruit and vegetable,98.57,78.26,0.0,127.70999908447266,0.0,20.31,11238.0,3
2024-04-26,2227,Parsley_11,Fruit and vegetable,72.25,73.63,0.0,127.70999908447266,0.0,18.93,11988.0,3
2024-04-27,2227,Parsley_11,Fruit and vegetable,68.68,59.49,0.0,127.70999908447266,0.0,28.12,9223.0,3
2024-04-28,2227,Parsley_11,Fruit and vegetable,51.89,67.11,0.0,127.70999908447266,0.0,12.89,10142.0,3
2024-04-29,2227,Parsley_11,Fruit and vegetable,73.0,48.24,0.0,127.70999908447266,0.0,37.65,11011.0,3
2024-04-30,2227,Parsley_11,Fruit and vegetable,52.44,51.32,0.0,127.70999908447266,0.0,38.77,11142.0,3
2024-05-01,2227,Parsley_11,Fruit and vegetable,58.54,52.76,0.0,127.70999908447266,0.0,44.55,9874.0,3
2024-05-02,2227,Parsley_11,Fruit and vegetable,48.67,66.12,0.0,127.70999908447266,0.0,27.1,10795.0,3
2024-05-03,2227,Parsley_11,Fruit and vegetable,58.67,84.17,0.0,127.70999908447266,0.0,1.6,11872.0,3
2024-05-04,2227,Parsley_11,Fruit and vegetable,73.79,60.45,0.0,127.70999908447266,0.0,14.94,9787.0,3
2024-05-05,2227,Parsley_11,Fruit and vegetable,68.05,76.38,0.0,127.70999908447266,0.0,6.61,10036.0,3
2024-03-01,2236,Beet_5,Fruit and vegetable,167.12,167.12,0.0,19.049999237060547,0.0,0.0,11812.0,3
2024-03-02,2236,Beet_5,Fruit and vegetable,167.12,136.2,0.0,19.049999237060547,0.0,30.92,10054.0,3
2024-03-03,2236,Beet_5,Fruit and vegetable,164.19,123.06,0.0,19.049999237060547,0.0,72.05,9613.0,3
2024-03-04,2236,Beet_5,Fruit and vegetable,124.03,120.77,0.0,19.049999237060547,0.0,75.3,9834.0,3
2024-03-05,2236,Beet_5,Fruit and vegetable,119.12,113.84,0.0,19.049999237060547,0.0,80.59,9746.0,3
2024-03-06,2236,Beet_5,Fruit and vegetable,113.58,96.02,0.0,19.049999237060547,0.0,98.15,9774.0,3
2024-03-07,2236,Beet_5,Fruit and vegetable,99.67,116.48,0.0,19.049999237060547,0.0,81.35,11142.0,3
2024-03-08,2236,Beet_5,Fruit and vegetable,114.19,87.8,0.0,19.049999237060547,0.0,107.74,11864.0,3
2024-03-09,2236,Beet_5,Fruit and vegetable,49.59,114.92,0.0,19.049999237060547,0.0,42.41,10078.0,3
2024-03-10,2236,Beet_5,Fruit and vegetable,107.75,150.16,0.0,19.049999237060547,0.0,0.0,10124.0,3
2024-03-11,2236,Beet_5,Fruit and vegetable,351.59,351.59,0.0,19.049999237060547,0.23165999352931976,0.0,10122.0,3
2024-03-12,2236,Beet_5,Fruit and vegetable,275.99,275.99,0.0,19.049999237060547,0.23165999352931976,0.0,10267.0,3
2024-03-13,2236,Beet_5,Fruit and vegetable,276.91,276.91,0.0,19.049999237060547,0.23165999352931976,0.0,10214.0,3
2024-03-14,2236,Beet_5,Fruit and vegetable,343.52,343.52,0.0,19.049999237060547,0.23165999352931976,0.0,11286.0,3
2024-03-15,2236,Beet_5,Fruit and vegetable,331.33,331.33,0.0,19.049999237060547,0.23165999352931976,0.0,12108.0,3
2024-03-16,2236,Beet_5,Fruit and vegetable,236.38,224.45,0.0,19.049999237060547,0.23165999352931976,11.93,10102.0,3
2024-03-17,2236,Beet_5,Fruit and vegetable,291.6,303.53,0.0,19.049999237060547,0.23165999352931976,0.0,10186.0,3
2024-03-18,2236,Beet_5,Fruit and vegetable,409.68,93.38,0.0,19.049999237060547,0.0,316.3,10282.0,3
2024-03-19,2236,Beet_5,Fruit and vegetable,68.55,111.96,0.0,19.049999237060547,0.0,272.9,9794.0,3
2024-03-20,2236,Beet_5,Fruit and vegetable,134.74,88.35,0.0,19.049999237060547,0.0,319.29,10111.0,3
2024-03-21,2236,Beet_5,Fruit and vegetable,287.49,127.11,115.99,19.049999237060547,0.0,363.67,11034.0,3
2024-03-22,2236,Beet_5,Fruit and vegetable,99.24,119.08,0.0,19.049999237060547,0.0,343.83,11672.0,3
2024-03-23,2236,Beet_5,Fruit and vegetable,0.0,104.18,0.0,19.049999237060547,0.0,239.65,10153.0,3
2024-03-24,2236,Beet_5,Fruit and vegetable,300.79,132.75,140.41,19.049999237060547,0.0,267.29,10824.0,3
2024-03-25,2236,Beet_5,Fruit and vegetable,18.73,286.02,0.0,19.049999237060547,0.23165999352931976,0.0,10530.0,3
2024-03-26,2236,Beet_5,Fruit and vegetable,272.24,272.24,0.0,19.049999237060547,0.23165999352931976,0.0,10879.0,3
2024-03-27,2236,Beet_5,Fruit and vegetable,311.19,311.19,0.0,19.049999237060547,0.23165999352931976,0.0,12451.0,3
2024-03-28,2236,Beet_5,Fruit and vegetable,272.13,272.13,0.0,19.049999237060547,0.23165999352931976,0.0,12938.0,3
2024-03-29,2236,Beet_5,Fruit and vegetable,234.84,221.14,0.0,19.049999237060547,0.23165999352931976,13.7,10045.0,3
2024-03-30,2236,Beet_5,Fruit and vegetable,193.2,172.17,0.0,19.049999237060547,0.23165999352931976,34.73,8440.0,3
2024-03-31,2236,Beet_5,Fruit and vegetable,181.78,194.62,0.0,19.049999237060547,0.23165999352931976,21.89,9558.0,3
2024-04-01,2236,Beet_5,Fruit and vegetable,330.07,156.31,0.0,19.049999237060547,0.0,195.65,9826.0,3
2024-04-02,2236,Beet_5,Fruit and vegetable,150.93,88.12,0.0,19.049999237060547,0.0,258.46,10261.0,3
2024-04-03,2236,Beet_5,Fruit and vegetable,147.95,99.26,0.0,19.049999237060547,0.0,307.15,9938.0,3
2024-04-04,2236,Beet_5,Fruit and vegetable,56.73,132.05,8.27,19.049999237060547,0.0,223.57,11179.0,3
2024-04-05,2236,Beet_5,Fruit and vegetable,78.91,135.44,18.88,19.049999237060547,0.0,148.15,12214.0,3
2024-04-06,2236,Beet_5,Fruit and vegetable,85.32,85.48,12.51,19.049999237060547,0.0,135.48,9690.0,3
2024-04-07,2236,Beet_5,Fruit and vegetable,110.16,106.87,0.0,19.049999237060547,0.0,138.77,9684.0,3
2024-04-08,2236,Beet_5,Fruit and vegetable,51.9,97.13,0.0,19.049999237060547,0.0,93.54,10147.0,3
2024-04-09,2236,Beet_5,Fruit and vegetable,20.24,112.92,0.0,19.049999237060547,0.0,0.85,10198.0,3
2024-04-10,2236,Beet_5,Fruit and vegetable,121.97,113.63,0.0,19.049999237060547,0.0,9.2,10762.0,3
2024-04-11,2236,Beet_5,Fruit and vegetable,145.67,121.93,0.0,19.049999237060547,0.0,32.93,11005.0,3
2024-04-12,2236,Beet_5,Fruit and vegetable,142.37,175.3,0.0,19.049999237060547,0.0,0.0,12008.0,3
2024-04-13,2236,Beet_5,Fruit and vegetable,122.2,108.46,0.0,19.049999237060547,0.0,13.74,9772.0,3
2024-04-14,2236,Beet_5,Fruit and vegetable,126.09,127.4,0.0,19.049999237060547,0.0,12.43,10033.0,3
2024-04-15,2236,Beet_5,Fruit and vegetable,117.01,104.83,0.0,19.049999237060547,0.0,24.61,10806.0,3
2024-04-16,2236,Beet_5,Fruit and vegetable,119.16,110.79,0.0,19.049999237060547,0.0,32.98,10398.0,3
2024-04-17,2236,Beet_5,Fruit and vegetable,111.72,105.92,0.0,19.049999237060547,0.0,38.77,10170.0,3
2024-04-18,2236,Beet_5,Fruit and vegetable,115.08,105.9,0.0,19.049999237060547,0.0,47.95,11244.0,3
2024-04-19,2236,Beet_5,Fruit and vegetable,160.22,143.0,0.0,19.049999237060547,0.0,65.17,12858.0,3
2024-04-20,2236,Beet_5,Fruit and vegetable,76.65,141.82,0.0,19.049999237060547,0.0,0.0,10666.0,3
2024-04-21,2236,Beet_5,Fruit and vegetable,149.4,114.47,0.0,19.049999237060547,0.0,34.93,10309.0,3
2024-04-22,2236,Beet_5,Fruit and vegetable,226.7,261.63,0.0,19.049999237060547,0.23165999352931976,0.0,10488.0,3
2024-04-23,2236,Beet_5,Fruit and vegetable,236.44,236.44,0.0,19.049999237060547,0.23165999352931976,0.0,10195.0,3
2024-04-24,2236,Beet_5,Fruit and vegetable,246.77,246.77,0.0,19.049999237060547,0.23165999352931976,0.0,10255.0,3
2024-04-25,2236,Beet_5,Fruit and vegetable,267.36,267.36,0.0,19.049999237060547,0.23165999352931976,0.0,11238.0,3
2024-04-26,2236,Beet_5,Fruit and vegetable,321.49,321.49,0.0,19.049999237060547,0.23165999352931976,0.0,11988.0,3
2024-04-27,2236,Beet_5,Fruit and vegetable,235.52,203.16,0.0,19.049999237060547,0.23165999352931976,32.36,9223.0,3
2024-04-28,2236,Beet_5,Fruit and vegetable,259.03,291.39,0.0,19.049999237060547,0.23165999352931976,0.0,10142.0,3
2024-04-29,2236,Beet_5,Fruit and vegetable,310.58,134.11,0.0,19.049999237060547,0.0,176.47,11011.0,3
2024-04-30,2236,Beet_5,Fruit and vegetable,138.52,139.08,0.0,19.049999237060547,0.0,175.91,11142.0,3
2024-05-01,2236,Beet_5,Fruit and vegetable,164.32,85.18,0.0,19.049999237060547,0.0,255.06,9874.0,3
2024-05-02,2236,Beet_5,Fruit and vegetable,127.56,106.59,0.0,19.049999237060547,0.0,276.03,10795.0,3
2024-05-03,2236,Beet_5,Fruit and vegetable,163.55,132.56,0.0,19.049999237060547,0.0,307.01,11872.0,3
2024-05-04,2236,Beet_5,Fruit and vegetable,1.54,74.66,15.91,19.049999237060547,0.0,217.99,9787.0,3
2024-05-05,2236,Beet_5,Fruit and vegetable,218.84,122.09,52.9,19.049999237060547,0.0,261.84,10036.0,3
2024-03-01,2248,Mango_9,Fruit and vegetable,49.96,49.96,0.0,75.05999755859375,0.0,0.0,11812.0,3
2024-03-02,2248,Mango_9,Fruit and vegetable,49.96,37.15,0.0,75.05999755859375,0.0,12.81,10054.0,3
2024-03-03,2248,Mango_9,Fruit and vegetable,57.98,70.79,0.0,75.05999755859375,0.0,0.0,9613.0,3
2024-03-04,2248,Mango_9,Fruit and vegetable,71.69,46.43,0.0,75.05999755859375,0.0,25.26,9834.0,3
2024-03-05,2248,Mango_9,Fruit and vegetable,42.88,35.58,0.0,75.05999755859375,0.0,32.56,9746.0,3
2024-03-06,2248,Mango_9,Fruit and vegetable,35.47,32.01,0.0,75.05999755859375,0.0,36.03,9774.0,3
2024-03-07,2248,Mango_9,Fruit and vegetable,32.13,41.72,0.0,75.05999755859375,0.0,26.43,11142.0,3
2024-03-08,2248,Mango_9,Fruit and vegetable,40.23,32.71,0.0,75.05999755859375,0.0,33.95,11864.0,3
2024-03-09,2248,Mango_9,Fruit and vegetable,20.52,44.2,0.0,75.05999755859375,0.0,10.27,10078.0,3
2024-03-10,2248,Mango_9,Fruit and vegetable,77.6,23.57,0.0,75.05999755859375,0.0,64.3,10124.0,3
2024-03-11,2248,Mango_9,Fruit and vegetable,0.0,44.17,0.0,75.05999755859375,0.0,20.13,10122.0,3
2024-03-12,2248,Mango_9,Fruit and vegetable,25.2,26.43,0.0,75.05999755859375,0.0,18.89,10267.0,3
2024-03-13,2248,Mango_9,Fruit and vegetable,23.98,17.64,0.0,75.05999755859375,0.0,25.23,10214.0,3
2024-03-14,2248,Mango_9,Fruit and vegetable,30.26,22.55,0.0,75.05999755859375,0.0,32.94,11286.0,3
2024-03-15,2248,Mango_9,Fruit and vegetable,23.71,56.65,0.0,75.05999755859375,0.0,0.0,12108.0,3
2024-03-16,2248,Mango_9,Fruit and vegetable,62.93,40.61,0.0,75.05999755859375,0.0,22.32,10102.0,3
2024-03-17,2248,Mango_9,Fruit and vegetable,19.5,26.35,0.0,75.05999755859375,0.0,15.47,10186.0,3
2024-03-18,2248,Mango_9,Fruit and vegetable,46.6,15.86,0.0,75.05999755859375,0.0,46.21,10282.0,3
2024-03-19,2248,Mango_9,Fruit and vegetable,0.0,26.66,0.0,75.05999755859375,0.0,19.55,9794.0,3
2024-03-20,2248,Mango_9,Fruit and vegetable,19.32,38.87,0.0,75.05999755859375,0.0,0.0,10111.0,3
2024-03-21,2248,Mango_9,Fruit and vegetable,40.17,26.12,0.0,71.6500015258789,0.0,14.05,11034.0,3
2024-03-22,2248,Mango_9,Fruit and vegetable,59.75,29.77,0.0,71.6500015258789,0.0,44.03,11672.0,3
2024-03-23,2248,Mango_9,Fruit and vegetable,7.37,38.85,0.0,71.6500015258789,0.0,12.55,10153.0,3
2024-03-24,2248,Mango_9,Fruit and vegetable,24.1,26.2,0.0,71.6500015258789,0.0,10.45,10824.0,3
2024-03-25,2248,Mango_9,Fruit and vegetable,28.15,38.6,0.0,71.6500015258789,0.0,0.0,10530.0,3
2024-03-26,2248,Mango_9,Fruit and vegetable,34.74,29.67,0.0,71.6500015258789,0.0,5.07,10879.0,3
2024-03-27,2248,Mango_9,Fruit and vegetable,41.44,34.2,0.0,71.6500015258789,0.0,12.31,12451.0,3
2024-03-28,2248,Mango_9,Fruit and vegetable,30.21,42.52,0.0,71.6500015258789,0.0,0.0,12938.0,3
2024-03-29,2248,Mango_9,Fruit and vegetable,37.42,17.69,0.0,71.6500015258789,0.0,19.73,10045.0,3
2024-03-30,2248,Mango_9,Fruit and vegetable,30.18,31.14,0.0,71.6500015258789,0.0,18.77,8440.0,3
2024-03-31,2248,Mango_9,Fruit and vegetable,17.9,32.14,0.0,71.6500015258789,0.0,4.53,9558.0,3
2024-04-01,2248,Mango_9,Fruit and vegetable,44.12,19.54,0.0,71.6500015258789,0.0,29.1,9826.0,3
2024-04-02,2248,Mango_9,Fruit and vegetable,11.53,38.77,0.0,71.6500015258789,0.0,1.86,10261.0,3
2024-04-03,2248,Mango_9,Fruit and vegetable,48.32,50.18,0.0,71.6500015258789,0.0,0.0,9938.0,3
2024-04-04,2248,Mango_9,Fruit and vegetable,57.65,27.8,0.0,71.6500015258789,0.0,29.85,11179.0,3
2024-04-05,2248,Mango_9,Fruit and vegetable,7.87,37.72,0.0,71.6500015258789,0.0,0.0,12214.0,3
2024-04-06,2248,Mango_9,Fruit and vegetable,43.48,30.28,0.0,71.6500015258789,0.0,13.2,9690.0,3
2024-04-07,2248,Mango_9,Fruit and vegetable,31.34,32.06,0.0,71.6500015258789,0.0,12.48,9684.0,3
2024-04-08,2248,Mango_9,Fruit and vegetable,19.5,31.98,0.0,71.6500015258789,0.0,0.0,10147.0,3
2024-04-09,2248,Mango_9,Fruit and vegetable,48.43,18.05,0.0,61.40999984741211,0.0,30.38,10198.0,3
2024-04-10,2248,Mango_9,Fruit and vegetable,32.34,34.96,0.0,61.40999984741211,0.0,27.76,10762.0,3
2024-04-11,2248,Mango_9,Fruit and vegetable,8.12,34.23,0.0,61.40999984741211,0.0,1.65,11005.0,3
2024-04-14,2248,Mango_9,Fruit and vegetable,45.83,30.35,1.65,61.40999984741211,0.0,15.48,10033.0,3
2024-04-15,2248,Mango_9,Fruit and vegetable,38.98,54.46,0.0,61.40999984741211,0.0,0.0,10806.0,3
2024-04-16,2248,Mango_9,Fruit and vegetable,47.58,47.58,0.0,61.40999984741211,0.0,0.0,10398.0,3
2024-04-17,2248,Mango_9,Fruit and vegetable,53.29,53.29,0.0,61.40999984741211,0.0,0.0,10170.0,3
2024-04-18,2248,Mango_9,Fruit and vegetable,58.97,58.97,0.0,61.40999984741211,0.0,0.0,11244.0,3
2024-04-21,2248,Mango_9,Fruit and vegetable,57.94,57.94,0.0,61.40999984741211,0.0,0.0,10309.0,3
2024-04-22,2248,Mango_9,Fruit and vegetable,48.92,43.9,0.0,61.40999984741211,0.0,5.02,10488.0,3
2024-04-23,2248,Mango_9,Fruit and vegetable,38.15,30.0,0.0,61.40999984741211,0.0,13.17,10195.0,3
2024-04-24,2248,Mango_9,Fruit and vegetable,54.25,40.54,0.0,61.40999984741211,0.0,26.88,10255.0,3
2024-04-25,2248,Mango_9,Fruit and vegetable,33.94,53.82,0.0,61.40999984741211,0.0,7.0,11238.0,3
2024-04-26,2248,Mango_9,Fruit and vegetable,59.88,49.86,0.0,61.40999984741211,0.0,17.02,11988.0,3
2024-04-27,2248,Mango_9,Fruit and vegetable,55.3,41.35,0.0,61.40999984741211,0.0,30.97,9223.0,3
2024-04-28,2248,Mango_9,Fruit and vegetable,38.97,51.21,0.0,61.40999984741211,0.0,18.73,10142.0,3
2024-04-29,2248,Mango_9,Fruit and vegetable,35.58,35.76,0.0,61.40999984741211,0.0,18.55,11011.0,3
2024-05-02,2248,Mango_9,Fruit and vegetable,41.22,34.6,18.55,61.40999984741211,0.0,6.62,10795.0,3
2024-05-03,2248,Mango_9,Fruit and vegetable,43.8,27.55,0.0,61.40999984741211,0.0,22.88,11872.0,3
2024-05-04,2248,Mango_9,Fruit and vegetable,43.63,28.44,0.0,61.40999984741211,0.0,38.06,9787.0,3
2024-05-05,2248,Mango_9,Fruit and vegetable,23.97,35.39,0.0,61.40999984741211,0.0,26.64,10036.0,3
2024-03-01,2312,Bread_198,Bakery,299.78,299.78,0.0,9.239999771118164,0.0,0.0,11812.0,2
2024-03-02,2312,Bread_198,Bakery,299.78,221.1,0.0,9.239999771118164,0.0,78.68,10054.0,2
2024-03-03,2312,Bread_198,Bakery,292.31,231.85,0.0,9.239999771118164,0.0,139.14,9613.0,2
2024-03-04,2312,Bread_198,Bakery,215.25,191.81,0.0,9.239999771118164,0.0,162.58,9834.0,2
2024-03-05,2312,Bread_198,Bakery,195.67,204.56,0.0,9.239999771118164,0.0,153.69,9746.0,2
2024-03-06,2312,Bread_198,Bakery,199.86,199.14,0.0,9.239999771118164,0.0,154.41,9774.0,2
2024-03-07,2312,Bread_198,Bakery,196.07,286.85,0.0,9.239999771118164,0.0,63.62,11142.0,2
2024-03-08,2312,Bread_198,Bakery,291.34,228.98,0.0,9.239999771118164,0.0,125.98,11864.0,2
2024-03-09,2312,Bread_198,Bakery,135.85,212.17,0.0,9.239999771118164,0.0,49.66,10078.0,2
2024-03-10,2312,Bread_198,Bakery,223.29,220.82,0.0,9.239999771118164,0.0,52.13,10124.0,2
2024-03-11,2312,Bread_198,Bakery,180.42,169.61,0.0,9.239999771118164,0.0,62.94,10122.0,2
2024-03-12,2312,Bread_198,Bakery,187.71,207.95,0.0,9.239999771118164,0.0,42.7,10267.0,2
2024-03-13,2312,Bread_198,Bakery,202.3,232.82,0.0,9.239999771118164,0.0,12.18,10214.0,2
2024-03-14,2312,Bread_198,Bakery,319.65,263.72,0.0,9.239999771118164,0.0,68.11,11286.0,2
2024-03-15,2312,Bread_198,Bakery,197.46,257.51,0.0,9.239999771118164,0.0,8.05,12108.0,2
2024-03-16,2312,Bread_198,Bakery,245.07,189.1,0.0,9.239999771118164,0.0,64.03,10102.0,2
2024-03-17,2312,Bread_198,Bakery,250.09,314.12,0.0,9.239999771118164,0.0,0.0,10186.0,2
2024-03-18,2312,Bread_198,Bakery,253.7,253.7,0.0,9.239999771118164,0.0,0.0,10282.0,2
2024-03-19,2312,Bread_198,Bakery,260.22,204.37,0.0,9.239999771118164,0.0,55.85,9794.0,2
2024-03-20,2312,Bread_198,Bakery,229.97,254.45,0.0,10.029999732971191,0.0,31.36,10111.0,2
2024-03-21,2312,Bread_198,Bakery,285.02,248.99,0.0,10.029999732971191,0.0,67.39,11034.0,2
2024-03-22,2312,Bread_198,Bakery,244.99,312.38,0.0,10.029999732971191,0.0,0.0,11672.0,2
2024-03-23,2312,Bread_198,Bakery,250.32,208.36,0.0,10.029999732971191,0.0,41.96,10153.0,2
2024-03-24,2312,Bread_198,Bakery,328.31,214.84,0.0,10.029999732971191,0.0,155.43,10824.0,2
2024-03-25,2312,Bread_198,Bakery,146.67,182.49,0.0,10.029999732971191,0.0,119.61,10530.0,2
2024-03-26,2312,Bread_198,Bakery,140.36,251.3,0.0,10.029999732971191,0.0,8.67,10879.0,2
2024-03-27,2312,Bread_198,Bakery,314.49,323.16,0.0,10.029999732971191,0.0,0.0,12451.0,2
2024-03-28,2312,Bread_198,Bakery,319.75,319.75,0.0,10.029999732971191,0.0,0.0,12938.0,2
2024-03-29,2312,Bread_198,Bakery,388.26,182.22,0.0,10.029999732971191,0.0,206.04,10045.0,2
2024-03-30,2312,Bread_198,Bakery,79.27,155.69,0.0,10.029999732971191,0.0,129.62,8440.0,2
2024-03-31,2312,Bread_198,Bakery,222.11,282.12,50.35,10.029999732971191,0.0,19.26,9558.0,2
2024-04-01,2312,Bread_198,Bakery,252.05,252.22,0.0,10.029999732971191,0.0,19.09,9826.0,2
2024-04-02,2312,Bread_198,Bakery,314.34,225.59,0.0,10.029999732971191,0.0,107.85,10261.0,2
2024-04-03,2312,Bread_198,Bakery,298.48,171.93,0.0,10.029999732971191,0.0,234.39,9938.0,2
2024-04-04,2312,Bread_198,Bakery,163.57,229.35,0.0,10.029999732971191,0.0,168.61,11179.0,2
2024-04-05,2312,Bread_198,Bakery,138.18,301.75,5.04,10.029999732971191,0.0,0.0,12214.0,2
2024-04-06,2312,Bread_198,Bakery,224.35,206.59,0.0,10.029999732971191,0.0,17.76,9690.0,2
2024-04-07,2312,Bread_198,Bakery,321.11,233.33,0.0,10.029999732971191,0.0,105.53,9684.0,2
2024-04-08,2312,Bread_198,Bakery,197.82,224.27,0.0,10.029999732971191,0.0,79.09,10147.0,2
2024-04-09,2312,Bread_198,Bakery,196.32,247.01,0.0,10.029999732971191,0.0,28.4,10198.0,2
2024-04-10,2312,Bread_198,Bakery,263.55,291.95,0.0,10.029999732971191,0.0,0.0,10762.0,2
2024-04-11,2312,Bread_198,Bakery,275.09,264.76,0.0,10.029999732971191,0.0,10.33,11005.0,2
2024-04-12,2312,Bread_198,Bakery,336.47,281.85,0.0,10.029999732971191,0.0,64.95,12008.0,2
2024-04-13,2312,Bread_198,Bakery,187.53,252.48,0.0,10.029999732971191,0.0,0.0,9772.0,2
2024-04-14,2312,Bread_198,Bakery,264.9,245.96,0.0,10.029999732971191,0.0,18.94,10033.0,2
2024-04-15,2312,Bread_198,Bakery,234.89,220.14,0.0,10.029999732971191,0.0,33.69,10806.0,2
2024-04-16,2312,Bread_198,Bakery,244.22,237.4,0.0,10.029999732971191,0.0,40.51,10398.0,2
2024-04-17,2312,Bread_198,Bakery,337.27,377.78,0.0,10.029999732971191,0.0,0.0,10170.0,2
2024-04-18,2312,Bread_198,Bakery,347.2,347.2,0.0,10.029999732971191,0.0,0.0,11244.0,2
2024-04-19,2312,Bread_198,Bakery,358.28,321.75,0.0,10.029999732971191,0.0,36.53,12858.0,2
2024-04-20,2312,Bread_198,Bakery,294.98,196.09,0.0,10.029999732971191,0.0,135.42,10666.0,2
2024-04-21,2312,Bread_198,Bakery,200.12,223.65,0.0,10.029999732971191,0.0,111.9,10309.0,2
2024-04-22,2312,Bread_198,Bakery,202.41,314.31,0.0,10.029999732971191,0.0,0.0,10488.0,2
2024-04-23,2312,Bread_198,Bakery,325.69,141.16,0.0,10.029999732971191,0.0,184.53,10195.0,2
2024-04-24,2312,Bread_198,Bakery,305.67,319.04,0.0,10.029999732971191,0.0,171.16,10255.0,2
2024-04-25,2312,Bread_198,Bakery,276.71,302.09,0.0,10.029999732971191,0.0,145.78,11238.0,2
2024-04-26,2312,Bread_198,Bakery,268.78,311.18,0.0,10.029999732971191,0.0,103.39,11988.0,2
2024-04-27,2312,Bread_198,Bakery,183.71,203.16,0.0,10.029999732971191,0.0,83.94,9223.0,2
2024-04-28,2312,Bread_198,Bakery,229.46,243.7,0.0,10.029999732971191,0.0,69.7,10142.0,2
2024-04-29,2312,Bread_198,Bakery,332.7,306.54,0.0,10.029999732971191,0.0,95.86,11011.0,2
2024-04-30,2312,Bread_198,Bakery,229.24,325.1,0.0,10.029999732971191,0.0,0.0,11142.0,2
2024-05-01,2312,Bread_198,Bakery,377.64,287.49,0.0,10.029999732971191,0.0,90.15,9874.0,2
2024-05-02,2312,Bread_198,Bakery,267.79,279.57,0.0,10.029999732971191,0.0,78.37,10795.0,2
2024-05-03,2312,Bread_198,Bakery,300.38,378.75,0.0,10.029999732971191,0.0,0.0,11872.0,2
2024-05-04,2312,Bread_198,Bakery,275.53,207.97,0.0,10.029999732971191,0.0,67.56,9787.0,2
2024-05-05,2312,Bread_198,Bakery,246.97,235.33,0.0,10.029999732971191,0.0,79.19,10036.0,2
2024-03-01,2314,Parsley_12,Fruit and vegetable,165.4,165.4,0.0,51.97999954223633,0.0,0.0,11812.0,3
2024-03-02,2314,Parsley_12,Fruit and vegetable,165.4,129.12,0.0,51.97999954223633,0.0,36.28,10054.0,3
2024-03-03,2314,Parsley_12,Fruit and vegetable,161.96,90.96,0.0,51.97999954223633,0.0,107.28,9613.0,3
2024-03-04,2314,Parsley_12,Fruit and vegetable,105.77,113.67,0.0,51.97999954223633,0.0,99.38,9834.0,3
2024-03-05,2314,Parsley_12,Fruit and vegetable,106.07,99.61,0.0,51.97999954223633,0.0,105.83,9746.0,3
2024-03-06,2314,Parsley_12,Fruit and vegetable,97.12,104.91,0.0,51.97999954223633,0.0,98.04,9774.0,3
2024-03-07,2314,Parsley_12,Fruit and vegetable,101.83,123.43,0.0,51.97999954223633,0.0,76.44,11142.0,3
2024-03-08,2314,Parsley_12,Fruit and vegetable,120.57,153.23,0.0,51.97999954223633,0.0,43.78,11864.0,3
2024-03-09,2314,Parsley_12,Fruit and vegetable,112.17,100.78,0.0,51.97999954223633,0.0,55.17,10078.0,3
2024-03-10,2314,Parsley_12,Fruit and vegetable,62.46,100.69,0.0,51.97999954223633,0.0,16.94,10124.0,3
2024-03-11,2314,Parsley_12,Fruit and vegetable,121.62,91.87,0.0,51.97999954223633,0.0,46.69,10122.0,3
2024-03-12,2314,Parsley_12,Fruit and vegetable,79.97,111.02,0.0,51.97999954223633,0.0,15.64,10267.0,3
2024-03-13,2314,Parsley_12,Fruit and vegetable,115.6,82.9,0.0,51.97999954223633,0.0,48.35,10214.0,3
2024-03-14,2314,Parsley_12,Fruit and vegetable,105.01,107.57,0.0,51.97999954223633,0.0,45.79,11286.0,3
2024-03-15,2314,Parsley_12,Fruit and vegetable,136.26,132.19,0.0,51.97999954223633,0.0,49.86,12108.0,3
2024-03-16,2314,Parsley_12,Fruit and vegetable,84.46,134.32,0.0,55.959999084472656,0.0,0.0,10102.0,3
2024-03-17,2314,Parsley_12,Fruit and vegetable,125.35,93.53,0.0,55.959999084472656,0.0,31.82,10186.0,3
2024-03-18,2314,Parsley_12,Fruit and vegetable,85.57,77.52,0.0,55.959999084472656,0.0,39.87,10282.0,3
2024-03-19,2314,Parsley_12,Fruit and vegetable,99.84,62.2,0.0,55.959999084472656,0.0,77.51,9794.0,3
2024-03-20,2314,Parsley_12,Fruit and vegetable,40.54,77.75,0.0,55.959999084472656,0.0,40.31,10111.0,3
2024-03-21,2314,Parsley_12,Fruit and vegetable,103.13,132.33,0.0,55.959999084472656,0.0,11.11,11034.0,3
2024-03-22,2314,Parsley_12,Fruit and vegetable,160.59,122.54,0.0,55.959999084472656,0.0,49.16,11672.0,3
2024-03-23,2314,Parsley_12,Fruit and vegetable,122.85,141.26,0.0,55.959999084472656,0.0,30.75,10153.0,3
2024-03-24,2314,Parsley_12,Fruit and vegetable,102.3,108.29,0.0,55.959999084472656,0.0,24.76,10824.0,3
2024-03-25,2314,Parsley_12,Fruit and vegetable,92.16,84.23,0.0,55.959999084472656,0.0,32.69,10530.0,3
2024-03-26,2314,Parsley_12,Fruit and vegetable,67.84,85.81,0.0,55.959999084472656,0.0,14.72,10879.0,3
2024-03-28,2314,Parsley_12,Fruit and vegetable,102.36,117.08,0.0,55.959999084472656,0.0,0.0,12938.0,3
2024-03-29,2314,Parsley_12,Fruit and vegetable,160.32,109.68,0.0,55.959999084472656,0.0,50.64,10045.0,3
2024-03-30,2314,Parsley_12,Fruit and vegetable,97.69,75.1,0.0,55.959999084472656,0.0,73.23,8440.0,3
2024-03-31,2314,Parsley_12,Fruit and vegetable,97.4,58.92,0.0,55.959999084472656,0.0,111.72,9558.0,3
2024-04-01,2314,Parsley_12,Fruit and vegetable,23.63,62.17,0.0,55.959999084472656,0.0,73.18,9826.0,3
2024-04-02,2314,Parsley_12,Fruit and vegetable,39.37,93.41,0.0,55.959999084472656,0.0,19.15,10261.0,3
2024-04-03,2314,Parsley_12,Fruit and vegetable,95.29,83.3,0.0,55.959999084472656,0.0,31.14,9938.0,3
2024-04-04,2314,Parsley_12,Fruit and vegetable,114.6,95.56,0.0,55.959999084472656,0.0,50.18,11179.0,3
2024-04-05,2314,Parsley_12,Fruit and vegetable,83.18,108.01,0.0,55.959999084472656,0.0,25.35,12214.0,3
2024-04-06,2314,Parsley_12,Fruit and vegetable,72.92,92.61,0.0,55.959999084472656,0.0,5.65,9690.0,3
2024-04-07,2314,Parsley_12,Fruit and vegetable,76.48,73.03,0.0,55.959999084472656,0.0,9.11,9684.0,3
2024-04-08,2314,Parsley_12,Fruit and vegetable,72.7,75.93,0.0,55.959999084472656,0.0,5.88,10147.0,3
2024-04-09,2314,Parsley_12,Fruit and vegetable,103.16,86.45,0.0,55.959999084472656,0.0,22.59,10198.0,3
2024-04-10,2314,Parsley_12,Fruit and vegetable,82.3,104.89,0.0,55.959999084472656,0.0,0.0,10762.0,3
2024-04-11,2314,Parsley_12,Fruit and vegetable,118.45,118.45,0.0,55.959999084472656,0.0,0.0,11005.0,3
2024-04-12,2314,Parsley_12,Fruit and vegetable,131.2,131.2,0.0,55.959999084472656,0.0,0.0,12008.0,3
2024-04-13,2314,Parsley_12,Fruit and vegetable,196.77,196.77,0.0,55.959999084472656,0.0,0.0,9772.0,3
2024-04-14,2314,Parsley_12,Fruit and vegetable,128.13,113.25,0.0,55.959999084472656,0.0,14.88,10033.0,3
2024-04-15,2314,Parsley_12,Fruit and vegetable,121.99,136.87,0.0,55.959999084472656,0.0,0.0,10806.0,3
2024-04-16,2314,Parsley_12,Fruit and vegetable,131.34,98.48,0.0,55.959999084472656,0.0,32.86,10398.0,3
2024-04-17,2314,Parsley_12,Fruit and vegetable,114.26,93.56,0.0,55.959999084472656,0.0,53.56,10170.0,3
2024-04-18,2314,Parsley_12,Fruit and vegetable,109.16,111.1,0.0,55.959999084472656,0.0,51.62,11244.0,3
2024-04-19,2314,Parsley_12,Fruit and vegetable,124.37,175.34,0.0,55.959999084472656,0.0,0.65,12858.0,3
2024-04-20,2314,Parsley_12,Fruit and vegetable,247.01,129.56,0.0,55.959999084472656,0.0,118.11,10666.0,3
2024-04-21,2314,Parsley_12,Fruit and vegetable,30.89,102.14,0.0,55.959999084472656,0.0,46.85,10309.0,3
2024-04-22,2314,Parsley_12,Fruit and vegetable,126.94,110.62,0.0,55.959999084472656,0.0,63.17,10488.0,3
2024-04-23,2314,Parsley_12,Fruit and vegetable,71.32,72.34,0.0,55.959999084472656,0.0,62.15,10195.0,3
2024-04-24,2314,Parsley_12,Fruit and vegetable,72.94,100.47,0.0,55.959999084472656,0.0,34.62,10255.0,3
2024-04-25,2314,Parsley_12,Fruit and vegetable,117.23,135.42,0.0,55.959999084472656,0.0,16.43,11238.0,3
2024-04-26,2314,Parsley_12,Fruit and vegetable,200.79,142.69,0.0,55.959999084472656,0.0,74.53,11988.0,3
2024-04-27,2314,Parsley_12,Fruit and vegetable,86.35,79.11,0.0,55.959999084472656,0.0,81.77,9223.0,3
2024-04-28,2314,Parsley_12,Fruit and vegetable,53.97,88.3,0.0,55.959999084472656,0.0,47.44,10142.0,3
2024-04-29,2314,Parsley_12,Fruit and vegetable,97.88,83.6,0.0,55.959999084472656,0.0,61.72,11011.0,3
2024-04-30,2314,Parsley_12,Fruit and vegetable,46.39,81.71,0.0,55.959999084472656,0.0,26.39,11142.0,3
2024-05-01,2314,Parsley_12,Fruit and vegetable,108.09,81.63,0.0,55.959999084472656,0.0,52.85,9874.0,3
2024-05-02,2314,Parsley_12,Fruit and vegetable,117.95,69.89,0.0,55.959999084472656,0.0,100.91,10795.0,3
2024-05-03,2314,Parsley_12,Fruit and vegetable,72.61,103.29,0.0,55.959999084472656,0.0,70.23,11872.0,3
2024-05-04,2314,Parsley_12,Fruit and vegetable,21.94,88.88,0.0,55.959999084472656,0.0,3.29,9787.0,3
2024-05-05,2314,Parsley_12,Fruit and vegetable,97.94,67.24,0.0,55.959999084472656,0.0,33.99,10036.0,3
2024-03-01,2328,Bread_200,Bakery,383.17,383.17,0.0,22.940000534057617,0.15023000538349152,0.0,12026.0,2
2024-03-02,2328,Bread_200,Bakery,461.28,461.28,0.0,22.940000534057617,0.1502400040626526,0.0,10750.0,2
2024-03-03,2328,Bread_200,Bakery,453.87,181.87,0.0,22.940000534057617,0.15023000538349152,272.0,10158.0,2
2024-03-04,2328,Bread_200,Bakery,295.7,150.55,0.0,22.940000534057617,0.15023000538349152,417.14,9802.0,2
2024-03-05,2328,Bread_200,Bakery,281.71,182.31,121.45,22.940000534057617,0.15023000538349152,395.1,9606.0,2
2024-03-06,2328,Bread_200,Bakery,281.46,158.91,113.39,22.940000534057617,0.15023000538349152,404.26,9558.0,2
2024-03-07,2328,Bread_200,Bakery,273.18,226.37,122.8,22.940000534057617,0.15023000538349152,328.27,10034.0,2
2024-03-08,2328,Bread_200,Bakery,267.05,428.85,55.09,22.940000534057617,0.15023000538349152,111.38,12292.0,2
2024-03-09,2328,Bread_200,Bakery,518.71,283.69,0.0,22.940000534057617,0.15023000538349152,346.41,10656.0,2
2024-03-10,2328,Bread_200,Bakery,11.99,358.4,0.0,22.940000534057617,0.1502400040626526,0.0,10524.0,2
2024-03-11,2328,Bread_200,Bakery,286.8,164.75,0.0,22.940000534057617,0.15023000538349152,122.05,10134.0,2
2024-03-12,2328,Bread_200,Bakery,193.66,154.0,0.0,22.940000534057617,0.15023000538349152,161.71,10012.0,2
2024-03-13,2328,Bread_200,Bakery,135.57,145.39,0.0,22.940000534057617,0.15023000538349152,151.9,9924.0,2
2024-03-14,2328,Bread_200,Bakery,231.83,294.83,16.32,22.940000534057617,0.15023000538349152,72.57,10324.0,2
2024-03-15,2328,Bread_200,Bakery,497.85,511.0,0.0,22.940000534057617,0.15023000538349152,59.42,12304.0,2
2024-03-16,2328,Bread_200,Bakery,394.96,441.49,0.0,22.940000534057617,0.15023000538349152,12.89,10926.0,2
2024-03-17,2328,Bread_200,Bakery,534.91,299.22,0.0,22.940000534057617,0.15023000538349152,248.57,10662.0,2
2024-03-18,2328,Bread_200,Bakery,102.36,172.85,0.0,22.940000534057617,0.1502400040626526,178.08,10286.0,2
2024-03-19,2328,Bread_200,Bakery,236.41,151.53,75.72,22.940000534057617,0.15023000538349152,187.23,9634.0,2
2024-03-20,2328,Bread_200,Bakery,143.41,234.55,0.0,22.940000534057617,0.15023000538349152,96.1,9842.0,2
2024-03-21,2328,Bread_200,Bakery,369.71,234.87,0.0,22.940000534057617,0.15023000538349152,230.94,10076.0,2
2024-03-22,2328,Bread_200,Bakery,454.04,259.32,0.0,22.940000534057617,0.15023000538349152,425.66,12078.0,2
2024-03-23,2328,Bread_200,Bakery,138.4,445.94,0.0,22.940000534057617,0.1502400040626526,118.12,10782.0,2
2024-03-24,2328,Bread_200,Bakery,305.51,314.57,0.0,22.940000534057617,0.15023000538349152,109.06,10920.0,2
2024-03-25,2328,Bread_200,Bakery,189.84,155.5,0.0,22.940000534057617,0.15023000538349152,143.4,10111.0,2
2024-03-26,2328,Bread_200,Bakery,137.65,102.81,0.0,22.940000534057617,0.1502400040626526,178.24,9932.0,2
2024-03-27,2328,Bread_200,Bakery,238.77,187.13,40.59,22.940000534057617,0.15023000538349152,189.29,10540.0,2
2024-03-28,2328,Bread_200,Bakery,190.65,300.12,0.0,22.940000534057617,0.15023000538349152,79.82,13846.0,2
2024-03-29,2328,Bread_200,Bakery,491.49,571.31,0.0,22.940000534057617,0.15023000538349152,0.0,12157.0,2
2024-03-30,2328,Bread_200,Bakery,659.84,405.07,0.0,22.940000534057617,0.1502400040626526,254.77,8768.0,2
2024-03-31,2328,Bread_200,Bakery,266.72,306.37,0.0,22.940000534057617,0.15023000538349152,215.12,9390.0,2
2024-04-01,2328,Bread_200,Bakery,147.08,243.74,0.0,22.940000534057617,0.15023000538349152,118.46,10206.0,2
2024-04-02,2328,Bread_200,Bakery,179.48,239.32,0.0,22.940000534057617,0.15023000538349152,58.62,10356.0,2
2024-04-03,2328,Bread_200,Bakery,294.52,169.81,0.0,22.940000534057617,0.15023000538349152,183.33,9502.0,2
2024-04-04,2328,Bread_200,Bakery,286.8,166.3,0.0,22.940000534057617,0.15023000538349152,303.84,10040.0,2
2024-04-05,2328,Bread_200,Bakery,470.26,391.12,17.03,22.940000534057617,0.15023000538349152,365.95,12248.0,2
2024-04-06,2328,Bread_200,Bakery,219.35,585.3,0.0,22.940000534057617,0.1502400040626526,0.0,10560.0,2
2024-04-07,2328,Bread_200,Bakery,586.28,586.28,0.0,22.940000534057617,0.15023000538349152,0.0,10420.0,2
2024-04-08,2328,Bread_200,Bakery,478.59,240.68,0.0,22.940000534057617,0.15023000538349152,237.91,10060.0,2
2024-04-09,2328,Bread_200,Bakery,236.61,213.16,0.0,22.940000534057617,0.15023000538349152,261.36,9823.0,2
2024-04-10,2328,Bread_200,Bakery,171.77,373.35,24.75,22.940000534057617,0.15023000538349152,35.02,10304.0,2
2024-04-11,2328,Bread_200,Bakery,350.65,274.67,0.0,22.940000534057617,0.15023000538349152,111.01,10316.0,2
2024-04-12,2328,Bread_200,Bakery,547.12,658.13,0.0,22.940000534057617,0.15023000538349152,0.0,12158.0,2
2024-04-13,2328,Bread_200,Bakery,824.71,790.63,0.0,22.940000534057617,0.15023000538349152,34.08,10585.0,2
2024-04-14,2328,Bread_200,Bakery,845.21,478.81,0.0,22.940000534057617,0.15023000538349152,400.48,10578.0,2
2024-04-15,2328,Bread_200,Bakery,123.84,207.44,0.0,22.940000534057617,0.15023000538349152,316.88,10416.0,2
2024-04-16,2328,Bread_200,Bakery,379.49,289.92,193.04,22.940000534057617,0.15023000538349152,213.41,10322.0,2
2024-04-17,2328,Bread_200,Bakery,436.65,257.35,0.0,22.940000534057617,0.15023000538349152,392.71,10042.0,2
2024-04-18,2328,Bread_200,Bakery,171.57,218.85,0.0,22.940000534057617,0.15023000538349152,345.44,10182.0,2
2024-04-19,2328,Bread_200,Bakery,785.07,444.12,173.86,22.940000534057617,0.15023000538349152,512.52,12894.0,2
2024-04-20,2328,Bread_200,Bakery,545.22,417.77,0.0,22.940000534057617,0.15023000538349152,639.97,11854.0,2
2024-04-21,2328,Bread_200,Bakery,78.72,329.77,94.75,22.940000534057617,0.15023000538349152,294.16,10578.0,2
2024-04-22,2328,Bread_200,Bakery,247.88,229.86,215.45,22.940000534057617,0.15023000538349152,96.73,10500.0,2
2024-04-23,2328,Bread_200,Bakery,307.5,189.53,0.0,22.940000534057617,0.15023000538349152,214.7,9974.0,2
2024-04-24,2328,Bread_200,Bakery,171.74,312.92,0.0,22.940000534057617,0.15023000538349152,73.52,10096.0,2
2024-04-25,2328,Bread_200,Bakery,272.4,226.48,0.0,22.940000534057617,0.15023000538349152,119.45,10130.0,2
2024-04-26,2328,Bread_200,Bakery,500.48,619.93,0.0,22.940000534057617,0.15023000538349152,0.0,12265.0,2
2024-04-27,2328,Bread_200,Bakery,829.02,829.02,0.0,22.940000534057617,0.15023000538349152,0.0,10339.0,2
2024-04-28,2328,Bread_200,Bakery,637.92,492.93,0.0,22.940000534057617,0.1502400040626526,144.99,10120.0,2
2024-04-29,2328,Bread_200,Bakery,394.26,262.23,0.0,22.940000534057617,0.1502400040626526,277.02,10345.0,2
2024-04-30,2328,Bread_200,Bakery,301.66,578.68,0.0,22.940000534057617,0.15023000538349152,0.0,11167.0,2
2024-05-01,2328,Bread_200,Bakery,594.67,565.96,0.0,22.940000534057617,0.15023000538349152,28.71,10620.0,2
2024-05-02,2328,Bread_200,Bakery,466.15,356.7,0.0,22.940000534057617,0.15023000538349152,138.16,9613.0,2
2024-05-03,2328,Bread_200,Bakery,717.95,482.86,0.0,22.940000534057617,0.15023000538349152,373.25,12020.0,2
2024-05-04,2328,Bread_200,Bakery,686.85,521.41,0.0,22.940000534057617,0.15023000538349152,538.69,10495.0,2
2024-05-05,2328,Bread_200,Bakery,102.27,342.15,0.0,22.940000534057617,0.15023000538349152,298.8,10224.0,2
2024-03-01,2343,Bread_201,Bakery,51.69,51.69,0.0,93.16000366210938,0.0,0.0,11812.0,2
2024-03-02,2343,Bread_201,Bakery,51.69,45.99,0.0,93.16000366210938,0.0,5.7,10054.0,2
2024-03-03,2343,Bread_201,Bakery,51.15,53.5,0.0,93.16000366210938,0.0,3.35,9613.0,2
2024-03-04,2343,Bread_201,Bakery,53.36,44.4,0.0,93.16000366210938,0.0,12.31,9834.0,2
2024-03-05,2343,Bread_201,Bakery,44.99,35.58,0.0,93.16000366210938,0.0,21.72,9746.0,2
2024-03-06,2343,Bread_201,Bakery,39.01,37.34,0.0,93.16000366210938,0.0,23.39,9774.0,2
2024-03-07,2343,Bread_201,Bakery,37.63,38.25,0.0,93.16000366210938,0.0,22.77,11142.0,2
2024-03-08,2343,Bread_201,Bakery,38.0,44.76,0.0,93.16000366210938,0.0,16.01,11864.0,2
2024-03-09,2343,Bread_201,Bakery,37.97,44.2,0.0,93.16000366210938,0.0,9.78,10078.0,2
2024-03-10,2343,Bread_201,Bakery,62.65,72.43,0.0,93.16000366210938,0.0,0.0,10124.0,2
2024-03-11,2343,Bread_201,Bakery,60.47,28.27,0.0,93.16000366210938,0.0,32.2,10122.0,2
2024-03-12,2343,Bread_201,Bakery,21.46,44.06,0.0,93.16000366210938,0.0,9.6,10267.0,2
2024-03-13,2343,Bread_201,Bakery,45.33,52.91,0.0,93.16000366210938,0.0,2.02,10214.0,2
2024-03-14,2343,Bread_201,Bakery,53.78,48.58,0.0,93.16000366210938,0.0,7.22,11286.0,2
2024-03-15,2343,Bread_201,Bakery,54.48,56.65,0.0,93.16000366210938,0.0,5.05,12108.0,2
2024-03-16,2343,Bread_201,Bakery,56.46,49.48,0.0,93.16000366210938,0.0,12.03,10102.0,2
2024-03-17,2343,Bread_201,Bakery,77.45,49.41,0.0,93.16000366210938,0.0,40.07,10186.0,2
2024-03-18,2343,Bread_201,Bakery,0.45,40.52,0.0,93.16000366210938,0.0,0.0,10282.0,2
2024-03-19,2343,Bread_201,Bakery,53.32,53.32,0.0,93.16000366210938,0.0,0.0,9794.0,2
2024-03-20,2343,Bread_201,Bakery,59.44,58.31,0.0,93.16000366210938,0.0,1.13,10111.0,2
2024-03-21,2343,Bread_201,Bakery,55.04,40.05,0.0,93.16000366210938,0.0,16.12,11034.0,2
2024-03-22,2343,Bread_201,Bakery,51.19,67.31,0.0,93.16000366210938,0.0,0.0,11672.0,2
2024-03-23,2343,Bread_201,Bakery,61.84,40.61,0.0,93.16000366210938,0.0,21.23,10153.0,2
2024-03-24,2343,Bread_201,Bakery,41.58,52.4,0.0,93.16000366210938,0.0,10.4,10824.0,2
2024-03-25,2343,Bread_201,Bakery,43.56,47.38,0.0,93.16000366210938,0.0,6.58,10530.0,2
2024-03-26,2343,Bread_201,Bakery,59.18,36.65,0.0,93.16000366210938,0.0,29.11,10879.0,2
2024-03-27,2343,Bread_201,Bakery,43.4,71.81,0.0,93.16000366210938,0.0,0.71,12451.0,2
2024-03-28,2343,Bread_201,Bakery,60.52,61.23,0.0,93.16000366210938,0.0,0.0,12938.0,2
2024-03-29,2343,Bread_201,Bakery,84.43,37.15,0.0,93.16000366210938,0.0,47.28,10045.0,2
2024-03-30,2343,Bread_201,Bakery,10.22,29.31,0.0,93.16000366210938,0.0,28.19,8440.0,2
2024-03-31,2343,Bread_201,Bakery,61.43,51.78,17.97,93.16000366210938,0.0,19.87,9558.0,2
2024-04-01,2343,Bread_201,Bakery,46.72,63.94,0.0,93.16000366210938,0.0,2.66,9826.0,2
2024-04-02,2343,Bread_201,Bakery,54.7,54.64,0.0,93.16000366210938,0.0,2.72,10261.0,2
2024-04-03,2343,Bread_201,Bakery,88.35,54.95,0.0,93.16000366210938,0.0,36.11,9938.0,2
2024-04-04,2343,Bread_201,Bakery,41.32,53.86,0.0,93.16000366210938,0.0,23.57,11179.0,2
2024-04-05,2343,Bread_201,Bakery,31.29,54.86,0.0,93.16000366210938,0.0,0.0,12214.0,2
2024-04-06,2343,Bread_201,Bakery,42.98,37.4,0.0,93.16000366210938,0.0,5.58,9690.0,2
2024-04-07,2343,Bread_201,Bakery,56.32,55.22,0.0,93.16000366210938,0.0,6.68,9684.0,2
2024-04-08,2343,Bread_201,Bakery,67.4,56.51,0.0,93.16000366210938,0.0,17.57,10147.0,2
2024-04-09,2343,Bread_201,Bakery,45.65,42.34,0.0,93.16000366210938,0.0,20.88,10198.0,2
2024-04-10,2343,Bread_201,Bakery,43.8,57.69,0.0,93.16000366210938,0.0,6.98,10762.0,2
2024-04-11,2343,Bread_201,Bakery,57.01,52.26,0.0,93.16000366210938,0.0,11.73,11005.0,2
2024-04-12,2343,Bread_201,Bakery,53.17,46.4,0.0,93.16000366210938,0.0,18.5,12008.0,2
2024-04-13,2343,Bread_201,Bakery,34.84,53.34,0.0,93.16000366210938,0.0,0.0,9772.0,2
2024-04-14,2343,Bread_201,Bakery,62.42,38.93,0.0,93.16000366210938,0.0,23.49,10033.0,2
2024-04-15,2343,Bread_201,Bakery,44.65,68.14,0.0,93.16000366210938,0.0,0.0,10806.0,2
2024-04-16,2343,Bread_201,Bakery,55.0,51.0,0.0,93.16000366210938,0.0,4.0,10398.0,2
2024-04-17,2343,Bread_201,Bakery,65.33,37.07,0.0,93.16000366210938,0.0,32.26,10170.0,2
2024-04-18,2343,Bread_201,Bakery,33.3,64.23,0.0,93.16000366210938,0.0,1.33,11244.0,2
2024-04-19,2343,Bread_201,Bakery,60.17,59.58,0.0,93.16000366210938,0.0,1.92,12858.0,2
2024-04-20,2343,Bread_201,Bakery,68.11,70.03,0.0,93.16000366210938,0.0,0.0,10666.0,2
2024-04-21,2343,Bread_201,Bakery,58.11,58.11,0.0,93.16000366210938,0.0,0.0,10309.0,2
2024-04-22,2343,Bread_201,Bakery,82.69,61.46,0.0,93.16000366210938,0.0,21.23,10488.0,2
2024-04-23,2343,Bread_201,Bakery,43.42,31.76,0.0,93.16000366210938,0.0,32.89,10195.0,2
2024-04-24,2343,Bread_201,Bakery,22.61,44.07,0.0,93.16000366210938,0.0,11.43,10255.0,2
2024-04-25,2343,Bread_201,Bakery,69.66,36.46,0.0,93.16000366210938,0.0,44.63,11238.0,2
2024-04-26,2343,Bread_201,Bakery,33.22,37.82,0.0,93.16000366210938,0.0,40.03,11988.0,2
2024-04-27,2343,Bread_201,Bakery,55.52,39.55,6.81,93.16000366210938,0.0,49.2,9223.0,2
2024-04-28,2343,Bread_201,Bakery,23.4,52.98,0.0,93.16000366210938,0.0,19.62,10142.0,2
2024-04-29,2343,Bread_201,Bakery,55.15,55.73,0.0,93.16000366210938,0.0,19.03,11011.0,2
2024-04-30,2343,Bread_201,Bakery,26.17,45.2,0.0,93.16000366210938,0.0,0.0,11142.0,2
2024-05-01,2343,Bread_201,Bakery,53.6,44.37,0.0,89.33000183105469,0.0,9.23,9874.0,2
2024-05-02,2343,Bread_201,Bakery,36.76,34.95,0.0,89.33000183105469,0.0,11.03,10795.0,2
2024-05-03,2343,Bread_201,Bakery,66.44,77.47,0.0,89.33000183105469,0.0,0.0,11872.0,2
2024-05-04,2343,Bread_201,Bakery,57.55,42.66,0.0,89.33000183105469,0.0,14.89,9787.0,2
2024-05-05,2343,Bread_201,Bakery,55.65,54.85,0.0,89.33000183105469,0.0,15.69,10036.0,2
2024-03-01,2349,Roll_53,Bakery,48.11,48.11,0.0,13.130000114440918,0.0,0.0,12026.0,2
2024-03-02,2349,Roll_53,Bakery,48.11,43.71,0.0,13.130000114440918,0.0,4.4,10750.0,2
2024-03-03,2349,Roll_53,Bakery,64.57,68.97,0.0,13.130000114440918,0.0,0.0,10158.0,2
2024-03-04,2349,Roll_53,Bakery,65.38,31.99,0.0,13.130000114440918,0.0,33.39,9802.0,2
2024-03-05,2349,Roll_53,Bakery,34.47,57.74,0.0,13.130000114440918,0.0,10.12,9606.0,2
2024-03-06,2349,Roll_53,Bakery,55.95,32.14,0.0,13.130000114440918,0.0,33.93,9558.0,2
2024-03-07,2349,Roll_53,Bakery,32.79,38.93,0.0,13.130000114440918,0.0,27.78,10034.0,2
2024-03-08,2349,Roll_53,Bakery,37.76,59.99,0.0,13.130000114440918,0.0,5.56,12292.0,2
2024-03-09,2349,Roll_53,Bakery,56.89,45.53,0.0,13.130000114440918,0.0,16.92,10656.0,2
2024-03-10,2349,Roll_53,Bakery,70.71,47.49,0.0,13.130000114440918,0.0,40.14,10524.0,2
2024-03-11,2349,Roll_53,Bakery,11.02,51.16,0.0,13.130000114440918,0.0,0.0,10134.0,2
2024-03-12,2349,Roll_53,Bakery,70.41,62.5,0.0,13.130000114440918,0.0,7.91,10012.0,2
2024-03-13,2349,Roll_53,Bakery,61.65,69.56,0.0,13.130000114440918,0.0,0.0,9924.0,2
2024-03-14,2349,Roll_53,Bakery,52.74,50.42,0.0,13.130000114440918,0.0,2.32,10324.0,2
2024-03-15,2349,Roll_53,Bakery,69.05,65.12,0.0,13.130000114440918,0.0,6.25,12304.0,2
2024-03-16,2349,Roll_53,Bakery,51.49,41.86,0.0,13.130000114440918,0.0,15.88,10926.0,2
2024-03-17,2349,Roll_53,Bakery,44.77,15.76,0.0,13.130000114440918,0.0,44.89,10662.0,2
2024-03-18,2349,Roll_53,Bakery,29.77,59.82,0.12,13.130000114440918,0.0,14.72,10286.0,2
2024-03-19,2349,Roll_53,Bakery,71.56,33.87,0.0,13.130000114440918,0.0,52.41,9634.0,2
2024-03-20,2349,Roll_53,Bakery,41.55,36.4,0.0,13.130000114440918,0.0,57.56,9842.0,2
2024-03-21,2349,Roll_53,Bakery,30.39,63.15,16.01,13.130000114440918,0.0,8.8,10076.0,2
2024-03-22,2349,Roll_53,Bakery,79.79,36.06,0.0,13.130000114440918,0.0,52.53,12078.0,2
2024-03-23,2349,Roll_53,Bakery,10.1,61.77,0.0,13.130000114440918,0.0,0.85,10782.0,2
2024-03-24,2349,Roll_53,Bakery,53.36,54.21,0.0,13.130000114440918,0.0,0.0,10920.0,2
2024-03-25,2349,Roll_53,Bakery,76.85,36.26,0.0,13.130000114440918,0.0,40.59,10111.0,2
2024-03-26,2349,Roll_53,Bakery,10.16,50.08,0.0,13.130000114440918,0.0,0.67,9932.0,2
2024-03-27,2349,Roll_53,Bakery,66.03,66.7,0.0,13.130000114440918,0.0,0.0,10540.0,2
2024-03-28,2349,Roll_53,Bakery,79.2,65.76,0.0,13.130000114440918,0.0,13.44,13846.0,2
2024-03-29,2349,Roll_53,Bakery,56.85,70.29,0.0,13.130000114440918,0.0,0.0,12157.0,2
2024-03-30,2349,Roll_53,Bakery,77.01,12.72,0.0,13.130000114440918,0.0,64.29,8768.0,2
2024-03-31,2349,Roll_53,Bakery,16.2,32.25,0.0,13.130000114440918,0.0,48.24,9390.0,2
2024-04-01,2349,Roll_53,Bakery,47.69,38.81,32.04,13.130000114440918,0.0,25.08,10206.0,2
2024-04-02,2349,Roll_53,Bakery,52.37,40.47,0.0,13.130000114440918,0.0,36.98,10356.0,2
2024-04-03,2349,Roll_53,Bakery,57.29,48.3,0.0,13.130000114440918,0.0,45.97,9502.0,2
2024-04-04,2349,Roll_53,Bakery,45.06,64.04,0.0,13.130000114440918,0.0,26.99,10040.0,2
2024-04-05,2349,Roll_53,Bakery,68.18,74.68,0.0,13.130000114440918,0.0,20.49,12248.0,2
2024-04-06,2349,Roll_53,Bakery,18.44,29.82,0.0,13.130000114440918,0.0,9.11,10560.0,2
2024-04-07,2349,Roll_53,Bakery,50.21,59.32,0.0,13.130000114440918,0.0,0.0,10420.0,2
2024-04-08,2349,Roll_53,Bakery,59.15,46.07,0.0,13.130000114440918,0.0,13.08,10060.0,2
2024-04-09,2349,Roll_53,Bakery,46.85,39.08,0.0,13.130000114440918,0.0,20.85,9823.0,2
2024-04-10,2349,Roll_53,Bakery,47.14,49.91,0.0,13.130000114440918,0.0,18.08,10304.0,2
2024-04-11,2349,Roll_53,Bakery,65.59,44.37,0.0,13.130000114440918,0.0,39.3,10316.0,2
2024-04-12,2349,Roll_53,Bakery,53.95,53.58,0.0,13.130000114440918,0.0,39.67,12158.0,2
2024-04-13,2349,Roll_53,Bakery,4.16,43.83,0.0,13.130000114440918,0.0,0.0,10585.0,2
2024-04-14,2349,Roll_53,Bakery,68.01,52.21,0.0,13.130000114440918,0.0,15.8,10578.0,2
2024-04-15,2349,Roll_53,Bakery,36.87,47.47,0.0,13.130000114440918,0.0,5.2,10416.0,2
2024-04-16,2349,Roll_53,Bakery,52.44,57.64,0.0,13.130000114440918,0.0,0.0,10322.0,2
2024-04-17,2349,Roll_53,Bakery,56.35,52.35,0.0,13.130000114440918,0.0,4.0,10042.0,2
2024-04-18,2349,Roll_53,Bakery,51.47,55.47,0.0,13.130000114440918,0.0,0.0,10182.0,2
2024-04-19,2349,Roll_53,Bakery,59.62,54.11,0.0,13.130000114440918,0.0,5.51,12894.0,2
2024-04-20,2349,Roll_53,Bakery,44.41,24.11,0.0,13.130000114440918,0.0,25.81,11854.0,2
2024-04-21,2349,Roll_53,Bakery,45.8,71.61,0.0,13.130000114440918,0.0,0.0,10578.0,2
2024-04-22,2349,Roll_53,Bakery,65.81,47.4,0.0,13.130000114440918,0.0,18.41,10500.0,2
2024-04-23,2349,Roll_53,Bakery,57.57,40.74,0.0,13.130000114440918,0.0,35.24,9974.0,2
2024-04-24,2349,Roll_53,Bakery,35.8,21.21,0.0,13.130000114440918,0.0,49.83,10096.0,2
2024-04-25,2349,Roll_53,Bakery,42.61,40.63,14.03,13.130000114440918,0.0,37.78,10130.0,2
2024-04-26,2349,Roll_53,Bakery,38.52,66.83,0.0,13.130000114440918,0.0,9.47,12265.0,2
2024-04-27,2349,Roll_53,Bakery,39.31,44.0,0.0,13.130000114440918,0.0,4.78,10339.0,2
2024-04-28,2349,Roll_53,Bakery,88.7,56.25,0.0,13.130000114440918,0.0,37.23,10120.0,2
2024-04-29,2349,Roll_53,Bakery,28.37,47.94,0.0,13.130000114440918,0.0,17.66,10345.0,2
2024-04-30,2349,Roll_53,Bakery,41.3,48.08,0.0,13.130000114440918,0.0,10.87,11167.0,2
2024-05-01,2349,Roll_53,Bakery,43.17,54.04,0.0,13.130000114440918,0.0,0.0,10620.0,2
2024-05-02,2349,Roll_53,Bakery,58.64,58.64,0.0,13.130000114440918,0.0,0.0,9613.0,2
2024-05-03,2349,Roll_53,Bakery,76.78,46.4,0.0,13.130000114440918,0.0,30.38,12020.0,2
2024-05-04,2349,Roll_53,Bakery,20.69,26.33,0.0,13.130000114440918,0.0,24.74,10495.0,2
2024-05-05,2349,Roll_53,Bakery,49.28,63.49,4.05,13.130000114440918,0.0,6.48,10224.0,2
2024-03-01,2365,Croissant_34,Bakery,39.63,39.63,0.0,28.280000686645508,0.16735999286174774,0.0,11812.0,2
2024-03-02,2365,Croissant_34,Bakery,42.45,42.45,0.0,28.280000686645508,0.16735999286174774,0.0,10054.0,2
2024-03-03,2365,Croissant_34,Bakery,48.15,48.15,0.0,28.280000686645508,0.16735999286174774,0.0,9613.0,2
2024-03-04,2365,Croissant_34,Bakery,45.19,17.76,0.0,28.280000686645508,0.0,27.43,9834.0,2
2024-03-05,2365,Croissant_34,Bakery,29.24,1.78,0.0,28.280000686645508,0.0,54.88,9746.0,2
2024-03-06,2365,Croissant_34,Bakery,35.37,17.78,25.65,28.280000686645508,0.0,46.83,9774.0,2
2024-03-07,2365,Croissant_34,Bakery,27.49,5.22,11.46,28.280000686645508,0.0,57.64,11142.0,2
2024-03-08,2365,Croissant_34,Bakery,36.03,18.94,30.15,28.280000686645508,0.0,44.57,11864.0,2
2024-03-09,2365,Croissant_34,Bakery,28.82,7.07,8.55,28.280000686645508,0.0,57.78,10078.0,2
2024-03-10,2365,Croissant_34,Bakery,39.18,10.6,28.96,28.280000686645508,0.0,57.4,10124.0,2
2024-03-11,2365,Croissant_34,Bakery,0.0,19.43,18.22,28.280000686645508,0.0,19.75,10122.0,2
2024-03-12,2365,Croissant_34,Bakery,17.62,17.62,19.75,28.280000686645508,0.0,0.0,10267.0,2
2024-03-13,2365,Croissant_34,Bakery,29.98,29.98,0.0,28.280000686645508,0.0,0.0,10214.0,2
2024-03-14,2365,Croissant_34,Bakery,16.21,8.67,0.0,28.280000686645508,0.0,7.54,11286.0,2
2024-03-15,2365,Croissant_34,Bakery,21.6,17.17,0.0,28.280000686645508,0.0,11.97,12108.0,2
2024-03-16,2365,Croissant_34,Bakery,12.77,24.74,0.0,28.280000686645508,0.0,0.0,10102.0,2
2024-03-17,2365,Croissant_34,Bakery,20.13,17.65,0.0,28.280000686645508,0.0,2.48,10186.0,2
2024-03-18,2365,Croissant_34,Bakery,25.48,26.43,0.0,28.280000686645508,0.0,1.53,10282.0,2
2024-03-19,2365,Croissant_34,Bakery,25.29,14.22,0.0,28.280000686645508,0.0,12.6,9794.0,2
2024-03-20,2365,Croissant_34,Bakery,26.99,17.67,0.0,28.280000686645508,0.0,21.92,10111.0,2
2024-03-21,2365,Croissant_34,Bakery,0.0,13.93,0.0,28.280000686645508,0.0,7.99,11034.0,2
2024-03-22,2365,Croissant_34,Bakery,70.76,70.76,7.99,28.280000686645508,0.0,0.0,11672.0,2
2024-03-23,2365,Croissant_34,Bakery,50.48,24.72,0.0,28.280000686645508,0.0,25.76,10153.0,2
2024-03-24,2365,Croissant_34,Bakery,17.63,15.72,0.0,28.280000686645508,0.0,27.67,10824.0,2
2024-03-25,2365,Croissant_34,Bakery,34.74,10.53,10.04,28.280000686645508,0.0,41.84,10530.0,2
2024-03-26,2365,Croissant_34,Bakery,6.5,15.71,7.1,28.280000686645508,0.0,25.53,10879.0,2
2024-03-27,2365,Croissant_34,Bakery,38.05,3.42,19.03,28.280000686645508,0.0,41.14,12451.0,2
2024-03-28,2365,Croissant_34,Bakery,16.38,54.43,3.08,28.280000686645508,0.0,0.0,12938.0,2
2024-03-29,2365,Croissant_34,Bakery,102.76,10.61,0.0,28.280000686645508,0.0,92.15,10045.0,2
2024-03-30,2365,Croissant_34,Bakery,0.0,5.49,0.0,28.280000686645508,0.0,86.66,8440.0,2
2024-03-31,2365,Croissant_34,Bakery,37.91,5.36,86.66,28.280000686645508,0.0,32.55,9558.0,2
2024-04-01,2365,Croissant_34,Bakery,0.83,5.33,0.0,28.280000686645508,0.0,28.05,9826.0,2
2024-04-02,2365,Croissant_34,Bakery,38.14,17.62,27.22,28.280000686645508,0.0,21.36,10261.0,2
2024-04-03,2365,Croissant_34,Bakery,5.38,7.09,0.0,28.280000686645508,0.0,19.65,9938.0,2
2024-04-04,2365,Croissant_34,Bakery,71.95,10.42,14.27,28.280000686645508,0.0,66.91,11179.0,2
2024-04-05,2365,Croissant_34,Bakery,0.0,18.86,0.0,28.280000686645508,0.0,48.05,12214.0,2
2024-04-06,2365,Croissant_34,Bakery,21.37,21.37,48.05,28.280000686645508,0.0,0.0,9690.0,2
2024-04-07,2365,Croissant_34,Bakery,14.12,0.0,0.0,28.280000686645508,0.0,14.12,9684.0,2
2024-04-08,2365,Croissant_34,Bakery,8.84,22.96,0.0,28.280000686645508,0.0,0.0,10147.0,2
2024-04-09,2365,Croissant_34,Bakery,28.43,3.53,0.0,28.280000686645508,0.0,24.9,10198.0,2
2024-04-10,2365,Croissant_34,Bakery,11.81,36.71,0.0,28.280000686645508,0.0,0.0,10762.0,2
2024-04-11,2365,Croissant_34,Bakery,26.58,17.42,0.0,28.280000686645508,0.0,9.16,11005.0,2
2024-04-12,2365,Croissant_34,Bakery,25.52,17.19,0.0,28.280000686645508,0.0,17.49,12008.0,2
2024-04-13,2365,Croissant_34,Bakery,19.67,1.78,0.0,28.280000686645508,0.0,35.39,9772.0,2
2024-04-14,2365,Croissant_34,Bakery,0.0,19.46,15.71,28.280000686645508,0.0,0.21,10033.0,2
2024-04-15,2365,Croissant_34,Bakery,71.63,71.63,0.21,28.280000686645508,0.16735999286174774,0.0,10806.0,2
2024-04-16,2365,Croissant_34,Bakery,59.79,59.79,0.0,28.280000686645508,0.16735999286174774,0.0,10398.0,2
2024-04-17,2365,Croissant_34,Bakery,69.21,61.79,0.0,28.280000686645508,0.16735999286174774,7.42,10170.0,2
2024-04-18,2365,Croissant_34,Bakery,45.61,50.34,0.0,28.280000686645508,0.16735999286174774,2.69,11244.0,2
2024-04-19,2365,Croissant_34,Bakery,49.07,47.67,0.0,28.280000686645508,0.16735999286174774,4.09,12858.0,2
2024-04-20,2365,Croissant_34,Bakery,76.45,80.54,0.0,28.280000686645508,0.16735999286174774,0.0,10666.0,2
2024-04-21,2365,Croissant_34,Bakery,56.35,56.35,0.0,28.280000686645508,0.16735999286174774,0.0,10309.0,2
2024-04-22,2365,Croissant_34,Bakery,86.5,10.54,0.0,28.280000686645508,0.0,75.96,10488.0,2
2024-04-23,2365,Croissant_34,Bakery,11.13,10.59,0.0,28.280000686645508,0.0,76.5,10195.0,2
2024-04-24,2365,Croissant_34,Bakery,84.04,47.59,65.37,28.280000686645508,0.0,47.58,10255.0,2
2024-04-25,2365,Croissant_34,Bakery,34.92,22.57,0.0,28.280000686645508,0.0,59.93,11238.0,2
2024-04-26,2365,Croissant_34,Bakery,46.05,17.19,25.01,28.280000686645508,0.0,63.78,11988.0,2
2024-04-27,2365,Croissant_34,Bakery,68.97,14.38,17.73,28.280000686645508,0.0,100.64,9223.0,2
2024-04-28,2365,Croissant_34,Bakery,11.25,17.66,31.67,28.280000686645508,0.0,62.56,10142.0,2
2024-04-29,2365,Croissant_34,Bakery,35.78,47.03,51.31,28.280000686645508,0.0,0.0,11011.0,2
2024-04-30,2365,Croissant_34,Bakery,30.39,15.65,0.0,28.280000686645508,0.0,14.74,11142.0,2
2024-05-01,2365,Croissant_34,Bakery,51.76,3.55,0.0,28.280000686645508,0.0,62.95,9874.0,2
2024-05-02,2365,Croissant_34,Bakery,0.0,1.75,11.19,28.280000686645508,0.0,50.01,10795.0,2
2024-05-03,2365,Croissant_34,Bakery,36.2,15.49,50.01,28.280000686645508,0.0,20.71,11872.0,2
2024-05-04,2365,Croissant_34,Bakery,12.69,16.0,0.0,28.280000686645508,0.0,17.4,9787.0,2
2024-05-05,2365,Croissant_34,Bakery,23.96,10.62,4.71,28.280000686645508,0.0,26.03,10036.0,2
2024-03-01,2366,Chicken_92,Meat and fish,49.21,49.21,0.0,199.8300018310547,0.0,0.0,11812.0,4
2024-03-02,2366,Chicken_92,Meat and fish,49.21,28.8,0.0,199.8300018310547,0.0,20.41,10054.0,4
2024-03-03,2366,Chicken_92,Meat and fish,47.27,38.13,0.0,199.8300018310547,0.0,29.55,9613.0,4
2024-03-04,2366,Chicken_92,Meat and fish,32.74,39.25,0.0,199.8300018310547,0.0,23.04,9834.0,4
2024-03-05,2366,Chicken_92,Meat and fish,36.86,19.41,0.0,199.8300018310547,0.08196999877691269,40.48,9746.0,4
2024-03-06,2366,Chicken_92,Meat and fish,23.2,22.19,0.0,199.8300018310547,0.00418000016361475,41.49,9774.0,4
2024-03-07,2366,Chicken_92,Meat and fish,22.28,29.71,0.0,199.8300018310547,0.15217000246047974,34.06,11142.0,4
2024-03-08,2366,Chicken_92,Meat and fish,28.53,57.31,0.0,199.8300018310547,0.15217000246047974,5.28,11864.0,4
2024-03-09,2366,Chicken_92,Meat and fish,39.92,30.94,0.0,199.8300018310547,0.0,14.25,10078.0,4
2024-03-10,2366,Chicken_92,Meat and fish,40.13,30.38,0.0,199.8300018310547,0.0,24.01,10124.0,4
2024-03-11,2366,Chicken_92,Meat and fish,31.37,28.71,0.0,199.8300018310547,0.0,26.67,10122.0,4
2024-03-12,2366,Chicken_92,Meat and fish,8.51,15.74,0.0,199.8300018310547,0.04320000112056732,19.44,10267.0,4
2024-03-13,2366,Chicken_92,Meat and fish,26.49,45.93,0.0,199.8300018310547,0.0,0.0,10214.0,4
2024-03-14,2366,Chicken_92,Meat and fish,47.99,47.99,0.0,155.41000366210938,0.0,0.0,11286.0,4
2024-03-15,2366,Chicken_92,Meat and fish,75.52,54.95,0.0,155.41000366210938,0.0,20.57,12108.0,4
2024-03-16,2366,Chicken_92,Meat and fish,27.87,31.94,0.0,155.41000366210938,0.0,16.5,10102.0,4
2024-03-17,2366,Chicken_92,Meat and fish,34.59,51.09,0.0,155.41000366210938,0.0,0.0,10186.0,4
2024-03-18,2366,Chicken_92,Meat and fish,47.0,26.78,0.0,155.41000366210938,0.0,20.22,10282.0,4
2024-03-19,2366,Chicken_92,Meat and fish,18.52,38.74,0.0,155.41000366210938,0.0,0.0,9794.0,4
2024-03-20,2366,Chicken_92,Meat and fish,59.19,30.94,0.0,155.41000366210938,0.0,28.25,10111.0,4
2024-03-21,2366,Chicken_92,Meat and fish,33.89,45.06,0.0,155.41000366210938,0.0,17.08,11034.0,4
2024-03-22,2366,Chicken_92,Meat and fish,51.65,42.32,0.0,155.41000366210938,0.0,26.41,11672.0,4
2024-03-23,2366,Chicken_92,Meat and fish,25.89,52.3,0.0,155.41000366210938,0.0,0.0,10153.0,4
2024-03-24,2366,Chicken_92,Meat and fish,63.41,48.59,0.0,155.41000366210938,0.0,14.82,10824.0,4
2024-03-25,2366,Chicken_92,Meat and fish,23.77,24.99,0.0,155.41000366210938,0.0,13.61,10530.0,4
2024-03-26,2366,Chicken_92,Meat and fish,37.54,49.14,0.0,155.41000366210938,0.031029999256134033,2.01,10879.0,4
2024-03-27,2366,Chicken_92,Meat and fish,63.9,65.91,0.0,155.41000366210938,0.0,0.0,12451.0,4
2024-03-28,2366,Chicken_92,Meat and fish,63.0,63.0,0.0,155.41000366210938,0.0,0.0,12938.0,4
2024-03-29,2366,Chicken_92,Meat and fish,59.75,44.16,0.0,155.41000366210938,0.0,15.59,10045.0,4
2024-03-30,2366,Chicken_92,Meat and fish,53.96,50.13,0.0,155.41000366210938,0.0,19.42,8440.0,4
2024-03-31,2366,Chicken_92,Meat and fish,46.36,23.39,0.0,155.41000366210938,0.0,42.39,9558.0,4
2024-04-01,2366,Chicken_92,Meat and fish,12.8,55.19,0.0,155.41000366210938,0.0,0.0,9826.0,4
2024-04-02,2366,Chicken_92,Meat and fish,67.18,25.94,0.0,155.41000366210938,0.1133200004696846,41.24,10261.0,4
2024-04-03,2366,Chicken_92,Meat and fish,46.21,39.31,0.0,155.41000366210938,0.40007999539375305,48.14,9938.0,4
2024-04-04,2366,Chicken_92,Meat and fish,33.63,41.6,0.0,155.41000366210938,0.40007999539375305,40.17,11179.0,4
2024-04-05,2366,Chicken_92,Meat and fish,29.42,69.59,0.0,155.41000366210938,0.40007999539375305,0.0,12214.0,4
2024-04-06,2366,Chicken_92,Meat and fish,71.0,69.78,0.0,155.41000366210938,0.0,1.22,9690.0,4
2024-04-07,2366,Chicken_92,Meat and fish,46.58,46.7,0.0,155.41000366210938,0.0,1.11,9684.0,4
2024-04-08,2366,Chicken_92,Meat and fish,74.83,34.21,0.0,155.39999389648438,0.0,41.73,10147.0,4
2024-04-09,2366,Chicken_92,Meat and fish,5.91,44.83,0.0,155.41000366210938,0.0,2.81,10198.0,4
2024-04-10,2366,Chicken_92,Meat and fish,54.94,50.26,0.0,155.41000366210938,0.012040000408887863,7.48,10762.0,4
2024-04-11,2366,Chicken_92,Meat and fish,51.65,48.82,0.0,155.41000366210938,0.0,10.31,11005.0,4
2024-04-12,2366,Chicken_92,Meat and fish,76.09,52.25,0.0,155.41000366210938,0.0,34.15,12008.0,4
2024-04-13,2366,Chicken_92,Meat and fish,49.29,56.24,0.0,155.41000366210938,0.0,27.2,9772.0,4
2024-04-14,2366,Chicken_92,Meat and fish,28.7,55.9,0.0,155.41000366210938,0.0,0.0,10033.0,4
2024-04-15,2366,Chicken_92,Meat and fish,43.96,31.87,0.0,155.41000366210938,0.0,12.09,10806.0,4
2024-04-16,2366,Chicken_92,Meat and fish,43.47,38.35,0.0,155.41000366210938,0.09837999939918518,17.21,10398.0,4
2024-04-17,2366,Chicken_92,Meat and fish,44.81,34.58,0.0,155.41000366210938,0.0572500005364418,27.44,10170.0,4
2024-04-18,2366,Chicken_92,Meat and fish,34.56,45.34,0.0,155.41000366210938,0.19997000694274902,16.66,11244.0,4
2024-04-19,2366,Chicken_92,Meat and fish,48.63,46.61,0.0,155.41000366210938,0.19997000694274902,18.68,12858.0,4
2024-04-20,2366,Chicken_92,Meat and fish,50.01,39.55,0.0,155.41000366210938,0.0,29.14,10666.0,4
2024-04-21,2366,Chicken_92,Meat and fish,37.24,28.51,0.0,155.41000366210938,0.0,37.87,10309.0,4
2024-04-22,2366,Chicken_92,Meat and fish,2.58,31.96,0.0,155.41000366210938,0.07726000249385834,8.49,10488.0,4
2024-04-23,2366,Chicken_92,Meat and fish,38.42,45.7,0.0,155.41000366210938,0.01769999973475933,1.21,10195.0,4
2024-04-24,2366,Chicken_92,Meat and fish,42.75,33.82,0.0,155.41000366210938,0.1525699943304062,10.14,10255.0,4
2024-04-25,2366,Chicken_92,Meat and fish,46.35,56.49,0.0,155.41000366210938,0.1525699943304062,0.0,11238.0,4
2024-04-26,2366,Chicken_92,Meat and fish,68.82,68.82,0.0,155.41000366210938,0.0,0.0,11988.0,4
2024-04-27,2366,Chicken_92,Meat and fish,58.26,33.3,0.0,155.41000366210938,0.0,24.96,9223.0,4
2024-04-28,2366,Chicken_92,Meat and fish,22.86,32.03,0.0,155.41000366210938,0.0,15.79,10142.0,4
2024-04-29,2366,Chicken_92,Meat and fish,34.84,35.95,0.0,155.41000366210938,0.0,14.68,11011.0,4
2024-04-30,2366,Chicken_92,Meat and fish,49.13,30.79,0.0,155.41000366210938,0.0,33.02,11142.0,4
2024-05-01,2366,Chicken_92,Meat and fish,19.88,30.74,0.0,155.41000366210938,0.0,22.15,9874.0,4
2024-05-02,2366,Chicken_92,Meat and fish,53.81,41.87,0.0,155.41000366210938,0.0,34.09,10795.0,4
2024-05-03,2366,Chicken_92,Meat and fish,52.24,55.69,0.0,155.41000366210938,0.0,30.64,11872.0,4
2024-05-04,2366,Chicken_92,Meat and fish,26.54,57.18,0.0,155.41000366210938,0.04707000032067299,0.0,9787.0,4
2024-05-05,2366,Chicken_92,Meat and fish,46.74,42.55,0.0,155.41000366210938,0.07925999909639359,4.19,10036.0,4
2024-03-01,2368,Bread_203,Bakery,35.22,35.22,0.0,89.44000244140625,0.15000000596046448,0.0,12026.0,2
2024-03-02,2368,Bread_203,Bakery,46.56,46.56,0.0,89.44000244140625,0.15000000596046448,0.0,10750.0,2
2024-03-03,2368,Bread_203,Bakery,49.44,49.44,0.0,89.44000244140625,0.15000000596046448,0.0,10158.0,2
2024-03-04,2368,Bread_203,Bakery,44.84,35.54,0.0,89.44000244140625,0.15000000596046448,9.3,9802.0,2
2024-03-05,2368,Bread_203,Bakery,35.37,37.28,0.0,89.44000244140625,0.15000000596046448,7.39,9606.0,2
2024-03-06,2368,Bread_203,Bakery,36.39,39.69,0.0,89.44000244140625,0.15000000596046448,4.09,9558.0,2
2024-03-07,2368,Bread_203,Bakery,38.81,23.0,0.0,89.44000244140625,0.15000000596046448,19.9,10034.0,2
2024-03-08,2368,Bread_203,Bakery,39.61,59.51,0.0,89.44000244140625,0.15000000596046448,0.0,12292.0,2
2024-03-09,2368,Bread_203,Bakery,61.45,45.97,0.0,89.44000244140625,0.15000000596046448,15.48,10656.0,2
2024-03-10,2368,Bread_203,Bakery,48.8,50.89,0.0,89.44000244140625,0.15000000596046448,13.39,10524.0,2
2024-03-11,2368,Bread_203,Bakery,37.22,33.56,0.0,89.44000244140625,0.15000000596046448,17.04,10134.0,2
2024-03-12,2368,Bread_203,Bakery,35.55,30.09,0.0,89.44000244140625,0.15000000596046448,22.5,10012.0,2
2024-03-13,2368,Bread_203,Bakery,33.4,36.49,0.0,89.44000244140625,0.15000000596046448,19.41,9924.0,2
2024-03-14,2368,Bread_203,Bakery,19.91,38.73,0.0,89.44000244140625,0.15000000596046448,0.59,10324.0,2
2024-03-15,2368,Bread_203,Bakery,72.29,54.36,0.0,89.44000244140625,0.15000000596046448,18.53,12304.0,2
2024-03-16,2368,Bread_203,Bakery,39.12,49.96,0.0,89.44000244140625,0.15000000596046448,7.69,10926.0,2
2024-03-17,2368,Bread_203,Bakery,55.45,38.52,0.0,89.44000244140625,0.15000000596046448,24.62,10662.0,2
2024-03-18,2368,Bread_203,Bakery,20.16,22.9,0.0,89.44000244140625,0.15000000596046448,21.88,10286.0,2
2024-03-19,2368,Bread_203,Bakery,23.76,36.44,1.72,89.44000244140625,0.15000000596046448,7.48,9634.0,2
2024-03-20,2368,Bread_203,Bakery,42.08,26.63,0.0,89.44000244140625,0.15000000596046448,22.93,9842.0,2
2024-03-21,2368,Bread_203,Bakery,30.31,36.9,0.0,89.44000244140625,0.09969999641180038,16.34,10076.0,2
2024-03-22,2368,Bread_203,Bakery,52.54,54.51,0.0,89.44000244140625,0.15006999671459198,14.37,12078.0,2
2024-03-23,2368,Bread_203,Bakery,50.16,55.32,0.0,89.44000244140625,0.15006999671459198,9.2,10782.0,2
2024-03-24,2368,Bread_203,Bakery,47.76,56.96,0.0,89.44000244140625,0.15006999671459198,0.0,10920.0,2
2024-03-25,2368,Bread_203,Bakery,54.2,54.2,0.0,89.44000244140625,0.15006999671459198,0.0,10111.0,2
2024-03-26,2368,Bread_203,Bakery,52.08,43.85,0.0,89.44000244140625,0.15006999671459198,8.23,9932.0,2
2024-03-27,2368,Bread_203,Bakery,38.66,46.89,0.0,89.44000244140625,0.15006999671459198,0.0,10540.0,2
2024-03-28,2368,Bread_203,Bakery,46.44,41.26,0.0,89.44000244140625,0.15006999671459198,5.18,13846.0,2
2024-03-29,2368,Bread_203,Bakery,57.38,61.32,0.0,89.44000244140625,0.15006999671459198,1.24,12157.0,2
2024-03-30,2368,Bread_203,Bakery,63.61,59.31,0.0,89.44000244140625,0.15006999671459198,5.54,8768.0,2
2024-03-31,2368,Bread_203,Bakery,61.57,53.75,0.0,89.44000244140625,0.025049999356269836,13.36,9390.0,2
2024-04-01,2368,Bread_203,Bakery,50.67,0.0,0.0,89.44000244140625,0.0,64.04,10206.0,2
2024-04-02,2368,Bread_203,Bakery,19.72,41.32,13.36,89.44000244140625,0.0,29.08,10356.0,2
2024-04-03,2368,Bread_203,Bakery,53.74,23.24,9.35,89.44000244140625,0.0,50.22,9502.0,2
2024-04-04,2368,Bread_203,Bakery,19.18,31.84,0.0,89.44000244140625,0.0,37.56,10040.0,2
2024-04-05,2368,Bread_203,Bakery,70.54,39.42,18.38,89.44000244140625,0.0,50.3,12248.0,2
2024-04-06,2368,Bread_203,Bakery,34.47,38.58,0.0,89.44000244140625,0.0,46.19,10560.0,2
2024-04-07,2368,Bread_203,Bakery,41.18,35.16,11.72,89.44000244140625,0.0,40.49,10420.0,2
2024-04-08,2368,Bread_203,Bakery,0.0,30.07,0.0,89.44000244140625,0.15006999671459198,10.42,10060.0,2
2024-04-09,2368,Bread_203,Bakery,49.43,40.62,10.42,89.44000244140625,0.10960999876260757,8.81,9823.0,2
2024-04-10,2368,Bread_203,Bakery,28.44,37.25,0.0,89.44000244140625,0.15006999671459198,0.0,10304.0,2
2024-04-11,2368,Bread_203,Bakery,36.91,28.17,0.0,89.44000244140625,0.15006999671459198,8.74,10316.0,2
2024-04-12,2368,Bread_203,Bakery,36.8,36.03,0.0,89.44000244140625,0.15006999671459198,9.51,12158.0,2
2024-04-13,2368,Bread_203,Bakery,42.08,51.59,0.0,89.44000244140625,0.15006999671459198,0.0,10585.0,2
2024-04-14,2368,Bread_203,Bakery,45.02,35.07,0.0,89.44000244140625,0.15006999671459198,9.95,10578.0,2
2024-04-15,2368,Bread_203,Bakery,29.98,38.68,0.0,89.44000244140625,0.15006999671459198,1.26,10416.0,2
2024-04-16,2368,Bread_203,Bakery,48.43,39.54,0.0,89.44000244140625,0.15006999671459198,10.15,10322.0,2
2024-04-17,2368,Bread_203,Bakery,36.11,19.46,0.0,89.44000244140625,0.15006999671459198,26.8,10042.0,2
2024-04-18,2368,Bread_203,Bakery,14.14,36.98,0.0,89.44000244140625,0.15006999671459198,3.96,10182.0,2
2024-04-19,2368,Bread_203,Bakery,55.16,59.12,0.0,89.44000244140625,0.15006999671459198,0.0,12894.0,2
2024-04-20,2368,Bread_203,Bakery,67.76,47.44,0.0,89.44000244140625,0.15006999671459198,20.32,11854.0,2
2024-04-21,2368,Bread_203,Bakery,30.22,17.53,0.0,89.44000244140625,0.15006999671459198,33.01,10578.0,2
2024-04-22,2368,Bread_203,Bakery,27.26,40.38,2.79,89.44000244140625,0.15006999671459198,17.1,10500.0,2
2024-04-23,2368,Bread_203,Bakery,41.3,41.2,0.0,89.44000244140625,0.15006999671459198,17.2,9974.0,2
2024-04-24,2368,Bread_203,Bakery,21.19,35.62,0.0,89.44000244140625,0.15006999671459198,2.77,10096.0,2
2024-04-25,2368,Bread_203,Bakery,50.36,26.5,0.0,89.44000244140625,0.15006999671459198,26.63,10130.0,2
2024-04-26,2368,Bread_203,Bakery,49.88,57.81,0.0,89.44000244140625,0.15006999671459198,18.7,12265.0,2
2024-04-27,2368,Bread_203,Bakery,45.71,55.36,0.0,89.44000244140625,0.15006999671459198,9.05,10339.0,2
2024-04-28,2368,Bread_203,Bakery,47.7,56.75,0.0,89.44000244140625,0.15006999671459198,0.0,10120.0,2
2024-04-29,2368,Bread_203,Bakery,57.46,57.46,0.0,89.44000244140625,0.15006999671459198,0.0,10345.0,2
2024-04-30,2368,Bread_203,Bakery,57.51,49.51,0.0,89.44000244140625,0.15006999671459198,8.0,11167.0,2
2024-05-01,2368,Bread_203,Bakery,43.58,50.27,0.0,89.44000244140625,0.15006999671459198,1.31,10620.0,2
2024-05-02,2368,Bread_203,Bakery,39.42,24.97,0.0,89.44000244140625,0.15006999671459198,15.76,9613.0,2
2024-05-03,2368,Bread_203,Bakery,56.99,59.7,0.0,89.44000244140625,0.15006999671459198,13.05,12020.0,2
2024-05-04,2368,Bread_203,Bakery,57.53,39.13,0.0,89.44000244140625,0.15006999671459198,31.45,10495.0,2
2024-05-05,2368,Bread_203,Bakery,41.14,51.15,0.0,89.44000244140625,0.15006999671459198,21.44,10224.0,2
2024-03-01,2385,Celery_16,Fruit and vegetable,70.64,70.64,0.0,71.87000274658203,0.0,0.0,11812.0,3
2024-03-02,2385,Celery_16,Fruit and vegetable,70.64,37.15,0.0,71.87000274658203,0.0,33.49,10054.0,3
2024-03-03,2385,Celery_16,Fruit and vegetable,67.46,42.8,0.0,71.87000274658203,0.0,58.15,9613.0,3
2024-03-04,2385,Celery_16,Fruit and vegetable,35.44,33.74,0.0,71.87000274658203,0.0,59.85,9834.0,3
2024-03-05,2385,Celery_16,Fruit and vegetable,32.29,32.02,0.0,71.87000274658203,0.0,60.11,9746.0,3
2024-03-06,2385,Celery_16,Fruit and vegetable,30.81,39.12,0.0,71.87000274658203,0.0,51.8,9774.0,3
2024-03-07,2385,Celery_16,Fruit and vegetable,37.11,50.42,0.0,71.87000274658203,0.0,38.49,11142.0,3
2024-03-08,2385,Celery_16,Fruit and vegetable,49.25,61.98,0.0,71.87000274658203,0.0,25.76,11864.0,3
2024-03-09,2385,Celery_16,Fruit and vegetable,43.19,68.95,0.0,71.87000274658203,0.0,0.0,10078.0,3
2024-03-10,2385,Celery_16,Fruit and vegetable,72.43,72.43,0.0,71.87000274658203,0.0,0.0,10124.0,3
2024-03-11,2385,Celery_16,Fruit and vegetable,61.47,61.47,0.0,71.87000274658203,0.0,0.0,10122.0,3
2024-03-12,2385,Celery_16,Fruit and vegetable,51.5,36.58,0.0,71.87000274658203,0.0,14.92,10267.0,3
2024-03-13,2385,Celery_16,Fruit and vegetable,48.58,63.5,0.0,71.87000274658203,0.0,0.0,10214.0,3
2024-03-14,2385,Celery_16,Fruit and vegetable,66.01,36.43,0.0,71.87000274658203,0.0,29.58,11286.0,3
2024-03-15,2385,Celery_16,Fruit and vegetable,51.29,44.63,0.0,71.87000274658203,0.0,36.24,12108.0,3
2024-03-16,2385,Celery_16,Fruit and vegetable,52.29,54.79,0.0,71.87000274658203,0.0,33.74,10102.0,3
2024-03-17,2385,Celery_16,Fruit and vegetable,56.62,37.06,0.0,71.87000274658203,0.0,53.3,10186.0,3
2024-03-18,2385,Celery_16,Fruit and vegetable,23.52,51.09,0.0,71.87000274658203,0.0,25.73,10282.0,3
2024-03-19,2385,Celery_16,Fruit and vegetable,24.39,31.99,0.0,71.87000274658203,0.0,18.13,9794.0,3
2024-03-20,2385,Celery_16,Fruit and vegetable,59.95,37.11,0.0,71.87000274658203,0.0,40.97,10111.0,3
2024-03-21,2385,Celery_16,Fruit and vegetable,6.33,45.27,0.0,71.87000274658203,0.0,2.03,11034.0,3
2024-03-22,2385,Celery_16,Fruit and vegetable,53.1,41.42,0.0,71.87000274658203,0.0,13.7,11672.0,3
2024-03-23,2385,Celery_16,Fruit and vegetable,51.57,31.78,0.0,71.87000274658203,0.0,33.49,10153.0,3
2024-03-24,2385,Celery_16,Fruit and vegetable,13.67,47.16,0.0,71.87000274658203,0.0,0.0,10824.0,3
2024-03-25,2385,Celery_16,Fruit and vegetable,60.72,31.58,0.0,71.87000274658203,0.0,29.14,10530.0,3
2024-03-26,2385,Celery_16,Fruit and vegetable,11.37,20.21,0.0,71.87000274658203,0.0,20.29,10879.0,3
2024-03-27,2385,Celery_16,Fruit and vegetable,28.81,35.91,0.0,71.87000274658203,0.0,13.19,12451.0,3
2024-03-28,2385,Celery_16,Fruit and vegetable,61.65,74.84,0.0,71.87000274658203,0.0,0.0,12938.0,3
2024-03-29,2385,Celery_16,Fruit and vegetable,63.67,56.61,0.0,71.87000274658203,0.0,7.06,10045.0,3
2024-03-30,2385,Celery_16,Fruit and vegetable,48.33,36.63,0.0,71.87000274658203,0.0,18.76,8440.0,3
2024-03-31,2385,Celery_16,Fruit and vegetable,51.52,33.93,0.0,71.87000274658203,0.0,36.34,9558.0,3
2024-04-01,2385,Celery_16,Fruit and vegetable,40.04,76.38,0.0,71.87000274658203,0.0,0.0,9826.0,3
2024-04-02,2385,Celery_16,Fruit and vegetable,48.08,36.02,0.0,71.87000274658203,0.0,12.06,10261.0,3
2024-04-03,2385,Celery_16,Fruit and vegetable,48.29,46.08,0.0,71.87000274658203,0.0,14.27,9938.0,3
2024-04-04,2385,Celery_16,Fruit and vegetable,83.87,48.65,0.0,71.87000274658203,0.0,49.49,11179.0,3
2024-04-05,2385,Celery_16,Fruit and vegetable,26.35,54.86,0.0,71.87000274658203,0.0,20.98,12214.0,3
2024-04-06,2385,Celery_16,Fruit and vegetable,34.68,46.3,0.0,71.87000274658203,0.0,9.36,9690.0,3
2024-04-07,2385,Celery_16,Fruit and vegetable,51.2,60.56,0.0,71.87000274658203,0.0,0.0,9684.0,3
2024-04-08,2385,Celery_16,Fruit and vegetable,92.96,63.57,0.0,71.87000274658203,0.0,29.39,10147.0,3
2024-04-09,2385,Celery_16,Fruit and vegetable,25.31,54.7,0.0,71.87000274658203,0.0,0.0,10198.0,3
2024-04-10,2385,Celery_16,Fruit and vegetable,54.9,22.73,0.0,71.87000274658203,0.0,32.17,10762.0,3
2024-04-11,2385,Celery_16,Fruit and vegetable,33.81,36.58,0.0,71.87000274658203,0.0,29.4,11005.0,3
2024-04-12,2385,Celery_16,Fruit and vegetable,44.02,32.65,0.0,71.87000274658203,0.0,40.78,12008.0,3
2024-04-13,2385,Celery_16,Fruit and vegetable,76.57,117.35,0.0,71.87000274658203,0.0,0.0,9772.0,3
2024-04-14,2385,Celery_16,Fruit and vegetable,100.6,74.32,0.0,71.87000274658203,0.0,26.28,10033.0,3
2024-04-15,2385,Celery_16,Fruit and vegetable,78.35,73.38,0.0,71.87000274658203,0.0,31.25,10806.0,3
2024-04-16,2385,Celery_16,Fruit and vegetable,65.18,54.51,0.0,71.87000274658203,0.0,41.92,10398.0,3
2024-04-17,2385,Celery_16,Fruit and vegetable,22.55,49.43,0.0,71.87000274658203,0.0,15.03,10170.0,3
2024-04-18,2385,Celery_16,Fruit and vegetable,58.73,36.46,0.0,71.87000274658203,0.0,37.31,11244.0,3
2024-04-19,2385,Celery_16,Fruit and vegetable,32.55,66.39,0.0,71.87000274658203,0.0,3.47,12858.0,3
2024-04-20,2385,Celery_16,Fruit and vegetable,147.04,78.79,0.0,71.87000274658203,0.0,71.72,10666.0,3
2024-04-21,2385,Celery_16,Fruit and vegetable,22.49,65.16,0.0,71.87000274658203,0.0,29.05,10309.0,3
2024-04-22,2385,Celery_16,Fruit and vegetable,63.12,35.12,0.0,71.87000274658203,0.0,57.05,10488.0,3
2024-04-23,2385,Celery_16,Fruit and vegetable,18.16,26.47,0.0,71.87000274658203,0.0,48.74,10195.0,3
2024-04-24,2385,Celery_16,Fruit and vegetable,25.63,49.35,0.0,71.87000274658203,0.0,25.02,10255.0,3
2024-04-25,2385,Celery_16,Fruit and vegetable,36.38,59.03,0.0,71.87000274658203,0.0,2.37,11238.0,3
2024-04-26,2385,Celery_16,Fruit and vegetable,87.7,53.17,0.0,71.87000274658203,0.0,36.9,11988.0,3
2024-04-28,2385,Celery_16,Fruit and vegetable,64.57,56.85,0.0,71.87000274658203,0.0,44.62,10142.0,3
2024-04-29,2385,Celery_16,Fruit and vegetable,38.19,45.28,0.0,71.87000274658203,0.0,37.53,11011.0,3
2024-04-30,2385,Celery_16,Fruit and vegetable,12.82,48.3,0.0,71.87000274658203,0.0,2.05,11142.0,3
2024-05-01,2385,Celery_16,Fruit and vegetable,44.09,46.14,0.0,71.87000274658203,0.0,0.0,9874.0,3
2024-05-02,2385,Celery_16,Fruit and vegetable,56.15,50.67,0.0,71.87000274658203,0.0,5.48,10795.0,3
2024-05-03,2385,Celery_16,Fruit and vegetable,82.32,87.8,0.0,71.87000274658203,0.0,0.0,11872.0,3
2024-05-04,2385,Celery_16,Fruit and vegetable,78.21,78.21,0.0,71.87000274658203,0.0,0.0,9787.0,3
2024-05-05,2385,Celery_16,Fruit and vegetable,78.65,30.63,0.0,71.87000274658203,0.0,48.02,10036.0,3
2024-03-01,2392,Roll_56,Bakery,2893.28,2893.28,0.0,7.079999923706055,0.15000000596046448,0.0,12026.0,2
2024-03-02,2392,Roll_56,Bakery,2893.28,2662.22,0.0,7.079999923706055,0.15000000596046448,231.06,10750.0,2
2024-03-03,2392,Roll_56,Bakery,2871.35,1968.74,0.0,7.079999923706055,0.15000000596046448,1133.67,10158.0,2
2024-03-04,2392,Roll_56,Bakery,2375.49,2182.17,0.0,7.079999923706055,0.15000000596046448,1326.99,9802.0,2
2024-03-05,2392,Roll_56,Bakery,2110.7,2046.07,0.0,7.079999923706055,0.15000000596046448,1391.62,9606.0,2
2024-03-06,2392,Roll_56,Bakery,2021.02,1844.46,0.0,7.079999923706055,0.15000000596046448,1568.18,9558.0,2
2024-03-07,2392,Roll_56,Bakery,1859.62,2142.28,0.0,7.079999923706055,0.15000000596046448,1285.52,10034.0,2
2024-03-08,2392,Roll_56,Bakery,2099.37,2618.94,0.0,7.079999923706055,0.15000000596046448,765.96,12292.0,2
2024-03-09,2392,Roll_56,Bakery,2299.61,2549.73,0.0,7.079999923706055,0.15000000596046448,515.84,10656.0,2
2024-03-10,2392,Roll_56,Bakery,1824.15,2082.83,0.0,7.079999923706055,0.15000000596046448,257.16,10524.0,2
2024-03-11,2392,Roll_56,Bakery,2281.22,2025.81,0.0,7.079999923706055,0.15000000596046448,512.57,10134.0,2
2024-03-12,2392,Roll_56,Bakery,1900.84,1941.86,0.0,7.079999923706055,0.15000000596046448,471.55,10012.0,2
2024-03-13,2392,Roll_56,Bakery,1754.37,2024.04,0.0,7.079999923706055,0.15000000596046448,201.88,9924.0,2
2024-03-14,2392,Roll_56,Bakery,2288.12,2038.07,0.0,7.079999923706055,0.15000000596046448,451.93,10324.0,2
2024-03-15,2392,Roll_56,Bakery,2522.84,2620.01,0.0,7.079999923706055,0.15000000596046448,354.77,12304.0,2
2024-03-16,2392,Roll_56,Bakery,2551.16,2871.75,0.0,7.079999923706055,0.15000000596046448,34.18,10926.0,2
2024-03-17,2392,Roll_56,Bakery,2512.99,2330.93,0.0,7.079999923706055,0.15000000596046448,216.24,10662.0,2
2024-03-18,2392,Roll_56,Bakery,2268.03,1995.9,0.0,7.079999923706055,0.15000000596046448,488.37,10286.0,2
2024-03-19,2392,Roll_56,Bakery,1916.41,1936.07,0.0,7.079999923706055,0.15000000596046448,468.71,9634.0,2
2024-03-20,2392,Roll_56,Bakery,2019.35,2199.85,0.0,7.079999923706055,0.15000000596046448,288.2,9842.0,2
2024-03-21,2392,Roll_56,Bakery,2197.0,2019.09,0.0,7.079999923706055,0.15000000596046448,466.12,10076.0,2
2024-03-22,2392,Roll_56,Bakery,2603.97,2791.95,0.0,7.079999923706055,0.15000000596046448,278.14,12078.0,2
2024-03-23,2392,Roll_56,Bakery,3084.77,2682.83,0.0,7.079999923706055,0.15000000596046448,680.08,10782.0,2
2024-03-24,2392,Roll_56,Bakery,2088.2,2411.61,0.0,7.079999923706055,0.15000000596046448,356.67,10920.0,2
2024-03-25,2392,Roll_56,Bakery,2080.89,1972.02,0.0,7.079999923706055,0.15000000596046448,465.54,10111.0,2
2024-03-26,2392,Roll_56,Bakery,1916.68,1891.39,0.0,7.079999923706055,0.15000000596046448,490.82,9932.0,2
2024-03-27,2392,Roll_56,Bakery,2165.2,2090.04,0.0,7.079999923706055,0.15000000596046448,565.98,10540.0,2
2024-03-28,2392,Roll_56,Bakery,2928.28,3494.26,0.0,7.079999923706055,0.15000000596046448,0.0,13846.0,2
2024-03-29,2392,Roll_56,Bakery,3517.6,3298.12,0.0,7.079999923706055,0.15000000596046448,219.48,12157.0,2
2024-03-30,2392,Roll_56,Bakery,3284.2,2366.27,0.0,7.079999923706055,0.15000000596046448,1137.41,8768.0,2
2024-03-31,2392,Roll_56,Bakery,2095.2,2295.67,0.0,7.079999923706055,0.15000000596046448,936.94,9390.0,2
2024-04-01,2392,Roll_56,Bakery,1861.52,2663.97,0.0,7.079999923706055,0.15000000596046448,134.49,10206.0,2
2024-04-02,2392,Roll_56,Bakery,2531.84,2022.31,0.0,7.079999923706055,0.15000000596046448,644.01,10356.0,2
2024-04-03,2392,Roll_56,Bakery,2190.94,1757.05,0.0,7.079999923706055,0.15000000596046448,1077.9,9502.0,2
2024-04-04,2392,Roll_56,Bakery,3237.57,1992.08,0.0,7.079999923706055,0.15000000596046448,2323.38,10040.0,2
2024-04-05,2392,Roll_56,Bakery,1633.11,2859.35,0.0,7.079999923706055,0.15000000596046448,1097.15,12248.0,2
2024-04-06,2392,Roll_56,Bakery,1768.58,2704.96,0.0,7.079999923706055,0.15000000596046448,160.77,10560.0,2
2024-04-07,2392,Roll_56,Bakery,2675.6,2292.94,0.0,7.079999923706055,0.15000000596046448,543.43,10420.0,2
2024-04-08,2392,Roll_56,Bakery,2661.29,1998.56,0.0,7.079999923706055,0.15000000596046448,1206.15,10060.0,2
2024-04-09,2392,Roll_56,Bakery,1339.39,1946.84,0.0,7.079999923706055,0.15000000596046448,598.7,9823.0,2
2024-04-10,2392,Roll_56,Bakery,1691.05,1909.24,0.0,7.079999923706055,0.15000000596046448,380.51,10304.0,2
2024-04-11,2392,Roll_56,Bakery,2112.14,2028.69,0.0,7.079999923706055,0.15000000596046448,463.96,10316.0,2
2024-04-12,2392,Roll_56,Bakery,2891.23,2624.7,0.0,7.079999923706055,0.15000000596046448,730.49,12158.0,2
2024-04-13,2392,Roll_56,Bakery,2399.3,2520.91,0.0,7.079999923706055,0.15000000596046448,608.88,10585.0,2
2024-04-14,2392,Roll_56,Bakery,2057.12,2664.12,0.0,7.079999923706055,0.15000000596046448,1.88,10578.0,2
2024-04-15,2392,Roll_56,Bakery,2435.45,1838.84,0.0,7.079999923706055,0.15000000596046448,598.5,10416.0,2
2024-04-16,2392,Roll_56,Bakery,1817.09,2000.05,0.0,7.079999923706055,0.15000000596046448,415.53,10322.0,2
2024-04-17,2392,Roll_56,Bakery,1954.65,1765.21,0.0,7.079999923706055,0.15000000596046448,604.98,10042.0,2
2024-04-18,2392,Roll_56,Bakery,1915.95,2115.4,0.0,7.079999923706055,0.15000000596046448,405.52,10182.0,2
2024-04-19,2392,Roll_56,Bakery,2704.62,2867.87,0.0,7.079999923706055,0.15000000596046448,242.27,12894.0,2
2024-04-20,2392,Roll_56,Bakery,2829.5,2783.9,0.0,7.079999923706055,0.15000000596046448,287.87,11854.0,2
2024-04-21,2392,Roll_56,Bakery,2974.65,2337.22,0.0,7.079999923706055,0.15000000596046448,925.3,10578.0,2
2024-04-22,2392,Roll_56,Bakery,1476.07,2172.84,0.0,7.079999923706055,0.15000000596046448,228.53,10500.0,2
2024-04-23,2392,Roll_56,Bakery,2289.82,2090.66,0.0,7.079999923706055,0.15000000596046448,427.69,9974.0,2
2024-04-24,2392,Roll_56,Bakery,1843.6,1694.6,0.0,7.079999923706055,0.15000000596046448,576.69,10096.0,2
2024-04-25,2392,Roll_56,Bakery,2066.05,2093.12,0.0,7.079999923706055,0.15000000596046448,549.62,10130.0,2
2024-04-26,2392,Roll_56,Bakery,2847.76,2594.19,0.0,7.079999923706055,0.15000000596046448,803.2,12265.0,2
2024-04-27,2392,Roll_56,Bakery,2440.88,2589.15,0.0,7.079999923706055,0.15000000596046448,654.93,10339.0,2
2024-04-28,2392,Roll_56,Bakery,2087.39,2376.29,0.0,7.079999923706055,0.15000000596046448,366.03,10120.0,2
2024-04-29,2392,Roll_56,Bakery,2215.3,1698.44,0.0,7.079999923706055,0.15000000596046448,882.9,10345.0,2
2024-04-30,2392,Roll_56,Bakery,1691.9,2412.77,0.0,7.079999923706055,0.15000000596046448,162.02,11167.0,2
2024-05-01,2392,Roll_56,Bakery,2217.73,2379.75,0.0,7.079999923706055,0.15000000596046448,0.0,10620.0,2
2024-05-02,2392,Roll_56,Bakery,2497.71,1861.96,0.0,7.079999923706055,0.15000000596046448,635.75,9613.0,2
2024-05-03,2392,Roll_56,Bakery,2409.11,2448.68,0.0,7.079999923706055,0.15000000596046448,596.18,12020.0,2
2024-05-04,2392,Roll_56,Bakery,2420.23,2889.72,0.0,7.079999923706055,0.15000000596046448,126.69,10495.0,2
2024-05-05,2392,Roll_56,Bakery,2758.49,1998.24,0.0,7.079999923706055,0.15000000596046448,886.94,10224.0,2
2024-03-01,2396,Roll_57,Bakery,12239.06,12239.06,0.0,2.3499999046325684,0.0,0.0,12026.0,2
2024-03-02,2396,Roll_57,Bakery,12239.06,11288.55,0.0,2.3499999046325684,0.0,950.51,10750.0,2
2024-03-03,2396,Roll_57,Bakery,12148.85,9956.71,0.0,2.3499999046325684,0.0,3142.65,10158.0,2
2024-03-04,2396,Roll_57,Bakery,10563.89,8419.48,0.0,2.3499999046325684,0.0,5287.06,9802.0,2
2024-03-05,2396,Roll_57,Bakery,9076.89,9201.07,0.0,2.3499999046325684,0.0,5162.89,9606.0,2
2024-03-06,2396,Roll_57,Bakery,9055.81,8002.79,0.0,2.3499999046325684,0.0,6215.91,9558.0,2
2024-03-07,2396,Roll_57,Bakery,8139.46,9198.87,0.0,2.3499999046325684,0.0,5156.5,10034.0,2
2024-03-08,2396,Roll_57,Bakery,9040.09,12523.25,0.0,2.3499999046325684,0.0,1673.34,12292.0,2
2024-03-09,2396,Roll_57,Bakery,11673.34,10247.97,0.0,2.3499999046325684,0.0,3098.71,10656.0,2
2024-03-10,2396,Roll_57,Bakery,8766.57,9932.61,0.0,2.3499999046325684,0.0,1932.67,10524.0,2
2024-03-11,2396,Roll_57,Bakery,8394.36,8881.6,0.0,2.3499999046325684,0.0,1445.43,10134.0,2
2024-03-12,2396,Roll_57,Bakery,9593.86,9192.42,0.0,2.3499999046325684,0.0,1846.86,10012.0,2
2024-03-13,2396,Roll_57,Bakery,7994.8,8730.71,0.0,2.3499999046325684,0.0,1110.96,9924.0,2
2024-03-14,2396,Roll_57,Bakery,9769.06,9700.76,0.0,2.3499999046325684,0.0,1179.26,10324.0,2
2024-03-15,2396,Roll_57,Bakery,12992.09,12685.93,0.0,2.3499999046325684,0.0,1485.42,12304.0,2
2024-03-16,2396,Roll_57,Bakery,10482.04,11117.84,0.0,2.3499999046325684,0.0,849.62,10926.0,2
2024-03-17,2396,Roll_57,Bakery,10897.98,10096.42,0.0,2.3499999046325684,0.0,1651.18,10662.0,2
2024-03-18,2396,Roll_57,Bakery,9044.63,9176.19,0.0,2.3499999046325684,0.0,1519.61,10286.0,2
2024-03-19,2396,Roll_57,Bakery,9439.84,8797.89,0.0,2.3499999046325684,0.0,2161.56,9634.0,2
2024-03-20,2396,Roll_57,Bakery,8400.65,9177.94,0.0,2.3499999046325684,0.0,1384.27,9842.0,2
2024-03-21,2396,Roll_57,Bakery,10071.63,9669.35,0.0,2.3499999046325684,0.0,1786.55,10076.0,2
2024-03-22,2396,Roll_57,Bakery,12656.57,12586.33,0.0,2.3499999046325684,0.0,1856.79,12078.0,2
2024-03-23,2396,Roll_57,Bakery,10978.47,11150.78,0.0,2.3499999046325684,0.0,1684.48,10782.0,2
2024-03-24,2396,Roll_57,Bakery,10134.81,10782.21,0.0,2.3499999046325684,0.0,1037.09,10920.0,2
2024-03-25,2396,Roll_57,Bakery,9893.94,8849.33,0.0,2.3499999046325684,0.0,2081.7,10111.0,2
2024-03-26,2396,Roll_57,Bakery,8528.84,10047.22,0.0,2.3499999046325684,0.0,563.32,9932.0,2
2024-03-27,2396,Roll_57,Bakery,10267.5,10593.95,0.0,2.3499999046325684,0.0,236.87,10540.0,2
2024-03-28,2396,Roll_57,Bakery,19788.57,20025.44,0.0,2.3499999046325684,0.0,0.0,13846.0,2
2024-03-29,2396,Roll_57,Bakery,18511.15,18511.15,0.0,2.3499999046325684,0.0,0.0,12157.0,2
2024-03-30,2396,Roll_57,Bakery,16866.74,11456.27,0.0,2.3499999046325684,0.0,5410.47,8768.0,2
2024-03-31,2396,Roll_57,Bakery,11064.74,10851.68,0.0,2.3499999046325684,0.0,5623.54,9390.0,2
2024-04-01,2396,Roll_57,Bakery,8911.85,9447.39,0.0,2.3499999046325684,0.0,5088.0,10206.0,2
2024-04-02,2396,Roll_57,Bakery,10535.09,10259.21,0.0,2.3499999046325684,0.0,5363.88,10356.0,2
2024-04-03,2396,Roll_57,Bakery,10776.25,7437.51,0.0,2.3499999046325684,0.0,8702.62,9502.0,2
2024-04-04,2396,Roll_57,Bakery,17428.18,9058.11,0.0,2.3499999046325684,0.0,17072.69,10040.0,2
2024-04-05,2396,Roll_57,Bakery,5996.08,12948.91,0.0,2.3499999046325684,0.0,10119.87,12248.0,2
2024-04-06,2396,Roll_57,Bakery,7741.8,11103.7,4123.78,2.3499999046325684,0.0,2634.19,10560.0,2
2024-04-07,2396,Roll_57,Bakery,10452.35,9678.23,0.0,2.3499999046325684,0.0,3408.31,10420.0,2
2024-04-08,2396,Roll_57,Bakery,8246.43,8878.55,0.0,2.3499999046325684,0.0,2776.19,10060.0,2
2024-04-09,2396,Roll_57,Bakery,9745.06,9162.21,0.0,2.3499999046325684,0.0,3359.04,9823.0,2
2024-04-10,2396,Roll_57,Bakery,6356.36,8447.84,0.0,2.3499999046325684,0.0,1267.56,10304.0,2
2024-04-11,2396,Roll_57,Bakery,9827.8,8685.58,0.0,2.3499999046325684,0.0,2409.78,10316.0,2
2024-04-12,2396,Roll_57,Bakery,12625.63,11840.63,0.0,2.3499999046325684,0.0,3194.78,12158.0,2
2024-04-13,2396,Roll_57,Bakery,9570.67,11149.49,0.0,2.3499999046325684,0.0,1615.96,10585.0,2
2024-04-14,2396,Roll_57,Bakery,9734.81,9924.0,0.0,2.3499999046325684,0.0,1426.76,10578.0,2
2024-04-15,2396,Roll_57,Bakery,9128.0,9027.2,0.0,2.3499999046325684,0.0,1527.56,10416.0,2
2024-04-16,2396,Roll_57,Bakery,9291.75,8962.87,0.0,2.3499999046325684,0.0,1856.44,10322.0,2
2024-04-17,2396,Roll_57,Bakery,8270.41,8515.18,0.0,2.3499999046325684,0.0,1611.67,10042.0,2
2024-04-18,2396,Roll_57,Bakery,8739.25,9678.99,0.0,2.3499999046325684,0.0,671.93,10182.0,2
2024-04-19,2396,Roll_57,Bakery,12730.14,12737.44,0.0,2.3499999046325684,0.0,664.63,12894.0,2
2024-04-20,2396,Roll_57,Bakery,12379.83,12064.87,0.0,2.3499999046325684,0.0,979.6,11854.0,2
2024-04-21,2396,Roll_57,Bakery,11032.96,9254.22,0.0,2.3499999046325684,0.0,2758.33,10578.0,2
2024-04-22,2396,Roll_57,Bakery,8400.17,9092.04,0.0,2.3499999046325684,0.0,2066.46,10500.0,2
2024-04-23,2396,Roll_57,Bakery,9019.56,7873.28,0.0,2.3499999046325684,0.0,3212.74,9974.0,2
2024-04-24,2396,Roll_57,Bakery,7632.41,8676.69,0.0,2.3499999046325684,0.0,2168.46,10096.0,2
2024-04-25,2396,Roll_57,Bakery,9815.69,9409.33,0.0,2.3499999046325684,0.0,2574.82,10130.0,2
2024-04-26,2396,Roll_57,Bakery,12478.86,12229.02,0.0,2.3499999046325684,0.0,2824.66,12265.0,2
2024-04-27,2396,Roll_57,Bakery,11391.95,10469.25,0.0,2.3499999046325684,0.0,3747.36,10339.0,2
2024-04-28,2396,Roll_57,Bakery,7310.24,9775.48,0.0,2.3499999046325684,0.0,1282.12,10120.0,2
2024-04-29,2396,Roll_57,Bakery,9605.84,9387.59,0.0,2.3499999046325684,0.0,1500.37,10345.0,2
2024-04-30,2396,Roll_57,Bakery,9553.67,11054.04,0.0,2.3499999046325684,0.0,0.0,11167.0,2
2024-05-01,2396,Roll_57,Bakery,10216.42,9904.02,0.0,2.3499999046325684,0.0,312.4,10620.0,2
2024-05-02,2396,Roll_57,Bakery,10416.19,7997.16,0.0,2.3499999046325684,0.0,2731.43,9613.0,2
2024-05-03,2396,Roll_57,Bakery,11202.97,11724.44,0.0,2.3499999046325684,0.0,2209.95,12020.0,2
2024-05-04,2396,Roll_57,Bakery,9803.9,9289.36,0.0,2.3499999046325684,0.0,2724.49,10495.0,2
2024-05-05,2396,Roll_57,Bakery,8612.39,8525.58,0.0,2.3499999046325684,0.0,2811.3,10224.0,2
2024-03-01,2426,Herb_19,Fruit and vegetable,39.63,39.63,0.0,56.41999816894531,0.0,0.0,11812.0,3
2024-03-02,2426,Herb_19,Fruit and vegetable,39.63,30.26,0.0,56.41999816894531,0.0,9.37,10054.0,3
2024-03-03,2426,Herb_19,Fruit and vegetable,38.74,29.2,0.0,56.41999816894531,0.0,18.91,9613.0,3
2024-03-05,2426,Herb_19,Fruit and vegetable,28.07,20.01,0.0,56.41999816894531,0.0,26.97,9746.0,3
2024-03-06,2426,Herb_19,Fruit and vegetable,22.93,24.89,0.0,56.41999816894531,0.0,25.01,9774.0,3
2024-03-07,2426,Herb_19,Fruit and vegetable,23.94,12.17,0.0,56.41999816894531,0.0,36.78,11142.0,3
2024-03-08,2426,Herb_19,Fruit and vegetable,14.89,22.38,0.0,56.41999816894531,0.0,29.29,11864.0,3
2024-03-09,2426,Herb_19,Fruit and vegetable,21.47,19.45,0.0,56.41999816894531,0.0,31.31,10078.0,3
2024-03-10,2426,Herb_19,Fruit and vegetable,6.92,30.03,0.0,56.41999816894531,0.0,8.21,10124.0,3
2024-03-11,2426,Herb_19,Fruit and vegetable,28.91,15.9,0.0,56.41999816894531,0.0,21.22,10122.0,3
2024-03-12,2426,Herb_19,Fruit and vegetable,6.28,12.34,0.0,56.41999816894531,0.0,15.16,10267.0,3
2024-03-13,2426,Herb_19,Fruit and vegetable,18.26,12.35,0.0,56.41999816894531,0.0,21.06,10214.0,3
2024-03-14,2426,Herb_19,Fruit and vegetable,0.0,19.08,0.0,56.41999816894531,0.0,1.98,11286.0,3
2024-03-15,2426,Herb_19,Fruit and vegetable,34.29,36.27,0.0,56.41999816894531,0.0,0.0,12108.0,3
2024-03-18,2426,Herb_19,Fruit and vegetable,31.09,13.74,0.0,56.41999816894531,0.0,17.35,10282.0,3
2024-03-19,2426,Herb_19,Fruit and vegetable,24.81,28.43,0.0,56.41999816894531,0.0,13.74,9794.0,3
2024-03-20,2426,Herb_19,Fruit and vegetable,13.96,18.94,0.0,56.41999816894531,0.0,8.75,10111.0,3
2024-03-22,2426,Herb_19,Fruit and vegetable,15.2,17.71,0.0,56.41999816894531,0.0,6.24,11672.0,3
2024-03-23,2426,Herb_19,Fruit and vegetable,17.0,20.06,0.0,56.41999816894531,0.0,3.18,10153.0,3
2024-03-27,2426,Herb_19,Fruit and vegetable,70.1,70.1,3.18,56.41999816894531,0.0,0.0,12451.0,3
2024-03-29,2426,Herb_19,Fruit and vegetable,61.24,27.85,0.0,56.41999816894531,0.0,33.39,10045.0,3
2024-03-30,2426,Herb_19,Fruit and vegetable,5.01,11.91,0.0,56.41999816894531,0.0,26.49,8440.0,3
2024-03-31,2426,Herb_19,Fruit and vegetable,26.91,16.07,0.0,56.41999816894531,0.0,37.32,9558.0,3
2024-04-01,2426,Herb_19,Fruit and vegetable,12.62,26.64,5.41,56.41999816894531,0.0,17.9,9826.0,3
2024-04-02,2426,Herb_19,Fruit and vegetable,25.09,27.65,0.0,56.41999816894531,0.0,15.34,10261.0,3
2024-04-03,2426,Herb_19,Fruit and vegetable,29.43,28.11,0.0,56.41999816894531,0.0,16.66,9938.0,3
2024-04-04,2426,Herb_19,Fruit and vegetable,77.69,24.32,0.0,56.41999816894531,0.0,70.03,11179.0,3
2024-04-05,2426,Herb_19,Fruit and vegetable,0.0,22.29,0.0,56.41999816894531,0.0,47.74,12214.0,3
2024-04-06,2426,Herb_19,Fruit and vegetable,0.0,16.03,0.0,56.41999816894531,0.0,31.71,9690.0,3
2024-04-07,2426,Herb_19,Fruit and vegetable,30.28,30.28,31.71,56.41999816894531,0.0,0.0,9684.0,3
2024-04-08,2426,Herb_19,Fruit and vegetable,32.72,12.36,0.0,56.41999816894531,0.0,20.36,10147.0,3
2024-04-09,2426,Herb_19,Fruit and vegetable,15.79,18.23,0.0,56.41999816894531,0.0,17.92,10198.0,3
2024-04-10,2426,Herb_19,Fruit and vegetable,18.5,5.07,0.0,56.41999816894531,0.0,31.36,10762.0,3
2024-04-11,2426,Herb_19,Fruit and vegetable,3.56,15.68,0.0,56.41999816894531,0.0,19.24,11005.0,3
2024-04-12,2426,Herb_19,Fruit and vegetable,13.14,22.34,0.0,56.41999816894531,0.0,10.03,12008.0,3
2024-04-13,2426,Herb_19,Fruit and vegetable,16.09,12.45,0.0,56.41999816894531,0.0,13.67,9772.0,3
2024-04-14,2426,Herb_19,Fruit and vegetable,26.95,12.39,0.0,56.41999816894531,0.0,28.23,10033.0,3
2024-04-15,2426,Herb_19,Fruit and vegetable,0.0,10.48,0.0,56.41999816894531,0.0,17.75,10806.0,3
2024-04-16,2426,Herb_19,Fruit and vegetable,7.63,19.34,0.0,56.41999816894531,0.0,6.04,10398.0,3
2024-04-17,2426,Herb_19,Fruit and vegetable,8.08,14.12,0.0,56.41999816894531,0.0,0.0,10170.0,3
2024-04-18,2426,Herb_19,Fruit and vegetable,24.3,24.3,0.0,56.41999816894531,0.0,0.0,11244.0,3
2024-04-19,2426,Herb_19,Fruit and vegetable,29.32,27.24,0.0,56.41999816894531,0.0,2.08,12858.0,3
2024-04-20,2426,Herb_19,Fruit and vegetable,18.74,19.26,0.0,56.41999816894531,0.0,1.55,10666.0,3
2024-04-21,2426,Herb_19,Fruit and vegetable,18.79,8.81,0.0,56.41999816894531,0.0,11.53,10309.0,3
2024-04-22,2426,Herb_19,Fruit and vegetable,7.75,14.05,0.0,56.41999816894531,0.0,5.23,10488.0,3
2024-04-23,2426,Herb_19,Fruit and vegetable,22.26,7.06,0.0,56.41999816894531,0.0,20.43,10195.0,3
2024-04-24,2426,Herb_19,Fruit and vegetable,3.37,14.1,0.0,56.41999816894531,0.0,9.71,10255.0,3
2024-04-25,2426,Herb_19,Fruit and vegetable,24.28,22.57,0.0,56.41999816894531,0.0,11.42,11238.0,3
2024-04-26,2426,Herb_19,Fruit and vegetable,25.15,24.76,0.0,56.41999816894531,0.0,11.81,11988.0,3
2024-04-29,2426,Herb_19,Fruit and vegetable,27.84,26.58,11.81,56.41999816894531,0.0,1.26,11011.0,3
2024-04-30,2426,Herb_19,Fruit and vegetable,17.55,15.65,0.0,56.41999816894531,0.0,3.16,11142.0,3
2024-05-01,2426,Herb_19,Fruit and vegetable,19.89,15.97,0.0,56.41999816894531,0.0,7.07,9874.0,3
2024-05-02,2426,Herb_19,Fruit and vegetable,13.9,20.97,0.0,56.41999816894531,0.0,0.0,10795.0,3
2024-05-03,2426,Herb_19,Fruit and vegetable,24.79,24.79,0.0,56.41999816894531,0.0,0.0,11872.0,3
2024-05-04,2426,Herb_19,Fruit and vegetable,28.13,10.22,0.0,56.41999816894531,0.0,17.91,9787.0,3
2024-05-05,2426,Herb_19,Fruit and vegetable,14.6,23.0,0.0,56.41999816894531,0.0,9.52,10036.0,3
2024-03-01,2436,Pastry_181,Bakery,182.62,182.62,0.0,15.699999809265137,0.0,0.0,11812.0,2
2024-03-02,2436,Pastry_181,Bakery,182.62,123.82,0.0,15.699999809265137,0.0,58.8,10054.0,2
2024-03-03,2436,Pastry_181,Bakery,177.04,135.55,0.0,15.699999809265137,0.0,100.29,9613.0,2
2024-03-04,2436,Pastry_181,Bakery,122.16,161.62,0.0,15.699999809265137,0.0,60.83,9834.0,2
2024-03-05,2436,Pastry_181,Bakery,155.57,113.84,0.0,15.699999809265137,0.0,102.57,9746.0,2
2024-03-06,2436,Pastry_181,Bakery,116.2,138.69,0.0,15.699999809265137,0.0,80.07,9774.0,2
2024-03-07,2436,Pastry_181,Bakery,137.24,217.31,0.0,15.699999809265137,0.0,0.0,11142.0,2
2024-03-08,2436,Pastry_181,Bakery,229.3,156.67,0.0,15.699999809265137,0.0,72.63,11864.0,2
2024-03-09,2436,Pastry_181,Bakery,95.03,134.37,0.0,15.699999809265137,0.0,33.29,10078.0,2
2024-03-10,2436,Pastry_181,Bakery,146.9,180.19,0.0,15.699999809265137,0.0,0.0,10124.0,2
2024-03-11,2436,Pastry_181,Bakery,205.04,159.01,0.0,15.699999809265137,0.0,46.03,10122.0,2
2024-03-12,2436,Pastry_181,Bakery,126.67,172.7,0.0,15.699999809265137,0.0,0.0,10267.0,2
2024-03-13,2436,Pastry_181,Bakery,174.74,139.34,0.0,15.699999809265137,0.0,35.4,10214.0,2
2024-03-14,2436,Pastry_181,Bakery,217.83,225.55,0.0,15.699999809265137,0.0,27.68,11286.0,2
2024-03-15,2436,Pastry_181,Bakery,168.21,161.37,0.0,15.699999809265137,0.0,34.53,12108.0,2
2024-03-16,2436,Pastry_181,Bakery,138.8,123.71,0.0,15.699999809265137,0.0,49.62,10102.0,2
2024-03-17,2436,Pastry_181,Bakery,172.25,146.47,0.0,15.699999809265137,0.0,75.4,10186.0,2
2024-03-18,2436,Pastry_181,Bakery,125.34,139.18,0.0,15.699999809265137,0.0,61.56,10282.0,2
2024-03-19,2436,Pastry_181,Bakery,154.23,138.62,0.0,15.699999809265137,0.0,77.17,9794.0,2
2024-03-20,2436,Pastry_181,Bakery,105.31,125.46,0.0,15.699999809265137,0.0,57.02,10111.0,2
2024-03-21,2436,Pastry_181,Bakery,213.4,217.65,0.0,15.699999809265137,0.0,52.77,11034.0,2
2024-03-22,2436,Pastry_181,Bakery,149.93,139.79,0.0,15.699999809265137,0.0,62.92,11672.0,2
2024-03-23,2436,Pastry_181,Bakery,101.88,151.85,0.0,15.699999809265137,0.0,12.94,10153.0,2
2024-03-24,2436,Pastry_181,Bakery,172.4,155.45,0.0,15.699999809265137,0.0,29.89,10824.0,2
2024-03-25,2436,Pastry_181,Bakery,148.1,143.89,0.0,15.699999809265137,0.0,34.1,10530.0,2
2024-03-26,2436,Pastry_181,Bakery,142.95,94.24,0.0,15.699999809265137,0.0,82.81,10879.0,2
2024-03-27,2436,Pastry_181,Bakery,90.53,123.11,0.0,15.699999809265137,0.0,50.23,12451.0,2
2024-03-28,2436,Pastry_181,Bakery,215.6,86.74,0.0,15.699999809265137,0.0,179.09,12938.0,2
2024-03-29,2436,Pastry_181,Bakery,0.0,106.15,0.0,15.699999809265137,0.0,72.94,10045.0,2
2024-03-30,2436,Pastry_181,Bakery,187.86,124.55,72.94,15.699999809265137,0.0,63.31,8440.0,2
2024-03-31,2436,Pastry_181,Bakery,124.42,82.13,0.0,15.699999809265137,0.0,105.59,9558.0,2
2024-04-01,2436,Pastry_181,Bakery,67.4,106.57,0.0,15.699999809265137,0.0,66.42,9826.0,2
2024-04-02,2436,Pastry_181,Bakery,83.39,149.81,0.0,15.699999809265137,0.0,0.0,10261.0,2
2024-04-03,2436,Pastry_181,Bakery,153.13,93.94,0.0,15.699999809265137,0.0,59.19,9938.0,2
2024-04-04,2436,Pastry_181,Bakery,118.03,177.22,0.0,15.699999809265137,0.0,0.0,11179.0,2
2024-04-05,2436,Pastry_181,Bakery,149.16,149.16,0.0,15.699999809265137,0.0,0.0,12214.0,2
2024-04-06,2436,Pastry_181,Bakery,168.45,108.64,0.0,15.699999809265137,0.0,59.81,9690.0,2
2024-04-07,2436,Pastry_181,Bakery,96.93,156.74,0.0,15.699999809265137,0.0,0.0,9684.0,2
2024-04-08,2436,Pastry_181,Bakery,146.58,143.04,0.0,15.699999809265137,0.0,3.54,10147.0,2
2024-04-09,2436,Pastry_181,Bakery,183.07,95.28,0.0,15.699999809265137,0.0,91.33,10198.0,2
2024-04-10,2436,Pastry_181,Bakery,44.47,120.63,0.0,15.699999809265137,0.0,15.17,10762.0,2
2024-04-11,2436,Pastry_181,Bakery,198.98,163.73,0.0,15.699999809265137,0.0,50.42,11005.0,2
2024-04-12,2436,Pastry_181,Bakery,131.93,120.3,0.0,15.699999809265137,0.0,62.05,12008.0,2
2024-04-13,2436,Pastry_181,Bakery,79.08,126.24,0.0,15.699999809265137,0.0,14.89,9772.0,2
2024-04-14,2436,Pastry_181,Bakery,172.26,168.1,0.0,15.699999809265137,0.0,19.06,10033.0,2
2024-04-15,2436,Pastry_181,Bakery,183.61,202.67,0.0,15.699999809265137,0.0,0.0,10806.0,2
2024-04-16,2436,Pastry_181,Bakery,160.02,160.02,0.0,15.699999809265137,0.0,0.0,10398.0,2
2024-04-17,2436,Pastry_181,Bakery,160.01,100.62,0.0,15.699999809265137,0.0,59.39,10170.0,2
2024-04-18,2436,Pastry_181,Bakery,152.4,211.79,0.0,15.699999809265137,0.0,0.0,11244.0,2
2024-04-19,2436,Pastry_181,Bakery,200.88,200.88,0.0,15.699999809265137,0.0,0.0,12858.0,2
2024-04-20,2436,Pastry_181,Bakery,179.9,147.07,0.0,15.699999809265137,0.0,32.83,10666.0,2
2024-04-21,2436,Pastry_181,Bakery,185.42,167.3,0.0,15.699999809265137,0.0,50.95,10309.0,2
2024-04-22,2436,Pastry_181,Bakery,201.88,161.54,0.0,15.699999809265137,0.0,91.29,10488.0,2
2024-04-23,2436,Pastry_181,Bakery,115.41,139.39,0.0,15.699999809265137,0.0,67.31,10195.0,2
2024-04-24,2436,Pastry_181,Bakery,81.53,123.38,0.0,15.699999809265137,0.0,25.46,10255.0,2
2024-04-25,2436,Pastry_181,Bakery,227.48,159.72,0.0,15.699999809265137,0.0,93.22,11238.0,2
2024-04-26,2436,Pastry_181,Bakery,139.01,206.3,0.0,15.699999809265137,0.0,25.93,11988.0,2
2024-04-27,2436,Pastry_181,Bakery,154.6,93.49,0.0,15.699999809265137,0.0,87.04,9223.0,2
2024-04-28,2436,Pastry_181,Bakery,126.15,105.96,0.0,15.699999809265137,0.0,107.23,10142.0,2
2024-04-29,2436,Pastry_181,Bakery,103.43,167.2,0.0,15.699999809265137,0.0,43.45,11011.0,2
2024-04-30,2436,Pastry_181,Bakery,145.76,88.66,0.0,15.699999809265137,0.0,100.55,11142.0,2
2024-05-01,2436,Pastry_181,Bakery,79.07,127.77,0.0,15.699999809265137,0.0,51.84,9874.0,2
2024-05-02,2436,Pastry_181,Bakery,164.83,216.67,0.0,15.699999809265137,0.0,0.0,10795.0,2
2024-05-03,2436,Pastry_181,Bakery,274.48,197.98,0.0,15.699999809265137,0.0,76.5,11872.0,2
2024-05-04,2436,Pastry_181,Bakery,83.17,92.43,0.0,15.699999809265137,0.0,67.25,9787.0,2
2024-05-05,2436,Pastry_181,Bakery,105.12,141.55,0.0,15.699999809265137,0.0,30.81,10036.0,2
2024-03-01,2438,Cabbage_22,Fruit and vegetable,50.15,50.15,0.0,27.239999771118164,0.0,0.0,11812.0,3
2024-03-02,2438,Cabbage_22,Fruit and vegetable,50.15,15.97,0.0,27.239999771118164,0.0,34.18,10054.0,3
2024-03-03,2438,Cabbage_22,Fruit and vegetable,46.91,48.48,0.0,27.239999771118164,0.0,32.61,9613.0,3
2024-03-04,2438,Cabbage_22,Fruit and vegetable,42.21,25.68,0.0,27.239999771118164,0.0,49.14,9834.0,3
2024-03-05,2438,Cabbage_22,Fruit and vegetable,22.69,8.0,0.0,27.239999771118164,0.0,63.82,9746.0,3
2024-03-06,2438,Cabbage_22,Fruit and vegetable,10.67,42.66,0.0,27.239999771118164,0.0,31.83,9774.0,3
2024-03-07,2438,Cabbage_22,Fruit and vegetable,41.13,36.28,0.0,27.239999771118164,0.0,36.68,11142.0,3
2024-03-08,2438,Cabbage_22,Fruit and vegetable,34.4,43.78,0.0,27.239999771118164,0.0,27.3,11864.0,3
2024-03-09,2438,Cabbage_22,Fruit and vegetable,8.32,34.57,0.0,27.239999771118164,0.0,1.05,10078.0,3
2024-03-10,2438,Cabbage_22,Fruit and vegetable,65.0,23.28,0.0,27.239999771118164,0.0,42.77,10124.0,3
2024-03-11,2438,Cabbage_22,Fruit and vegetable,0.0,31.33,0.0,27.239999771118164,0.0,11.44,10122.0,3
2024-03-12,2438,Cabbage_22,Fruit and vegetable,22.41,33.85,0.0,27.239999771118164,0.0,0.0,10267.0,3
2024-03-13,2438,Cabbage_22,Fruit and vegetable,51.55,20.34,0.0,27.239999771118164,0.0,31.21,10214.0,3
2024-03-14,2438,Cabbage_22,Fruit and vegetable,15.25,44.73,0.0,27.239999771118164,0.0,1.73,11286.0,3
2024-03-15,2438,Cabbage_22,Fruit and vegetable,53.9,20.46,0.0,27.239999771118164,0.0,35.17,12108.0,3
2024-03-16,2438,Cabbage_22,Fruit and vegetable,10.89,30.34,0.0,27.239999771118164,0.0,15.72,10102.0,3
2024-03-17,2438,Cabbage_22,Fruit and vegetable,18.75,27.9,0.0,27.239999771118164,0.0,6.57,10186.0,3
2024-03-18,2438,Cabbage_22,Fruit and vegetable,35.5,19.15,0.0,27.239999771118164,0.0,22.92,10282.0,3
2024-03-19,2438,Cabbage_22,Fruit and vegetable,22.77,32.68,0.0,27.239999771118164,0.0,13.01,9794.0,3
2024-03-20,2438,Cabbage_22,Fruit and vegetable,22.68,35.69,0.0,27.239999771118164,0.0,0.0,10111.0,3
2024-03-21,2438,Cabbage_22,Fruit and vegetable,56.05,49.29,0.0,27.239999771118164,0.0,6.76,11034.0,3
2024-03-22,2438,Cabbage_22,Fruit and vegetable,32.87,39.63,0.0,27.239999771118164,0.0,0.0,11672.0,3
2024-03-23,2438,Cabbage_22,Fruit and vegetable,76.4,76.4,0.0,27.239999771118164,0.0,0.0,10153.0,3
2024-03-24,2438,Cabbage_22,Fruit and vegetable,51.64,41.88,0.0,27.239999771118164,0.0,9.76,10824.0,3
2024-03-25,2438,Cabbage_22,Fruit and vegetable,45.51,55.27,0.0,27.239999771118164,0.0,0.0,10530.0,3
2024-03-26,2438,Cabbage_22,Fruit and vegetable,51.89,24.22,0.0,27.239999771118164,0.0,27.67,10879.0,3
2024-03-27,2438,Cabbage_22,Fruit and vegetable,156.63,184.3,0.0,27.239999771118164,0.0,0.0,12451.0,3
2024-03-28,2438,Cabbage_22,Fruit and vegetable,118.78,118.78,0.0,27.239999771118164,0.0,0.0,12938.0,3
2024-03-29,2438,Cabbage_22,Fruit and vegetable,132.28,132.28,0.0,27.239999771118164,0.0,0.0,10045.0,3
2024-03-30,2438,Cabbage_22,Fruit and vegetable,149.45,40.42,0.0,27.239999771118164,0.0,109.03,8440.0,3
2024-03-31,2438,Cabbage_22,Fruit and vegetable,9.76,37.35,0.0,27.239999771118164,0.0,81.44,9558.0,3
2024-04-01,2438,Cabbage_22,Fruit and vegetable,51.47,24.51,0.0,27.239999771118164,0.0,108.39,9826.0,3
2024-04-02,2438,Cabbage_22,Fruit and vegetable,45.1,15.77,47.17,27.239999771118164,0.0,90.56,10261.0,3
2024-04-03,2438,Cabbage_22,Fruit and vegetable,177.51,27.37,0.0,27.239999771118164,0.0,240.7,9938.0,3
2024-04-04,2438,Cabbage_22,Fruit and vegetable,0.0,56.05,18.09,27.239999771118164,0.0,166.56,11179.0,3
2024-04-05,2438,Cabbage_22,Fruit and vegetable,16.26,55.38,0.0,27.239999771118164,0.0,127.44,12214.0,3
2024-04-07,2438,Cabbage_22,Fruit and vegetable,43.8,30.99,111.18,27.239999771118164,0.0,29.06,9684.0,3
2024-04-08,2438,Cabbage_22,Fruit and vegetable,27.96,29.69,0.0,27.25,0.0,27.33,10147.0,3
2024-04-09,2438,Cabbage_22,Fruit and vegetable,16.99,29.61,0.0,27.239999771118164,0.0,14.71,10198.0,3
2024-04-10,2438,Cabbage_22,Fruit and vegetable,20.33,19.63,0.0,27.239999771118164,0.0,15.41,10762.0,3
2024-04-11,2438,Cabbage_22,Fruit and vegetable,30.24,20.33,0.0,27.25,0.0,25.32,11005.0,3
2024-04-12,2438,Cabbage_22,Fruit and vegetable,50.15,48.77,0.0,27.239999771118164,0.0,26.7,12008.0,3
2024-04-13,2438,Cabbage_22,Fruit and vegetable,46.11,58.37,0.0,27.239999771118164,0.0,14.45,9772.0,3
2024-04-14,2438,Cabbage_22,Fruit and vegetable,35.03,29.43,0.0,27.239999771118164,0.0,20.05,10033.0,3
2024-04-15,2438,Cabbage_22,Fruit and vegetable,28.21,38.82,0.0,27.239999771118164,0.0,9.44,10806.0,3
2024-04-16,2438,Cabbage_22,Fruit and vegetable,38.73,37.84,0.0,27.239999771118164,0.0,10.33,10398.0,3
2024-04-17,2438,Cabbage_22,Fruit and vegetable,27.63,35.24,0.0,27.239999771118164,0.0,2.73,10170.0,3
2024-04-18,2438,Cabbage_22,Fruit and vegetable,35.11,37.84,0.0,27.239999771118164,0.0,0.0,11244.0,3
2024-04-19,2438,Cabbage_22,Fruit and vegetable,61.07,24.29,0.0,27.239999771118164,0.0,36.78,12858.0,3
2024-04-20,2438,Cabbage_22,Fruit and vegetable,35.24,35.31,0.0,27.239999771118164,0.0,36.71,10666.0,3
2024-04-21,2438,Cabbage_22,Fruit and vegetable,0.0,25.99,0.0,27.25,0.0,10.72,10309.0,3
2024-04-22,2438,Cabbage_22,Fruit and vegetable,35.74,24.51,0.0,27.239999771118164,0.0,21.94,10488.0,3
2024-04-23,2438,Cabbage_22,Fruit and vegetable,23.99,38.98,0.0,27.239999771118164,0.0,6.96,10195.0,3
2024-04-24,2438,Cabbage_22,Fruit and vegetable,36.64,21.86,0.0,27.25,0.0,21.73,10255.0,3
2024-04-25,2438,Cabbage_22,Fruit and vegetable,25.38,19.06,0.0,27.25,0.0,28.06,11238.0,3
2024-04-26,2438,Cabbage_22,Fruit and vegetable,5.53,29.54,0.0,27.239999771118164,0.0,4.05,11988.0,3
2024-04-27,2438,Cabbage_22,Fruit and vegetable,40.47,25.82,0.0,27.239999771118164,0.0,18.69,9223.0,3
2024-04-28,2438,Cabbage_22,Fruit and vegetable,15.5,24.58,0.0,27.25,0.0,9.62,10142.0,3
2024-04-29,2438,Cabbage_22,Fruit and vegetable,46.32,55.94,0.0,27.239999771118164,0.0,0.0,11011.0,3
2024-04-30,2438,Cabbage_22,Fruit and vegetable,55.35,36.82,0.0,27.25,0.0,18.53,11142.0,3
2024-05-01,2438,Cabbage_22,Fruit and vegetable,19.44,29.46,0.0,27.239999771118164,0.0,8.51,9874.0,3
2024-05-02,2438,Cabbage_22,Fruit and vegetable,42.81,51.32,0.0,27.239999771118164,0.0,0.0,10795.0,3
2024-05-03,2438,Cabbage_22,Fruit and vegetable,48.63,48.63,0.0,27.239999771118164,0.0,0.0,11872.0,3
2024-05-04,2438,Cabbage_22,Fruit and vegetable,42.42,25.54,0.0,27.239999771118164,0.0,16.88,9787.0,3
2024-05-05,2438,Cabbage_22,Fruit and vegetable,24.36,35.94,0.0,27.239999771118164,0.0,5.3,10036.0,3
2024-03-01,2488,Onion_46,Fruit and vegetable,28.55,28.55,0.0,71.19999694824219,0.0,0.0,11812.0,3
2024-03-02,2488,Onion_46,Fruit and vegetable,28.55,18.7,0.0,71.19999694824219,0.0,9.85,10054.0,3
2024-03-03,2488,Onion_46,Fruit and vegetable,27.62,19.4,0.0,71.19999694824219,0.0,18.07,9613.0,3
2024-03-04,2488,Onion_46,Fruit and vegetable,17.52,13.43,0.0,71.19999694824219,0.0,22.15,9834.0,3
2024-03-08,2488,Onion_46,Fruit and vegetable,36.59,22.61,22.15,71.19999694824219,0.0,13.98,11864.0,3
2024-03-09,2488,Onion_46,Fruit and vegetable,21.69,16.74,0.0,71.19999694824219,0.0,18.93,10078.0,3
2024-03-10,2488,Onion_46,Fruit and vegetable,16.29,25.88,0.0,71.19999694824219,0.0,9.34,10124.0,3
2024-03-11,2488,Onion_46,Fruit and vegetable,25.95,19.86,0.0,71.19999694824219,0.0,15.43,10122.0,3
2024-03-12,2488,Onion_46,Fruit and vegetable,8.38,7.35,0.0,71.19999694824219,0.0,16.46,10267.0,3
2024-03-13,2488,Onion_46,Fruit and vegetable,10.77,10.65,0.0,71.19999694824219,0.0,16.58,10214.0,3
2024-03-14,2488,Onion_46,Fruit and vegetable,5.34,17.23,0.0,71.19999694824219,0.0,4.69,11286.0,3
2024-03-15,2488,Onion_46,Fruit and vegetable,26.21,15.5,0.0,71.19999694824219,0.0,15.4,12108.0,3
2024-03-16,2488,Onion_46,Fruit and vegetable,9.05,14.21,0.0,71.19999694824219,0.0,10.25,10102.0,3
2024-03-17,2488,Onion_46,Fruit and vegetable,23.4,8.66,0.0,71.19999694824219,0.0,24.98,10186.0,3
2024-03-18,2488,Onion_46,Fruit and vegetable,0.79,12.44,0.0,71.19999694824219,0.0,13.33,10282.0,3
2024-03-19,2488,Onion_46,Fruit and vegetable,6.89,20.22,0.0,71.19999694824219,0.0,0.0,9794.0,3
2024-03-20,2488,Onion_46,Fruit and vegetable,15.7,14.26,0.0,71.19999694824219,0.0,1.44,10111.0,3
2024-03-21,2488,Onion_46,Fruit and vegetable,20.45,10.74,0.0,71.19999694824219,0.0,11.15,11034.0,3
2024-03-22,2488,Onion_46,Fruit and vegetable,9.08,15.2,0.0,71.19999694824219,0.0,5.03,11672.0,3
2024-03-23,2488,Onion_46,Fruit and vegetable,17.2,22.23,0.0,71.19999694824219,0.0,0.0,10153.0,3
2024-03-25,2488,Onion_46,Fruit and vegetable,15.09,15.09,0.0,71.19999694824219,0.0,0.0,10530.0,3
2024-03-26,2488,Onion_46,Fruit and vegetable,17.69,15.76,0.0,71.19999694824219,0.0,1.93,10879.0,3
2024-03-27,2488,Onion_46,Fruit and vegetable,23.21,20.21,0.0,71.19999694824219,0.0,4.93,12451.0,3
2024-03-28,2488,Onion_46,Fruit and vegetable,16.48,21.41,0.0,71.19999694824219,0.0,0.0,12938.0,3
2024-03-29,2488,Onion_46,Fruit and vegetable,21.09,21.09,0.0,71.19999694824219,0.0,0.0,10045.0,3
2024-03-30,2488,Onion_46,Fruit and vegetable,19.67,19.67,0.0,71.19999694824219,0.0,0.0,8440.0,3
2024-03-31,2488,Onion_46,Fruit and vegetable,25.83,7.05,0.0,71.19999694824219,0.0,18.78,9558.0,3
2024-04-01,2488,Onion_46,Fruit and vegetable,2.87,15.12,0.0,71.19999694824219,0.0,6.53,9826.0,3
2024-04-02,2488,Onion_46,Fruit and vegetable,15.79,16.62,0.0,71.19999694824219,0.0,5.7,10261.0,3
2024-04-04,2488,Onion_46,Fruit and vegetable,21.03,10.48,0.0,71.19999694824219,0.0,16.25,11179.0,3
2024-04-05,2488,Onion_46,Fruit and vegetable,12.18,9.21,0.0,71.19999694824219,0.0,19.22,12214.0,3
2024-04-06,2488,Onion_46,Fruit and vegetable,8.76,17.08,0.0,71.19999694824219,0.0,10.9,9690.0,3
2024-04-07,2488,Onion_46,Fruit and vegetable,14.78,14.57,0.0,71.19999694824219,0.0,11.11,9684.0,3
2024-04-08,2488,Onion_46,Fruit and vegetable,7.59,18.7,0.0,71.19999694824219,0.0,0.0,10147.0,3
2024-04-09,2488,Onion_46,Fruit and vegetable,19.59,12.93,0.0,71.19999694824219,0.0,6.66,10198.0,3
2024-04-10,2488,Onion_46,Fruit and vegetable,14.48,5.72,0.0,71.19999694824219,0.0,15.42,10762.0,3
2024-04-11,2488,Onion_46,Fruit and vegetable,0.89,10.8,0.0,71.19999694824219,0.0,5.51,11005.0,3
2024-04-12,2488,Onion_46,Fruit and vegetable,9.5,14.99,0.0,71.19999694824219,0.0,0.02,12008.0,3
2024-04-13,2488,Onion_46,Fruit and vegetable,22.57,13.12,0.0,71.19999694824219,0.0,9.47,9772.0,3
2024-04-14,2488,Onion_46,Fruit and vegetable,10.24,15.78,0.0,71.19999694824219,0.0,3.93,10033.0,3
2024-04-15,2488,Onion_46,Fruit and vegetable,20.04,23.67,0.0,71.19999694824219,0.0,0.3,10806.0,3
2024-04-16,2488,Onion_46,Fruit and vegetable,19.6,15.76,0.0,71.19999694824219,0.0,4.15,10398.0,3
2024-04-17,2488,Onion_46,Fruit and vegetable,8.58,11.23,0.0,71.19999694824219,0.0,1.5,10170.0,3
2024-04-18,2488,Onion_46,Fruit and vegetable,14.83,11.56,0.0,71.19999694824219,0.0,4.76,11244.0,3
2024-04-19,2488,Onion_46,Fruit and vegetable,15.6,13.89,0.0,71.19999694824219,0.0,6.47,12858.0,3
2024-04-20,2488,Onion_46,Fruit and vegetable,12.06,16.83,0.0,71.19999694824219,0.0,1.7,10666.0,3
2024-04-21,2488,Onion_46,Fruit and vegetable,19.44,20.69,0.0,71.19999694824219,0.0,0.44,10309.0,3
2024-04-22,2488,Onion_46,Fruit and vegetable,29.14,18.47,0.0,71.19999694824219,0.0,11.11,10488.0,3
2024-04-23,2488,Onion_46,Fruit and vegetable,9.14,6.55,0.0,71.19999694824219,0.0,13.7,10195.0,3
2024-04-24,2488,Onion_46,Fruit and vegetable,3.75,9.13,0.0,71.19999694824219,0.0,8.32,10255.0,3
2024-04-25,2488,Onion_46,Fruit and vegetable,9.8,13.78,0.0,71.19999694824219,0.0,4.34,11238.0,3
2024-04-26,2488,Onion_46,Fruit and vegetable,18.35,22.69,0.0,71.19999694824219,0.0,0.0,11988.0,3
2024-04-27,2488,Onion_46,Fruit and vegetable,24.45,10.16,0.0,71.19999694824219,0.0,14.29,9223.0,3
2024-04-28,2488,Onion_46,Fruit and vegetable,14.37,11.25,0.0,71.19999694824219,0.0,17.41,10142.0,3
2024-04-29,2488,Onion_46,Fruit and vegetable,8.3,13.48,0.0,71.19999694824219,0.0,12.23,11011.0,3
2024-04-30,2488,Onion_46,Fruit and vegetable,0.93,11.89,0.0,71.19999694824219,0.0,1.27,11142.0,3
2024-05-01,2488,Onion_46,Fruit and vegetable,13.62,11.91,0.0,71.19999694824219,0.0,2.99,9874.0,3
2024-05-02,2488,Onion_46,Fruit and vegetable,16.17,13.24,0.0,71.19999694824219,0.0,5.92,10795.0,3
2024-05-03,2488,Onion_46,Fruit and vegetable,22.15,14.43,0.0,71.19999694824219,0.0,13.64,11872.0,3
2024-05-04,2488,Onion_46,Fruit and vegetable,0.0,10.88,0.0,71.19999694824219,0.0,2.76,9787.0,3
2024-05-05,2488,Onion_46,Fruit and vegetable,11.09,13.85,0.0,71.19999694824219,0.0,0.0,10036.0,3
2024-03-01,2521,Apple_132,Fruit and vegetable,253.55,253.55,0.0,28.729999542236328,0.0,0.0,11812.0,3
2024-03-02,2521,Apple_132,Fruit and vegetable,253.55,165.93,0.0,28.739999771118164,0.0,87.62,10054.0,3
2024-03-03,2521,Apple_132,Fruit and vegetable,245.23,206.8,0.0,28.729999542236328,0.0,126.05,9613.0,3
2024-03-04,2521,Apple_132,Fruit and vegetable,183.61,194.89,0.0,28.729999542236328,0.0,114.78,9834.0,3
2024-03-05,2521,Apple_132,Fruit and vegetable,185.44,178.95,0.0,28.729999542236328,0.0,121.27,9746.0,3
2024-03-06,2521,Apple_132,Fruit and vegetable,175.42,137.52,0.0,28.729999542236328,0.0,159.17,9774.0,3
2024-03-07,2521,Apple_132,Fruit and vegetable,144.93,168.18,0.0,28.739999771118164,0.0,135.92,11142.0,3
2024-03-08,2521,Apple_132,Fruit and vegetable,164.93,206.79,0.0,28.739999771118164,0.0,94.06,11864.0,3
2024-03-09,2521,Apple_132,Fruit and vegetable,104.09,162.08,0.0,28.739999771118164,0.0,36.07,10078.0,3
2024-03-10,2521,Apple_132,Fruit and vegetable,203.45,202.85,0.0,28.739999771118164,0.0,36.67,10124.0,3
2024-03-11,2521,Apple_132,Fruit and vegetable,190.08,199.31,0.0,28.739999771118164,0.0,27.44,10122.0,3
2024-03-12,2521,Apple_132,Fruit and vegetable,184.05,166.13,0.0,28.739999771118164,0.0,45.36,10267.0,3
2024-03-13,2521,Apple_132,Fruit and vegetable,125.33,165.62,0.0,28.739999771118164,0.0,5.07,10214.0,3
2024-03-14,2521,Apple_132,Fruit and vegetable,189.01,189.09,0.0,30.639999389648438,0.0,4.98,11286.0,3
2024-03-15,2521,Apple_132,Fruit and vegetable,226.71,224.79,0.0,28.739999771118164,0.0,6.9,12108.0,3
2024-03-16,2521,Apple_132,Fruit and vegetable,185.42,138.1,0.0,30.639999389648438,0.0,54.22,10102.0,3
2024-03-17,2521,Apple_132,Fruit and vegetable,185.74,189.09,0.0,30.65999984741211,0.0,50.87,10186.0,3
2024-03-18,2521,Apple_132,Fruit and vegetable,184.18,204.46,0.0,30.649999618530273,0.0,30.59,10282.0,3
2024-03-19,2521,Apple_132,Fruit and vegetable,172.05,128.77,0.0,30.649999618530273,0.0,73.87,9794.0,3
2024-03-20,2521,Apple_132,Fruit and vegetable,136.39,123.98,0.0,30.65999984741211,0.0,86.28,10111.0,3
2024-03-21,2521,Apple_132,Fruit and vegetable,154.39,128.01,0.0,30.649999618530273,0.0,112.66,11034.0,3
2024-03-22,2521,Apple_132,Fruit and vegetable,166.32,173.92,0.0,30.649999618530273,0.0,105.06,11672.0,3
2024-03-23,2521,Apple_132,Fruit and vegetable,75.59,104.14,0.0,30.649999618530273,0.0,76.51,10153.0,3
2024-03-24,2521,Apple_132,Fruit and vegetable,161.54,138.6,0.0,30.65999984741211,0.0,99.45,10824.0,3
2024-03-25,2521,Apple_132,Fruit and vegetable,148.89,169.33,0.0,30.639999389648438,0.0,79.01,10530.0,3
2024-03-26,2521,Apple_132,Fruit and vegetable,83.28,162.29,0.0,30.639999389648438,0.0,0.0,10879.0,3
2024-03-27,2521,Apple_132,Fruit and vegetable,184.08,184.08,0.0,30.65999984741211,0.0,0.0,12451.0,3
2024-03-28,2521,Apple_132,Fruit and vegetable,164.81,150.59,0.0,30.65999984741211,0.0,14.22,12938.0,3
2024-03-29,2521,Apple_132,Fruit and vegetable,194.11,103.55,0.0,30.649999618530273,0.0,104.78,10045.0,3
2024-03-30,2521,Apple_132,Fruit and vegetable,39.42,92.18,0.0,30.639999389648438,0.0,52.02,8440.0,3
2024-03-31,2521,Apple_132,Fruit and vegetable,130.2,119.01,0.0,30.65999984741211,0.0,63.21,9558.0,3
2024-04-01,2521,Apple_132,Fruit and vegetable,151.28,167.99,0.0,30.65999984741211,0.0,46.5,9826.0,3
2024-04-02,2521,Apple_132,Fruit and vegetable,190.06,236.56,0.0,30.65999984741211,0.0,0.0,10261.0,3
2024-04-03,2521,Apple_132,Fruit and vegetable,249.01,176.59,0.0,30.65999984741211,0.0,72.42,9938.0,3
2024-04-04,2521,Apple_132,Fruit and vegetable,142.14,126.63,0.0,30.65999984741211,0.0,87.92,11179.0,3
2024-04-05,2521,Apple_132,Fruit and vegetable,101.67,189.59,0.0,30.649999618530273,0.0,0.0,12214.0,3
2024-04-06,2521,Apple_132,Fruit and vegetable,155.0,144.04,0.0,30.65999984741211,0.0,10.96,9690.0,3
2024-04-07,2521,Apple_132,Fruit and vegetable,189.72,200.68,0.0,30.65999984741211,0.0,0.0,9684.0,3
2024-04-08,2521,Apple_132,Fruit and vegetable,313.36,313.36,0.0,30.65999984741211,0.0,0.0,10147.0,3
2024-04-09,2521,Apple_132,Fruit and vegetable,316.39,238.4,0.0,30.649999618530273,0.0,77.99,10198.0,3
2024-04-10,2521,Apple_132,Fruit and vegetable,178.68,181.74,0.0,30.65999984741211,0.0,74.92,10762.0,3
2024-04-11,2521,Apple_132,Fruit and vegetable,131.43,202.32,0.0,30.65999984741211,0.0,4.04,11005.0,3
2024-04-12,2521,Apple_132,Fruit and vegetable,254.09,248.1,0.0,30.649999618530273,0.0,10.03,12008.0,3
2024-04-13,2521,Apple_132,Fruit and vegetable,203.62,144.14,0.0,30.649999618530273,0.0,69.51,9772.0,3
2024-04-14,2521,Apple_132,Fruit and vegetable,200.75,193.85,0.0,30.649999618530273,0.0,76.41,10033.0,3
2024-04-15,2521,Apple_132,Fruit and vegetable,307.08,259.4,0.0,30.649999618530273,0.0,124.09,10806.0,3
2024-04-16,2521,Apple_132,Fruit and vegetable,166.96,176.55,0.0,30.649999618530273,0.0,114.51,10398.0,3
2024-04-17,2521,Apple_132,Fruit and vegetable,119.18,126.08,0.0,30.65999984741211,0.0,107.61,10170.0,3
2024-04-18,2521,Apple_132,Fruit and vegetable,158.0,165.86,0.0,30.65999984741211,0.0,99.75,11244.0,3
2024-04-19,2521,Apple_132,Fruit and vegetable,212.61,238.43,0.0,30.649999618530273,0.0,73.93,12858.0,3
2024-04-20,2521,Apple_132,Fruit and vegetable,132.12,142.24,0.0,30.649999618530273,0.0,63.81,10666.0,3
2024-04-21,2521,Apple_132,Fruit and vegetable,192.31,216.08,0.0,30.649999618530273,0.0,40.04,10309.0,3
2024-04-22,2521,Apple_132,Fruit and vegetable,283.3,191.66,0.0,30.649999618530273,0.0,131.67,10488.0,3
2024-04-23,2521,Apple_132,Fruit and vegetable,95.53,166.35,0.0,30.639999389648438,0.0,60.85,10195.0,3
2024-04-24,2521,Apple_132,Fruit and vegetable,116.28,138.68,0.0,30.65999984741211,0.0,38.46,10255.0,3
2024-04-25,2521,Apple_132,Fruit and vegetable,175.22,125.73,0.0,30.65999984741211,0.0,87.94,11238.0,3
2024-04-26,2521,Apple_132,Fruit and vegetable,204.99,193.19,0.0,30.649999618530273,0.0,99.74,11988.0,3
2024-04-27,2521,Apple_132,Fruit and vegetable,85.65,115.85,0.0,30.649999618530273,0.0,69.54,9223.0,3
2024-04-28,2521,Apple_132,Fruit and vegetable,195.45,144.46,0.0,30.65999984741211,0.0,120.53,10142.0,3
2024-04-29,2521,Apple_132,Fruit and vegetable,110.54,181.52,0.0,30.65999984741211,0.0,49.55,11011.0,3
2024-04-30,2521,Apple_132,Fruit and vegetable,153.77,131.59,0.0,30.65999984741211,0.0,71.73,11142.0,3
2024-05-01,2521,Apple_132,Fruit and vegetable,104.13,126.12,0.0,30.65999984741211,0.0,49.73,9874.0,3
2024-05-02,2521,Apple_132,Fruit and vegetable,122.0,171.73,0.0,30.65999984741211,0.0,0.0,10795.0,3
2024-05-03,2521,Apple_132,Fruit and vegetable,231.62,227.09,0.0,30.65999984741211,0.0,4.53,11872.0,3
2024-05-04,2521,Apple_132,Fruit and vegetable,161.39,124.67,0.0,30.649999618530273,0.0,41.25,9787.0,3
2024-05-05,2521,Apple_132,Fruit and vegetable,151.45,182.07,0.0,30.65999984741211,0.0,10.63,10036.0,3
2024-03-01,2524,Lemon_16,Fruit and vegetable,298.64,298.64,0.0,44.540000915527344,0.0,0.0,11812.0,3
2024-03-02,2524,Lemon_16,Fruit and vegetable,298.64,172.34,0.0,44.540000915527344,0.0,126.3,10054.0,3
2024-03-03,2524,Lemon_16,Fruit and vegetable,286.65,215.12,0.0,44.540000915527344,0.0,197.83,9613.0,3
2024-03-04,2524,Lemon_16,Fruit and vegetable,183.03,214.8,0.0,44.540000915527344,0.0,166.06,9834.0,3
2024-03-05,2524,Lemon_16,Fruit and vegetable,200.3,162.8,0.0,44.540000915527344,0.0,203.56,9746.0,3
2024-03-06,2524,Lemon_16,Fruit and vegetable,163.76,205.12,0.0,44.540000915527344,0.0,162.2,9774.0,3
2024-03-07,2524,Lemon_16,Fruit and vegetable,198.0,290.55,0.0,44.540000915527344,0.0,69.65,11142.0,3
2024-03-08,2524,Lemon_16,Fruit and vegetable,305.97,375.62,0.0,44.540000915527344,0.0,0.0,11864.0,3
2024-03-09,2524,Lemon_16,Fruit and vegetable,360.95,360.95,0.0,44.52000045776367,0.0,0.0,10078.0,3
2024-03-10,2524,Lemon_16,Fruit and vegetable,320.94,246.29,0.0,44.540000915527344,0.0,74.65,10124.0,3
2024-03-11,2524,Lemon_16,Fruit and vegetable,243.34,224.95,0.0,44.540000915527344,0.0,93.04,10122.0,3
2024-03-12,2524,Lemon_16,Fruit and vegetable,171.71,209.71,0.0,44.540000915527344,0.0,55.04,10267.0,3
2024-03-13,2524,Lemon_16,Fruit and vegetable,240.91,200.73,0.0,44.540000915527344,0.0,95.21,10214.0,3
2024-03-14,2524,Lemon_16,Fruit and vegetable,287.08,238.06,0.0,44.54999923706055,0.0,144.23,11286.0,3
2024-03-15,2524,Lemon_16,Fruit and vegetable,323.85,449.99,0.0,44.540000915527344,0.0,18.1,12108.0,3
2024-03-16,2524,Lemon_16,Fruit and vegetable,462.56,396.29,0.0,44.529998779296875,0.0,84.37,10102.0,3
2024-03-17,2524,Lemon_16,Fruit and vegetable,289.46,325.03,0.0,44.540000915527344,0.0,48.8,10186.0,3
2024-03-18,2524,Lemon_16,Fruit and vegetable,303.55,277.73,0.0,44.540000915527344,0.0,74.62,10282.0,3
2024-03-19,2524,Lemon_16,Fruit and vegetable,257.35,225.17,0.0,44.540000915527344,0.0,106.79,9794.0,3
2024-03-20,2524,Lemon_16,Fruit and vegetable,213.28,231.11,0.0,44.540000915527344,0.0,88.96,10111.0,3
2024-03-21,2524,Lemon_16,Fruit and vegetable,262.15,295.53,0.0,44.540000915527344,0.0,55.58,11034.0,3
2024-03-22,2524,Lemon_16,Fruit and vegetable,501.25,392.79,0.0,44.529998779296875,0.0,164.04,11672.0,3
2024-03-23,2524,Lemon_16,Fruit and vegetable,321.39,413.94,0.0,44.540000915527344,0.0,71.49,10153.0,3
2024-03-24,2524,Lemon_16,Fruit and vegetable,347.81,404.91,0.0,44.540000915527344,0.0,14.39,10824.0,3
2024-03-25,2524,Lemon_16,Fruit and vegetable,368.65,357.61,0.0,44.540000915527344,0.0,25.43,10530.0,3
2024-03-26,2524,Lemon_16,Fruit and vegetable,314.03,339.46,0.0,44.529998779296875,0.0,0.0,10879.0,3
2024-03-27,2524,Lemon_16,Fruit and vegetable,461.12,461.12,0.0,44.540000915527344,0.0,0.0,12451.0,3
2024-03-28,2524,Lemon_16,Fruit and vegetable,465.14,465.14,0.0,44.540000915527344,0.0,0.0,12938.0,3
2024-03-29,2524,Lemon_16,Fruit and vegetable,453.59,357.15,0.0,44.540000915527344,0.0,96.44,10045.0,3
2024-03-30,2524,Lemon_16,Fruit and vegetable,382.55,183.69,0.0,44.540000915527344,0.0,295.3,8440.0,3
2024-03-31,2524,Lemon_16,Fruit and vegetable,231.57,137.88,0.0,44.540000915527344,0.0,388.99,9558.0,3
2024-04-01,2524,Lemon_16,Fruit and vegetable,129.98,281.51,0.0,47.04999923706055,0.0,237.46,9826.0,3
2024-04-02,2524,Lemon_16,Fruit and vegetable,263.86,488.69,0.0,44.540000915527344,0.0,12.63,10261.0,3
2024-04-03,2524,Lemon_16,Fruit and vegetable,630.59,227.26,0.0,44.540000915527344,0.0,415.96,9938.0,3
2024-04-04,2524,Lemon_16,Fruit and vegetable,223.55,341.56,0.0,44.529998779296875,0.0,297.95,11179.0,3
2024-04-05,2524,Lemon_16,Fruit and vegetable,211.62,303.0,0.0,44.529998779296875,0.0,206.57,12214.0,3
2024-04-06,2524,Lemon_16,Fruit and vegetable,132.36,338.93,0.0,44.529998779296875,0.0,0.0,9690.0,3
2024-04-07,2524,Lemon_16,Fruit and vegetable,286.92,286.92,0.0,44.529998779296875,0.0,0.0,9684.0,3
2024-04-08,2524,Lemon_16,Fruit and vegetable,386.85,319.76,0.0,44.529998779296875,0.0,67.09,10147.0,3
2024-04-09,2524,Lemon_16,Fruit and vegetable,524.32,394.37,0.0,44.529998779296875,0.0,197.04,10198.0,3
2024-04-10,2524,Lemon_16,Fruit and vegetable,134.72,331.76,0.0,44.529998779296875,0.0,0.0,10762.0,3
2024-04-11,2524,Lemon_16,Fruit and vegetable,385.42,322.9,0.0,44.540000915527344,0.0,62.52,11005.0,3
2024-04-12,2524,Lemon_16,Fruit and vegetable,457.98,520.5,0.0,44.540000915527344,0.0,0.0,12008.0,3
2024-04-13,2524,Lemon_16,Fruit and vegetable,438.79,396.07,0.0,44.540000915527344,0.0,42.72,9772.0,3
2024-04-14,2524,Lemon_16,Fruit and vegetable,344.7,335.46,0.0,44.529998779296875,0.0,51.96,10033.0,3
2024-04-15,2524,Lemon_16,Fruit and vegetable,360.08,391.97,0.0,44.529998779296875,0.0,20.07,10806.0,3
2024-04-16,2524,Lemon_16,Fruit and vegetable,461.37,448.86,0.0,44.529998779296875,0.0,32.58,10398.0,3
2024-04-17,2524,Lemon_16,Fruit and vegetable,391.72,309.74,0.0,44.529998779296875,0.0,114.56,10170.0,3
2024-04-18,2524,Lemon_16,Fruit and vegetable,305.33,338.78,0.0,44.529998779296875,0.0,81.11,11244.0,3
2024-04-19,2524,Lemon_16,Fruit and vegetable,533.68,341.75,0.0,44.52000045776367,0.0,273.04,12858.0,3
2024-04-21,2524,Lemon_16,Fruit and vegetable,184.58,302.63,0.0,44.529998779296875,0.0,154.98,10309.0,3
2024-04-22,2524,Lemon_16,Fruit and vegetable,246.06,311.78,0.0,44.529998779296875,0.0,89.27,10488.0,3
2024-04-23,2524,Lemon_16,Fruit and vegetable,370.94,306.47,0.0,44.540000915527344,0.0,153.74,10195.0,3
2024-04-24,2524,Lemon_16,Fruit and vegetable,361.29,396.72,0.0,44.529998779296875,0.0,118.3,10255.0,3
2024-04-25,2524,Lemon_16,Fruit and vegetable,331.58,449.88,0.0,44.529998779296875,0.0,0.0,11238.0,3
2024-04-26,2524,Lemon_16,Fruit and vegetable,408.79,379.07,0.0,44.529998779296875,0.0,29.72,11988.0,3
2024-04-27,2524,Lemon_16,Fruit and vegetable,383.03,254.23,0.0,44.529998779296875,0.0,158.52,9223.0,3
2024-04-28,2524,Lemon_16,Fruit and vegetable,230.65,337.41,0.0,44.529998779296875,0.0,51.76,10142.0,3
2024-04-29,2524,Lemon_16,Fruit and vegetable,343.72,294.15,0.0,44.529998779296875,0.0,101.34,11011.0,3
2024-04-30,2524,Lemon_16,Fruit and vegetable,291.32,377.32,0.0,44.529998779296875,0.0,15.33,11142.0,3
2024-05-01,2524,Lemon_16,Fruit and vegetable,465.62,249.35,0.0,44.529998779296875,0.0,231.61,9874.0,3
2024-05-02,2524,Lemon_16,Fruit and vegetable,312.43,288.97,0.0,55.650001525878906,0.0,255.06,10795.0,3
2024-05-03,2524,Lemon_16,Fruit and vegetable,193.18,333.35,0.0,44.540000915527344,0.0,114.89,11872.0,3
2024-05-04,2524,Lemon_16,Fruit and vegetable,199.23,269.58,0.0,44.529998779296875,0.0,44.54,9787.0,3
2024-05-05,2524,Lemon_16,Fruit and vegetable,349.58,303.84,0.0,44.529998779296875,0.0,90.28,10036.0,3
2024-03-01,2551,Chicken_98,Meat and fish,48.1,48.1,0.0,141.00999450683594,0.035760000348091125,0.0,11812.0,4
2024-03-02,2551,Chicken_98,Meat and fish,48.1,21.33,0.0,141.00999450683594,0.05071999877691269,26.77,10054.0,4
2024-03-03,2551,Chicken_98,Meat and fish,45.56,10.47,0.0,141.63999938964844,0.022679999470710754,61.86,9613.0,4
2024-03-04,2551,Chicken_98,Meat and fish,11.03,21.12,0.0,141.0,0.0,51.77,9834.0,4
2024-03-05,2551,Chicken_98,Meat and fish,16.88,29.26,0.0,141.0,0.06870999932289124,39.39,9746.0,4
2024-03-06,2551,Chicken_98,Meat and fish,26.65,18.78,0.0,141.0,0.1792600005865097,47.26,9774.0,4
2024-03-07,2551,Chicken_98,Meat and fish,17.33,33.59,0.0,141.00999450683594,0.07393000274896622,31.0,11142.0,4
2024-03-08,2551,Chicken_98,Meat and fish,32.74,52.44,0.0,141.00999450683594,0.015250000171363354,11.3,11864.0,4
2024-03-09,2551,Chicken_98,Meat and fish,27.38,26.15,0.0,141.00999450683594,0.07058999687433243,12.53,10078.0,4
2024-03-10,2551,Chicken_98,Meat and fish,15.04,10.37,0.0,141.63999938964844,0.10399000346660614,17.2,10124.0,4
2024-03-11,2551,Chicken_98,Meat and fish,21.05,24.01,0.0,141.00999450683594,0.0,14.24,10122.0,4
2024-03-12,2551,Chicken_98,Meat and fish,31.92,22.79,0.0,141.0,0.055560000240802765,23.36,10267.0,4
2024-03-13,2551,Chicken_98,Meat and fish,13.63,36.99,0.0,141.0,0.08141999691724777,0.0,10214.0,4
2024-03-14,2551,Chicken_98,Meat and fish,50.53,44.1,0.0,141.00999450683594,0.05516999959945679,6.43,11286.0,4
2024-03-15,2551,Chicken_98,Meat and fish,64.35,44.0,0.0,141.00999450683594,0.17000000178813934,26.79,12108.0,4
2024-03-16,2551,Chicken_98,Meat and fish,15.31,22.69,0.0,141.0,0.052230000495910645,19.41,10102.0,4
2024-03-17,2551,Chicken_98,Meat and fish,7.21,10.36,0.0,141.63999938964844,0.07242000102996826,16.26,10186.0,4
2024-03-18,2551,Chicken_98,Meat and fish,24.0,39.75,0.0,141.00999450683594,0.0,0.51,10282.0,4
2024-03-19,2551,Chicken_98,Meat and fish,38.92,33.36,0.0,141.0,0.006570000201463699,6.07,9794.0,4
2024-03-20,2551,Chicken_98,Meat and fish,46.81,30.5,0.0,141.00999450683594,0.05268000066280365,22.38,10111.0,4
2024-03-21,2551,Chicken_98,Meat and fish,37.48,52.65,0.0,141.0,0.062470000237226486,7.21,11034.0,4
2024-03-22,2551,Chicken_98,Meat and fish,54.72,32.1,0.0,141.0,0.08144000172615051,29.83,11672.0,4
2024-03-23,2551,Chicken_98,Meat and fish,9.75,20.87,0.0,141.00999450683594,0.0767500028014183,18.71,10153.0,4
2024-03-24,2551,Chicken_98,Meat and fish,8.82,10.25,0.0,141.63999938964844,0.0926700010895729,17.28,10824.0,4
2024-03-25,2551,Chicken_98,Meat and fish,39.68,15.79,0.0,141.0,0.0,41.17,10530.0,4
2024-03-26,2551,Chicken_98,Meat and fish,10.69,51.86,0.0,141.00999450683594,0.037129998207092285,0.0,10879.0,4
2024-03-27,2551,Chicken_98,Meat and fish,52.63,52.63,0.0,141.00999450683594,0.02882000058889389,0.0,12451.0,4
2024-03-28,2551,Chicken_98,Meat and fish,76.51,57.47,0.0,141.00999450683594,0.08420000225305557,19.04,12938.0,4
2024-03-29,2551,Chicken_98,Meat and fish,38.05,15.55,0.0,141.00999450683594,0.08223000168800354,41.54,10045.0,4
2024-03-30,2551,Chicken_98,Meat and fish,5.97,10.95,0.0,141.0,0.054329998791217804,36.56,8440.0,4
2024-03-31,2551,Chicken_98,Meat and fish,1.86,3.34,0.0,141.63999938964844,0.30000001192092896,35.08,9558.0,4
2024-04-03,2551,Chicken_98,Meat and fish,43.62,39.56,33.22,141.00999450683594,0.0,5.92,9938.0,4
2024-04-04,2551,Chicken_98,Meat and fish,74.81,49.5,0.0,141.00999450683594,0.04425999894738197,31.23,11179.0,4
2024-04-05,2551,Chicken_98,Meat and fish,49.87,48.74,0.0,141.00999450683594,0.0,32.36,12214.0,4
2024-04-06,2551,Chicken_98,Meat and fish,52.89,38.24,0.0,141.0,0.030500000342726707,47.02,9690.0,4
2024-04-08,2551,Chicken_98,Meat and fish,0.0,31.42,0.0,141.00999450683594,0.0,15.6,10147.0,4
2024-04-09,2551,Chicken_98,Meat and fish,18.41,26.64,0.0,141.0,0.0,7.37,10198.0,4
2024-04-10,2551,Chicken_98,Meat and fish,16.26,23.46,0.0,141.00999450683594,0.08166000247001648,0.17,10762.0,4
2024-04-11,2551,Chicken_98,Meat and fish,52.44,41.58,0.0,141.0,0.053199999034404755,11.03,11005.0,4
2024-04-12,2551,Chicken_98,Meat and fish,51.67,61.56,0.0,141.00999450683594,0.03220999985933304,1.14,12008.0,4
2024-04-13,2551,Chicken_98,Meat and fish,64.63,21.03,0.0,141.0,0.059859998524188995,44.74,9772.0,4
2024-04-15,2551,Chicken_98,Meat and fish,11.37,15.41,0.0,141.0,0.04586999863386154,40.71,10806.0,4
2024-04-16,2551,Chicken_98,Meat and fish,10.7,34.61,0.0,141.0,0.05982000008225441,16.79,10398.0,4
2024-04-17,2551,Chicken_98,Meat and fish,29.88,14.51,0.0,141.00999450683594,0.08750999718904495,32.16,10170.0,4
2024-04-18,2551,Chicken_98,Meat and fish,13.01,41.21,0.0,141.00999450683594,0.06853999942541122,3.96,11244.0,4
2024-04-19,2551,Chicken_98,Meat and fish,59.5,36.82,0.0,141.00999450683594,0.1606599986553192,26.64,12858.0,4
2024-04-20,2551,Chicken_98,Meat and fish,56.4,12.97,0.0,141.0,0.060759998857975006,70.07,10666.0,4
2024-04-21,2551,Chicken_98,Meat and fish,0.0,9.33,0.0,141.63999938964844,0.08551999926567078,60.74,10309.0,4
2024-04-22,2551,Chicken_98,Meat and fish,0.0,32.33,0.0,141.00999450683594,0.0,28.41,10488.0,4
2024-04-23,2551,Chicken_98,Meat and fish,23.07,19.32,0.0,141.00999450683594,0.04751000180840492,32.16,10195.0,4
2024-04-24,2551,Chicken_98,Meat and fish,8.46,31.53,9.09,141.0,0.06904999911785126,0.0,10255.0,4
2024-04-25,2551,Chicken_98,Meat and fish,56.98,24.38,0.0,141.00999450683594,0.15910999476909637,32.6,11238.0,4
2024-04-26,2551,Chicken_98,Meat and fish,17.53,43.51,0.0,141.00999450683594,0.04089999943971634,6.62,11988.0,4
2024-04-27,2551,Chicken_98,Meat and fish,21.68,22.15,0.0,141.0,0.05663999915122986,6.16,9223.0,4
2024-04-28,2551,Chicken_98,Meat and fish,17.17,9.36,0.0,141.63999938964844,0.1024399995803833,13.96,10142.0,4
2024-04-29,2551,Chicken_98,Meat and fish,32.35,43.61,0.0,141.00999450683594,0.0,2.7,11011.0,4
2024-04-30,2551,Chicken_98,Meat and fish,56.53,59.23,0.0,141.00999450683594,0.0,0.0,11142.0,4
2024-05-01,2551,Chicken_98,Meat and fish,52.84,25.77,0.0,141.0,0.0,27.07,9874.0,4
2024-05-02,2551,Chicken_98,Meat and fish,18.94,37.04,0.0,141.00999450683594,0.0348999984562397,8.97,10795.0,4
2024-05-03,2551,Chicken_98,Meat and fish,55.72,46.12,0.0,141.0,0.0,18.57,11872.0,4
2024-05-04,2551,Chicken_98,Meat and fish,25.1,16.25,0.0,141.00999450683594,0.0623599998652935,27.42,9787.0,4
2024-05-05,2551,Chicken_98,Meat and fish,4.56,4.46,0.0,141.0,0.24687999486923218,27.53,10036.0,4
2024-03-01,2563,Pumpkin_21,Fruit and vegetable,49.48,49.48,0.0,122.12999725341797,0.0,0.0,11812.0,3
2024-03-02,2563,Pumpkin_21,Fruit and vegetable,49.48,43.37,0.0,122.12999725341797,0.0,6.11,10054.0,3
2024-03-03,2563,Pumpkin_21,Fruit and vegetable,48.9,35.08,0.0,122.11000061035156,0.0,19.93,9613.0,3
2024-03-04,2563,Pumpkin_21,Fruit and vegetable,38.8,52.2,0.0,122.12999725341797,0.0,6.53,9834.0,3
2024-03-05,2563,Pumpkin_21,Fruit and vegetable,52.67,42.41,0.0,122.12999725341797,0.0,16.79,9746.0,3
2024-03-06,2563,Pumpkin_21,Fruit and vegetable,41.24,34.41,0.0,122.11000061035156,0.0,23.62,9774.0,3
2024-03-07,2563,Pumpkin_21,Fruit and vegetable,35.15,51.32,0.0,122.12999725341797,0.0,7.45,11142.0,3
2024-03-08,2563,Pumpkin_21,Fruit and vegetable,53.98,61.43,0.0,122.12999725341797,0.0,0.0,11864.0,3
2024-03-09,2563,Pumpkin_21,Fruit and vegetable,55.93,53.29,0.0,122.12999725341797,0.0,2.64,10078.0,3
2024-03-10,2563,Pumpkin_21,Fruit and vegetable,49.99,52.63,0.0,122.12999725341797,0.0,0.0,10124.0,3
2024-03-11,2563,Pumpkin_21,Fruit and vegetable,63.34,43.6,0.0,122.12999725341797,0.0,19.74,10122.0,3
2024-03-12,2563,Pumpkin_21,Fruit and vegetable,34.05,35.07,0.0,122.12999725341797,0.0,18.73,10267.0,3
2024-03-13,2563,Pumpkin_21,Fruit and vegetable,28.58,39.86,0.0,122.12999725341797,0.0,7.45,10214.0,3
2024-03-14,2563,Pumpkin_21,Fruit and vegetable,55.48,49.41,0.0,122.12999725341797,0.0,13.52,11286.0,3
2024-03-15,2563,Pumpkin_21,Fruit and vegetable,59.41,49.13,0.0,122.12999725341797,0.0,23.8,12108.0,3
2024-03-16,2563,Pumpkin_21,Fruit and vegetable,38.25,52.4,0.0,122.12999725341797,0.0,9.65,10102.0,3
2024-03-17,2563,Pumpkin_21,Fruit and vegetable,51.55,44.17,0.0,122.11000061035156,0.0,17.03,10186.0,3
2024-03-18,2563,Pumpkin_21,Fruit and vegetable,34.29,48.68,0.0,122.12999725341797,0.0,2.65,10282.0,3
2024-03-19,2563,Pumpkin_21,Fruit and vegetable,54.08,56.73,0.0,122.11000061035156,0.0,0.0,9794.0,3
2024-03-20,2563,Pumpkin_21,Fruit and vegetable,46.82,38.86,0.0,122.11000061035156,0.0,7.96,10111.0,3
2024-03-21,2563,Pumpkin_21,Fruit and vegetable,48.76,46.19,0.0,122.11000061035156,0.0,10.53,11034.0,3
2024-03-22,2563,Pumpkin_21,Fruit and vegetable,45.96,26.99,0.0,122.12999725341797,0.0,29.51,11672.0,3
2024-03-23,2563,Pumpkin_21,Fruit and vegetable,35.37,32.67,0.0,122.11000061035156,0.0,32.21,10153.0,3
2024-03-24,2563,Pumpkin_21,Fruit and vegetable,31.39,63.6,0.0,122.12999725341797,0.0,0.0,10824.0,3
2024-03-25,2563,Pumpkin_21,Fruit and vegetable,65.31,52.27,0.0,122.11000061035156,0.0,13.04,10530.0,3
2024-03-26,2563,Pumpkin_21,Fruit and vegetable,60.64,13.52,0.0,122.11000061035156,0.0,60.15,10879.0,3
2024-03-27,2563,Pumpkin_21,Fruit and vegetable,0.04,38.74,0.0,122.11000061035156,0.0,21.45,12451.0,3
2024-03-28,2563,Pumpkin_21,Fruit and vegetable,46.07,55.33,0.0,122.11000061035156,0.0,12.19,12938.0,3
2024-03-29,2563,Pumpkin_21,Fruit and vegetable,37.38,37.29,0.0,122.11000061035156,0.0,12.28,10045.0,3
2024-03-30,2563,Pumpkin_21,Fruit and vegetable,41.81,15.95,0.0,122.11000061035156,0.0,38.14,8440.0,3
2024-03-31,2563,Pumpkin_21,Fruit and vegetable,50.13,23.68,0.0,122.11000061035156,0.0,64.59,9558.0,3
2024-04-01,2563,Pumpkin_21,Fruit and vegetable,9.05,53.57,0.0,122.11000061035156,0.0,20.08,9826.0,3
2024-04-02,2563,Pumpkin_21,Fruit and vegetable,44.2,64.28,0.0,122.11000061035156,0.0,0.0,10261.0,3
2024-04-03,2563,Pumpkin_21,Fruit and vegetable,61.22,56.33,0.0,122.11000061035156,0.0,4.89,9938.0,3
2024-04-04,2563,Pumpkin_21,Fruit and vegetable,73.97,38.87,0.0,122.11000061035156,0.0,39.99,11179.0,3
2024-04-05,2563,Pumpkin_21,Fruit and vegetable,19.95,32.4,0.0,122.11000061035156,0.0,27.54,12214.0,3
2024-04-06,2563,Pumpkin_21,Fruit and vegetable,11.42,23.97,0.0,122.11000061035156,0.0,15.0,9690.0,3
2024-04-07,2563,Pumpkin_21,Fruit and vegetable,29.57,25.22,0.0,122.12999725341797,0.0,19.35,9684.0,3
2024-04-08,2563,Pumpkin_21,Fruit and vegetable,54.75,27.74,0.0,122.12999725341797,0.0,46.36,10147.0,3
2024-04-09,2563,Pumpkin_21,Fruit and vegetable,38.31,17.54,0.0,122.11000061035156,0.0,67.13,10198.0,3
2024-04-10,2563,Pumpkin_21,Fruit and vegetable,5.53,40.52,0.0,122.12999725341797,0.0,32.14,10762.0,3
2024-04-11,2563,Pumpkin_21,Fruit and vegetable,17.35,31.39,0.0,122.12999725341797,0.0,18.1,11005.0,3
2024-04-12,2563,Pumpkin_21,Fruit and vegetable,24.71,42.81,0.0,122.12999725341797,0.0,0.0,12008.0,3
2024-04-13,2563,Pumpkin_21,Fruit and vegetable,35.61,34.37,0.0,122.11000061035156,0.0,1.24,9772.0,3
2024-04-14,2563,Pumpkin_21,Fruit and vegetable,35.26,26.22,0.0,122.11000061035156,0.0,10.28,10033.0,3
2024-04-15,2563,Pumpkin_21,Fruit and vegetable,30.62,40.9,0.0,122.11000061035156,0.0,0.0,10806.0,3
2024-04-16,2563,Pumpkin_21,Fruit and vegetable,29.27,27.57,0.0,122.11000061035156,0.0,1.7,10398.0,3
2024-04-17,2563,Pumpkin_21,Fruit and vegetable,47.44,35.92,0.0,122.11000061035156,0.0,13.21,10170.0,3
2024-04-18,2563,Pumpkin_21,Fruit and vegetable,26.23,27.72,0.0,122.11000061035156,0.0,11.72,11244.0,3
2024-04-19,2563,Pumpkin_21,Fruit and vegetable,45.38,57.1,0.0,122.11000061035156,0.0,0.0,12858.0,3
2024-04-20,2563,Pumpkin_21,Fruit and vegetable,48.26,28.89,0.0,122.11000061035156,0.0,19.37,10666.0,3
2024-04-21,2563,Pumpkin_21,Fruit and vegetable,25.18,44.55,0.0,122.11000061035156,0.0,0.0,10309.0,3
2024-04-22,2563,Pumpkin_21,Fruit and vegetable,54.89,24.18,0.0,122.11000061035156,0.0,30.71,10488.0,3
2024-04-23,2563,Pumpkin_21,Fruit and vegetable,12.04,27.91,0.0,122.11000061035156,0.0,14.83,10195.0,3
2024-04-24,2563,Pumpkin_21,Fruit and vegetable,36.21,41.42,0.0,122.11000061035156,0.0,9.63,10255.0,3
2024-04-25,2563,Pumpkin_21,Fruit and vegetable,33.52,23.21,0.0,122.12999725341797,0.0,19.94,11238.0,3
2024-04-26,2563,Pumpkin_21,Fruit and vegetable,53.38,19.6,0.0,122.11000061035156,0.0,53.72,11988.0,3
2024-04-27,2563,Pumpkin_21,Fruit and vegetable,0.0,19.45,0.0,122.12999725341797,0.0,34.27,9223.0,3
2024-04-28,2563,Pumpkin_21,Fruit and vegetable,23.42,30.66,0.0,122.11000061035156,0.0,27.03,10142.0,3
2024-04-29,2563,Pumpkin_21,Fruit and vegetable,21.69,45.11,3.61,122.11000061035156,0.0,0.0,11011.0,3
2024-04-30,2563,Pumpkin_21,Fruit and vegetable,41.01,24.18,0.0,122.11000061035156,0.0,16.83,11142.0,3
2024-05-01,2563,Pumpkin_21,Fruit and vegetable,37.95,22.48,0.0,122.12999725341797,0.0,32.29,9874.0,3
2024-05-02,2563,Pumpkin_21,Fruit and vegetable,2.52,29.49,0.0,122.12999725341797,0.0,5.33,10795.0,3
2024-05-03,2563,Pumpkin_21,Fruit and vegetable,31.48,36.81,0.0,122.12999725341797,0.0,0.0,11872.0,3
2024-05-04,2563,Pumpkin_21,Fruit and vegetable,30.86,14.01,0.0,122.11000061035156,0.0,16.85,9787.0,3
2024-05-05,2563,Pumpkin_21,Fruit and vegetable,26.76,25.89,0.0,122.11000061035156,0.0,17.72,10036.0,3
2024-03-01,2584,Roll_60,Bakery,96.22,96.22,0.0,13.25,0.0,0.0,12026.0,2
2024-03-02,2584,Roll_60,Bakery,96.22,91.03,0.0,13.25,0.0,5.19,10750.0,2
2024-03-03,2584,Roll_60,Bakery,95.73,73.43,0.0,13.25,0.0,27.49,10158.0,2
2024-03-04,2584,Roll_60,Bakery,84.02,66.26,0.0,13.25,0.0,45.25,9802.0,2
2024-03-05,2584,Roll_60,Bakery,69.14,85.95,0.0,13.25,0.0,28.44,9606.0,2
2024-03-06,2584,Roll_60,Bakery,83.7,58.51,0.0,13.25,0.0,53.63,9558.0,2
2024-03-07,2584,Roll_60,Bakery,61.59,65.43,0.0,13.25,0.0,49.79,10034.0,2
2024-03-08,2584,Roll_60,Bakery,64.9,106.2,0.0,13.25,0.0,8.49,12292.0,2
2024-03-09,2584,Roll_60,Bakery,104.24,70.43,0.0,13.25,0.0,42.3,10656.0,2
2024-03-10,2584,Roll_60,Bakery,51.74,77.21,0.0,13.25,0.0,16.84,10524.0,2
2024-03-11,2584,Roll_60,Bakery,70.03,73.29,0.0,13.25,0.0,13.58,10134.0,2
2024-03-12,2584,Roll_60,Bakery,92.37,49.56,0.0,13.25,0.0,56.39,10012.0,2
2024-03-13,2584,Roll_60,Bakery,62.87,119.26,0.0,13.25,0.0,0.0,9924.0,2
2024-03-14,2584,Roll_60,Bakery,96.39,38.73,0.0,13.25,0.0,57.66,10324.0,2
2024-03-15,2584,Roll_60,Bakery,85.16,80.5,0.0,13.25,0.0,62.32,12304.0,2
2024-03-16,2584,Roll_60,Bakery,40.93,64.53,0.0,13.25,0.0,38.72,10926.0,2
2024-03-17,2584,Roll_60,Bakery,71.55,47.28,0.0,13.25,0.0,62.98,10662.0,2
2024-03-18,2584,Roll_60,Bakery,45.16,62.29,0.0,13.25,0.0,45.85,10286.0,2
2024-03-19,2584,Roll_60,Bakery,39.17,62.4,0.69,13.25,0.0,21.93,9634.0,2
2024-03-20,2584,Roll_60,Bakery,130.98,65.25,0.0,13.25,0.0,87.66,9842.0,2
2024-03-21,2584,Roll_60,Bakery,0.0,72.49,0.0,13.25,0.0,15.17,10076.0,2
2024-03-22,2584,Roll_60,Bakery,101.94,101.94,15.17,13.25,0.0,0.0,12078.0,2
2024-03-23,2584,Roll_60,Bakery,85.98,82.08,0.0,13.25,0.0,3.9,10782.0,2
2024-03-24,2584,Roll_60,Bakery,78.95,82.85,0.0,13.25,0.0,0.0,10920.0,2
2024-03-25,2584,Roll_60,Bakery,80.81,45.94,0.0,13.25,0.0,34.87,10111.0,2
2024-03-26,2584,Roll_60,Bakery,50.43,49.63,0.0,13.25,0.0,35.68,9932.0,2
2024-03-27,2584,Roll_60,Bakery,54.85,67.87,0.0,13.25,0.0,22.65,10540.0,2
2024-03-28,2584,Roll_60,Bakery,74.97,82.62,0.0,13.25,0.0,15.0,13846.0,2
2024-03-29,2584,Roll_60,Bakery,112.61,106.37,0.0,13.25,0.0,21.24,12157.0,2
2024-03-30,2584,Roll_60,Bakery,87.91,61.76,0.0,13.25,0.0,47.39,8768.0,2
2024-03-31,2584,Roll_60,Bakery,62.64,93.52,0.0,13.25,0.0,16.51,9390.0,2
2024-04-01,2584,Roll_60,Bakery,58.32,67.04,0.0,13.25,0.0,7.79,10206.0,2
2024-04-02,2584,Roll_60,Bakery,66.99,73.91,0.0,13.25,0.0,0.87,10356.0,2
2024-04-03,2584,Roll_60,Bakery,87.66,50.05,0.0,13.25,0.0,38.48,9502.0,2
2024-04-04,2584,Roll_60,Bakery,68.83,44.23,0.0,13.25,0.0,63.08,10040.0,2
2024-04-05,2584,Roll_60,Bakery,72.02,92.27,0.0,13.25,0.0,42.83,12248.0,2
2024-04-06,2584,Roll_60,Bakery,43.41,65.14,0.0,13.25,0.0,21.11,10560.0,2
2024-04-07,2584,Roll_60,Bakery,96.68,77.29,0.0,13.25,0.0,40.5,10420.0,2
2024-04-08,2584,Roll_60,Bakery,47.45,58.36,0.0,13.25,0.0,29.59,10060.0,2
2024-04-09,2584,Roll_60,Bakery,65.66,46.18,0.0,13.25,0.0,49.07,9823.0,2
2024-04-10,2584,Roll_60,Bakery,37.08,86.15,0.0,13.25,0.0,0.0,10304.0,2
2024-04-11,2584,Roll_60,Bakery,68.41,49.3,0.0,13.25,0.0,19.11,10316.0,2
2024-04-12,2584,Roll_60,Bakery,96.13,96.96,0.0,13.25,0.0,18.28,12158.0,2
2024-04-13,2584,Roll_60,Bakery,71.26,68.37,0.0,13.25,0.0,21.17,10585.0,2
2024-04-14,2584,Roll_60,Bakery,80.45,75.71,0.0,13.25,0.0,25.91,10578.0,2
2024-04-15,2584,Roll_60,Bakery,56.64,58.94,0.0,13.25,0.0,23.61,10416.0,2
2024-04-16,2584,Roll_60,Bakery,60.9,84.51,0.0,13.25,0.0,0.0,10322.0,2
2024-04-17,2584,Roll_60,Bakery,107.42,70.04,0.0,13.25,0.0,37.38,10042.0,2
2024-04-18,2584,Roll_60,Bakery,32.14,61.77,0.0,13.25,0.0,7.74,10182.0,2
2024-04-19,2584,Roll_60,Bakery,106.26,81.68,0.0,13.25,0.0,32.32,12894.0,2
2024-04-20,2584,Roll_60,Bakery,48.44,80.76,0.0,13.25,0.0,0.0,11854.0,2
2024-04-21,2584,Roll_60,Bakery,88.59,75.87,0.0,13.25,0.0,12.72,10578.0,2
2024-04-22,2584,Roll_60,Bakery,60.29,73.01,0.0,13.25,0.0,0.0,10500.0,2
2024-04-23,2584,Roll_60,Bakery,94.58,46.05,0.0,13.25,0.0,48.53,9974.0,2
2024-04-24,2584,Roll_60,Bakery,37.5,59.48,0.0,13.25,0.0,26.56,10096.0,2
2024-04-25,2584,Roll_60,Bakery,51.98,68.89,0.0,13.25,0.0,9.64,10130.0,2
2024-04-26,2584,Roll_60,Bakery,88.38,89.1,0.0,13.25,0.0,8.93,12265.0,2
2024-04-27,2584,Roll_60,Bakery,90.0,47.52,0.0,13.25,0.0,51.4,10339.0,2
2024-04-28,2584,Roll_60,Bakery,44.5,82.42,0.0,13.25,0.0,13.48,10120.0,2
2024-04-29,2584,Roll_60,Bakery,80.69,58.68,0.0,13.25,0.0,35.49,10345.0,2
2024-04-30,2584,Roll_60,Bakery,36.92,72.41,0.0,13.25,0.0,0.0,11167.0,2
2024-05-01,2584,Roll_60,Bakery,77.97,61.33,0.0,13.25,0.0,16.64,10620.0,2
2024-05-02,2584,Roll_60,Bakery,70.52,63.65,0.0,13.25,0.0,23.5,9613.0,2
2024-05-03,2584,Roll_60,Bakery,84.01,46.4,0.0,13.25,0.0,61.12,12020.0,2
2024-05-04,2584,Roll_60,Bakery,20.01,81.13,0.0,13.25,0.0,0.0,10495.0,2
2024-05-05,2584,Roll_60,Bakery,106.17,106.17,0.0,13.25,0.0,0.0,10224.0,2
2024-03-01,2643,Pastry_201,Bakery,776.65,776.65,0.0,5.239999771118164,0.1512800008058548,0.0,12026.0,2
2024-03-02,2643,Pastry_201,Bakery,776.65,653.39,0.0,5.239999771118164,0.1512800008058548,123.26,10750.0,2
2024-03-03,2643,Pastry_201,Bakery,764.95,574.84,0.0,5.239999771118164,0.1512800008058548,313.37,10158.0,2
2024-03-04,2643,Pastry_201,Bakery,593.49,613.41,0.0,5.239999771118164,0.1512800008058548,293.45,9802.0,2
2024-03-05,2643,Pastry_201,Bakery,595.17,586.72,0.0,5.239999771118164,0.1512800008058548,301.9,9606.0,2
2024-03-06,2643,Pastry_201,Bakery,579.21,579.87,0.0,5.239999771118164,0.1512800008058548,301.24,9558.0,2
2024-03-07,2643,Pastry_201,Bakery,574.15,468.56,0.0,5.239999771118164,0.1512800008058548,406.83,10034.0,2
2024-03-08,2643,Pastry_201,Bakery,489.35,749.03,0.0,5.239999771118164,0.1512800008058548,147.15,12292.0,2
2024-03-09,2643,Pastry_201,Bakery,615.4,662.39,0.0,5.239999771118164,0.1512800008058548,100.16,10656.0,2
2024-03-10,2643,Pastry_201,Bakery,585.04,547.52,0.0,5.239999771118164,0.1512800008058548,137.68,10524.0,2
2024-03-11,2643,Pastry_201,Bakery,588.88,596.63,0.0,5.239999771118164,0.1512800008058548,129.93,10134.0,2
2024-03-12,2643,Pastry_201,Bakery,569.73,531.45,0.0,5.239999771118164,0.1512800008058548,168.21,10012.0,2
2024-03-13,2643,Pastry_201,Bakery,529.27,577.05,0.0,5.239999771118164,0.1512800008058548,120.43,9924.0,2
2024-03-14,2643,Pastry_201,Bakery,465.82,509.79,0.0,5.239999771118164,0.1512800008058548,76.46,10324.0,2
2024-03-15,2643,Pastry_201,Bakery,779.84,659.2,0.0,5.239999771118164,0.1512800008058548,197.09,12304.0,2
2024-03-16,2643,Pastry_201,Bakery,542.11,723.44,0.0,5.239999771118164,0.1512800008058548,15.76,10926.0,2
2024-03-17,2643,Pastry_201,Bakery,695.24,711.0,0.0,5.239999771118164,0.1512800008058548,0.0,10662.0,2
2024-03-18,2643,Pastry_201,Bakery,704.68,532.0,0.0,5.239999771118164,0.1512800008058548,172.68,10286.0,2
2024-03-19,2643,Pastry_201,Bakery,474.18,625.14,0.0,5.239999771118164,0.1512800008058548,21.72,9634.0,2
2024-03-20,2643,Pastry_201,Bakery,662.78,530.9,0.0,5.239999771118164,0.1512800008058548,153.6,9842.0,2
2024-03-21,2643,Pastry_201,Bakery,470.72,538.31,0.0,5.239999771118164,0.1512800008058548,86.01,10076.0,2
2024-03-22,2643,Pastry_201,Bakery,681.35,755.45,0.0,5.239999771118164,0.1512800008058548,11.91,12078.0,2
2024-03-23,2643,Pastry_201,Bakery,838.33,590.75,0.0,5.239999771118164,0.1512800008058548,259.49,10782.0,2
2024-03-24,2643,Pastry_201,Bakery,567.67,537.19,0.0,5.239999771118164,0.1512800008058548,289.97,10920.0,2
2024-03-25,2643,Pastry_201,Bakery,349.4,639.37,0.0,5.239999771118164,0.1512800008058548,0.0,10111.0,2
2024-03-26,2643,Pastry_201,Bakery,728.23,600.92,0.0,5.239999771118164,0.1512800008058548,127.31,9932.0,2
2024-03-27,2643,Pastry_201,Bakery,546.6,673.91,0.0,5.239999771118164,0.1512800008058548,0.0,10540.0,2
2024-03-28,2643,Pastry_201,Bakery,897.04,897.04,0.0,5.239999771118164,0.1512800008058548,0.0,13846.0,2
2024-03-29,2643,Pastry_201,Bakery,910.9,577.88,0.0,5.239999771118164,0.1512800008058548,333.02,12157.0,2
2024-03-30,2643,Pastry_201,Bakery,410.45,631.09,0.0,5.239999771118164,0.1512800008058548,112.37,8768.0,2
2024-03-31,2643,Pastry_201,Bakery,574.82,583.72,0.0,5.239999771118164,0.1512800008058548,103.47,9390.0,2
2024-04-01,2643,Pastry_201,Bakery,677.72,506.33,0.0,5.239999771118164,0.1512800008058548,274.86,10206.0,2
2024-04-02,2643,Pastry_201,Bakery,486.02,561.35,0.0,5.239999771118164,0.1512800008058548,199.53,10356.0,2
2024-04-03,2643,Pastry_201,Bakery,638.0,529.08,0.0,5.239999771118164,0.1512800008058548,308.45,9502.0,2
2024-04-04,2643,Pastry_201,Bakery,757.26,819.12,0.0,5.239999771118164,0.1512800008058548,246.59,10040.0,2
2024-04-05,2643,Pastry_201,Bakery,581.14,827.73,0.0,5.239999771118164,0.1512800008058548,0.0,12248.0,2
2024-04-06,2643,Pastry_201,Bakery,801.91,689.27,0.0,5.239999771118164,0.1512800008058548,112.64,10560.0,2
2024-04-07,2643,Pastry_201,Bakery,816.44,929.08,0.0,5.239999771118164,0.1512800008058548,0.0,10420.0,2
2024-04-08,2643,Pastry_201,Bakery,721.05,519.98,0.0,5.239999771118164,0.1512800008058548,201.07,10060.0,2
2024-04-09,2643,Pastry_201,Bakery,571.81,637.8,0.0,5.239999771118164,0.1512800008058548,135.08,9823.0,2
2024-04-10,2643,Pastry_201,Bakery,595.17,669.8,0.0,5.239999771118164,0.1512800008058548,60.45,10304.0,2
2024-04-11,2643,Pastry_201,Bakery,935.86,593.36,0.0,5.239999771118164,0.1512800008058548,402.95,10316.0,2
2024-04-12,2643,Pastry_201,Bakery,603.76,681.07,0.0,5.239999771118164,0.1512800008058548,325.64,12158.0,2
2024-04-13,2643,Pastry_201,Bakery,526.3,760.36,0.0,5.239999771118164,0.1512800008058548,91.58,10585.0,2
2024-04-14,2643,Pastry_201,Bakery,1005.5,619.18,0.0,5.239999771118164,0.1512800008058548,477.9,10578.0,2
2024-04-15,2643,Pastry_201,Bakery,146.18,624.08,0.0,5.239999771118164,0.1512800008058548,0.0,10416.0,2
2024-04-16,2643,Pastry_201,Bakery,708.56,532.33,0.0,5.239999771118164,0.1512800008058548,176.23,10322.0,2
2024-04-17,2643,Pastry_201,Bakery,586.34,511.3,0.0,5.239999771118164,0.1512800008058548,251.27,10042.0,2
2024-04-18,2643,Pastry_201,Bakery,451.22,614.11,0.0,5.239999771118164,0.1512800008058548,88.38,10182.0,2
2024-04-19,2643,Pastry_201,Bakery,701.03,668.78,0.0,5.239999771118164,0.1512800008058548,120.63,12894.0,2
2024-04-20,2643,Pastry_201,Bakery,746.34,639.99,0.0,5.239999771118164,0.1512800008058548,226.98,11854.0,2
2024-04-21,2643,Pastry_201,Bakery,465.94,543.54,0.0,5.239999771118164,0.1512800008058548,149.37,10578.0,2
2024-04-22,2643,Pastry_201,Bakery,552.43,633.76,0.0,5.239999771118164,0.1512800008058548,68.05,10500.0,2
2024-04-23,2643,Pastry_201,Bakery,543.28,578.39,0.0,5.239999771118164,0.1512800008058548,32.93,9974.0,2
2024-04-24,2643,Pastry_201,Bakery,550.73,429.5,0.0,5.239999771118164,0.1512800008058548,154.16,10096.0,2
2024-04-25,2643,Pastry_201,Bakery,563.39,500.62,0.0,5.239999771118164,0.1512800008058548,216.93,10130.0,2
2024-04-26,2643,Pastry_201,Bakery,561.51,701.77,0.0,5.239999771118164,0.1512800008058548,76.68,12265.0,2
2024-04-27,2643,Pastry_201,Bakery,681.84,577.32,0.0,5.239999771118164,0.1512800008058548,181.2,10339.0,2
2024-04-28,2643,Pastry_201,Bakery,514.78,695.98,0.0,5.239999771118164,0.1512800008058548,0.0,10120.0,2
2024-04-29,2643,Pastry_201,Bakery,761.4,551.78,0.0,5.239999771118164,0.1512800008058548,209.62,10345.0,2
2024-04-30,2643,Pastry_201,Bakery,494.57,566.17,0.0,5.239999771118164,0.0,138.01,11167.0,2
2024-05-01,2643,Pastry_201,Bakery,417.37,495.87,0.0,5.239999771118164,0.0,59.51,10620.0,2
2024-05-02,2643,Pastry_201,Bakery,548.87,483.61,0.0,5.239999771118164,0.0,124.77,9613.0,2
2024-05-03,2643,Pastry_201,Bakery,688.61,501.76,0.0,5.239999771118164,0.0,311.62,12020.0,2
2024-05-04,2643,Pastry_201,Bakery,359.05,602.17,0.0,5.239999771118164,0.0,68.5,10495.0,2
2024-05-05,2643,Pastry_201,Bakery,723.32,744.27,0.0,5.239999771118164,0.0,47.56,10224.0,2
2024-03-01,2662,Raspberry_12,Fruit and vegetable,210.91,210.91,0.0,120.36000061035156,0.0,0.0,11812.0,3
2024-03-02,2662,Raspberry_12,Fruit and vegetable,210.91,102.41,0.0,120.36000061035156,0.0,108.5,10054.0,3
2024-03-03,2662,Raspberry_12,Fruit and vegetable,200.61,143.32,0.0,120.36000061035156,0.0,165.79,9613.0,3
2024-03-04,2662,Raspberry_12,Fruit and vegetable,115.25,175.42,0.0,120.36000061035156,0.0,105.63,9834.0,3
2024-03-06,2662,Raspberry_12,Fruit and vegetable,164.44,108.07,0.0,120.36000061035156,0.0,162.0,9774.0,3
2024-03-07,2662,Raspberry_12,Fruit and vegetable,107.58,173.85,0.0,120.36000061035156,0.0,95.73,11142.0,3
2024-03-08,2662,Raspberry_12,Fruit and vegetable,169.36,167.26,0.0,120.36000061035156,0.0,97.84,11864.0,3
2024-03-09,2662,Raspberry_12,Fruit and vegetable,163.06,189.18,0.0,120.36000061035156,0.0,71.72,10078.0,3
2024-03-10,2662,Raspberry_12,Fruit and vegetable,110.23,181.95,0.0,120.36000061035156,0.0,0.0,10124.0,3
2024-03-11,2662,Raspberry_12,Fruit and vegetable,179.29,159.24,0.0,120.36000061035156,0.0,20.05,10122.0,3
2024-03-13,2662,Raspberry_12,Fruit and vegetable,189.79,107.2,0.0,120.36000061035156,0.0,102.64,10214.0,3
2024-03-14,2662,Raspberry_12,Fruit and vegetable,117.7,220.34,0.0,120.36000061035156,0.0,0.0,11286.0,3
2024-03-15,2662,Raspberry_12,Fruit and vegetable,260.94,260.94,0.0,120.36000061035156,0.0,0.0,12108.0,3
2024-03-29,2662,Raspberry_12,Fruit and vegetable,229.23,182.4,0.0,120.36000061035156,0.0,46.83,10045.0,3
2024-03-30,2662,Raspberry_12,Fruit and vegetable,203.65,111.73,0.0,120.36000061035156,0.0,138.75,8440.0,3
2024-03-31,2662,Raspberry_12,Fruit and vegetable,114.07,117.85,0.0,120.36000061035156,0.0,134.97,9558.0,3
2024-04-01,2662,Raspberry_12,Fruit and vegetable,100.0,175.84,0.0,120.36000061035156,0.0,59.13,9826.0,3
2024-04-02,2662,Raspberry_12,Fruit and vegetable,150.6,209.73,0.0,120.36000061035156,0.0,0.0,10261.0,3
2024-04-03,2662,Raspberry_12,Fruit and vegetable,289.58,196.74,0.0,120.36000061035156,0.0,92.84,9938.0,3
2024-04-04,2662,Raspberry_12,Fruit and vegetable,234.73,184.17,0.0,120.36000061035156,0.0,143.4,11179.0,3
2024-04-05,2662,Raspberry_12,Fruit and vegetable,87.96,180.48,0.0,120.36000061035156,0.0,50.88,12214.0,3
2024-04-06,2662,Raspberry_12,Fruit and vegetable,109.67,118.25,0.0,120.36000061035156,0.0,42.3,9690.0,3
2024-04-07,2662,Raspberry_12,Fruit and vegetable,122.38,102.09,0.0,120.36000061035156,0.0,62.58,9684.0,3
2024-04-08,2662,Raspberry_12,Fruit and vegetable,165.13,206.61,0.0,120.36000061035156,0.0,21.1,10147.0,3
2024-04-09,2662,Raspberry_12,Fruit and vegetable,243.99,218.3,0.0,120.36000061035156,0.0,46.79,10198.0,3
2024-04-11,2662,Raspberry_12,Fruit and vegetable,207.07,194.86,0.0,120.36000061035156,0.0,59.0,11005.0,3
2024-04-12,2662,Raspberry_12,Fruit and vegetable,182.08,199.36,0.0,120.36000061035156,0.0,41.72,12008.0,3
2024-04-13,2662,Raspberry_12,Fruit and vegetable,232.1,273.82,0.0,120.36000061035156,0.0,0.0,9772.0,3
2024-04-14,2662,Raspberry_12,Fruit and vegetable,194.07,122.09,0.0,120.36000061035156,0.0,71.98,10033.0,3
2024-04-15,2662,Raspberry_12,Fruit and vegetable,104.99,174.71,0.0,120.36000061035156,0.0,2.25,10806.0,3
2024-04-16,2662,Raspberry_12,Fruit and vegetable,262.9,174.09,0.0,120.36000061035156,0.0,91.06,10398.0,3
2024-04-17,2662,Raspberry_12,Fruit and vegetable,186.66,120.5,0.0,120.36000061035156,0.0,157.22,10170.0,3
2024-04-18,2662,Raspberry_12,Fruit and vegetable,104.47,157.97,0.0,120.36000061035156,0.0,103.72,11244.0,3
2024-04-19,2662,Raspberry_12,Fruit and vegetable,162.6,223.01,0.0,120.36000061035156,0.0,43.31,12858.0,3
2024-04-20,2662,Raspberry_12,Fruit and vegetable,300.75,215.35,0.0,120.36000061035156,0.0,128.71,10666.0,3
2024-04-21,2662,Raspberry_12,Fruit and vegetable,49.15,177.86,0.0,120.36000061035156,0.0,0.0,10309.0,3
2024-04-22,2662,Raspberry_12,Fruit and vegetable,218.91,208.95,0.0,120.36000061035156,0.0,9.96,10488.0,3
2024-04-23,2662,Raspberry_12,Fruit and vegetable,210.75,151.35,0.0,120.36000061035156,0.0,69.36,10195.0,3
2024-04-24,2662,Raspberry_12,Fruit and vegetable,100.12,135.71,0.0,120.36000061035156,0.0,33.77,10255.0,3
2024-04-25,2662,Raspberry_12,Fruit and vegetable,233.59,267.36,0.0,120.36000061035156,0.0,0.0,11238.0,3
2024-04-26,2662,Raspberry_12,Fruit and vegetable,281.0,180.52,0.0,120.36000061035156,0.0,100.48,11988.0,3
2024-04-27,2662,Raspberry_12,Fruit and vegetable,171.3,199.56,0.0,120.36000061035156,0.0,72.21,9223.0,3
2024-04-28,2662,Raspberry_12,Fruit and vegetable,160.71,160.7,0.0,120.36000061035156,0.0,72.22,10142.0,3
2024-04-29,2662,Raspberry_12,Fruit and vegetable,193.32,132.37,0.0,120.36000061035156,0.0,133.17,11011.0,3
2024-04-30,2662,Raspberry_12,Fruit and vegetable,78.41,172.11,0.0,120.36000061035156,0.0,39.48,11142.0,3
2024-05-01,2662,Raspberry_12,Fruit and vegetable,155.03,136.63,0.0,120.36000061035156,0.0,57.88,9874.0,3
2024-05-03,2662,Raspberry_12,Fruit and vegetable,268.1,206.59,0.0,120.36000061035156,0.0,119.39,11872.0,3
2024-05-04,2662,Raspberry_12,Fruit and vegetable,97.87,135.09,0.0,120.36000061035156,0.0,82.17,9787.0,3
2024-05-05,2662,Raspberry_12,Fruit and vegetable,156.97,152.17,0.0,120.36000061035156,0.0,86.97,10036.0,3
2024-03-01,271,Roll_8,Bakery,2275.08,2275.08,0.0,4.510000228881836,0.0,0.0,12026.0,2
2024-03-02,271,Roll_8,Bakery,2275.08,1594.66,0.0,4.510000228881836,0.0,680.42,10750.0,2
2024-03-03,271,Roll_8,Bakery,2210.51,1570.91,0.0,4.510000228881836,0.0,1320.02,10158.0,2
2024-03-04,271,Roll_8,Bakery,1466.9,1577.99,0.0,4.510000228881836,0.0,1208.93,9802.0,2
2024-03-05,271,Roll_8,Bakery,1510.43,1530.54,0.0,4.510000228881836,0.0,1188.81,9606.0,2
2024-03-06,271,Roll_8,Bakery,1491.84,1622.15,0.0,4.510000228881836,0.0,1058.51,9558.0,2
2024-03-07,271,Roll_8,Bakery,1582.21,1535.8,0.0,4.510000228881836,0.0,1104.92,10034.0,2
2024-03-08,271,Roll_8,Bakery,1512.74,2317.46,0.0,4.510000228881836,0.0,300.2,12292.0,2
2024-03-09,271,Roll_8,Bakery,1657.41,1940.9,0.0,4.510000228881836,0.0,16.71,10656.0,2
2024-03-10,271,Roll_8,Bakery,1933.59,1695.21,0.0,4.510000228881836,0.0,255.09,10524.0,2
2024-03-11,271,Roll_8,Bakery,1692.89,1696.0,0.0,4.510000228881836,0.0,251.98,10134.0,2
2024-03-12,271,Roll_8,Bakery,1638.2,1776.71,0.0,4.510000228881836,0.0,113.47,10012.0,2
2024-03-13,271,Roll_8,Bakery,1843.83,1746.5,0.0,4.510000228881836,0.0,210.8,9924.0,2
2024-03-14,271,Roll_8,Bakery,1647.52,1670.78,0.0,4.510000228881836,0.0,187.54,10324.0,2
2024-03-15,271,Roll_8,Bakery,2426.0,2171.13,0.0,4.510000228881836,0.0,442.41,12304.0,2
2024-03-16,271,Roll_8,Bakery,1731.09,1454.47,0.0,4.510000228881836,0.0,719.04,10926.0,2
2024-03-17,271,Roll_8,Bakery,1251.39,1664.89,0.0,4.510000228881836,0.0,305.54,10662.0,2
2024-03-18,271,Roll_8,Bakery,1667.54,1664.71,0.0,4.510000228881836,0.0,308.37,10286.0,2
2024-03-19,271,Roll_8,Bakery,1747.19,1722.5,0.0,4.510000228881836,0.0,333.06,9634.0,2
2024-03-20,271,Roll_8,Bakery,1691.34,1441.77,0.0,4.510000228881836,0.0,582.63,9842.0,2
2024-03-21,271,Roll_8,Bakery,1397.76,1683.16,0.0,4.510000228881836,0.0,297.23,10076.0,2
2024-03-22,271,Roll_8,Bakery,2183.42,2221.56,0.0,4.510000228881836,0.0,259.09,12078.0,2
2024-03-23,271,Roll_8,Bakery,1526.68,1639.41,0.0,4.510000228881836,0.0,146.36,10782.0,2
2024-03-24,271,Roll_8,Bakery,1824.54,1774.64,0.0,4.510000228881836,0.0,196.26,10920.0,2
2024-03-25,271,Roll_8,Bakery,1773.7,1795.42,0.0,4.510000228881836,0.0,174.54,10111.0,2
2024-03-26,271,Roll_8,Bakery,1851.49,1563.45,0.0,4.510000228881836,0.0,462.58,9932.0,2
2024-03-27,271,Roll_8,Bakery,1310.26,1772.84,0.0,4.510000228881836,0.0,0.0,10540.0,2
2024-03-28,271,Roll_8,Bakery,2922.45,2922.45,0.0,4.510000228881836,0.0,0.0,13846.0,2
2024-03-29,271,Roll_8,Bakery,2828.96,2603.74,0.0,4.510000228881836,0.0,225.22,12157.0,2
2024-03-30,271,Roll_8,Bakery,2091.4,2104.61,0.0,4.510000228881836,0.0,212.02,8768.0,2
2024-03-31,271,Roll_8,Bakery,2206.87,2041.92,0.0,4.510000228881836,0.0,376.96,9390.0,2
2024-04-01,271,Roll_8,Bakery,2041.09,2028.85,0.0,4.510000228881836,0.0,389.2,10206.0,2
2024-04-02,271,Roll_8,Bakery,1773.99,1991.99,0.0,4.510000228881836,0.0,171.21,10356.0,2
2024-04-03,271,Roll_8,Bakery,2117.2,1526.47,0.0,4.510000228881836,0.0,761.94,9502.0,2
2024-04-04,271,Roll_8,Bakery,2742.55,1579.86,0.0,4.510000228881836,0.0,1924.63,10040.0,2
2024-04-05,271,Roll_8,Bakery,1139.65,2286.73,0.0,4.510000228881836,0.0,777.54,12248.0,2
2024-04-06,271,Roll_8,Bakery,1684.92,1797.08,0.0,4.510000228881836,0.0,665.38,10560.0,2
2024-04-07,271,Roll_8,Bakery,1725.93,1643.51,0.0,4.510000228881836,0.0,747.8,10420.0,2
2024-04-08,271,Roll_8,Bakery,1637.25,1517.49,0.0,4.510000228881836,0.0,867.57,10060.0,2
2024-04-09,271,Roll_8,Bakery,1490.93,1616.39,0.0,4.510000228881836,0.0,742.11,9823.0,2
2024-04-10,271,Roll_8,Bakery,1131.4,1582.23,0.0,4.510000228881836,0.0,291.28,10304.0,2
2024-04-11,271,Roll_8,Bakery,1628.56,1586.4,0.0,4.510000228881836,0.0,333.44,10316.0,2
2024-04-12,271,Roll_8,Bakery,2292.56,2255.21,0.0,4.510000228881836,0.0,370.79,12158.0,2
2024-04-13,271,Roll_8,Bakery,1751.18,1667.16,0.0,4.510000228881836,0.0,454.82,10585.0,2
2024-04-14,271,Roll_8,Bakery,1510.59,1535.64,0.0,4.510000228881836,0.0,429.77,10578.0,2
2024-04-15,271,Roll_8,Bakery,1418.48,1612.06,0.0,4.510000228881836,0.0,236.19,10416.0,2
2024-04-16,271,Roll_8,Bakery,1781.01,2017.2,0.0,4.510000228881836,0.0,0.0,10322.0,2
2024-04-17,271,Roll_8,Bakery,1934.09,1496.37,0.0,4.510000228881836,0.0,437.72,10042.0,2
2024-04-18,271,Roll_8,Bakery,1513.97,1606.11,0.0,4.510000228881836,0.0,345.58,10182.0,2
2024-04-19,271,Roll_8,Bakery,2272.8,2389.23,0.0,4.510000228881836,0.0,229.14,12894.0,2
2024-04-20,271,Roll_8,Bakery,1854.79,1911.29,0.0,4.510000228881836,0.0,172.64,11854.0,2
2024-04-21,271,Roll_8,Bakery,1781.57,1808.53,0.0,4.510000228881836,0.0,145.68,10578.0,2
2024-04-22,271,Roll_8,Bakery,1858.7,1378.11,0.0,4.510000228881836,0.0,626.27,10500.0,2
2024-04-23,271,Roll_8,Bakery,1832.67,1659.68,0.0,4.510000228881836,0.0,799.26,9974.0,2
2024-04-24,271,Roll_8,Bakery,1124.7,1490.01,0.0,4.510000228881836,0.0,433.95,10096.0,2
2024-04-25,271,Roll_8,Bakery,1600.79,1686.86,0.0,4.510000228881836,0.0,347.88,10130.0,2
2024-04-26,271,Roll_8,Bakery,2464.37,2200.09,0.0,4.510000228881836,0.0,612.16,12265.0,2
2024-04-27,271,Roll_8,Bakery,1648.95,1869.47,0.0,4.510000228881836,0.0,391.64,10339.0,2
2024-04-28,271,Roll_8,Bakery,1761.45,1826.69,0.0,4.510000228881836,0.0,326.41,10120.0,2
2024-04-29,271,Roll_8,Bakery,1506.05,1832.46,0.0,4.510000228881836,0.0,0.0,10345.0,2
2024-04-30,271,Roll_8,Bakery,2012.93,2012.93,0.0,4.510000228881836,0.0,0.0,11167.0,2
2024-05-01,271,Roll_8,Bakery,2356.95,2356.95,0.0,4.510000228881836,0.0,0.0,10620.0,2
2024-05-02,271,Roll_8,Bakery,1988.97,1533.8,0.0,4.510000228881836,0.0,455.17,9613.0,2
2024-05-03,271,Roll_8,Bakery,2091.86,2000.18,0.0,4.510000228881836,0.0,546.85,12020.0,2
2024-05-04,271,Roll_8,Bakery,1642.22,1792.47,0.0,4.510000228881836,0.0,396.6,10495.0,2
2024-05-05,271,Roll_8,Bakery,1755.07,1885.36,0.0,4.510000228881836,0.0,266.31,10224.0,2
2024-03-01,298,Tortilla_1,Bakery,79.25,79.25,0.0,59.099998474121094,0.0,0.0,11812.0,2
2024-03-02,298,Tortilla_1,Bakery,79.25,45.99,0.0,59.099998474121094,0.0,33.26,10054.0,2
2024-03-03,298,Tortilla_1,Bakery,76.09,65.99,0.0,59.099998474121094,0.0,43.36,9613.0,2
2024-03-04,298,Tortilla_1,Bakery,57.32,42.63,0.0,59.099998474121094,0.0,58.05,9834.0,2
2024-03-05,298,Tortilla_1,Bakery,44.04,33.8,0.73,59.099998474121094,0.0,67.56,9746.0,2
2024-03-06,298,Tortilla_1,Bakery,59.0,64.01,23.52,59.099998474121094,0.0,39.03,9774.0,2
2024-03-07,298,Tortilla_1,Bakery,62.19,67.8,0.0,59.099998474121094,0.0,33.42,11142.0,2
2024-03-08,298,Tortilla_1,Bakery,66.78,53.37,0.0,59.099998474121094,0.0,46.83,11864.0,2
2024-03-09,298,Tortilla_1,Bakery,15.96,56.58,0.0,59.099998474121094,0.0,6.21,10078.0,2
2024-03-10,298,Tortilla_1,Bakery,76.08,70.66,0.0,59.099998474121094,0.0,11.63,10124.0,2
2024-03-11,298,Tortilla_1,Bakery,48.3,45.94,0.0,59.099998474121094,0.0,13.99,10122.0,2
2024-03-12,298,Tortilla_1,Bakery,44.16,58.15,0.0,59.099998474121094,0.0,0.0,10267.0,2
2024-03-13,298,Tortilla_1,Bakery,75.04,61.73,0.0,59.099998474121094,0.0,13.31,10214.0,2
2024-03-14,298,Tortilla_1,Bakery,65.32,62.46,0.0,59.099998474121094,0.0,16.17,11286.0,2
2024-03-15,298,Tortilla_1,Bakery,55.93,72.1,0.0,59.099998474121094,0.0,0.0,12108.0,2
2024-03-16,298,Tortilla_1,Bakery,67.95,45.95,0.0,59.099998474121094,0.0,22.0,10102.0,2
2024-03-17,298,Tortilla_1,Bakery,62.15,70.59,0.0,59.099998474121094,0.0,13.56,10186.0,2
2024-03-18,298,Tortilla_1,Bakery,45.85,51.09,0.0,59.099998474121094,0.0,8.32,10282.0,2
2024-03-19,298,Tortilla_1,Bakery,62.05,46.21,0.0,59.099998474121094,0.0,24.16,9794.0,2
2024-03-20,298,Tortilla_1,Bakery,51.59,51.24,0.0,59.099998474121094,0.0,24.52,10111.0,2
2024-03-21,298,Tortilla_1,Bakery,52.24,52.24,0.0,59.099998474121094,0.0,24.52,11034.0,2
2024-03-22,298,Tortilla_1,Bakery,61.69,69.03,0.0,59.099998474121094,0.0,17.18,11672.0,2
2024-03-23,298,Tortilla_1,Bakery,41.95,52.97,0.0,59.099998474121094,0.0,6.16,10153.0,2
2024-03-24,298,Tortilla_1,Bakery,76.67,45.41,0.0,59.099998474121094,0.0,37.42,10824.0,2
2024-03-25,298,Tortilla_1,Bakery,32.77,70.19,0.0,59.099998474121094,0.15244999527931213,0.0,10530.0,2
2024-03-26,298,Tortilla_1,Bakery,139.61,139.61,0.0,59.099998474121094,0.15244999527931213,0.0,10879.0,2
2024-03-27,298,Tortilla_1,Bakery,107.72,107.72,0.0,59.099998474121094,0.15244999527931213,0.0,12451.0,2
2024-03-28,298,Tortilla_1,Bakery,139.47,139.47,0.0,59.099998474121094,0.15244999527931213,0.0,12938.0,2
2024-03-29,298,Tortilla_1,Bakery,119.72,79.61,0.0,59.099998474121094,0.15244999527931213,40.11,10045.0,2
2024-03-30,298,Tortilla_1,Bakery,62.65,42.13,0.0,59.099998474121094,0.15244999527931213,60.63,8440.0,2
2024-03-31,298,Tortilla_1,Bakery,37.03,92.85,0.0,59.099998474121094,0.15244999527931213,4.81,9558.0,2
2024-04-01,298,Tortilla_1,Bakery,111.46,47.96,0.0,59.099998474121094,0.0,68.31,9826.0,2
2024-04-02,298,Tortilla_1,Bakery,121.81,52.87,0.0,59.099998474121094,0.0,137.25,10261.0,2
2024-04-03,298,Tortilla_1,Bakery,31.66,65.58,15.44,59.099998474121094,0.0,87.89,9938.0,2
2024-04-04,298,Tortilla_1,Bakery,151.17,59.07,56.23,59.099998474121094,0.0,123.75,11179.0,2
2024-04-05,298,Tortilla_1,Bakery,0.0,70.29,0.0,59.099998474121094,0.0,53.46,12214.0,2
2024-04-06,298,Tortilla_1,Bakery,63.77,58.77,53.46,59.099998474121094,0.0,5.0,9690.0,2
2024-04-07,298,Tortilla_1,Bakery,106.74,53.43,0.0,59.099998474121094,0.0,58.31,9684.0,2
2024-04-08,298,Tortilla_1,Bakery,0.0,40.62,0.0,59.099998474121094,0.0,17.69,10147.0,2
2024-04-09,298,Tortilla_1,Bakery,65.18,52.93,17.69,59.099998474121094,0.0,12.25,10198.0,2
2024-04-10,298,Tortilla_1,Bakery,71.66,83.91,0.0,59.099998474121094,0.0,0.0,10762.0,2
2024-04-11,298,Tortilla_1,Bakery,76.78,55.74,0.0,59.099998474121094,0.0,21.04,11005.0,2
2024-04-12,298,Tortilla_1,Bakery,67.07,63.59,0.0,59.099998474121094,0.0,24.52,12008.0,2
2024-04-13,298,Tortilla_1,Bakery,51.23,74.68,0.0,59.099998474121094,0.0,1.07,9772.0,2
2024-04-14,298,Tortilla_1,Bakery,73.25,74.32,0.0,59.099998474121094,0.0,0.0,10033.0,2
2024-04-15,298,Tortilla_1,Bakery,59.85,48.92,0.0,59.099998474121094,0.0,10.93,10806.0,2
2024-04-16,298,Tortilla_1,Bakery,58.77,52.75,0.0,59.099998474121094,0.0,16.95,10398.0,2
2024-04-17,298,Tortilla_1,Bakery,83.77,79.44,0.0,59.099998474121094,0.0,21.28,10170.0,2
2024-04-18,298,Tortilla_1,Bakery,51.63,72.91,0.0,59.099998474121094,0.0,0.0,11244.0,2
2024-04-19,298,Tortilla_1,Bakery,98.74,98.74,0.0,59.099998474121094,0.0,0.0,12858.0,2
2024-04-20,298,Tortilla_1,Bakery,96.14,63.03,0.0,59.099998474121094,0.0,33.11,10666.0,2
2024-04-21,298,Tortilla_1,Bakery,62.96,59.87,0.0,59.099998474121094,0.0,36.2,10309.0,2
2024-04-22,298,Tortilla_1,Bakery,34.81,52.68,0.0,59.099998474121094,0.0,18.33,10488.0,2
2024-04-23,298,Tortilla_1,Bakery,55.68,35.29,0.0,59.099998474121094,0.0,38.73,10195.0,2
2024-04-24,298,Tortilla_1,Bakery,66.67,74.03,0.0,59.099998474121094,0.0,31.37,10255.0,2
2024-04-25,298,Tortilla_1,Bakery,66.86,55.56,0.0,59.099998474121094,0.0,42.66,11238.0,2
2024-04-26,298,Tortilla_1,Bakery,81.34,72.21,0.0,59.099998474121094,0.0,51.8,11988.0,2
2024-04-27,298,Tortilla_1,Bakery,28.01,39.55,0.0,59.099998474121094,0.0,40.26,9223.0,2
2024-04-28,298,Tortilla_1,Bakery,50.79,61.81,12.25,59.099998474121094,0.0,16.99,10142.0,2
2024-04-29,298,Tortilla_1,Bakery,57.9,74.89,0.0,59.099998474121094,0.0,0.0,11011.0,2
2024-04-30,298,Tortilla_1,Bakery,57.37,57.37,0.0,59.099998474121094,0.0,0.0,11142.0,2
2024-05-01,298,Tortilla_1,Bakery,90.4,23.07,0.0,59.099998474121094,0.0,67.33,9874.0,2
2024-05-02,298,Tortilla_1,Bakery,11.61,52.42,0.0,59.099998474121094,0.0,26.52,10795.0,2
2024-05-03,298,Tortilla_1,Bakery,84.01,55.09,14.91,59.099998474121094,0.0,40.53,11872.0,2
2024-05-04,298,Tortilla_1,Bakery,23.46,63.99,0.0,59.099998474121094,0.0,0.0,9787.0,2
2024-05-05,298,Tortilla_1,Bakery,82.4,49.54,0.0,59.099998474121094,0.0,32.86,10036.0,2
2024-03-01,306,Celery_4,Fruit and vegetable,368.28,368.28,0.0,20.84000015258789,0.0,0.0,11812.0,3
2024-03-02,306,Celery_4,Fruit and vegetable,368.28,343.68,0.0,20.84000015258789,0.0,24.6,10054.0,3
2024-03-03,306,Celery_4,Fruit and vegetable,365.95,208.72,0.0,20.84000015258789,0.0,181.83,9613.0,3
2024-03-04,306,Celery_4,Fruit and vegetable,296.41,202.93,0.0,20.84000015258789,0.0,275.31,9834.0,3
2024-03-05,306,Celery_4,Fruit and vegetable,204.72,221.53,0.0,20.84000015258789,0.0,258.5,9746.0,3
2024-03-06,306,Celery_4,Fruit and vegetable,212.35,255.21,0.0,20.84000015258789,0.0,215.64,9774.0,3
2024-03-07,306,Celery_4,Fruit and vegetable,244.66,322.28,0.0,20.84000015258789,0.0,138.03,11142.0,3
2024-03-08,306,Celery_4,Fruit and vegetable,318.46,397.86,0.0,20.84000015258789,0.0,58.62,11864.0,3
2024-03-09,306,Celery_4,Fruit and vegetable,382.51,233.88,0.0,20.84000015258789,0.0,207.25,10078.0,3
2024-03-10,306,Celery_4,Fruit and vegetable,93.3,193.45,0.0,20.84000015258789,0.0,107.1,10124.0,3
2024-03-11,306,Celery_4,Fruit and vegetable,190.39,202.42,0.0,20.84000015258789,0.0,95.07,10122.0,3
2024-03-12,306,Celery_4,Fruit and vegetable,221.11,295.36,0.0,20.84000015258789,0.0,20.82,10267.0,3
2024-03-13,306,Celery_4,Fruit and vegetable,327.37,211.99,0.0,20.84000015258789,0.0,136.2,10214.0,3
2024-03-14,306,Celery_4,Fruit and vegetable,283.38,244.51,0.0,20.84000015258789,0.0,175.07,11286.0,3
2024-03-15,306,Celery_4,Fruit and vegetable,314.79,388.37,0.0,20.84000015258789,0.0,101.48,12108.0,3
2024-03-16,306,Celery_4,Fruit and vegetable,220.37,318.21,0.0,23.690000534057617,0.0,3.65,10102.0,3
2024-03-17,306,Celery_4,Fruit and vegetable,282.16,249.07,0.0,23.690000534057617,0.0,36.74,10186.0,3
2024-03-18,306,Celery_4,Fruit and vegetable,249.85,243.48,0.0,23.690000534057617,0.0,43.11,10282.0,3
2024-03-19,306,Celery_4,Fruit and vegetable,329.06,231.62,0.0,23.690000534057617,0.0,140.55,9794.0,3
2024-03-20,306,Celery_4,Fruit and vegetable,150.63,284.35,0.0,23.690000534057617,0.0,6.83,10111.0,3
2024-03-21,306,Celery_4,Fruit and vegetable,349.39,356.22,0.0,23.690000534057617,0.0,0.0,11034.0,3
2024-03-22,306,Celery_4,Fruit and vegetable,465.69,389.23,0.0,23.690000534057617,0.0,76.46,11672.0,3
2024-03-23,306,Celery_4,Fruit and vegetable,319.35,351.22,0.0,23.690000534057617,0.0,44.59,10153.0,3
2024-03-24,306,Celery_4,Fruit and vegetable,286.19,282.01,0.0,23.690000534057617,0.0,48.77,10824.0,3
2024-03-25,306,Celery_4,Fruit and vegetable,272.18,282.61,0.0,23.690000534057617,0.0,38.34,10530.0,3
2024-03-26,306,Celery_4,Fruit and vegetable,277.66,316.0,0.0,23.690000534057617,0.0,0.0,10879.0,3
2024-03-27,306,Celery_4,Fruit and vegetable,445.58,445.58,0.0,23.690000534057617,0.0,0.0,12451.0,3
2024-03-28,306,Celery_4,Fruit and vegetable,484.15,484.15,0.0,23.690000534057617,0.0,0.0,12938.0,3
2024-03-29,306,Celery_4,Fruit and vegetable,490.48,354.97,0.0,23.690000534057617,0.0,135.51,10045.0,3
2024-03-30,306,Celery_4,Fruit and vegetable,316.02,242.27,0.0,23.690000534057617,0.0,209.26,8440.0,3
2024-03-31,306,Celery_4,Fruit and vegetable,188.22,188.36,0.0,23.690000534057617,0.0,209.12,9558.0,3
2024-04-01,306,Celery_4,Fruit and vegetable,209.7,199.4,0.0,23.690000534057617,0.0,219.42,9826.0,3
2024-04-02,306,Celery_4,Fruit and vegetable,246.09,291.3,0.0,23.690000534057617,0.0,174.21,10261.0,3
2024-04-03,306,Celery_4,Fruit and vegetable,421.48,255.39,0.0,23.690000534057617,0.0,340.29,9938.0,3
2024-04-04,306,Celery_4,Fruit and vegetable,275.95,320.34,0.0,23.690000534057617,0.0,295.91,11179.0,3
2024-04-05,306,Celery_4,Fruit and vegetable,137.68,333.79,0.0,23.690000534057617,0.0,99.8,12214.0,3
2024-04-06,306,Celery_4,Fruit and vegetable,214.86,232.23,0.0,23.690000534057617,0.0,82.43,9690.0,3
2024-04-07,306,Celery_4,Fruit and vegetable,179.21,220.18,0.0,23.690000534057617,0.0,41.45,9684.0,3
2024-04-08,306,Celery_4,Fruit and vegetable,223.97,232.1,0.0,23.690000534057617,0.0,33.32,10147.0,3
2024-04-09,306,Celery_4,Fruit and vegetable,316.66,218.53,0.0,23.690000534057617,0.0,131.46,10198.0,3
2024-04-10,306,Celery_4,Fruit and vegetable,185.66,263.4,0.0,23.690000534057617,0.0,53.72,10762.0,3
2024-04-11,306,Celery_4,Fruit and vegetable,328.35,283.8,0.0,23.690000534057617,0.0,98.26,11005.0,3
2024-04-12,306,Celery_4,Fruit and vegetable,289.56,361.46,0.0,23.690000534057617,0.0,26.37,12008.0,3
2024-04-13,306,Celery_4,Fruit and vegetable,271.38,281.6,0.0,23.690000534057617,0.0,16.14,9772.0,3
2024-04-14,306,Celery_4,Fruit and vegetable,268.42,197.3,0.0,23.690000534057617,0.0,87.27,10033.0,3
2024-04-15,306,Celery_4,Fruit and vegetable,214.4,241.44,0.0,23.690000534057617,0.0,60.22,10806.0,3
2024-04-16,306,Celery_4,Fruit and vegetable,226.89,239.67,0.0,23.690000534057617,0.0,47.44,10398.0,3
2024-04-17,306,Celery_4,Fruit and vegetable,281.41,276.04,0.0,23.690000534057617,0.0,52.81,10170.0,3
2024-04-18,306,Celery_4,Fruit and vegetable,296.54,322.15,0.0,23.690000534057617,0.0,27.2,11244.0,3
2024-04-19,306,Celery_4,Fruit and vegetable,404.66,428.47,0.0,23.690000534057617,0.0,3.39,12858.0,3
2024-04-20,306,Celery_4,Fruit and vegetable,374.12,291.58,0.0,23.690000534057617,0.0,85.93,10666.0,3
2024-04-21,306,Celery_4,Fruit and vegetable,207.34,238.9,0.0,23.690000534057617,0.0,54.37,10309.0,3
2024-04-22,306,Celery_4,Fruit and vegetable,274.35,227.35,0.0,23.690000534057617,0.0,101.37,10488.0,3
2024-04-23,306,Celery_4,Fruit and vegetable,228.01,244.64,0.0,23.690000534057617,0.0,84.74,10195.0,3
2024-04-24,306,Celery_4,Fruit and vegetable,280.29,241.9,0.0,23.690000534057617,0.0,123.13,10255.0,3
2024-04-25,306,Celery_4,Fruit and vegetable,290.94,318.2,0.0,23.690000534057617,0.0,95.87,11238.0,3
2024-04-26,306,Celery_4,Fruit and vegetable,424.1,295.22,0.0,23.690000534057617,0.0,224.75,11988.0,3
2024-04-27,306,Celery_4,Fruit and vegetable,112.07,184.95,0.0,23.690000534057617,0.0,151.87,9223.0,3
2024-04-28,306,Celery_4,Fruit and vegetable,143.45,226.7,0.0,23.690000534057617,0.0,68.62,10142.0,3
2024-04-29,306,Celery_4,Fruit and vegetable,216.12,205.29,0.0,23.690000534057617,0.0,79.45,11011.0,3
2024-04-30,306,Celery_4,Fruit and vegetable,225.7,201.6,0.0,23.690000534057617,0.0,103.55,11142.0,3
2024-05-01,306,Celery_4,Fruit and vegetable,202.46,206.81,0.0,23.690000534057617,0.0,99.2,9874.0,3
2024-05-02,306,Celery_4,Fruit and vegetable,284.92,263.76,0.0,23.690000534057617,0.0,120.35,10795.0,3
2024-05-03,306,Celery_4,Fruit and vegetable,225.25,298.9,0.0,23.690000534057617,0.0,46.7,11872.0,3
2024-05-04,306,Celery_4,Fruit and vegetable,190.02,234.49,0.0,23.690000534057617,0.0,2.23,9787.0,3
2024-05-05,306,Celery_4,Fruit and vegetable,270.52,205.5,0.0,23.690000534057617,0.0,67.25,10036.0,3
2024-03-01,328,Pastry_27,Bakery,35.82,35.82,0.0,42.04999923706055,0.15000000596046448,0.0,11812.0,2
2024-03-02,328,Pastry_27,Bakery,35.82,12.38,0.0,42.04999923706055,0.15000000596046448,23.44,10054.0,2
2024-03-03,328,Pastry_27,Bakery,33.6,7.67,0.0,42.04999923706055,0.15000000596046448,49.37,9613.0,2
2024-03-04,328,Pastry_27,Bakery,21.52,14.03,15.77,42.04999923706055,0.15000000596046448,41.09,9834.0,2
2024-03-05,328,Pastry_27,Bakery,30.33,8.18,19.57,42.04999923706055,0.15000000596046448,43.67,9746.0,2
2024-03-06,328,Pastry_27,Bakery,20.36,32.36,13.34,42.04999923706055,0.15000000596046448,18.33,9774.0,2
2024-03-07,328,Pastry_27,Bakery,33.41,19.47,0.0,42.04999923706055,0.15000000596046448,32.27,11142.0,2
2024-03-08,328,Pastry_27,Bakery,35.65,67.92,0.0,42.04999923706055,0.19216999411582947,0.0,11864.0,2
2024-03-09,328,Pastry_27,Bakery,39.86,17.19,0.0,42.04999923706055,0.1622299998998642,22.67,10078.0,2
2024-03-10,328,Pastry_27,Bakery,12.06,18.42,0.0,42.04999923706055,0.15978999435901642,16.31,10124.0,2
2024-03-11,328,Pastry_27,Bakery,27.75,11.73,4.25,42.04999923706055,0.15000000596046448,28.08,10122.0,2
2024-03-12,328,Pastry_27,Bakery,6.51,14.45,0.33,42.04999923706055,0.15000000596046448,19.81,10267.0,2
2024-03-13,328,Pastry_27,Bakery,50.98,13.23,13.3,42.04999923706055,0.15000000596046448,44.26,10214.0,2
2024-03-14,328,Pastry_27,Bakery,0.71,19.61,0.0,42.04999923706055,0.15000000596046448,25.35,11286.0,2
2024-03-15,328,Pastry_27,Bakery,92.7,22.49,24.65,42.04999923706055,0.15000000596046448,70.92,12108.0,2
2024-03-16,328,Pastry_27,Bakery,0.0,31.32,0.0,42.04999923706055,0.15000000596046448,39.6,10102.0,2
2024-03-17,328,Pastry_27,Bakery,27.02,8.82,39.6,42.04999923706055,0.15000000596046448,18.2,10186.0,2
2024-03-18,328,Pastry_27,Bakery,8.58,26.78,0.0,42.04999923706055,0.15000000596046448,0.0,10282.0,2
2024-03-19,328,Pastry_27,Bakery,24.64,11.55,0.0,42.04999923706055,0.15000000596046448,13.09,9794.0,2
2024-03-20,328,Pastry_27,Bakery,10.81,17.23,0.0,42.04999923706055,0.15000000596046448,6.67,10111.0,2
2024-03-21,328,Pastry_27,Bakery,23.17,15.84,0.0,42.04999923706055,0.15000000596046448,14.01,11034.0,2
2024-03-22,328,Pastry_27,Bakery,18.89,13.12,0.0,42.04999923706055,0.15000000596046448,19.78,11672.0,2
2024-03-23,328,Pastry_27,Bakery,23.0,21.37,0.89,42.04999923706055,0.15000000596046448,20.52,10153.0,2
2024-03-24,328,Pastry_27,Bakery,0.0,10.48,0.0,42.04999923706055,0.15000000596046448,10.04,10824.0,2
2024-03-25,328,Pastry_27,Bakery,34.21,15.79,10.04,42.04999923706055,0.15000000596046448,18.42,10530.0,2
2024-03-26,328,Pastry_27,Bakery,0.0,11.17,0.0,42.04999923706055,0.15000000596046448,7.25,10879.0,2
2024-03-27,328,Pastry_27,Bakery,22.06,8.21,7.25,42.04999923706055,0.15000000596046448,13.85,12451.0,2
2024-03-28,328,Pastry_27,Bakery,7.59,14.63,0.0,42.04999923706055,0.15000000596046448,6.81,12938.0,2
2024-03-29,328,Pastry_27,Bakery,11.81,5.15,0.0,42.04999923706055,0.15000000596046448,13.48,10045.0,2
2024-03-30,328,Pastry_27,Bakery,16.41,14.47,1.66,42.04999923706055,0.15000000596046448,13.76,8440.0,2
2024-03-31,328,Pastry_27,Bakery,1.66,4.68,0.0,42.04999923706055,0.15000000596046448,10.74,9558.0,2
2024-04-01,328,Pastry_27,Bakery,20.06,15.35,9.08,42.04999923706055,0.15000000596046448,6.37,9826.0,2
2024-04-02,328,Pastry_27,Bakery,10.63,10.57,0.0,42.04999923706055,0.15000000596046448,6.43,10261.0,2
2024-04-03,328,Pastry_27,Bakery,7.6,13.12,0.0,42.04999923706055,0.15000000596046448,0.91,9938.0,2
2024-04-04,328,Pastry_27,Bakery,20.11,21.02,0.0,42.04999923706055,0.15000000596046448,0.0,11179.0,2
2024-04-05,328,Pastry_27,Bakery,20.04,20.04,0.0,42.04999923706055,0.15000000596046448,0.0,12214.0,2
2024-04-06,328,Pastry_27,Bakery,21.62,7.12,0.0,42.04999923706055,0.15000000596046448,14.5,9690.0,2
2024-04-07,328,Pastry_27,Bakery,0.0,12.82,0.0,42.04999923706055,0.15000000596046448,1.68,9684.0,2
2024-04-08,328,Pastry_27,Bakery,21.71,10.6,1.68,42.04999923706055,0.15000000596046448,11.11,10147.0,2
2024-04-09,328,Pastry_27,Bakery,6.02,11.82,0.0,42.04999923706055,0.15000000596046448,5.31,10198.0,2
2024-04-10,328,Pastry_27,Bakery,16.02,21.33,0.0,42.04999923706055,0.15000000596046448,0.0,10762.0,2
2024-04-11,328,Pastry_27,Bakery,38.34,38.34,0.0,42.04999923706055,0.15000000596046448,0.0,11005.0,2
2024-04-12,328,Pastry_27,Bakery,33.51,28.13,0.0,42.04999923706055,0.15000000596046448,5.38,12008.0,2
2024-04-13,328,Pastry_27,Bakery,16.17,14.22,0.0,42.04999923706055,0.15000000596046448,7.34,9772.0,2
2024-04-14,328,Pastry_27,Bakery,18.74,10.97,0.0,42.04999923706055,0.15000000596046448,15.1,10033.0,2
2024-04-15,328,Pastry_27,Bakery,9.04,17.47,0.0,42.04999923706055,0.15000000596046448,6.67,10806.0,2
2024-04-16,328,Pastry_27,Bakery,31.67,38.34,0.0,42.04999923706055,0.15000000596046448,0.0,10398.0,2
2024-04-17,328,Pastry_27,Bakery,35.58,12.36,0.0,42.04999923706055,0.15000000596046448,23.22,10170.0,2
2024-04-18,328,Pastry_27,Bakery,30.47,17.36,0.0,42.04999923706055,0.15000000596046448,36.33,11244.0,2
2024-04-19,328,Pastry_27,Bakery,10.34,21.28,5.86,42.04999923706055,0.15000000596046448,19.53,12858.0,2
2024-04-20,328,Pastry_27,Bakery,15.74,17.35,9.19,42.04999923706055,0.15000000596046448,8.73,10666.0,2
2024-04-21,328,Pastry_27,Bakery,13.86,7.04,0.0,42.04999923706055,0.15000000596046448,15.56,10309.0,2
2024-04-22,328,Pastry_27,Bakery,16.13,29.69,1.69,42.04999923706055,0.15000000596046448,0.3,10488.0,2
2024-04-23,328,Pastry_27,Bakery,51.58,7.15,0.0,42.04999923706055,0.15000000596046448,44.72,10195.0,2
2024-04-24,328,Pastry_27,Bakery,0.0,28.2,0.0,42.04999923706055,0.15000000596046448,16.52,10255.0,2
2024-04-25,328,Pastry_27,Bakery,28.92,26.48,16.52,42.04999923706055,0.15000000596046448,2.44,11238.0,2
2024-04-26,328,Pastry_27,Bakery,31.02,10.32,0.0,42.04999923706055,0.15000000596046448,23.15,11988.0,2
2024-04-27,328,Pastry_27,Bakery,7.11,20.5,0.0,42.04999923706055,0.15000000596046448,9.75,9223.0,2
2024-04-28,328,Pastry_27,Bakery,14.08,21.19,2.65,42.04999923706055,0.15000000596046448,0.0,10142.0,2
2024-04-29,328,Pastry_27,Bakery,40.92,14.63,0.0,42.04999923706055,0.15000000596046448,26.29,11011.0,2
2024-04-30,328,Pastry_27,Bakery,0.0,12.52,0.0,42.04999923706055,0.15000000596046448,13.77,11142.0,2
2024-05-01,328,Pastry_27,Bakery,37.01,26.44,13.77,42.04999923706055,0.15000000596046448,10.57,9874.0,2
2024-05-02,328,Pastry_27,Bakery,24.25,12.23,0.0,42.04999923706055,0.15000000596046448,22.59,10795.0,2
2024-05-03,328,Pastry_27,Bakery,0.0,19.45,0.0,42.04999923706055,0.15000000596046448,3.14,11872.0,2
2024-05-04,328,Pastry_27,Bakery,27.2,19.91,3.14,42.04999923706055,0.15000000596046448,7.29,9787.0,2
2024-05-05,328,Pastry_27,Bakery,20.55,23.89,0.0,42.04999923706055,0.15000000596046448,3.95,10036.0,2
2024-03-01,33,Chicken_2,Meat and fish,51.89,51.89,0.0,166.24000549316406,0.0,0.0,11812.0,4
2024-03-02,33,Chicken_2,Meat and fish,51.89,37.64,0.0,166.24000549316406,0.0,14.25,10054.0,4
2024-03-03,33,Chicken_2,Meat and fish,50.54,56.09,0.0,166.24000549316406,0.0,8.7,9613.0,4
2024-03-04,33,Chicken_2,Meat and fish,61.01,69.71,0.0,166.24000549316406,0.0,0.0,9834.0,4
2024-03-05,33,Chicken_2,Meat and fish,68.79,42.67,0.0,166.24000549316406,0.0,26.12,9746.0,4
2024-03-06,33,Chicken_2,Meat and fish,41.74,63.26,0.0,166.24000549316406,0.0,4.6,9774.0,4
2024-03-07,33,Chicken_2,Meat and fish,62.82,65.28,0.0,166.24000549316406,0.0,2.14,11142.0,4
2024-03-08,33,Chicken_2,Meat and fish,81.65,83.79,0.0,166.24000549316406,0.0,0.0,11864.0,4
2024-03-09,33,Chicken_2,Meat and fish,57.97,44.08,0.0,166.24000549316406,0.0,13.89,10078.0,4
2024-03-10,33,Chicken_2,Meat and fish,60.78,25.81,0.0,166.24000549316406,0.0,48.86,10124.0,4
2024-03-11,33,Chicken_2,Meat and fish,46.07,53.8,0.0,166.24000549316406,0.0,41.13,10122.0,4
2024-03-12,33,Chicken_2,Meat and fish,25.61,33.75,0.0,166.24000549316406,0.0,32.99,10267.0,4
2024-03-13,33,Chicken_2,Meat and fish,55.84,25.91,0.0,166.24000549316406,0.0,62.92,10214.0,4
2024-03-14,33,Chicken_2,Meat and fish,30.06,25.59,0.0,166.24000549316406,0.0,67.39,11286.0,4
2024-03-15,33,Chicken_2,Meat and fish,43.79,50.57,0.0,166.24000549316406,0.0,60.61,12108.0,4
2024-03-16,33,Chicken_2,Meat and fish,0.0,40.67,0.0,166.24000549316406,0.0,19.94,10102.0,4
2024-03-17,33,Chicken_2,Meat and fish,31.27,51.21,0.0,166.24000549316406,0.0,0.0,10186.0,4
2024-03-18,33,Chicken_2,Meat and fish,69.24,59.76,0.0,166.24000549316406,0.0,9.48,10282.0,4
2024-03-19,33,Chicken_2,Meat and fish,41.33,40.8,0.0,166.24000549316406,0.0,10.01,9794.0,4
2024-03-20,33,Chicken_2,Meat and fish,32.47,30.91,0.0,166.24000549316406,0.06102000176906586,11.57,10111.0,4
2024-03-21,33,Chicken_2,Meat and fish,36.94,48.51,0.0,166.24000549316406,0.009870000183582306,0.0,11034.0,4
2024-03-22,33,Chicken_2,Meat and fish,62.56,57.95,0.0,166.24000549316406,0.20000000298023224,4.61,11672.0,4
2024-03-23,33,Chicken_2,Meat and fish,49.28,37.68,0.0,166.24000549316406,0.0,16.21,10153.0,4
2024-03-24,33,Chicken_2,Meat and fish,48.69,38.2,0.0,166.24000549316406,0.0,26.7,10824.0,4
2024-03-25,33,Chicken_2,Meat and fish,47.02,61.4,0.0,166.24000549316406,0.0,12.32,10530.0,4
2024-03-26,33,Chicken_2,Meat and fish,42.93,54.1,0.0,166.24000549316406,0.0,1.15,10879.0,4
2024-03-27,33,Chicken_2,Meat and fish,79.66,80.81,0.0,166.24000549316406,0.0,0.0,12451.0,4
2024-03-28,33,Chicken_2,Meat and fish,67.6,38.47,0.0,166.24000549316406,0.027009999379515648,29.13,12938.0,4
2024-03-29,33,Chicken_2,Meat and fish,49.28,72.14,0.0,166.24000549316406,0.0,6.27,10045.0,4
2024-03-30,33,Chicken_2,Meat and fish,53.92,50.04,0.0,166.24000549316406,0.0,10.16,8440.0,4
2024-03-31,33,Chicken_2,Meat and fish,53.98,64.14,0.0,166.24000549316406,0.0,0.0,9558.0,4
2024-04-01,33,Chicken_2,Meat and fish,79.48,52.24,0.0,166.24000549316406,0.0,27.24,9826.0,4
2024-04-02,33,Chicken_2,Meat and fish,45.31,36.25,0.0,166.22999572753906,0.0,36.3,10261.0,4
2024-04-03,33,Chicken_2,Meat and fish,65.99,46.9,0.0,166.24000549316406,0.0,55.38,9938.0,4
2024-04-04,33,Chicken_2,Meat and fish,0.0,33.76,0.0,166.24000549316406,0.0,21.62,11179.0,4
2024-04-05,33,Chicken_2,Meat and fish,68.26,37.05,0.0,166.24000549316406,0.0,52.84,12214.0,4
2024-04-06,33,Chicken_2,Meat and fish,16.12,68.96,0.0,166.24000549316406,0.0,0.0,9690.0,4
2024-04-07,33,Chicken_2,Meat and fish,82.08,35.75,0.0,166.24000549316406,0.0,46.33,9684.0,4
2024-04-08,33,Chicken_2,Meat and fish,22.27,53.93,0.0,166.24000549316406,0.008829999715089798,14.66,10147.0,4
2024-04-09,33,Chicken_2,Meat and fish,38.18,35.41,0.0,166.24000549316406,0.0,17.43,10198.0,4
2024-04-10,33,Chicken_2,Meat and fish,46.18,41.14,0.0,166.24000549316406,0.05375999957323074,22.47,10762.0,4
2024-04-11,33,Chicken_2,Meat and fish,28.01,44.8,0.0,166.24000549316406,0.12404999881982803,5.68,11005.0,4
2024-04-12,33,Chicken_2,Meat and fish,53.96,59.64,0.0,166.24000549316406,0.0,0.0,12008.0,4
2024-04-13,33,Chicken_2,Meat and fish,85.27,51.72,0.0,166.24000549316406,0.0,33.55,9772.0,4
2024-04-14,33,Chicken_2,Meat and fish,22.67,56.22,0.0,166.24000549316406,0.0,0.0,10033.0,4
2024-04-15,33,Chicken_2,Meat and fish,65.15,53.58,0.0,166.24000549316406,0.06029000133275986,11.57,10806.0,4
2024-04-16,33,Chicken_2,Meat and fish,35.02,46.51,0.0,166.24000549316406,0.13917000591754913,0.08,10398.0,4
2024-04-17,33,Chicken_2,Meat and fish,49.54,34.07,0.0,166.24000549316406,0.06666000187397003,15.55,10170.0,4
2024-04-18,33,Chicken_2,Meat and fish,40.2,34.63,0.0,166.24000549316406,0.0595100000500679,21.11,11244.0,4
2024-04-19,33,Chicken_2,Meat and fish,51.57,57.66,0.0,166.24000549316406,0.25,15.02,12858.0,4
2024-04-20,33,Chicken_2,Meat and fish,49.29,38.45,0.0,166.24000549316406,0.0,25.86,10666.0,4
2024-04-21,33,Chicken_2,Meat and fish,43.44,53.25,0.0,166.24000549316406,0.0,16.05,10309.0,4
2024-04-22,33,Chicken_2,Meat and fish,50.03,51.59,0.0,166.24000549316406,0.0,14.5,10488.0,4
2024-04-23,33,Chicken_2,Meat and fish,44.2,27.26,0.0,166.24000549316406,0.0,31.44,10195.0,4
2024-04-24,33,Chicken_2,Meat and fish,17.5,28.41,0.0,166.24000549316406,0.05471000075340271,20.53,10255.0,4
2024-04-25,33,Chicken_2,Meat and fish,30.05,36.67,0.0,166.24000549316406,0.00675999978557229,13.91,11238.0,4
2024-04-26,33,Chicken_2,Meat and fish,59.49,63.2,0.0,166.24000549316406,0.1529099941253662,10.19,11988.0,4
2024-04-27,33,Chicken_2,Meat and fish,45.65,37.95,0.0,166.24000549316406,0.0,17.89,9223.0,4
2024-04-28,33,Chicken_2,Meat and fish,52.78,13.79,0.0,166.24000549316406,0.0,56.89,10142.0,4
2024-04-29,33,Chicken_2,Meat and fish,15.66,56.88,0.0,166.24000549316406,0.0,15.66,11011.0,4
2024-04-30,33,Chicken_2,Meat and fish,33.68,37.0,0.0,166.24000549316406,0.0,12.35,11142.0,4
2024-05-01,33,Chicken_2,Meat and fish,37.38,40.18,0.0,166.24000549316406,0.059950001537799835,9.54,9874.0,4
2024-05-02,33,Chicken_2,Meat and fish,47.57,44.49,0.0,166.24000549316406,0.22213999927043915,12.62,10795.0,4
2024-05-03,33,Chicken_2,Meat and fish,70.94,49.89,0.0,166.24000549316406,0.25,33.67,11872.0,4
2024-05-04,33,Chicken_2,Meat and fish,21.64,46.22,0.0,166.24000549316406,0.0,9.09,9787.0,4
2024-05-05,33,Chicken_2,Meat and fish,23.24,32.33,0.0,166.24000549316406,0.0,0.0,10036.0,4
2024-03-01,34,Pork_0,Meat and fish,31.05,31.05,0.0,219.64999389648438,0.0,0.0,11812.0,4
2024-03-02,34,Pork_0,Meat and fish,31.05,29.45,0.0,219.64999389648438,0.0,1.6,10054.0,4
2024-03-03,34,Pork_0,Meat and fish,30.9,22.04,0.0,219.64999389648438,0.0,10.46,9613.0,4
2024-03-04,34,Pork_0,Meat and fish,26.74,20.32,0.0,219.64999389648438,0.0,16.88,9834.0,4
2024-03-05,34,Pork_0,Meat and fish,20.98,20.15,0.0,219.64999389648438,0.0,17.71,9746.0,4
2024-03-06,34,Pork_0,Meat and fish,20.04,17.39,0.0,219.64999389648438,0.0,20.37,9774.0,4
2024-03-07,34,Pork_0,Meat and fish,17.77,33.07,0.0,219.64999389648438,0.0,5.06,11142.0,4
2024-03-08,34,Pork_0,Meat and fish,33.97,23.64,0.0,219.64999389648438,0.0,15.39,11864.0,4
2024-03-09,34,Pork_0,Meat and fish,21.21,17.89,0.0,219.63999938964844,0.0,18.71,10078.0,4
2024-03-10,34,Pork_0,Meat and fish,10.13,11.87,0.0,219.64999389648438,0.0,16.98,10124.0,4
2024-03-11,34,Pork_0,Meat and fish,11.75,27.95,0.0,219.64999389648438,0.0,0.78,10122.0,4
2024-03-12,34,Pork_0,Meat and fish,28.49,11.03,0.0,219.64999389648438,0.0,18.23,10267.0,4
2024-03-13,34,Pork_0,Meat and fish,9.66,12.05,0.0,219.64999389648438,0.013039999641478062,15.84,10214.0,4
2024-03-14,34,Pork_0,Meat and fish,28.44,31.68,0.0,219.64999389648438,0.10718999803066254,12.6,11286.0,4
2024-03-15,34,Pork_0,Meat and fish,21.81,19.78,0.0,219.64999389648438,0.0,14.63,12108.0,4
2024-03-16,34,Pork_0,Meat and fish,13.78,24.51,0.0,219.64999389648438,0.0,3.9,10102.0,4
2024-03-17,34,Pork_0,Meat and fish,18.8,16.41,0.0,219.64999389648438,0.0,6.29,10186.0,4
2024-03-18,34,Pork_0,Meat and fish,31.78,8.17,0.0,219.64999389648438,0.0,29.9,10282.0,4
2024-03-19,34,Pork_0,Meat and fish,0.0,21.88,0.0,219.64999389648438,0.0,8.02,9794.0,4
2024-03-20,34,Pork_0,Meat and fish,14.11,15.53,0.0,219.64999389648438,0.06663999706506729,6.6,10111.0,4
2024-03-21,34,Pork_0,Meat and fish,34.61,18.93,0.0,219.64999389648438,0.0,22.28,11034.0,4
2024-03-22,34,Pork_0,Meat and fish,4.25,21.04,0.0,219.64999389648438,0.01590000092983246,5.49,11672.0,4
2024-03-23,34,Pork_0,Meat and fish,25.89,16.86,0.0,219.63999938964844,0.08845999836921692,14.52,10153.0,4
2024-03-24,34,Pork_0,Meat and fish,7.72,15.82,0.0,219.64999389648438,0.04602999985218048,6.42,10824.0,4
2024-03-25,34,Pork_0,Meat and fish,21.27,27.69,0.0,219.64999389648438,0.0,0.0,10530.0,4
2024-03-26,34,Pork_0,Meat and fish,30.1,30.1,0.0,219.64999389648438,0.0,0.0,10879.0,4
2024-03-27,34,Pork_0,Meat and fish,27.19,27.19,0.0,219.64999389648438,0.0,0.0,12451.0,4
2024-03-28,34,Pork_0,Meat and fish,34.51,34.51,0.0,219.64999389648438,0.0,0.0,12938.0,4
2024-03-29,34,Pork_0,Meat and fish,30.0,10.08,0.0,219.64999389648438,0.03620000183582306,19.92,10045.0,4
2024-03-30,34,Pork_0,Meat and fish,8.37,19.25,0.0,219.64999389648438,0.0,9.04,8440.0,4
2024-03-31,34,Pork_0,Meat and fish,17.9,18.91,0.0,219.64999389648438,0.0,8.03,9558.0,4
2024-04-01,34,Pork_0,Meat and fish,30.29,8.03,0.0,219.63999938964844,0.0,30.29,9826.0,4
2024-04-02,34,Pork_0,Meat and fish,12.59,17.66,0.0,219.64999389648438,0.0,25.22,10261.0,4
2024-04-03,34,Pork_0,Meat and fish,13.75,12.25,0.0,219.63999938964844,0.0,26.72,9938.0,4
2024-04-04,34,Pork_0,Meat and fish,19.07,24.83,0.0,219.64999389648438,0.017400000244379044,20.96,11179.0,4
2024-04-05,34,Pork_0,Meat and fish,0.0,20.75,0.0,219.64999389648438,0.0,0.21,12214.0,4
2024-04-06,34,Pork_0,Meat and fish,26.17,18.98,0.0,219.64999389648438,0.0,7.41,9690.0,4
2024-04-07,34,Pork_0,Meat and fish,18.62,18.11,0.0,219.64999389648438,0.0,7.92,9684.0,4
2024-04-08,34,Pork_0,Meat and fish,10.64,18.56,0.0,219.63999938964844,0.0,0.0,10147.0,4
2024-04-09,34,Pork_0,Meat and fish,22.47,17.56,0.0,219.64999389648438,0.0,4.91,10198.0,4
2024-04-10,34,Pork_0,Meat and fish,15.82,20.73,0.0,219.64999389648438,0.0,0.0,10762.0,4
2024-04-11,34,Pork_0,Meat and fish,28.01,23.88,0.0,219.64999389648438,0.0,4.13,11005.0,4
2024-04-12,34,Pork_0,Meat and fish,19.41,18.41,0.0,219.64999389648438,0.0,5.13,12008.0,4
2024-04-13,34,Pork_0,Meat and fish,21.49,26.62,0.0,219.64999389648438,0.0,0.0,9772.0,4
2024-04-14,34,Pork_0,Meat and fish,22.53,18.6,0.0,219.63999938964844,0.0,3.93,10033.0,4
2024-04-16,34,Pork_0,Meat and fish,18.98,12.41,0.0,219.64999389648438,0.0,10.5,10398.0,4
2024-04-17,34,Pork_0,Meat and fish,12.95,23.37,0.0,219.64999389648438,0.0,0.08,10170.0,4
2024-04-18,34,Pork_0,Meat and fish,27.4,27.48,0.0,219.64999389648438,0.0,0.0,11244.0,4
2024-04-19,34,Pork_0,Meat and fish,30.73,23.94,0.0,219.64999389648438,0.0,6.79,12858.0,4
2024-04-20,34,Pork_0,Meat and fish,18.48,14.41,0.0,219.64999389648438,0.0,10.85,10666.0,4
2024-04-21,34,Pork_0,Meat and fish,23.35,10.81,0.0,219.64999389648438,0.0,23.4,10309.0,4
2024-04-23,34,Pork_0,Meat and fish,3.41,22.53,0.0,219.64999389648438,0.0,4.28,10195.0,4
2024-04-24,34,Pork_0,Meat and fish,16.62,20.9,0.0,219.64999389648438,0.017069999128580093,0.0,10255.0,4
2024-04-25,34,Pork_0,Meat and fish,30.83,21.09,0.0,219.64999389648438,0.0,9.74,11238.0,4
2024-04-26,34,Pork_0,Meat and fish,25.04,12.96,0.0,219.64999389648438,0.0,21.82,11988.0,4
2024-04-27,34,Pork_0,Meat and fish,8.8,13.61,0.0,219.63999938964844,0.0,17.02,9223.0,4
2024-04-28,34,Pork_0,Meat and fish,3.45,18.44,0.0,219.63999938964844,0.0,2.03,10142.0,4
2024-04-29,34,Pork_0,Meat and fish,17.13,19.16,0.0,219.64999389648438,0.0,0.0,11011.0,4
2024-04-30,34,Pork_0,Meat and fish,27.31,14.67,0.0,219.63999938964844,0.0,12.64,11142.0,4
2024-05-01,34,Pork_0,Meat and fish,12.68,14.21,0.0,219.64999389648438,0.0,11.11,9874.0,4
2024-05-02,34,Pork_0,Meat and fish,14.07,22.86,0.0,219.64999389648438,0.0,2.32,10795.0,4
2024-05-03,34,Pork_0,Meat and fish,16.27,18.59,0.0,219.64999389648438,0.0,0.0,11872.0,4
2024-05-04,34,Pork_0,Meat and fish,17.9,17.22,0.0,219.64999389648438,0.0,0.68,9787.0,4
2024-05-05,34,Pork_0,Meat and fish,21.51,10.95,0.0,219.64999389648438,0.0,11.24,10036.0,4
2024-03-01,42,Pepper_0,Fruit and vegetable,148.17,148.17,0.0,69.61000061035156,0.0,0.0,11812.0,3
2024-03-02,42,Pepper_0,Fruit and vegetable,148.17,99.05,0.0,69.61000061035156,0.0,49.12,10054.0,3
2024-03-03,42,Pepper_0,Fruit and vegetable,143.51,96.31,0.0,69.61000061035156,0.0,96.32,9613.0,3
2024-03-04,42,Pepper_0,Fruit and vegetable,202.06,298.38,0.0,69.61000061035156,0.19085000455379486,0.0,9834.0,3
2024-03-05,42,Pepper_0,Fruit and vegetable,368.21,368.21,0.0,69.61000061035156,0.28738000988960266,0.0,9746.0,3
2024-03-06,42,Pepper_0,Fruit and vegetable,446.29,446.29,0.0,69.61000061035156,0.28738000988960266,0.0,9774.0,3
2024-03-07,42,Pepper_0,Fruit and vegetable,438.1,438.1,0.0,69.61000061035156,0.28738000988960266,0.0,11142.0,3
2024-03-08,42,Pepper_0,Fruit and vegetable,509.61,509.61,0.0,69.61000061035156,0.28738000988960266,0.0,11864.0,3
2024-03-09,42,Pepper_0,Fruit and vegetable,411.96,411.96,0.0,69.61000061035156,0.28738000988960266,0.0,10078.0,3
2024-03-10,42,Pepper_0,Fruit and vegetable,515.83,515.83,0.0,69.61000061035156,0.28738000988960266,0.0,10124.0,3
2024-03-11,42,Pepper_0,Fruit and vegetable,396.75,196.11,0.0,69.61000061035156,0.16355000436306,200.64,10122.0,3
2024-03-12,42,Pepper_0,Fruit and vegetable,306.51,248.48,0.0,69.61000061035156,0.3372099995613098,258.67,10267.0,3
2024-03-13,42,Pepper_0,Fruit and vegetable,347.44,291.02,0.0,69.61000061035156,0.3372099995613098,315.09,10214.0,3
2024-03-14,42,Pepper_0,Fruit and vegetable,286.88,447.62,0.0,69.61000061035156,0.3372099995613098,154.35,11286.0,3
2024-03-15,42,Pepper_0,Fruit and vegetable,520.22,539.05,0.0,69.61000061035156,0.10470999777317047,135.52,12108.0,3
2024-03-16,42,Pepper_0,Fruit and vegetable,502.48,638.0,0.0,69.61000061035156,0.3372099995613098,0.0,10102.0,3
2024-03-17,42,Pepper_0,Fruit and vegetable,729.53,584.12,0.0,69.61000061035156,0.3372099995613098,145.41,10186.0,3
2024-03-18,42,Pepper_0,Fruit and vegetable,275.81,221.99,0.0,69.61000061035156,0.0,199.23,10282.0,3
2024-03-19,42,Pepper_0,Fruit and vegetable,267.56,225.7,0.0,69.61000061035156,0.0,241.09,9794.0,3
2024-03-20,42,Pepper_0,Fruit and vegetable,273.47,246.57,0.0,69.61000061035156,0.0,267.98,10111.0,3
2024-03-21,42,Pepper_0,Fruit and vegetable,411.12,180.21,0.0,69.61000061035156,0.0,498.9,11034.0,3
2024-03-22,42,Pepper_0,Fruit and vegetable,296.12,162.33,0.0,69.61000061035156,0.0,632.69,11672.0,3
2024-03-29,42,Pepper_0,Fruit and vegetable,893.53,166.4,632.69,69.61000061035156,0.0,727.13,10045.0,3
2024-03-30,42,Pepper_0,Fruit and vegetable,47.11,166.68,0.0,69.61000061035156,0.0,607.56,8440.0,3
2024-03-31,42,Pepper_0,Fruit and vegetable,0.0,112.49,0.0,69.61000061035156,0.0,495.07,9558.0,3
2024-04-01,42,Pepper_0,Fruit and vegetable,235.24,223.8,447.96,69.61000061035156,0.0,58.55,9826.0,3
2024-04-02,42,Pepper_0,Fruit and vegetable,309.8,368.35,0.0,69.61000061035156,0.1720699965953827,0.0,10261.0,3
2024-04-03,42,Pepper_0,Fruit and vegetable,451.97,451.97,0.0,69.61000061035156,0.20000000298023224,0.0,9938.0,3
2024-04-04,42,Pepper_0,Fruit and vegetable,453.48,453.48,0.0,69.61000061035156,0.1425500065088272,0.0,11179.0,3
2024-03-01,426,Apple_19,Fruit and vegetable,59.53,59.53,0.0,63.650001525878906,0.0,0.0,11812.0,3
2024-03-02,426,Apple_19,Fruit and vegetable,86.46,86.46,0.0,63.650001525878906,0.0,0.0,10054.0,3
2024-03-03,426,Apple_19,Fruit and vegetable,83.9,38.63,0.0,63.650001525878906,0.0,45.27,9613.0,3
2024-03-04,426,Apple_19,Fruit and vegetable,44.95,47.83,0.0,63.650001525878906,0.0,42.39,9834.0,3
2024-03-05,426,Apple_19,Fruit and vegetable,43.69,41.78,0.0,63.650001525878906,0.0,44.3,9746.0,3
2024-03-06,426,Apple_19,Fruit and vegetable,40.05,53.61,0.0,63.650001525878906,0.0,30.74,9774.0,3
2024-03-07,426,Apple_19,Fruit and vegetable,51.0,44.73,0.0,63.650001525878906,0.0,37.01,11142.0,3
2024-03-08,426,Apple_19,Fruit and vegetable,43.35,67.06,0.0,63.650001525878906,0.0,13.31,11864.0,3
2024-03-09,426,Apple_19,Fruit and vegetable,94.91,45.09,0.0,63.63999938964844,0.0,63.13,10078.0,3
2024-03-10,426,Apple_19,Fruit and vegetable,0.0,56.53,0.0,63.650001525878906,0.0,6.6,10124.0,3
2024-03-11,426,Apple_19,Fruit and vegetable,52.5,49.77,0.0,63.650001525878906,0.0,9.32,10122.0,3
2024-03-12,426,Apple_19,Fruit and vegetable,43.61,38.63,0.0,63.650001525878906,0.0,14.31,10267.0,3
2024-03-13,426,Apple_19,Fruit and vegetable,51.26,45.01,0.0,63.650001525878906,0.0,20.56,10214.0,3
2024-03-14,426,Apple_19,Fruit and vegetable,36.3,53.73,0.0,63.650001525878906,0.0,3.12,11286.0,3
2024-03-15,426,Apple_19,Fruit and vegetable,75.86,66.81,0.0,63.650001525878906,0.0,12.18,12108.0,3
2024-03-16,426,Apple_19,Fruit and vegetable,44.75,33.15,0.0,63.650001525878906,0.0,23.78,10102.0,3
2024-03-17,426,Apple_19,Fruit and vegetable,47.27,46.59,0.0,63.650001525878906,0.0,24.45,10186.0,3
2024-03-18,426,Apple_19,Fruit and vegetable,39.22,32.35,0.0,63.650001525878906,0.0,31.33,10282.0,3
2024-03-19,426,Apple_19,Fruit and vegetable,22.94,44.94,0.0,63.63999938964844,0.0,9.32,9794.0,3
2024-03-20,426,Apple_19,Fruit and vegetable,50.89,46.56,0.0,63.650001525878906,0.0,13.66,10111.0,3
2024-03-21,426,Apple_19,Fruit and vegetable,55.27,52.6,0.0,63.650001525878906,0.0,16.32,11034.0,3
2024-03-22,426,Apple_19,Fruit and vegetable,65.54,80.18,0.0,63.650001525878906,0.0,1.68,11672.0,3
2024-03-23,426,Apple_19,Fruit and vegetable,51.95,33.73,0.0,63.650001525878906,0.0,19.9,10153.0,3
2024-03-24,426,Apple_19,Fruit and vegetable,47.06,52.24,0.0,63.650001525878906,0.0,14.71,10824.0,3
2024-03-25,426,Apple_19,Fruit and vegetable,38.07,37.25,0.0,63.650001525878906,0.0,15.53,10530.0,3
2024-03-26,426,Apple_19,Fruit and vegetable,48.87,44.13,0.0,63.650001525878906,0.0,20.27,10879.0,3
2024-03-27,426,Apple_19,Fruit and vegetable,45.81,48.53,0.0,63.650001525878906,0.0,17.54,12451.0,3
2024-03-28,426,Apple_19,Fruit and vegetable,54.51,49.05,0.0,63.650001525878906,0.0,23.01,12938.0,3
2024-03-29,426,Apple_19,Fruit and vegetable,76.57,34.94,0.0,63.650001525878906,0.0,64.63,10045.0,3
2024-03-30,426,Apple_19,Fruit and vegetable,0.0,37.09,0.0,63.650001525878906,0.0,27.54,8440.0,3
2024-03-31,426,Apple_19,Fruit and vegetable,33.54,44.82,0.0,63.650001525878906,0.0,16.26,9558.0,3
2024-04-01,426,Apple_19,Fruit and vegetable,28.4,36.2,0.0,63.650001525878906,0.0,8.46,9826.0,3
2024-04-02,426,Apple_19,Fruit and vegetable,43.29,42.99,0.0,63.650001525878906,0.0,8.75,10261.0,3
2024-04-03,426,Apple_19,Fruit and vegetable,47.33,50.9,0.0,63.650001525878906,0.0,5.18,9938.0,3
2024-04-04,426,Apple_19,Fruit and vegetable,52.05,43.84,0.0,63.650001525878906,0.0,13.39,11179.0,3
2024-04-05,426,Apple_19,Fruit and vegetable,47.49,60.88,0.0,63.650001525878906,0.0,0.0,12214.0,3
2024-04-06,426,Apple_19,Fruit and vegetable,56.65,56.65,0.0,63.650001525878906,0.0,0.0,9690.0,3
2024-04-07,426,Apple_19,Fruit and vegetable,55.79,42.96,0.0,63.650001525878906,0.0,12.83,9684.0,3
2024-04-08,426,Apple_19,Fruit and vegetable,36.81,49.64,0.0,63.650001525878906,0.0,0.0,10147.0,3
2024-04-09,426,Apple_19,Fruit and vegetable,52.03,42.84,0.0,63.63999938964844,0.0,9.19,10198.0,3
2024-04-10,426,Apple_19,Fruit and vegetable,50.78,38.78,0.0,63.650001525878906,0.0,21.19,10762.0,3
2024-04-11,426,Apple_19,Fruit and vegetable,33.07,50.41,0.0,63.650001525878906,0.0,3.85,11005.0,3
2024-04-12,426,Apple_19,Fruit and vegetable,67.23,56.65,0.0,63.650001525878906,0.0,14.43,12008.0,3
2024-04-13,426,Apple_19,Fruit and vegetable,51.19,51.67,0.0,63.650001525878906,0.0,13.95,9772.0,3
2024-04-14,426,Apple_19,Fruit and vegetable,36.98,40.22,0.0,63.650001525878906,0.0,10.71,10033.0,3
2024-04-15,426,Apple_19,Fruit and vegetable,47.43,37.0,0.0,63.650001525878906,0.0,21.13,10806.0,3
2024-04-16,426,Apple_19,Fruit and vegetable,36.88,58.01,0.0,63.650001525878906,0.0,0.0,10398.0,3
2024-04-17,426,Apple_19,Fruit and vegetable,52.24,52.24,0.0,63.650001525878906,0.0,0.0,10170.0,3
2024-04-18,426,Apple_19,Fruit and vegetable,60.58,39.68,0.0,63.650001525878906,0.0,20.9,11244.0,3
2024-04-19,426,Apple_19,Fruit and vegetable,46.92,59.09,0.0,63.650001525878906,0.0,8.73,12858.0,3
2024-04-20,426,Apple_19,Fruit and vegetable,54.68,53.89,0.0,63.650001525878906,0.0,9.52,10666.0,3
2024-04-21,426,Apple_19,Fruit and vegetable,49.02,58.54,0.0,63.650001525878906,0.0,0.0,10309.0,3
2024-04-23,426,Apple_19,Fruit and vegetable,48.75,45.73,0.0,63.63999938964844,0.0,3.02,10195.0,3
2024-04-24,426,Apple_19,Fruit and vegetable,64.38,43.27,0.0,63.650001525878906,0.0,24.12,10255.0,3
2024-04-25,426,Apple_19,Fruit and vegetable,37.82,36.96,0.0,63.650001525878906,0.0,24.98,11238.0,3
2024-04-26,426,Apple_19,Fruit and vegetable,26.23,48.57,0.0,63.650001525878906,0.0,2.64,11988.0,3
2024-04-27,426,Apple_19,Fruit and vegetable,66.95,44.87,0.0,63.63999938964844,0.0,24.72,9223.0,3
2024-04-28,426,Apple_19,Fruit and vegetable,38.26,55.86,0.0,63.650001525878906,0.0,7.12,10142.0,3
2024-04-29,426,Apple_19,Fruit and vegetable,60.93,21.98,0.0,63.650001525878906,0.0,46.08,11011.0,3
2024-04-30,426,Apple_19,Fruit and vegetable,13.32,33.07,0.0,63.650001525878906,0.0,26.32,11142.0,3
2024-05-01,426,Apple_19,Fruit and vegetable,31.15,40.55,0.0,63.650001525878906,0.0,16.92,9874.0,3
2024-05-02,426,Apple_19,Fruit and vegetable,43.99,60.91,0.0,63.650001525878906,0.0,0.0,10795.0,3
2024-05-03,426,Apple_19,Fruit and vegetable,72.79,72.79,0.0,63.650001525878906,0.0,0.0,11872.0,3
2024-05-04,426,Apple_19,Fruit and vegetable,67.06,44.37,0.0,63.650001525878906,0.0,22.69,9787.0,3
2024-03-02,433,Tomato_16,Fruit and vegetable,38.7,38.7,0.0,35.77000045776367,0.0,0.0,10054.0,3
2024-03-03,433,Tomato_16,Fruit and vegetable,176.57,176.57,0.0,35.77000045776367,0.0,0.0,9613.0,3
2024-03-04,433,Tomato_16,Fruit and vegetable,163.49,49.73,0.0,35.77000045776367,0.0,113.76,9834.0,3
2024-03-05,433,Tomato_16,Fruit and vegetable,23.01,55.14,0.0,35.77000045776367,0.0,81.63,9746.0,3
2024-03-06,433,Tomato_16,Fruit and vegetable,39.91,37.34,0.0,35.77000045776367,0.0,84.2,9774.0,3
2024-03-07,433,Tomato_16,Fruit and vegetable,51.57,83.45,21.28,35.77000045776367,0.0,31.04,11142.0,3
2024-03-08,433,Tomato_16,Fruit and vegetable,75.74,79.2,0.0,35.77000045776367,0.0,27.58,11864.0,3
2024-03-09,433,Tomato_16,Fruit and vegetable,73.33,72.81,0.0,35.77000045776367,0.0,28.1,10078.0,3
2024-03-10,433,Tomato_16,Fruit and vegetable,207.45,88.63,0.0,35.77000045776367,0.0,146.92,10124.0,3
2024-03-11,433,Tomato_16,Fruit and vegetable,0.0,66.03,0.0,35.77000045776367,0.0,80.89,10122.0,3
2024-03-12,433,Tomato_16,Fruit and vegetable,0.0,42.29,0.0,35.77000045776367,0.0,38.6,10267.0,3
2024-03-13,433,Tomato_16,Fruit and vegetable,63.01,54.68,38.6,35.77000045776367,0.0,8.33,10214.0,3
2024-03-14,433,Tomato_16,Fruit and vegetable,96.27,90.22,0.0,35.77000045776367,0.0,14.38,11286.0,3
2024-03-15,433,Tomato_16,Fruit and vegetable,87.39,97.85,0.0,35.77000045776367,0.0,3.91,12108.0,3
2024-03-16,433,Tomato_16,Fruit and vegetable,94.95,56.55,0.0,35.77000045776367,0.0,42.31,10102.0,3
2024-03-17,433,Tomato_16,Fruit and vegetable,73.6,105.88,0.0,35.77000045776367,0.0,10.03,10186.0,3
2024-03-18,433,Tomato_16,Fruit and vegetable,87.32,79.28,0.0,35.77000045776367,0.0,18.07,10282.0,3
2024-03-19,433,Tomato_16,Fruit and vegetable,55.35,63.98,0.0,35.77000045776367,0.0,9.44,9794.0,3
2024-03-20,433,Tomato_16,Fruit and vegetable,71.48,47.71,0.0,35.77000045776367,0.0,33.21,10111.0,3
2024-03-21,433,Tomato_16,Fruit and vegetable,85.12,78.35,0.0,35.77000045776367,0.0,39.98,11034.0,3
2024-03-22,433,Tomato_16,Fruit and vegetable,85.07,84.43,0.0,35.77000045776367,0.0,40.62,11672.0,3
2024-03-23,433,Tomato_16,Fruit and vegetable,69.74,110.36,0.0,35.77000045776367,0.0,0.0,10153.0,3
2024-03-24,433,Tomato_16,Fruit and vegetable,134.02,99.47,0.0,35.77000045776367,0.0,34.55,10824.0,3
2024-03-25,433,Tomato_16,Fruit and vegetable,71.49,61.41,0.0,35.77000045776367,0.0,44.62,10530.0,3
2024-03-26,433,Tomato_16,Fruit and vegetable,47.69,61.08,0.0,35.77000045776367,0.0,31.23,10879.0,3
2024-03-27,433,Tomato_16,Fruit and vegetable,45.71,76.94,0.0,35.77000045776367,0.0,0.0,12451.0,3
2024-03-28,433,Tomato_16,Fruit and vegetable,101.81,82.39,0.0,35.77000045776367,0.0,19.42,12938.0,3
2024-03-31,433,Tomato_16,Fruit and vegetable,107.81,45.25,19.42,35.77000045776367,0.0,62.56,9558.0,3
2024-04-01,433,Tomato_16,Fruit and vegetable,77.13,83.84,0.0,35.77000045776367,0.0,55.85,9826.0,3
2024-04-02,433,Tomato_16,Fruit and vegetable,66.8,82.84,0.0,35.77000045776367,0.0,39.81,10261.0,3
2024-04-03,433,Tomato_16,Fruit and vegetable,57.67,97.48,0.0,35.77000045776367,0.0,0.0,9938.0,3
2024-04-04,433,Tomato_16,Fruit and vegetable,83.12,71.24,0.0,35.77000045776367,0.0,11.88,11179.0,3
2024-04-05,433,Tomato_16,Fruit and vegetable,85.77,96.01,0.0,35.77000045776367,0.0,1.64,12214.0,3
2024-04-06,433,Tomato_16,Fruit and vegetable,105.22,106.86,0.0,35.77000045776367,0.0,0.0,9690.0,3
2024-04-07,433,Tomato_16,Fruit and vegetable,71.44,69.46,0.0,35.77000045776367,0.0,1.98,9684.0,3
2024-04-08,433,Tomato_16,Fruit and vegetable,99.73,54.74,0.0,35.77000045776367,0.0,46.96,10147.0,3
2024-04-09,433,Tomato_16,Fruit and vegetable,59.64,59.99,0.0,35.77000045776367,0.0,46.61,10198.0,3
2024-04-10,433,Tomato_16,Fruit and vegetable,77.03,54.19,0.0,35.77000045776367,0.0,69.45,10762.0,3
2024-04-11,433,Tomato_16,Fruit and vegetable,28.16,66.19,0.0,35.77000045776367,0.0,31.43,11005.0,3
2024-04-12,433,Tomato_16,Fruit and vegetable,91.18,97.96,0.0,35.77000045776367,0.0,24.64,12008.0,3
2024-04-13,433,Tomato_16,Fruit and vegetable,109.29,34.94,0.0,35.77000045776367,0.0,99.0,9772.0,3
2024-04-14,433,Tomato_16,Fruit and vegetable,0.0,77.86,0.0,35.77000045776367,0.0,21.14,10033.0,3
2024-04-15,433,Tomato_16,Fruit and vegetable,59.16,61.15,0.0,35.77000045776367,0.0,19.15,10806.0,3
2024-04-16,433,Tomato_16,Fruit and vegetable,65.97,77.37,0.0,35.77000045776367,0.0,7.75,10398.0,3
2024-04-17,433,Tomato_16,Fruit and vegetable,72.1,38.84,0.0,35.77000045776367,0.0,41.01,10170.0,3
2024-04-18,433,Tomato_16,Fruit and vegetable,53.85,83.33,0.0,35.77000045776367,0.0,11.52,11244.0,3
2024-04-19,433,Tomato_16,Fruit and vegetable,116.48,93.63,0.0,35.77000045776367,0.0,34.37,12858.0,3
2024-04-20,433,Tomato_16,Fruit and vegetable,29.46,59.53,0.0,35.77000045776367,0.0,4.3,10666.0,3
2024-04-21,433,Tomato_16,Fruit and vegetable,101.36,105.66,0.0,35.77000045776367,0.0,0.0,10309.0,3
2024-04-22,433,Tomato_16,Fruit and vegetable,90.23,61.46,0.0,35.77000045776367,0.0,28.77,10488.0,3
2024-04-23,433,Tomato_16,Fruit and vegetable,77.64,34.57,0.0,35.77000045776367,0.0,71.84,10195.0,3
2024-04-25,433,Tomato_16,Fruit and vegetable,1.63,42.4,0.0,35.77000045776367,0.0,31.07,11238.0,3
2024-04-26,433,Tomato_16,Fruit and vegetable,115.54,82.52,29.44,35.77000045776367,0.0,34.65,11988.0,3
2024-04-27,433,Tomato_16,Fruit and vegetable,92.73,66.52,0.0,35.77000045776367,0.0,60.86,9223.0,3
2024-04-28,433,Tomato_16,Fruit and vegetable,29.32,42.38,0.0,35.77000045776367,0.0,47.8,10142.0,3
2024-04-29,433,Tomato_16,Fruit and vegetable,90.36,50.51,0.0,35.77000045776367,0.0,87.65,11011.0,3
2024-04-30,433,Tomato_16,Fruit and vegetable,0.0,76.49,0.0,35.77000045776367,0.0,11.16,11142.0,3
2024-05-01,433,Tomato_16,Fruit and vegetable,47.31,53.24,0.0,35.77000045776367,0.0,5.23,9874.0,3
2024-05-02,433,Tomato_16,Fruit and vegetable,57.89,57.66,0.0,35.77000045776367,0.0,5.46,10795.0,3
2024-05-03,433,Tomato_16,Fruit and vegetable,95.61,86.08,0.0,35.77000045776367,0.0,15.0,11872.0,3
2024-05-04,433,Tomato_16,Fruit and vegetable,71.23,42.66,0.0,35.77000045776367,0.0,43.57,9787.0,3
2024-05-05,433,Tomato_16,Fruit and vegetable,48.44,92.01,0.0,35.77000045776367,0.0,0.0,10036.0,3
2024-03-01,453,Soup_1,Fruit and vegetable,39.8,39.8,0.0,26.579999923706055,0.0566600002348423,0.0,11812.0,3
2024-03-02,453,Soup_1,Fruit and vegetable,49.53,49.53,0.0,26.579999923706055,0.16017000377178192,0.0,10054.0,3
2024-03-03,453,Soup_1,Fruit and vegetable,48.61,35.24,0.0,26.579999923706055,0.0,13.37,9613.0,3
2024-03-04,453,Soup_1,Fruit and vegetable,35.78,27.1,0.0,26.579999923706055,0.0,22.04,9834.0,3
2024-03-05,453,Soup_1,Fruit and vegetable,29.73,35.77,0.0,26.579999923706055,0.0,16.01,9746.0,3
2024-03-06,453,Soup_1,Fruit and vegetable,34.24,46.23,0.0,26.579999923706055,0.0,4.01,9774.0,3
2024-03-07,453,Soup_1,Fruit and vegetable,46.18,29.55,0.0,26.579999923706055,0.0,20.65,11142.0,3
2024-03-08,453,Soup_1,Fruit and vegetable,29.68,38.22,0.0,26.579999923706055,0.0,12.1,11864.0,3
2024-03-09,453,Soup_1,Fruit and vegetable,47.89,37.13,0.0,26.579999923706055,0.0,22.86,10078.0,3
2024-03-10,453,Soup_1,Fruit and vegetable,20.32,40.63,0.0,26.579999923706055,0.0,2.56,10124.0,3
2024-03-11,453,Soup_1,Fruit and vegetable,32.84,30.04,0.0,26.579999923706055,0.0,5.36,10122.0,3
2024-03-12,453,Soup_1,Fruit and vegetable,39.05,44.41,0.0,26.579999923706055,0.0,0.0,10267.0,3
2024-03-13,453,Soup_1,Fruit and vegetable,54.51,38.8,0.0,26.579999923706055,0.0,15.71,10214.0,3
2024-03-14,453,Soup_1,Fruit and vegetable,37.21,52.92,0.0,26.579999923706055,0.04960000142455101,0.0,11286.0,3
2024-03-15,453,Soup_1,Fruit and vegetable,48.75,48.75,0.0,26.579999923706055,0.009309999644756317,0.0,12108.0,3
2024-03-16,453,Soup_1,Fruit and vegetable,46.9,30.04,0.0,26.579999923706055,0.15041999518871307,16.86,10102.0,3
2024-03-17,453,Soup_1,Fruit and vegetable,34.97,33.53,0.0,26.579999923706055,0.0,18.29,10186.0,3
2024-03-18,453,Soup_1,Fruit and vegetable,27.17,45.46,0.0,26.579999923706055,0.028699999675154686,0.0,10282.0,3
2024-03-19,453,Soup_1,Fruit and vegetable,54.96,31.99,0.0,26.579999923706055,0.0,22.97,9794.0,3
2024-03-20,453,Soup_1,Fruit and vegetable,27.27,44.18,0.0,26.579999923706055,0.0,6.06,10111.0,3
2024-03-21,453,Soup_1,Fruit and vegetable,58.41,34.82,0.0,26.579999923706055,0.0,29.66,11034.0,3
2024-03-22,453,Soup_1,Fruit and vegetable,28.7,39.69,0.0,26.579999923706055,0.0,18.67,11672.0,3
2024-03-23,453,Soup_1,Fruit and vegetable,19.14,22.95,0.0,26.579999923706055,0.0,14.85,10153.0,3
2024-03-24,453,Soup_1,Fruit and vegetable,28.65,36.85,0.0,26.579999923706055,0.0,6.65,10824.0,3
2024-03-25,453,Soup_1,Fruit and vegetable,48.68,29.65,0.0,26.579999923706055,0.06824000179767609,25.67,10530.0,3
2024-03-26,453,Soup_1,Fruit and vegetable,15.2,39.61,0.0,26.579999923706055,0.1490200012922287,1.27,10879.0,3
2024-03-27,453,Soup_1,Fruit and vegetable,52.02,42.75,0.0,26.579999923706055,0.20000000298023224,10.54,12451.0,3
2024-03-28,453,Soup_1,Fruit and vegetable,44.06,54.6,0.0,26.579999923706055,0.006769999861717224,0.0,12938.0,3
2024-03-29,453,Soup_1,Fruit and vegetable,52.5,35.38,0.0,26.579999923706055,0.0,17.12,10045.0,3
2024-03-30,453,Soup_1,Fruit and vegetable,18.66,23.81,0.0,26.579999923706055,0.0,11.97,8440.0,3
2024-03-31,453,Soup_1,Fruit and vegetable,37.45,32.48,0.0,26.579999923706055,0.0,16.94,9558.0,3
2024-04-02,453,Soup_1,Fruit and vegetable,25.52,22.75,0.0,26.579999923706055,0.0,19.71,10261.0,3
2024-04-03,453,Soup_1,Fruit and vegetable,34.13,40.77,0.0,26.579999923706055,0.0,13.07,9938.0,3
2024-04-04,453,Soup_1,Fruit and vegetable,55.27,68.34,0.0,26.579999923706055,0.0,0.0,11179.0,3
2024-04-05,453,Soup_1,Fruit and vegetable,75.85,49.0,0.0,26.579999923706055,0.0,26.85,12214.0,3
2024-04-06,453,Soup_1,Fruit and vegetable,28.86,16.03,0.0,26.579999923706055,0.0,39.69,9690.0,3
2024-04-07,453,Soup_1,Fruit and vegetable,7.33,25.11,0.0,26.579999923706055,0.0,21.91,9684.0,3
2024-04-08,453,Soup_1,Fruit and vegetable,33.6,26.14,0.0,26.579999923706055,0.06641999632120132,29.37,10147.0,3
2024-04-09,453,Soup_1,Fruit and vegetable,16.9,28.76,0.0,26.579999923706055,0.12890000641345978,17.51,10198.0,3
2024-04-10,453,Soup_1,Fruit and vegetable,46.06,35.16,0.0,26.579999923706055,0.2501400113105774,28.41,10762.0,3
2024-04-11,453,Soup_1,Fruit and vegetable,62.59,28.74,0.0,26.579999923706055,0.06120000034570694,62.26,11005.0,3
2024-04-12,453,Soup_1,Fruit and vegetable,0.0,34.2,0.0,26.579999923706055,0.1683499962091446,28.06,12008.0,3
2024-04-13,453,Soup_1,Fruit and vegetable,9.28,37.34,0.0,26.579999923706055,0.2501400113105774,0.0,9772.0,3
2024-04-14,453,Soup_1,Fruit and vegetable,37.16,37.16,0.0,26.579999923706055,0.0,0.0,10033.0,3
2024-04-15,453,Soup_1,Fruit and vegetable,31.95,25.16,0.0,26.579999923706055,0.05045999959111214,6.79,10806.0,3
2024-04-16,453,Soup_1,Fruit and vegetable,28.73,35.52,0.0,26.579999923706055,0.11351999640464783,0.0,10398.0,3
2024-04-17,453,Soup_1,Fruit and vegetable,42.37,42.37,0.0,26.579999923706055,0.3501400053501129,0.0,10170.0,3
2024-04-18,453,Soup_1,Fruit and vegetable,43.4,43.4,0.0,26.579999923706055,0.0,0.0,11244.0,3
2024-04-19,453,Soup_1,Fruit and vegetable,41.92,39.15,0.0,26.579999923706055,0.0,2.77,12858.0,3
2024-04-20,453,Soup_1,Fruit and vegetable,42.27,22.76,0.0,26.579999923706055,0.0,22.27,10666.0,3
2024-04-21,453,Soup_1,Fruit and vegetable,25.25,29.94,0.0,26.579999923706055,0.0,17.59,10309.0,3
2024-04-22,453,Soup_1,Fruit and vegetable,18.13,28.32,0.0,26.579999923706055,0.0,7.4,10488.0,3
2024-04-23,453,Soup_1,Fruit and vegetable,38.05,35.29,0.0,26.579999923706055,0.0,10.15,10195.0,3
2024-04-24,453,Soup_1,Fruit and vegetable,42.13,24.68,0.0,26.579999923706055,0.0,27.61,10255.0,3
2024-04-25,453,Soup_1,Fruit and vegetable,25.55,48.61,0.0,26.579999923706055,0.0,4.55,11238.0,3
2024-04-26,453,Soup_1,Fruit and vegetable,46.19,39.54,0.0,26.579999923706055,0.0,11.19,11988.0,3
2024-04-27,453,Soup_1,Fruit and vegetable,23.21,16.18,0.0,26.579999923706055,0.0,18.22,9223.0,3
2024-04-28,453,Soup_1,Fruit and vegetable,25.19,33.55,0.0,26.579999923706055,0.0,9.86,10142.0,3
2024-04-29,453,Soup_1,Fruit and vegetable,31.91,32.57,0.0,26.579999923706055,0.0644799992442131,9.2,11011.0,3
2024-04-30,453,Soup_1,Fruit and vegetable,39.35,35.12,0.0,26.579999923706055,0.004980000201612711,13.43,11142.0,3
2024-05-01,453,Soup_1,Fruit and vegetable,24.5,24.84,0.0,26.579999923706055,0.2501400113105774,13.1,9874.0,3
2024-05-02,453,Soup_1,Fruit and vegetable,48.74,22.37,0.0,26.579999923706055,0.04472000151872635,39.47,10795.0,3
2024-05-03,453,Soup_1,Fruit and vegetable,10.62,25.48,0.0,26.579999923706055,0.10739000141620636,24.61,11872.0,3
2024-05-04,453,Soup_1,Fruit and vegetable,0.4,21.69,0.0,26.579999923706055,0.040720000863075256,3.31,9787.0,3
2024-05-05,453,Soup_1,Fruit and vegetable,37.44,26.89,0.0,26.579999923706055,0.0,13.87,10036.0,3
2024-03-01,47,Bread_2,Bakery,63.57,63.57,0.0,29.510000228881836,0.3209199905395508,0.0,11812.0,2
2024-03-02,47,Bread_2,Bakery,63.57,50.59,0.0,29.510000228881836,0.3977299928665161,12.98,10054.0,2
2024-03-03,47,Bread_2,Bakery,62.34,58.5,0.0,29.510000228881836,0.40022000670433044,16.82,9613.0,2
2024-03-04,47,Bread_2,Bakery,55.13,47.78,0.0,29.510000228881836,0.19704000651836395,24.16,9834.0,2
2024-03-05,47,Bread_2,Bakery,71.89,96.05,0.0,29.510000228881836,0.40022000670433044,0.0,9746.0,2
2024-03-06,47,Bread_2,Bakery,88.34,53.34,0.0,29.510000228881836,0.0,35.0,9774.0,2
2024-03-07,47,Bread_2,Bakery,51.33,48.68,0.0,29.510000228881836,0.0,37.65,11142.0,2
2024-03-08,47,Bread_2,Bakery,47.62,48.21,0.0,29.510000228881836,0.0,37.06,11864.0,2
2024-03-09,47,Bread_2,Bakery,51.34,88.4,0.0,29.510000228881836,0.0,0.0,10078.0,2
2024-03-10,47,Bread_2,Bakery,84.66,63.6,0.0,29.510000228881836,0.0,21.06,10124.0,2
2024-03-11,47,Bread_2,Bakery,65.51,86.57,0.0,29.510000228881836,0.0,0.0,10122.0,2
2024-03-12,47,Bread_2,Bakery,122.36,54.63,0.0,29.510000228881836,0.0,67.73,10267.0,2
2024-03-13,47,Bread_2,Bakery,7.7,31.75,0.0,29.510000228881836,0.0,43.68,10214.0,2
2024-03-14,47,Bread_2,Bakery,67.72,74.6,35.98,29.510000228881836,0.0,0.82,11286.0,2
2024-03-15,47,Bread_2,Bakery,74.0,70.39,0.0,29.510000228881836,0.0,4.44,12108.0,2
2024-03-16,47,Bread_2,Bakery,109.12,65.76,0.0,29.510000228881836,0.020749999210238457,47.79,10102.0,2
2024-03-17,47,Bread_2,Bakery,37.94,67.06,0.0,29.510000228881836,0.0,18.67,10186.0,2
2024-03-18,47,Bread_2,Bakery,90.08,68.71,0.0,29.510000228881836,0.0,40.04,10282.0,2
2024-03-19,47,Bread_2,Bakery,52.37,92.41,0.0,29.510000228881836,0.0,0.0,9794.0,2
2024-03-20,47,Bread_2,Bakery,68.91,68.91,0.0,29.510000228881836,0.0,0.0,10111.0,2
2024-03-21,47,Bread_2,Bakery,86.37,52.24,0.0,29.510000228881836,0.0,34.13,11034.0,2
2024-03-22,47,Bread_2,Bakery,51.44,63.86,0.0,29.510000228881836,0.0,21.71,11672.0,2
2024-03-23,47,Bread_2,Bakery,61.28,82.99,0.0,29.510000228881836,0.0,0.0,10153.0,2
2024-03-24,47,Bread_2,Bakery,110.04,110.04,0.0,29.510000228881836,0.0,0.0,10824.0,2
2024-03-25,47,Bread_2,Bakery,93.69,56.15,0.0,29.510000228881836,0.0,37.54,10530.0,2
2024-03-26,47,Bread_2,Bakery,81.66,52.35,0.0,29.510000228881836,0.0,66.85,10879.0,2
2024-03-27,47,Bread_2,Bakery,28.84,75.23,0.0,29.510000228881836,0.0,20.47,12451.0,2
2024-03-28,47,Bread_2,Bakery,58.7,78.24,0.0,29.510000228881836,0.0,0.92,12938.0,2
2024-03-29,47,Bread_2,Bakery,87.94,63.69,0.0,29.510000228881836,0.0,25.17,10045.0,2
2024-03-30,47,Bread_2,Bakery,82.84,42.13,0.0,29.510000228881836,0.0,65.88,8440.0,2
2024-03-31,47,Bread_2,Bakery,72.77,50.0,0.0,29.510000228881836,0.0,88.65,9558.0,2
2024-04-01,47,Bread_2,Bakery,3.61,76.38,15.88,29.510000228881836,0.0,0.0,9826.0,2
2024-04-02,47,Bread_2,Bakery,82.84,82.84,0.0,29.510000228881836,0.0,0.0,10261.0,2
2024-04-03,47,Bread_2,Bakery,95.14,81.53,0.0,29.510000228881836,0.0,13.61,9938.0,2
2024-04-04,47,Bread_2,Bakery,85.47,62.55,0.0,29.510000228881836,0.0,36.53,11179.0,2
2024-04-05,47,Bread_2,Bakery,47.48,84.01,0.0,29.510000228881836,0.0,0.0,12214.0,2
2024-04-06,47,Bread_2,Bakery,80.14,80.14,0.0,29.510000228881836,0.0,0.0,9690.0,2
2024-04-07,47,Bread_2,Bakery,66.4,62.34,0.0,29.510000228881836,0.0,4.06,9684.0,2
2024-04-08,47,Bread_2,Bakery,87.77,91.83,0.0,29.510000228881836,0.0,0.0,10147.0,2
2024-04-09,47,Bread_2,Bakery,97.17,93.51,0.0,29.510000228881836,0.0,3.66,10198.0,2
2024-04-10,47,Bread_2,Bakery,94.02,43.88,0.0,29.510000228881836,0.0,53.8,10762.0,2
2024-04-11,47,Bread_2,Bakery,32.18,62.71,0.0,29.510000228881836,0.0,23.27,11005.0,2
2024-04-12,47,Bread_2,Bakery,84.15,86.1,0.0,29.510000228881836,0.011959999799728394,21.32,12008.0,2
2024-04-13,47,Bread_2,Bakery,82.49,55.12,0.0,29.510000228881836,0.0,48.69,9772.0,2
2024-04-14,47,Bread_2,Bakery,38.71,56.62,0.0,29.510000228881836,0.0,30.78,10033.0,2
2024-04-15,47,Bread_2,Bakery,86.78,75.13,0.0,30.299999237060547,0.0,42.43,10806.0,2
2024-04-16,47,Bread_2,Bakery,74.06,84.41,0.0,29.510000228881836,0.0,32.08,10398.0,2
2024-04-17,47,Bread_2,Bakery,32.26,44.31,0.0,30.299999237060547,0.0,20.02,10170.0,2
2024-04-18,47,Bread_2,Bakery,75.46,95.48,0.0,30.299999237060547,0.0,0.0,11244.0,2
2024-04-19,47,Bread_2,Bakery,110.58,76.61,0.0,30.299999237060547,0.0,33.97,12858.0,2
2024-04-20,47,Bread_2,Bakery,67.58,101.55,0.0,30.299999237060547,0.0,0.0,10666.0,2
2024-04-21,47,Bread_2,Bakery,82.66,61.64,0.0,30.299999237060547,0.0,21.02,10309.0,2
2024-04-22,47,Bread_2,Bakery,79.21,86.04,0.0,30.299999237060547,0.0,14.19,10488.0,2
2024-04-23,47,Bread_2,Bakery,95.65,63.52,0.0,30.299999237060547,0.0,46.32,10195.0,2
2024-04-24,47,Bread_2,Bakery,25.95,72.27,0.0,30.299999237060547,0.0,0.0,10255.0,2
2024-04-25,47,Bread_2,Bakery,115.17,88.54,0.0,30.299999237060547,0.0,26.63,11238.0,2
2024-04-26,47,Bread_2,Bakery,68.38,72.21,0.0,30.299999237060547,0.0,22.8,11988.0,2
2024-04-27,47,Bread_2,Bakery,97.4,44.95,0.0,30.299999237060547,0.0,75.25,9223.0,2
2024-04-28,47,Bread_2,Bakery,5.59,58.28,0.0,30.299999237060547,0.0,22.56,10142.0,2
2024-04-29,47,Bread_2,Bakery,100.11,52.25,16.97,30.299999237060547,0.0,53.45,11011.0,2
2024-04-30,47,Bread_2,Bakery,28.69,64.32,0.0,30.299999237060547,0.0,17.82,11142.0,2
2024-05-01,47,Bread_2,Bakery,73.06,53.24,0.0,30.299999237060547,0.0,37.64,9874.0,2
2024-05-02,47,Bread_2,Bakery,69.67,69.89,0.0,30.299999237060547,0.0,37.42,10795.0,2
2024-05-03,47,Bread_2,Bakery,47.56,84.36,0.0,30.299999237060547,0.0,0.62,11872.0,2
2024-05-04,47,Bread_2,Bakery,61.59,62.21,0.0,30.299999237060547,0.0,0.0,9787.0,2
2024-05-05,47,Bread_2,Bakery,72.47,47.77,0.0,30.299999237060547,0.0,24.7,10036.0,2
2024-03-01,486,Pork_9,Meat and fish,70.38,70.38,0.0,196.22999572753906,0.0,0.0,11812.0,4
2024-03-02,486,Pork_9,Meat and fish,70.38,48.91,0.0,196.22000122070312,0.0,21.47,10054.0,4
2024-03-04,486,Pork_9,Meat and fish,68.34,37.23,0.0,196.22000122070312,0.0,52.58,9834.0,4
2024-03-05,486,Pork_9,Meat and fish,39.32,32.84,0.0,196.22000122070312,0.0,59.06,9746.0,4
2024-03-06,486,Pork_9,Meat and fish,32.81,26.94,0.0,196.22999572753906,0.0,64.93,9774.0,4
2024-03-07,486,Pork_9,Meat and fish,27.42,53.22,0.0,196.22999572753906,0.0,39.13,11142.0,4
2024-03-08,486,Pork_9,Meat and fish,51.58,72.59,0.0,196.22999572753906,0.0,18.12,11864.0,4
2024-03-09,486,Pork_9,Meat and fish,75.14,45.4,0.0,196.22000122070312,0.0,47.86,10078.0,4
2024-03-10,486,Pork_9,Meat and fish,20.44,37.38,0.0,196.22999572753906,0.0,30.93,10124.0,4
2024-03-11,486,Pork_9,Meat and fish,25.92,37.03,0.0,197.19000244140625,0.0,19.81,10122.0,4
2024-03-12,486,Pork_9,Meat and fish,32.66,40.32,0.0,196.22999572753906,0.0,12.15,10267.0,4
2024-03-13,486,Pork_9,Meat and fish,33.61,35.4,0.0,196.22999572753906,0.0,10.37,10214.0,4
2024-03-14,486,Pork_9,Meat and fish,59.86,49.6,0.0,196.22000122070312,0.0,20.62,11286.0,4
2024-03-15,486,Pork_9,Meat and fish,68.63,50.8,0.0,196.22000122070312,0.0,38.46,12108.0,4
2024-03-16,486,Pork_9,Meat and fish,15.02,27.94,0.0,196.22999572753906,0.0,25.53,10102.0,4
2024-03-17,486,Pork_9,Meat and fish,22.18,36.16,0.0,196.22000122070312,0.0,11.55,10186.0,4
2024-03-18,486,Pork_9,Meat and fish,35.9,31.66,0.0,196.22999572753906,0.0,15.79,10282.0,4
2024-03-19,486,Pork_9,Meat and fish,35.62,23.6,0.0,196.22000122070312,0.0,27.81,9794.0,4
2024-03-20,486,Pork_9,Meat and fish,20.82,24.58,0.0,196.22999572753906,0.0,24.05,10111.0,4
2024-03-21,486,Pork_9,Meat and fish,40.0,46.84,0.0,196.22999572753906,0.0,17.2,11034.0,4
2024-03-22,486,Pork_9,Meat and fish,47.32,55.14,0.0,196.22999572753906,0.0,9.38,11672.0,4
2024-03-23,486,Pork_9,Meat and fish,33.77,40.47,0.0,196.22999572753906,0.0,2.67,10153.0,4
2024-03-24,486,Pork_9,Meat and fish,48.27,26.97,0.0,196.22999572753906,0.0,23.98,10824.0,4
2024-03-25,486,Pork_9,Meat and fish,25.38,49.36,0.0,196.22000122070312,0.0,0.0,10530.0,4
2024-03-26,486,Pork_9,Meat and fish,58.01,58.01,0.0,196.22999572753906,0.0,0.0,10879.0,4
2024-03-27,486,Pork_9,Meat and fish,69.44,69.44,0.0,196.22999572753906,0.0,0.0,12451.0,4
2024-03-28,486,Pork_9,Meat and fish,70.4,70.4,0.0,196.22000122070312,0.0,0.0,12938.0,4
2024-03-29,486,Pork_9,Meat and fish,75.04,68.31,0.0,196.22999572753906,0.0,6.73,10045.0,4
2024-03-30,486,Pork_9,Meat and fish,55.03,32.22,0.0,196.22000122070312,0.0,29.54,8440.0,4
2024-03-31,486,Pork_9,Meat and fish,20.52,35.68,0.0,196.22999572753906,0.0,14.38,9558.0,4
2024-04-01,486,Pork_9,Meat and fish,55.59,17.6,0.0,196.22000122070312,0.0,52.37,9826.0,4
2024-04-02,486,Pork_9,Meat and fish,33.11,27.9,0.0,196.22000122070312,0.0,57.58,10261.0,4
2024-04-03,486,Pork_9,Meat and fish,40.83,45.89,0.0,196.22999572753906,0.11980000138282776,52.52,9938.0,4
2024-04-04,486,Pork_9,Meat and fish,43.7,39.81,0.0,196.22000122070312,0.0,56.41,11179.0,4
2024-04-05,486,Pork_9,Meat and fish,32.41,56.68,0.0,196.22000122070312,0.0,32.14,12214.0,4
2024-04-06,486,Pork_9,Meat and fish,16.24,45.43,0.0,196.22999572753906,0.0,2.95,9690.0,4
2024-04-07,486,Pork_9,Meat and fish,49.19,39.43,0.0,196.22999572753906,0.0,12.71,9684.0,4
2024-04-08,486,Pork_9,Meat and fish,38.15,50.86,0.0,196.22000122070312,0.0,0.0,10147.0,4
2024-04-09,486,Pork_9,Meat and fish,51.68,51.68,0.0,196.22000122070312,0.0,0.0,10198.0,4
2024-04-10,486,Pork_9,Meat and fish,54.04,48.92,0.0,196.22000122070312,0.0,5.12,10762.0,4
2024-04-11,486,Pork_9,Meat and fish,44.19,49.31,0.0,196.22000122070312,0.0,0.0,11005.0,4
2024-04-12,486,Pork_9,Meat and fish,63.57,57.35,0.0,196.22999572753906,0.0,6.22,12008.0,4
2024-04-13,486,Pork_9,Meat and fish,46.31,29.91,0.0,196.22000122070312,0.0,22.62,9772.0,4
2024-04-14,486,Pork_9,Meat and fish,28.51,35.5,0.0,196.22000122070312,0.0,15.64,10033.0,4
2024-04-15,486,Pork_9,Meat and fish,47.73,36.39,0.0,196.22000122070312,0.0,26.98,10806.0,4
2024-04-16,486,Pork_9,Meat and fish,37.69,24.88,0.0,196.22000122070312,0.0,39.79,10398.0,4
2024-04-17,486,Pork_9,Meat and fish,24.18,29.96,0.0,196.22000122070312,0.0,34.02,10170.0,4
2024-04-18,486,Pork_9,Meat and fish,30.19,54.82,0.0,196.22000122070312,0.0,9.38,11244.0,4
2024-04-19,486,Pork_9,Meat and fish,74.46,83.84,0.0,196.22000122070312,0.0,0.0,12858.0,4
2024-04-20,486,Pork_9,Meat and fish,56.41,46.48,0.0,196.22000122070312,0.0,9.93,10666.0,4
2024-04-21,486,Pork_9,Meat and fish,51.17,33.76,0.0,196.22000122070312,0.0,27.35,10309.0,4
2024-04-22,486,Pork_9,Meat and fish,34.83,32.8,0.0,196.22999572753906,0.0,29.38,10488.0,4
2024-04-23,486,Pork_9,Meat and fish,21.65,40.23,0.0,196.22000122070312,0.0,10.79,10195.0,4
2024-04-24,486,Pork_9,Meat and fish,43.25,38.81,0.0,196.22000122070312,0.0,15.24,10255.0,4
2024-04-25,486,Pork_9,Meat and fish,62.41,49.91,0.0,196.22999572753906,0.0,27.74,11238.0,4
2024-04-26,486,Pork_9,Meat and fish,78.61,68.51,0.0,196.22000122070312,0.0,37.83,11988.0,4
2024-04-27,486,Pork_9,Meat and fish,24.43,50.38,0.0,196.22000122070312,0.0,11.88,9223.0,4
2024-04-28,486,Pork_9,Meat and fish,37.91,40.97,0.0,196.22000122070312,0.0,8.83,10142.0,4
2024-04-29,486,Pork_9,Meat and fish,38.99,35.5,0.0,196.22000122070312,0.0,12.32,11011.0,4
2024-04-30,486,Pork_9,Meat and fish,42.33,24.04,0.0,196.22000122070312,0.0,30.6,11142.0,4
2024-05-01,486,Pork_9,Meat and fish,26.18,12.09,0.0,196.22000122070312,0.0,44.69,9874.0,4
2024-05-02,486,Pork_9,Meat and fish,29.01,40.66,0.0,196.22000122070312,0.0,33.04,10795.0,4
2024-05-03,486,Pork_9,Meat and fish,58.64,64.39,0.0,196.22000122070312,0.0,27.3,11872.0,4
2024-05-04,486,Pork_9,Meat and fish,44.87,38.61,0.0,196.22000122070312,0.0,33.55,9787.0,4
2024-05-05,486,Pork_9,Meat and fish,28.13,44.94,0.0,196.22000122070312,0.0,16.75,10036.0,4
2024-03-01,506,Toust_8,Bakery,86.14,86.14,0.0,33.189998626708984,0.0,0.0,11812.0,2
2024-03-02,506,Toust_8,Bakery,86.14,84.9,0.0,33.189998626708984,0.0,1.24,10054.0,2
2024-03-03,506,Toust_8,Bakery,86.02,80.26,0.0,33.189998626708984,0.0,7.0,9613.0,2
2024-03-04,506,Toust_8,Bakery,83.11,88.8,0.0,33.189998626708984,0.0,1.31,9834.0,2
2024-03-05,506,Toust_8,Bakery,89.4,81.82,0.0,33.189998626708984,0.0,8.89,9746.0,2
2024-03-06,506,Toust_8,Bakery,81.61,74.68,0.0,33.189998626708984,0.0,15.82,9774.0,2
2024-03-07,506,Toust_8,Bakery,76.72,79.97,0.0,33.189998626708984,0.0,12.57,11142.0,2
2024-03-08,506,Toust_8,Bakery,87.29,99.86,0.0,33.189998626708984,0.0,0.0,11864.0,2
2024-03-09,506,Toust_8,Bakery,95.31,93.71,0.0,33.189998626708984,0.0,1.6,10078.0,2
2024-03-10,506,Toust_8,Bakery,90.03,62.04,0.0,33.189998626708984,0.0,29.59,10124.0,2
2024-03-11,506,Toust_8,Bakery,75.33,98.53,0.0,33.189998626708984,0.0,6.39,10122.0,2
2024-03-12,506,Toust_8,Bakery,93.12,70.49,0.0,33.189998626708984,0.0,29.02,10267.0,2
2024-03-13,506,Toust_8,Bakery,64.6,86.42,0.0,33.189998626708984,0.0,7.2,10214.0,2
2024-03-14,506,Toust_8,Bakery,91.19,91.95,0.0,33.189998626708984,0.0,6.44,11286.0,2
2024-03-15,506,Toust_8,Bakery,132.61,139.05,0.0,33.189998626708984,0.0,0.0,12108.0,2
2024-03-16,506,Toust_8,Bakery,125.28,86.6,0.0,33.189998626708984,0.0,38.68,10102.0,2
2024-03-17,506,Toust_8,Bakery,55.0,71.61,0.0,33.189998626708984,0.0,22.07,10186.0,2
2024-03-18,506,Toust_8,Bakery,106.0,79.67,0.0,33.189998626708984,0.0,48.4,10282.0,2
2024-03-19,506,Toust_8,Bakery,51.92,53.87,0.0,33.189998626708984,0.0,46.44,9794.0,2
2024-03-20,506,Toust_8,Bakery,73.53,86.58,0.0,39.029998779296875,0.0,33.39,10111.0,2
2024-03-21,506,Toust_8,Bakery,92.11,85.32,0.0,39.029998779296875,0.0,40.18,11034.0,2
2024-03-22,506,Toust_8,Bakery,132.31,108.73,0.0,39.029998779296875,0.0,63.76,11672.0,2
2024-03-23,506,Toust_8,Bakery,44.21,60.04,0.0,39.029998779296875,0.0,47.93,10153.0,2
2024-03-24,506,Toust_8,Bakery,50.89,73.53,3.72,39.029998779296875,0.0,21.57,10824.0,2
2024-03-25,506,Toust_8,Bakery,81.47,56.33,0.0,39.029998779296875,0.0,46.7,10530.0,2
2024-03-26,506,Toust_8,Bakery,32.76,71.04,0.0,39.029998779296875,0.1282300055027008,8.43,10879.0,2
2024-03-27,506,Toust_8,Bakery,101.11,89.6,0.0,39.029998779296875,0.30000001192092896,19.93,12451.0,2
2024-03-28,506,Toust_8,Bakery,88.71,103.75,0.0,39.029998779296875,0.004459999967366457,4.9,12938.0,2
2024-03-29,506,Toust_8,Bakery,130.28,74.3,0.0,39.029998779296875,0.30000001192092896,60.88,10045.0,2
2024-03-30,506,Toust_8,Bakery,20.25,42.13,0.0,39.029998779296875,0.0,39.0,8440.0,2
2024-03-31,506,Toust_8,Bakery,79.18,51.96,18.75,39.029998779296875,0.0,47.48,9558.0,2
2024-04-01,506,Toust_8,Bakery,36.66,71.05,0.0,39.029998779296875,0.0,13.09,9826.0,2
2024-04-02,506,Toust_8,Bakery,84.69,22.91,0.0,39.029998779296875,0.07666999846696854,74.87,10261.0,2
2024-04-03,506,Toust_8,Bakery,50.53,30.49,0.0,39.029998779296875,0.14895999431610107,94.91,9938.0,2
2024-04-04,506,Toust_8,Bakery,89.39,94.69,44.38,39.029998779296875,0.31398001313209534,45.24,11179.0,2
2024-04-05,506,Toust_8,Bakery,62.15,84.01,0.0,39.029998779296875,0.20000000298023224,23.38,12214.0,2
2024-04-06,506,Toust_8,Bakery,53.64,76.58,0.0,39.029998779296875,0.0,0.44,9690.0,2
2024-04-07,506,Toust_8,Bakery,86.45,57.0,0.0,39.029998779296875,0.0,29.89,9684.0,2
2024-04-08,506,Toust_8,Bakery,75.79,77.7,0.0,39.029998779296875,0.0,27.98,10147.0,2
2024-04-09,506,Toust_8,Bakery,35.54,63.52,0.0,39.029998779296875,0.0,0.0,10198.0,2
2024-04-10,506,Toust_8,Bakery,69.93,69.93,0.0,39.029998779296875,0.0,0.0,10762.0,2
2024-04-11,506,Toust_8,Bakery,110.88,83.61,0.0,39.029998779296875,0.0,27.27,11005.0,2
2024-04-12,506,Toust_8,Bakery,69.79,96.41,0.0,39.029998779296875,0.0,0.65,12008.0,2
2024-04-13,506,Toust_8,Bakery,92.65,62.23,0.0,39.029998779296875,0.0,31.07,9772.0,2
2024-04-14,506,Toust_8,Bakery,44.77,75.84,0.0,39.029998779296875,0.0,0.0,10033.0,2
2024-04-15,506,Toust_8,Bakery,93.01,65.52,0.0,39.029998779296875,0.0,27.49,10806.0,2
2024-04-16,506,Toust_8,Bakery,52.0,66.82,0.0,39.029998779296875,0.0,12.68,10398.0,2
2024-04-17,506,Toust_8,Bakery,72.72,77.67,0.0,39.029998779296875,0.0,7.72,10170.0,2
2024-04-18,506,Toust_8,Bakery,91.2,69.44,0.0,39.029998779296875,0.0,29.48,11244.0,2
2024-04-19,506,Toust_8,Bakery,98.2,127.68,0.0,39.029998779296875,0.0,0.0,12858.0,2
2024-04-20,506,Toust_8,Bakery,91.21,75.29,0.0,39.029998779296875,0.0,15.92,10666.0,2
2024-04-21,506,Toust_8,Bakery,87.63,76.94,0.0,39.029998779296875,0.0,26.61,10309.0,2
2024-04-22,506,Toust_8,Bakery,66.58,78.96,0.0,39.029998779296875,0.0,14.24,10488.0,2
2024-04-23,506,Toust_8,Bakery,79.09,65.28,0.0,39.029998779296875,0.0,28.05,10195.0,2
2024-04-24,506,Toust_8,Bakery,76.38,47.59,0.0,39.029998779296875,0.0,56.84,10255.0,2
2024-04-25,506,Toust_8,Bakery,44.11,69.45,0.0,39.029998779296875,0.0,31.49,11238.0,2
2024-04-26,506,Toust_8,Bakery,127.69,61.89,0.0,39.029998779296875,0.0,97.29,11988.0,2
2024-04-27,506,Toust_8,Bakery,0.0,52.14,0.0,39.029998779296875,0.0,45.15,9223.0,2
2024-04-28,506,Toust_8,Bakery,92.03,60.04,45.15,39.029998779296875,0.0,31.99,10142.0,2
2024-04-29,506,Toust_8,Bakery,60.41,45.28,0.0,39.029998779296875,0.0,47.13,11011.0,2
2024-04-30,506,Toust_8,Bakery,29.9,66.06,0.0,39.029998779296875,0.0,10.97,11142.0,2
2024-05-01,506,Toust_8,Bakery,48.52,46.14,0.0,39.029998779296875,0.0,13.34,9874.0,2
2024-05-02,506,Toust_8,Bakery,82.76,96.1,0.0,39.029998779296875,0.09995999932289124,0.0,10795.0,2
2024-05-03,506,Toust_8,Bakery,115.35,115.35,0.0,39.029998779296875,0.1503800004720688,0.0,11872.0,2
2024-05-04,506,Toust_8,Bakery,90.65,90.65,0.0,39.029998779296875,0.1503800004720688,0.0,9787.0,2
2024-05-05,506,Toust_8,Bakery,94.44,86.7,0.0,39.029998779296875,0.1503800004720688,7.74,10036.0,2
2024-03-01,529,Bread_43,Bakery,60.3,60.3,0.0,12.789999961853027,0.0,0.0,11812.0,2
2024-03-02,529,Bread_43,Bakery,60.3,30.07,0.0,12.789999961853027,0.0,30.23,10054.0,2
2024-03-03,529,Bread_43,Bakery,57.43,55.29,0.0,12.789999961853027,0.0,32.37,9613.0,2
2024-03-04,529,Bread_43,Bakery,48.67,56.83,0.0,12.789999961853027,0.0,24.21,9834.0,2
2024-03-05,529,Bread_43,Bakery,53.83,58.7,0.0,12.789999961853027,0.0,19.34,9746.0,2
2024-03-06,529,Bread_43,Bakery,57.0,23.11,0.0,12.789999961853027,0.0,53.24,9774.0,2
2024-03-07,529,Bread_43,Bakery,27.98,41.72,0.0,12.789999961853027,0.0,39.5,11142.0,2
2024-03-08,529,Bread_43,Bakery,51.61,67.14,11.52,12.789999961853027,0.0,12.45,11864.0,2
2024-03-09,529,Bread_43,Bakery,45.9,58.35,0.0,12.789999961853027,0.0,0.0,10078.0,2
2024-03-10,529,Bread_43,Bakery,74.04,42.4,0.0,12.789999961853027,0.0,31.64,10124.0,2
2024-03-11,529,Bread_43,Bakery,44.28,67.14,0.0,12.789999961853027,0.0,8.78,10122.0,2
2024-03-12,529,Bread_43,Bakery,70.64,40.53,0.0,12.789999961853027,0.0,38.89,10267.0,2
2024-03-13,529,Bread_43,Bakery,17.55,56.44,0.0,12.789999961853027,0.0,0.0,10214.0,2
2024-03-14,529,Bread_43,Bakery,69.4,69.4,0.0,12.789999961853027,0.0,0.0,11286.0,2
2024-03-15,529,Bread_43,Bakery,82.4,82.4,0.0,12.789999961853027,0.0,0.0,12108.0,2
2024-03-16,529,Bread_43,Bakery,109.57,109.57,0.0,12.789999961853027,0.0,0.0,10102.0,2
2024-03-17,529,Bread_43,Bakery,73.19,33.53,0.0,12.789999961853027,0.0,39.66,10186.0,2
2024-03-18,529,Bread_43,Bakery,60.42,35.24,0.0,12.789999961853027,0.0,64.84,10282.0,2
2024-03-19,529,Bread_43,Bakery,35.55,95.97,4.42,12.789999961853027,0.0,0.0,9794.0,2
2024-03-20,529,Bread_43,Bakery,93.79,33.57,0.0,12.789999961853027,0.0,60.22,10111.0,2
2024-03-21,529,Bread_43,Bakery,50.09,34.82,0.0,12.789999961853027,0.0,75.49,11034.0,2
2024-03-22,529,Bread_43,Bakery,75.7,41.42,25.4,12.789999961853027,0.0,84.37,11672.0,2
2024-03-23,529,Bread_43,Bakery,76.19,52.97,8.67,12.789999961853027,0.0,98.92,10153.0,2
2024-03-24,529,Bread_43,Bakery,0.0,62.88,22.73,12.789999961853027,0.0,13.31,10824.0,2
2024-03-25,529,Bread_43,Bakery,64.21,49.13,13.31,12.789999961853027,0.0,15.08,10530.0,2
2024-03-26,529,Bread_43,Bakery,108.55,57.59,0.0,12.789999961853027,0.0,66.04,10879.0,2
2024-03-27,529,Bread_43,Bakery,0.0,49.59,0.0,12.789999961853027,0.0,16.45,12451.0,2
2024-03-28,529,Bread_43,Bakery,68.03,68.03,16.45,12.789999961853027,0.0,0.0,12938.0,2
2024-03-29,529,Bread_43,Bakery,52.98,46.0,0.0,12.789999961853027,0.0,6.98,10045.0,2
2024-03-30,529,Bread_43,Bakery,56.28,56.78,0.0,12.789999961853027,0.0,6.47,8440.0,2
2024-03-31,529,Bread_43,Bakery,66.63,46.42,0.0,12.789999961853027,0.0,26.69,9558.0,2
2024-04-01,529,Bread_43,Bakery,32.62,42.63,0.0,12.789999961853027,0.0,16.68,9826.0,2
2024-04-02,529,Bread_43,Bakery,52.25,38.77,0.0,12.789999961853027,0.0,30.15,10261.0,2
2024-04-03,529,Bread_43,Bakery,32.02,31.9,0.0,12.789999961853027,0.0,30.27,9938.0,2
2024-04-04,529,Bread_43,Bakery,53.02,57.34,0.0,12.789999961853027,0.0,25.96,11179.0,2
2024-04-05,529,Bread_43,Bakery,31.8,54.86,0.0,12.789999961853027,0.0,2.9,12214.0,2
2024-04-06,529,Bread_43,Bakery,66.46,46.3,0.0,12.789999961853027,0.0,23.06,9690.0,2
2024-04-07,529,Bread_43,Bakery,34.66,44.53,0.0,12.789999961853027,0.0,13.19,9684.0,2
2024-04-08,529,Bread_43,Bakery,40.73,30.02,0.0,12.789999961853027,0.0,23.9,10147.0,2
2024-04-09,529,Bread_43,Bakery,29.03,52.93,0.0,12.789999961853027,0.0,0.0,10198.0,2
2024-04-10,529,Bread_43,Bakery,69.93,69.93,0.0,12.789999961853027,0.0,0.0,10762.0,2
2024-04-11,529,Bread_43,Bakery,78.38,78.38,0.0,12.789999961853027,0.0,0.0,11005.0,2
2024-04-12,529,Bread_43,Bakery,75.59,65.31,0.0,12.789999961853027,0.0,10.28,12008.0,2
2024-04-13,529,Bread_43,Bakery,57.49,48.01,0.0,12.789999961853027,0.0,19.76,9772.0,2
2024-04-14,529,Bread_43,Bakery,46.06,53.08,0.0,12.789999961853027,0.0,12.74,10033.0,2
2024-04-15,529,Bread_43,Bakery,41.42,54.16,0.0,12.789999961853027,0.0,0.0,10806.0,2
2024-04-16,529,Bread_43,Bakery,67.14,38.69,0.0,12.789999961853027,0.0,28.45,10398.0,2
2024-04-17,529,Bread_43,Bakery,58.98,38.84,0.0,12.789999961853027,0.0,48.6,10170.0,2
2024-04-18,529,Bread_43,Bakery,48.62,97.22,0.0,12.789999961853027,0.0,0.0,11244.0,2
2024-04-19,529,Bread_43,Bakery,91.2,49.37,0.0,12.789999961853027,0.0,41.83,12858.0,2
2024-04-20,529,Bread_43,Bakery,31.73,63.03,0.0,12.789999961853027,0.0,10.53,10666.0,2
2024-04-21,529,Bread_43,Bakery,68.14,63.4,0.0,12.789999961853027,0.0,15.27,10309.0,2
2024-04-22,529,Bread_43,Bakery,64.61,38.63,0.0,12.789999961853027,0.0,41.25,10488.0,2
2024-04-23,529,Bread_43,Bakery,57.56,98.81,0.0,12.789999961853027,0.0,0.0,10195.0,2
2024-04-24,529,Bread_43,Bakery,71.08,37.02,0.0,12.789999961853027,0.0,34.06,10255.0,2
2024-04-25,529,Bread_43,Bakery,95.8,100.7,0.0,12.789999961853027,0.0,29.16,11238.0,2
2024-04-26,529,Bread_43,Bakery,53.85,51.58,0.0,12.789999961853027,0.0,31.43,11988.0,2
2024-04-27,529,Bread_43,Bakery,64.99,32.36,0.0,12.789999961853027,0.0,64.06,9223.0,2
2024-04-28,529,Bread_43,Bakery,36.27,74.17,0.0,12.789999961853027,0.0,26.15,10142.0,2
2024-04-29,529,Bread_43,Bakery,50.01,43.54,0.0,12.789999961853027,0.0,32.62,11011.0,2
2024-04-30,529,Bread_43,Bakery,102.96,53.89,0.0,13.6899995803833,0.0,81.69,11142.0,2
2024-05-01,529,Bread_43,Bakery,0.0,49.69,0.0,13.6899995803833,0.0,32.0,9874.0,2
2024-05-02,529,Bread_43,Bakery,129.69,64.65,32.0,13.6899995803833,0.0,65.04,10795.0,2
2024-05-03,529,Bread_43,Bakery,21.04,86.08,0.0,13.6899995803833,0.0,0.0,11872.0,2
2024-05-04,529,Bread_43,Bakery,56.0,49.77,0.0,13.6899995803833,0.0,6.23,9787.0,2
2024-05-05,529,Bread_43,Bakery,87.64,26.54,0.0,13.6899995803833,0.0,67.33,10036.0,2
2024-03-01,558,Chicken_25,Meat and fish,35.78,35.78,0.0,78.80000305175781,0.0,0.0,11812.0,4
2024-03-02,558,Chicken_25,Meat and fish,35.78,27.05,0.0,78.80000305175781,0.0,8.73,10054.0,4
2024-03-03,558,Chicken_25,Meat and fish,34.95,26.11,0.0,78.80000305175781,0.0,17.57,9613.0,4
2024-03-05,558,Chicken_25,Meat and fish,25.03,15.12,0.0,78.80000305175781,0.0062699997797608376,27.49,9746.0,4
2024-03-06,558,Chicken_25,Meat and fish,19.13,16.86,0.0,78.80000305175781,0.0,29.76,9774.0,4
2024-03-07,558,Chicken_25,Meat and fish,16.77,35.48,0.0,78.80000305175781,0.0,11.05,11142.0,4
2024-03-08,558,Chicken_25,Meat and fish,36.01,36.46,0.0,78.80000305175781,0.0,10.6,11864.0,4
2024-03-09,558,Chicken_25,Meat and fish,36.64,24.1,0.0,78.80000305175781,0.012760000303387642,23.14,10078.0,4
2024-03-10,558,Chicken_25,Meat and fish,14.44,17.19,0.0,78.80000305175781,0.0,20.39,10124.0,4
2024-03-11,558,Chicken_25,Meat and fish,19.4,39.79,0.0,78.80000305175781,0.0,0.0,10122.0,4
2024-03-12,558,Chicken_25,Meat and fish,28.66,27.74,0.0,78.80000305175781,0.0,0.92,10267.0,4
2024-03-13,558,Chicken_25,Meat and fish,27.88,21.08,0.0,78.80000305175781,0.0,7.72,10214.0,4
2024-03-14,558,Chicken_25,Meat and fish,38.74,30.93,0.0,78.80000305175781,0.0,15.53,11286.0,4
2024-03-15,558,Chicken_25,Meat and fish,31.37,46.57,0.0,78.80000305175781,0.0,0.33,12108.0,4
2024-03-16,558,Chicken_25,Meat and fish,37.14,25.04,0.0,78.80000305175781,0.018699999898672104,12.42,10102.0,4
2024-03-17,558,Chicken_25,Meat and fish,18.03,22.54,0.0,78.79000091552734,0.0,7.91,10186.0,4
2024-03-19,558,Chicken_25,Meat and fish,43.95,17.84,0.0,78.80000305175781,0.0,34.03,9794.0,4
2024-03-20,558,Chicken_25,Meat and fish,5.86,21.01,0.0,78.80000305175781,0.0,18.88,10111.0,4
2024-03-21,558,Chicken_25,Meat and fish,19.62,38.5,0.0,78.80000305175781,0.0,0.0,11034.0,4
2024-03-22,558,Chicken_25,Meat and fish,44.24,31.17,0.0,78.80000305175781,0.0,13.07,11672.0,4
2024-03-23,558,Chicken_25,Meat and fish,46.82,33.76,0.0,78.80000305175781,0.0,26.13,10153.0,4
2024-03-24,558,Chicken_25,Meat and fish,8.53,28.26,0.0,78.80000305175781,0.0,6.4,10824.0,4
2024-03-25,558,Chicken_25,Meat and fish,33.12,39.52,0.0,78.80000305175781,0.0,0.0,10530.0,4
2024-03-26,558,Chicken_25,Meat and fish,28.42,24.08,0.0,78.80000305175781,0.0,4.34,10879.0,4
2024-03-27,558,Chicken_25,Meat and fish,29.7,34.04,0.0,78.80000305175781,0.0,0.0,12451.0,4
2024-03-28,558,Chicken_25,Meat and fish,47.1,47.1,0.0,78.80000305175781,0.0,0.0,12938.0,4
2024-03-29,558,Chicken_25,Meat and fish,40.83,34.75,0.0,78.80000305175781,0.0,6.08,10045.0,4
2024-03-30,558,Chicken_25,Meat and fish,37.21,9.73,0.0,78.80000305175781,0.0,33.56,8440.0,4
2024-03-31,558,Chicken_25,Meat and fish,10.05,19.78,0.0,78.80000305175781,0.007720000110566616,23.83,9558.0,4
2024-04-01,558,Chicken_25,Meat and fish,31.98,40.0,0.0,78.80000305175781,0.0,15.81,9826.0,4
2024-04-02,558,Chicken_25,Meat and fish,24.64,20.0,0.0,78.79000091552734,0.0,20.45,10261.0,4
2024-04-03,558,Chicken_25,Meat and fish,30.47,19.39,0.0,78.80000305175781,0.0,31.53,9938.0,4
2024-04-04,558,Chicken_25,Meat and fish,32.82,34.23,0.0,78.80000305175781,0.0,30.12,11179.0,4
2024-04-05,558,Chicken_25,Meat and fish,18.66,26.35,0.0,78.80000305175781,0.0,22.43,12214.0,4
2024-04-06,558,Chicken_25,Meat and fish,2.24,24.67,0.0,78.80000305175781,0.0,0.0,9690.0,4
2024-04-08,558,Chicken_25,Meat and fish,39.77,39.77,0.0,78.79000091552734,0.0,0.0,10147.0,4
2024-04-09,558,Chicken_25,Meat and fish,51.25,13.09,0.0,78.80000305175781,0.0,38.16,10198.0,4
2024-04-10,558,Chicken_25,Meat and fish,0.0,22.2,0.0,78.80000305175781,0.0,15.96,10762.0,4
2024-04-11,558,Chicken_25,Meat and fish,17.2,33.16,0.0,78.80000305175781,0.0,0.0,11005.0,4
2024-04-12,558,Chicken_25,Meat and fish,49.6,49.6,0.0,78.80000305175781,0.0,0.0,12008.0,4
2024-04-13,558,Chicken_25,Meat and fish,41.83,41.13,0.0,78.80000305175781,0.0,0.7,9772.0,4
2024-04-14,558,Chicken_25,Meat and fish,40.85,41.55,0.0,78.80000305175781,0.0,0.0,10033.0,4
2024-04-15,558,Chicken_25,Meat and fish,55.97,39.35,0.0,78.80000305175781,0.0,16.62,10806.0,4
2024-04-16,558,Chicken_25,Meat and fish,12.63,19.22,0.0,78.80000305175781,0.0,10.03,10398.0,4
2024-04-17,558,Chicken_25,Meat and fish,26.27,13.01,0.0,78.80000305175781,0.0,23.3,10170.0,4
2024-04-18,558,Chicken_25,Meat and fish,26.71,36.06,0.0,78.80000305175781,0.0,13.95,11244.0,4
2024-04-19,558,Chicken_25,Meat and fish,52.53,50.37,0.0,78.80000305175781,0.0,16.1,12858.0,4
2024-04-20,558,Chicken_25,Meat and fish,42.09,26.0,0.0,78.80000305175781,0.0,32.2,10666.0,4
2024-04-21,558,Chicken_25,Meat and fish,26.36,19.88,0.0,78.80000305175781,0.0,38.67,10309.0,4
2024-04-22,558,Chicken_25,Meat and fish,17.67,29.32,0.0,78.80000305175781,0.0,27.02,10488.0,4
2024-04-23,558,Chicken_25,Meat and fish,9.03,36.05,0.0,78.80000305175781,0.0,0.0,10195.0,4
2024-04-24,558,Chicken_25,Meat and fish,28.65,7.81,0.0,78.80000305175781,0.0,20.84,10255.0,4
2024-04-25,558,Chicken_25,Meat and fish,32.53,30.24,0.0,78.80000305175781,0.0,23.12,11238.0,4
2024-04-26,558,Chicken_25,Meat and fish,44.16,47.74,0.0,78.80000305175781,0.0,19.54,11988.0,4
2024-04-27,558,Chicken_25,Meat and fish,22.47,22.19,0.0,78.80000305175781,0.0,19.82,9223.0,4
2024-04-28,558,Chicken_25,Meat and fish,16.31,16.99,0.0,78.80000305175781,0.0,19.14,10142.0,4
2024-04-29,558,Chicken_25,Meat and fish,26.86,19.92,0.0,78.80000305175781,0.07789000123739243,26.08,11011.0,4
2024-04-30,558,Chicken_25,Meat and fish,26.94,20.03,0.0,78.80000305175781,0.10926000028848648,32.99,11142.0,4
2024-05-01,558,Chicken_25,Meat and fish,0.0,22.06,0.0,78.80000305175781,0.20000000298023224,10.93,9874.0,4
2024-05-02,558,Chicken_25,Meat and fish,37.45,48.38,0.0,78.80000305175781,0.10732000321149826,0.0,10795.0,4
2024-05-03,558,Chicken_25,Meat and fish,65.26,44.02,0.0,78.80000305175781,0.20000000298023224,21.24,11872.0,4
2024-05-04,558,Chicken_25,Meat and fish,17.4,32.6,0.0,78.80000305175781,0.0,6.03,9787.0,4
2024-05-05,558,Chicken_25,Meat and fish,27.23,22.06,0.0,78.80000305175781,0.0,11.2,10036.0,4
2024-03-01,562,Beef_7,Meat and fish,64.68,64.68,0.0,208.19000244140625,0.20000000298023224,0.0,11812.0,4
2024-03-02,562,Beef_7,Meat and fish,64.68,52.94,0.0,208.19000244140625,0.20000000298023224,11.74,10054.0,4
2024-03-03,562,Beef_7,Meat and fish,63.57,48.69,0.0,208.19000244140625,0.20000000298023224,26.62,9613.0,4
2024-03-04,562,Beef_7,Meat and fish,48.67,12.59,0.0,208.0500030517578,0.0,62.69,9834.0,4
2024-03-05,562,Beef_7,Meat and fish,30.74,18.0,0.0,208.0500030517578,0.060509998351335526,75.44,9746.0,4
2024-03-06,562,Beef_7,Meat and fish,18.47,15.5,0.0,208.0500030517578,0.07878000289201736,78.41,9774.0,4
2024-03-07,562,Beef_7,Meat and fish,15.24,22.39,0.0,208.0500030517578,0.17000000178813934,71.26,11142.0,4
2024-03-08,562,Beef_7,Meat and fish,27.41,24.05,6.8,208.0500030517578,0.0,67.81,11864.0,4
2024-03-09,562,Beef_7,Meat and fish,12.66,15.81,6.69,208.0500030517578,0.0,57.97,10078.0,4
2024-03-10,562,Beef_7,Meat and fish,9.06,17.91,2.66,208.0500030517578,0.0,46.46,10124.0,4
2024-03-11,562,Beef_7,Meat and fish,0.0,27.24,0.0,208.0500030517578,0.0,19.22,10122.0,4
2024-03-12,562,Beef_7,Meat and fish,4.52,9.02,0.0,208.0500030517578,0.0,14.72,10267.0,4
2024-03-13,562,Beef_7,Meat and fish,9.81,10.12,1.14,208.0500030517578,0.0,13.27,10214.0,4
2024-03-14,562,Beef_7,Meat and fish,18.74,32.01,0.0,208.0500030517578,0.0,0.0,11286.0,4
2024-03-15,562,Beef_7,Meat and fish,35.15,30.83,0.0,208.0500030517578,0.0,4.32,12108.0,4
2024-03-16,562,Beef_7,Meat and fish,23.78,17.09,0.0,208.0500030517578,0.017090000212192535,11.01,10102.0,4
2024-03-17,562,Beef_7,Meat and fish,19.07,13.5,0.0,208.0500030517578,0.0,16.58,10186.0,4
2024-03-18,562,Beef_7,Meat and fish,23.28,13.48,0.0,208.0500030517578,0.04786999896168709,26.38,10282.0,4
2024-03-19,562,Beef_7,Meat and fish,0.0,8.12,0.0,208.0399932861328,0.07079000025987625,18.26,9794.0,4
2024-03-20,562,Beef_7,Meat and fish,4.25,18.92,0.0,208.0500030517578,0.010040000081062317,3.59,10111.0,4
2024-03-21,562,Beef_7,Meat and fish,40.01,18.68,0.0,208.0500030517578,0.20000000298023224,24.92,11034.0,4
2024-03-22,562,Beef_7,Meat and fish,14.98,31.65,0.0,208.0500030517578,0.0,8.24,11672.0,4
2024-03-23,562,Beef_7,Meat and fish,18.25,15.84,0.0,208.0500030517578,0.05536999925971031,10.65,10153.0,4
2024-03-24,562,Beef_7,Meat and fish,12.28,15.51,0.0,208.0500030517578,0.05407999828457832,7.42,10824.0,4
2024-03-25,562,Beef_7,Meat and fish,15.33,13.55,0.0,208.0500030517578,0.06355000287294388,9.2,10530.0,4
2024-03-26,562,Beef_7,Meat and fish,8.18,14.96,0.0,208.0500030517578,0.08428999781608582,2.42,10879.0,4
2024-03-27,562,Beef_7,Meat and fish,24.36,24.54,0.0,208.0500030517578,0.15746000409126282,2.24,12451.0,4
2024-03-28,562,Beef_7,Meat and fish,29.38,31.62,0.0,208.0500030517578,0.2199999988079071,0.0,12938.0,4
2024-03-29,562,Beef_7,Meat and fish,41.94,14.79,0.0,208.0500030517578,0.0,27.15,10045.0,4
2024-03-30,562,Beef_7,Meat and fish,0.0,25.7,0.0,208.0500030517578,0.1303199976682663,1.45,8440.0,4
2024-03-31,562,Beef_7,Meat and fish,23.15,23.59,0.0,208.0500030517578,0.10373000055551529,1.01,9558.0,4
2024-04-01,562,Beef_7,Meat and fish,21.35,15.88,0.0,208.0500030517578,0.044360000640153885,6.48,9826.0,4
2024-04-02,562,Beef_7,Meat and fish,16.79,17.62,0.0,208.19000244140625,0.12425000220537186,5.65,10261.0,4
2024-04-03,562,Beef_7,Meat and fish,26.71,10.9,0.0,208.19000244140625,0.3499999940395355,21.46,9938.0,4
2024-04-04,562,Beef_7,Meat and fish,19.41,13.81,0.0,208.0500030517578,0.0,27.05,11179.0,4
2024-04-05,562,Beef_7,Meat and fish,25.24,52.29,0.0,208.0500030517578,0.0,0.0,12214.0,4
2024-04-06,562,Beef_7,Meat and fish,43.62,40.04,0.0,208.0500030517578,0.0,3.58,9690.0,4
2024-04-09,562,Beef_7,Meat and fish,39.8,13.69,0.0,208.0500030517578,0.0,29.69,10198.0,4
2024-04-10,562,Beef_7,Meat and fish,6.72,9.88,0.0,208.0500030517578,0.0,26.53,10762.0,4
2024-04-11,562,Beef_7,Meat and fish,12.41,25.34,0.0,208.0500030517578,0.0,13.61,11005.0,4
2024-04-12,562,Beef_7,Meat and fish,33.24,46.85,0.0,208.0500030517578,0.0,0.0,12008.0,4
2024-04-13,562,Beef_7,Meat and fish,45.8,45.8,0.0,208.0500030517578,0.09548000246286392,0.0,9772.0,4
2024-04-14,562,Beef_7,Meat and fish,74.1,31.9,0.0,208.0500030517578,0.10294000059366226,42.2,10033.0,4
2024-04-15,562,Beef_7,Meat and fish,16.89,7.2,0.0,208.0500030517578,0.06559000164270401,51.89,10806.0,4
2024-04-16,562,Beef_7,Meat and fish,0.0,14.6,0.0,208.0500030517578,0.26361000537872314,37.29,10398.0,4
2024-04-17,562,Beef_7,Meat and fish,0.0,15.41,0.0,208.0500030517578,0.43347999453544617,21.88,10170.0,4
2024-04-18,562,Beef_7,Meat and fish,28.38,16.72,4.99,208.0500030517578,0.4000000059604645,28.54,11244.0,4
2024-04-19,562,Beef_7,Meat and fish,38.99,27.51,0.17,208.0500030517578,0.05561000108718872,39.86,12858.0,4
2024-04-20,562,Beef_7,Meat and fish,22.76,17.79,0.0,208.0500030517578,0.15233999490737915,44.83,10666.0,4
2024-04-21,562,Beef_7,Meat and fish,0.0,15.3,0.0,208.0500030517578,0.1707099974155426,29.53,10309.0,4
2024-04-22,562,Beef_7,Meat and fish,0.0,11.92,0.0,208.0500030517578,0.10808999836444855,17.61,10488.0,4
2024-04-23,562,Beef_7,Meat and fish,4.87,22.48,0.0,208.0500030517578,0.19280999898910522,0.0,10195.0,4
2024-04-24,562,Beef_7,Meat and fish,28.71,28.71,0.0,208.0500030517578,0.3820500075817108,0.0,10255.0,4
2024-04-25,562,Beef_7,Meat and fish,27.54,27.54,0.0,208.0500030517578,0.0006300000241026282,0.0,11238.0,4
2024-04-26,562,Beef_7,Meat and fish,36.22,36.22,0.0,208.0500030517578,0.0,0.0,11988.0,4
2024-04-27,562,Beef_7,Meat and fish,34.48,34.48,0.0,208.0500030517578,0.0,0.0,9223.0,4
2024-04-28,562,Beef_7,Meat and fish,27.07,23.01,0.0,208.0500030517578,0.0,4.06,10142.0,4
2024-04-30,562,Beef_7,Meat and fish,48.08,52.14,0.0,208.0500030517578,0.0,0.0,11142.0,4
2024-05-01,562,Beef_7,Meat and fish,35.61,19.43,0.0,208.0500030517578,0.0,16.18,9874.0,4
2024-05-02,562,Beef_7,Meat and fish,26.33,26.04,0.0,208.0500030517578,0.0,16.48,10795.0,4
2024-05-03,562,Beef_7,Meat and fish,25.08,22.19,0.0,208.0500030517578,0.0,19.37,11872.0,4
2024-05-04,562,Beef_7,Meat and fish,31.48,21.13,0.0,208.0500030517578,0.057100001722574234,29.73,9787.0,4
2024-05-05,562,Beef_7,Meat and fish,19.6,18.49,0.0,208.0500030517578,0.3231300115585327,30.83,10036.0,4
2024-03-23,651,Tomato_28,Fruit and vegetable,30.44,30.44,0.0,219.49000549316406,0.0,0.0,10153.0,3
2024-03-24,651,Tomato_28,Fruit and vegetable,47.11,47.11,0.0,219.49000549316406,0.0,0.0,10824.0,3
2024-03-25,651,Tomato_28,Fruit and vegetable,47.9,47.9,0.0,219.49000549316406,0.0,0.0,10530.0,3
2024-03-26,651,Tomato_28,Fruit and vegetable,59.09,59.09,0.0,219.49000549316406,0.0,0.0,10879.0,3
2024-03-27,651,Tomato_28,Fruit and vegetable,53.67,53.67,0.0,219.49000549316406,0.0,0.0,12451.0,3
2024-03-28,651,Tomato_28,Fruit and vegetable,65.21,65.21,0.0,219.49000549316406,0.0,0.0,12938.0,3
2024-03-29,651,Tomato_28,Fruit and vegetable,45.81,44.71,0.0,219.49000549316406,0.0,1.1,10045.0,3
2024-03-30,651,Tomato_28,Fruit and vegetable,46.72,47.82,0.0,219.47999572753906,0.0,0.0,8440.0,3
2024-03-31,651,Tomato_28,Fruit and vegetable,146.34,146.34,0.0,219.47000122070312,0.15004999935626984,0.0,9558.0,3
2024-04-01,651,Tomato_28,Fruit and vegetable,199.93,199.93,0.0,219.47000122070312,0.15004999935626984,0.0,9826.0,3
2024-04-02,651,Tomato_28,Fruit and vegetable,253.41,253.41,0.0,219.47000122070312,0.15004999935626984,0.0,10261.0,3
2024-04-03,651,Tomato_28,Fruit and vegetable,205.76,205.76,0.0,219.47000122070312,0.15004999935626984,0.0,9938.0,3
2024-04-04,651,Tomato_28,Fruit and vegetable,188.07,188.07,0.0,219.47000122070312,0.15004999935626984,0.0,11179.0,3
2024-04-05,651,Tomato_28,Fruit and vegetable,270.17,270.17,0.0,219.47000122070312,0.15004999935626984,0.0,12214.0,3
2024-04-06,651,Tomato_28,Fruit and vegetable,223.74,223.74,0.0,219.47999572753906,0.14480000734329224,0.0,9690.0,3
2024-04-07,651,Tomato_28,Fruit and vegetable,199.38,110.91,0.0,219.49000549316406,0.0,88.47,9684.0,3
2024-04-08,651,Tomato_28,Fruit and vegetable,177.69,96.91,0.0,219.49000549316406,0.0,169.26,10147.0,3
2024-04-09,651,Tomato_28,Fruit and vegetable,169.55,84.85,0.0,219.49000549316406,0.0,253.96,10198.0,3
2024-04-10,651,Tomato_28,Fruit and vegetable,43.21,93.76,0.0,219.49000549316406,0.0,203.41,10762.0,3
2024-04-11,651,Tomato_28,Fruit and vegetable,79.64,106.65,0.0,219.49000549316406,0.0,176.4,11005.0,3
2024-04-12,651,Tomato_28,Fruit and vegetable,242.17,121.49,53.55,219.49000549316406,0.0,243.53,12008.0,3
2024-04-13,651,Tomato_28,Fruit and vegetable,40.89,107.71,0.0,219.49000549316406,0.0,176.7,9772.0,3
2024-04-14,651,Tomato_28,Fruit and vegetable,0.0,100.15,0.0,219.49000549316406,0.0,76.55,10033.0,3
2024-04-15,651,Tomato_28,Fruit and vegetable,71.03,82.39,35.67,219.49000549316406,0.0,29.53,10806.0,3
2024-04-16,651,Tomato_28,Fruit and vegetable,72.99,63.11,0.0,219.49000549316406,0.0,39.41,10398.0,3
2024-04-17,651,Tomato_28,Fruit and vegetable,78.8,62.03,0.0,219.49000549316406,0.0,56.17,10170.0,3
2024-04-18,651,Tomato_28,Fruit and vegetable,80.14,54.67,0.0,219.49000549316406,0.0,81.64,11244.0,3
2024-04-19,651,Tomato_28,Fruit and vegetable,72.93,80.42,0.0,219.49000549316406,0.0,74.15,12858.0,3
2024-04-20,651,Tomato_28,Fruit and vegetable,59.24,64.92,0.0,219.49000549316406,0.0,68.48,10666.0,3
2024-04-21,651,Tomato_28,Fruit and vegetable,51.9,42.21,0.0,219.49000549316406,0.0,78.17,10309.0,3
2024-04-22,651,Tomato_28,Fruit and vegetable,22.13,67.92,0.0,219.49000549316406,0.0,32.38,10488.0,3
2024-04-23,651,Tomato_28,Fruit and vegetable,45.78,77.0,0.0,219.49000549316406,0.0,1.16,10195.0,3
2024-04-24,651,Tomato_28,Fruit and vegetable,77.56,59.7,0.0,219.49000549316406,0.0,19.02,10255.0,3
2024-04-25,651,Tomato_28,Fruit and vegetable,52.46,64.79,0.0,219.49000549316406,0.0,6.69,11238.0,3
2024-04-26,651,Tomato_28,Fruit and vegetable,89.73,82.11,0.0,219.49000549316406,0.0,14.31,11988.0,3
2024-04-27,651,Tomato_28,Fruit and vegetable,67.06,71.48,0.0,219.49000549316406,0.0,9.89,9223.0,3
2024-04-28,651,Tomato_28,Fruit and vegetable,60.68,70.57,0.0,219.49000549316406,0.0,0.0,10142.0,3
2024-04-29,651,Tomato_28,Fruit and vegetable,81.56,81.56,0.0,219.49000549316406,0.0,0.0,11011.0,3
2024-04-30,651,Tomato_28,Fruit and vegetable,87.74,56.92,0.0,219.49000549316406,0.0,30.82,11142.0,3
2024-05-01,651,Tomato_28,Fruit and vegetable,41.53,34.2,0.0,219.49000549316406,0.0,38.15,9874.0,3
2024-05-02,651,Tomato_28,Fruit and vegetable,47.85,47.96,0.0,219.49000549316406,0.0,38.04,10795.0,3
2024-05-03,651,Tomato_28,Fruit and vegetable,67.02,51.58,0.0,219.49000549316406,0.0,53.48,11872.0,3
2024-05-04,651,Tomato_28,Fruit and vegetable,38.86,50.05,0.0,219.49000549316406,0.0,42.3,9787.0,3
2024-05-05,651,Tomato_28,Fruit and vegetable,48.25,44.45,0.0,219.49000549316406,0.0,46.09,10036.0,3
2024-03-01,656,Bread_54,Bakery,32.22,32.22,0.0,33.849998474121094,0.23754000663757324,0.0,11812.0,2
2024-03-02,656,Bread_54,Bakery,32.22,26.36,0.0,33.849998474121094,0.09838999807834625,5.86,10054.0,2
2024-03-03,656,Bread_54,Bakery,31.66,14.27,0.0,33.849998474121094,0.19155000150203705,23.25,9613.0,2
2024-03-04,656,Bread_54,Bakery,20.68,18.83,0.0,33.849998474121094,0.23247000575065613,25.11,9834.0,2
2024-03-05,656,Bread_54,Bakery,21.72,25.79,4.42,33.849998474121094,0.15373000502586365,16.61,9746.0,2
2024-03-06,656,Bread_54,Bakery,24.58,20.09,0.0,33.849998474121094,0.21966999769210815,21.1,9774.0,2
2024-03-07,656,Bread_54,Bakery,24.62,45.72,0.0,33.849998474121094,0.40386998653411865,0.0,11142.0,2
2024-03-08,656,Bread_54,Bakery,45.56,43.9,0.0,33.849998474121094,0.33351999521255493,1.66,11864.0,2
2024-03-09,656,Bread_54,Bakery,40.46,20.16,0.0,33.849998474121094,0.16696999967098236,21.96,10078.0,2
2024-03-10,656,Bread_54,Bakery,8.51,13.43,0.0,33.849998474121094,0.3360599875450134,17.04,10124.0,2
2024-03-11,656,Bread_54,Bakery,26.7,34.28,8.53,33.849998474121094,0.3331100046634674,0.93,10122.0,2
2024-03-12,656,Bread_54,Bakery,40.88,31.91,0.0,33.849998474121094,0.0,9.9,10267.0,2
2024-03-13,656,Bread_54,Bakery,26.14,14.82,0.0,33.849998474121094,0.13875000178813934,21.22,10214.0,2
2024-03-14,656,Bread_54,Bakery,41.51,48.58,0.0,33.849998474121094,0.023959999904036522,14.15,11286.0,2
2024-03-15,656,Bread_54,Bakery,47.56,18.2,0.0,33.849998474121094,0.10102000087499619,43.51,12108.0,2
2024-03-16,656,Bread_54,Bakery,0.0,24.21,0.0,33.849998474121094,0.22645999491214752,19.3,10102.0,2
2024-03-17,656,Bread_54,Bakery,29.61,12.53,19.3,33.849998474121094,0.06584999710321426,17.08,10186.0,2
2024-03-18,656,Bread_54,Bakery,33.58,34.36,0.0,33.849998474121094,0.1704699993133545,16.3,10282.0,2
2024-03-19,656,Bread_54,Bakery,32.0,25.59,0.0,33.849998474121094,0.1861799955368042,22.71,9794.0,2
2024-03-20,656,Bread_54,Bakery,8.2,19.61,0.0,33.849998474121094,0.33454999327659607,11.3,10111.0,2
2024-03-21,656,Bread_54,Bakery,55.76,35.02,3.1,33.849998474121094,0.2645300030708313,28.94,11034.0,2
2024-03-22,656,Bread_54,Bakery,19.04,47.98,0.0,33.849998474121094,0.14003999531269073,0.0,11672.0,2
2024-03-23,656,Bread_54,Bakery,39.15,18.19,0.0,33.849998474121094,0.1776999980211258,20.96,10153.0,2
2024-03-24,656,Bread_54,Bakery,7.24,19.39,0.0,33.849998474121094,0.4287700057029724,8.81,10824.0,2
2024-03-25,656,Bread_54,Bakery,41.26,27.9,1.57,33.849998474121094,0.17735999822616577,20.61,10530.0,2
2024-03-26,656,Bread_54,Bakery,23.37,43.98,0.0,33.849998474121094,0.17151999473571777,0.0,10879.0,2
2024-03-27,656,Bread_54,Bakery,57.79,57.79,0.0,33.849998474121094,0.16267000138759613,0.0,12451.0,2
2024-03-28,656,Bread_54,Bakery,54.16,43.03,0.0,33.849998474121094,0.08167000114917755,11.13,12938.0,2
2024-03-29,656,Bread_54,Bakery,56.3,18.58,0.0,33.849998474121094,0.15779000520706177,48.84,10045.0,2
2024-03-30,656,Bread_54,Bakery,0.0,32.05,0.0,33.849998474121094,0.2851499915122986,16.79,8440.0,2
2024-03-31,656,Bread_54,Bakery,37.76,15.16,16.79,33.849998474121094,0.40799999237060547,22.6,9558.0,2
2024-04-02,656,Bread_54,Bakery,65.25,65.25,22.6,33.849998474121094,0.0,0.0,10261.0,2
2024-04-03,656,Bread_54,Bakery,68.02,31.07,0.0,33.849998474121094,0.0,36.95,9938.0,2
2024-04-04,656,Bread_54,Bakery,45.02,42.22,0.0,33.849998474121094,0.09241999685764313,39.75,11179.0,2
2024-04-05,656,Bread_54,Bakery,24.95,42.0,0.0,33.849998474121094,0.17664000391960144,22.69,12214.0,2
2024-04-06,656,Bread_54,Bakery,17.46,21.55,0.0,33.849998474121094,0.18272000551223755,18.6,9690.0,2
2024-04-07,656,Bread_54,Bakery,35.58,17.47,1.14,33.849998474121094,0.24270999431610107,35.56,9684.0,2
2024-04-08,656,Bread_54,Bakery,2.37,16.25,0.0,33.849998474121094,0.09980999678373337,21.68,10147.0,2
2024-04-09,656,Bread_54,Bakery,85.42,32.46,19.31,33.849998474121094,0.1415500044822693,55.32,10198.0,2
2024-04-10,656,Bread_54,Bakery,0.0,47.9,0.0,33.849998474121094,0.16705000400543213,7.42,10762.0,2
2024-04-11,656,Bread_54,Bakery,103.12,103.12,7.42,33.849998474121094,0.21931999921798706,0.0,11005.0,2
2024-04-12,656,Bread_54,Bakery,80.82,35.82,0.0,33.849998474121094,0.053769998252391815,45.0,12008.0,2
2024-04-13,656,Bread_54,Bakery,15.4,41.61,0.0,33.849998474121094,0.17132000625133514,18.79,9772.0,2
2024-04-14,656,Bread_54,Bakery,39.62,12.93,3.39,33.849998474121094,0.3423900008201599,42.09,10033.0,2
2024-04-15,656,Bread_54,Bakery,15.05,35.99,2.47,33.849998474121094,0.1106100007891655,18.68,10806.0,2
2024-04-16,656,Bread_54,Bakery,53.41,23.04,3.63,33.849998474121094,0.0,45.42,10398.0,2
2024-04-17,656,Bread_54,Bakery,39.59,39.37,0.0,33.849998474121094,0.16654999554157257,45.64,10170.0,2
2024-04-18,656,Bread_54,Bakery,100.55,43.92,6.05,33.849998474121094,0.3352600038051605,96.23,11244.0,2
2024-04-19,656,Bread_54,Bakery,0.0,36.77,0.0,33.849998474121094,0.07394000142812729,59.46,12858.0,2
2024-04-20,656,Bread_54,Bakery,56.0,31.71,59.46,33.849998474121094,0.16947999596595764,24.29,10666.0,2
2024-04-21,656,Bread_54,Bakery,2.26,14.79,0.0,33.849998474121094,0.4872399866580963,11.76,10309.0,2
2024-04-22,656,Bread_54,Bakery,46.65,47.08,9.5,33.849998474121094,0.1113400012254715,1.83,10488.0,2
2024-04-23,656,Bread_54,Bakery,35.99,20.03,0.0,33.849998474121094,0.0,17.79,10195.0,2
2024-04-24,656,Bread_54,Bakery,37.02,35.96,0.0,33.849998474121094,0.16162000596523285,18.85,10255.0,2
2024-04-25,656,Bread_54,Bakery,40.23,40.97,0.0,33.849998474121094,0.3526099920272827,18.11,11238.0,2
2024-04-26,656,Bread_54,Bakery,33.29,28.56,0.0,33.849998474121094,0.2638300061225891,22.84,11988.0,2
2024-04-27,656,Bread_54,Bakery,28.22,51.06,0.0,33.849998474121094,0.15589000284671783,0.0,9223.0,2
2024-04-28,656,Bread_54,Bakery,32.19,11.3,0.0,33.849998474121094,0.39103999733924866,20.89,10142.0,2
2024-04-29,656,Bread_54,Bakery,44.69,45.79,0.0,33.849998474121094,0.2685000002384186,19.79,11011.0,2
2024-04-30,656,Bread_54,Bakery,30.92,50.71,0.0,33.849998474121094,0.0,0.0,11142.0,2
2024-05-01,656,Bread_54,Bakery,54.12,24.84,0.0,33.849998474121094,0.18957999348640442,29.28,9874.0,2
2024-05-02,656,Bread_54,Bakery,30.92,50.85,0.0,33.849998474121094,0.15542000532150269,9.34,10795.0,2
2024-05-03,656,Bread_54,Bakery,40.59,49.93,0.0,33.849998474121094,0.0,0.0,11872.0,2
2024-05-04,656,Bread_54,Bakery,71.55,15.66,0.0,33.849998474121094,0.16854000091552734,55.89,9787.0,2
2024-05-05,656,Bread_54,Bakery,0.0,19.29,0.0,33.849998474121094,0.27643001079559326,36.6,10036.0,2
2024-03-01,672,Pastry_58,Bakery,234.31,234.31,0.0,28.770000457763672,0.16735999286174774,0.0,11812.0,2
2024-03-02,672,Pastry_58,Bakery,234.31,123.82,0.0,28.770000457763672,0.16735999286174774,110.49,10054.0,2
2024-03-03,672,Pastry_58,Bakery,223.82,110.58,0.0,28.770000457763672,0.16735999286174774,223.73,9613.0,2
2024-03-04,672,Pastry_58,Bakery,97.53,101.23,0.0,28.770000457763672,0.0,220.04,9834.0,2
2024-03-05,672,Pastry_58,Bakery,216.03,7.12,122.5,28.770000457763672,0.0,306.44,9746.0,2
2024-03-06,672,Pastry_58,Bakery,121.8,23.11,90.41,28.770000457763672,0.0,314.71,9774.0,2
2024-03-07,672,Pastry_58,Bakery,216.91,66.06,192.92,28.770000457763672,0.0,272.64,11142.0,2
2024-03-08,672,Pastry_58,Bakery,114.11,58.54,55.74,28.770000457763672,0.0,272.48,11864.0,2
2024-03-09,672,Pastry_58,Bakery,66.52,45.97,158.37,28.770000457763672,0.0,134.66,10078.0,2
2024-03-10,672,Pastry_58,Bakery,92.64,42.4,68.14,28.770000457763672,0.0,116.76,10124.0,2
2024-03-11,672,Pastry_58,Bakery,47.65,35.34,24.12,28.770000457763672,0.0,104.95,10122.0,2
2024-03-12,672,Pastry_58,Bakery,0.0,40.53,57.3,28.770000457763672,0.0,7.12,10267.0,2
2024-03-13,672,Pastry_58,Bakery,41.4,24.69,7.12,28.770000457763672,0.0,16.71,10214.0,2
2024-03-14,672,Pastry_58,Bakery,67.14,65.93,0.0,28.770000457763672,0.0,17.93,11286.0,2
2024-03-15,672,Pastry_58,Bakery,58.37,32.62,0.0,28.770000457763672,0.0,43.68,12108.0,2
2024-03-16,672,Pastry_58,Bakery,18.96,51.25,0.0,28.770000457763672,0.0,11.38,10102.0,2
2024-03-17,672,Pastry_58,Bakery,48.29,44.12,0.0,28.770000457763672,0.0,15.55,10186.0,2
2024-03-18,672,Pastry_58,Bakery,37.1,19.38,0.0,28.770000457763672,0.0,33.27,10282.0,2
2024-03-19,672,Pastry_58,Bakery,27.7,44.43,0.0,28.770000457763672,0.0,16.54,9794.0,2
2024-03-20,672,Pastry_58,Bakery,28.72,28.27,0.0,28.770000457763672,0.0,16.98,10111.0,2
2024-03-21,672,Pastry_58,Bakery,68.83,66.17,0.0,28.770000457763672,0.0,19.64,11034.0,2
2024-03-22,672,Pastry_58,Bakery,75.28,94.92,0.0,28.770000457763672,0.0,0.0,11672.0,2
2024-03-23,672,Pastry_58,Bakery,83.28,31.78,0.0,28.770000457763672,0.0,51.5,10153.0,2
2024-03-24,672,Pastry_58,Bakery,25.77,26.2,0.0,28.770000457763672,0.0,51.07,10824.0,2
2024-03-25,672,Pastry_58,Bakery,28.28,31.58,25.3,28.770000457763672,0.0,22.47,10530.0,2
2024-03-26,672,Pastry_58,Bakery,54.67,17.45,0.0,28.770000457763672,0.0,59.69,10879.0,2
2024-03-27,672,Pastry_58,Bakery,80.41,135.08,5.02,28.770000457763672,0.0,0.0,12451.0,2
2024-03-28,672,Pastry_58,Bakery,121.99,59.53,0.0,28.770000457763672,0.0,62.46,12938.0,2
2024-03-29,672,Pastry_58,Bakery,88.09,14.15,0.0,28.770000457763672,0.0,136.4,10045.0,2
2024-03-30,672,Pastry_58,Bakery,0.0,21.98,48.31,28.770000457763672,0.0,66.11,8440.0,2
2024-03-31,672,Pastry_58,Bakery,81.23,8.93,66.11,28.770000457763672,0.0,72.3,9558.0,2
2024-04-01,672,Pastry_58,Bakery,16.41,28.42,0.0,28.770000457763672,0.0,60.28,9826.0,2
2024-04-02,672,Pastry_58,Bakery,58.33,38.77,43.88,28.770000457763672,0.0,35.97,10261.0,2
2024-04-03,672,Pastry_58,Bakery,154.94,33.68,0.0,28.770000457763672,0.0,157.22,9938.0,2
2024-04-04,672,Pastry_58,Bakery,0.0,13.9,2.29,28.770000457763672,0.0,141.04,11179.0,2
2024-04-05,672,Pastry_58,Bakery,28.48,25.72,141.04,28.770000457763672,0.0,2.76,12214.0,2
2024-04-06,672,Pastry_58,Bakery,32.7,30.28,0.0,28.770000457763672,0.0,5.18,9690.0,2
2024-04-07,672,Pastry_58,Bakery,21.54,26.72,0.0,28.770000457763672,0.0,0.0,9684.0,2
2024-04-08,672,Pastry_58,Bakery,38.85,38.85,0.0,28.770000457763672,0.0,0.0,10147.0,2
2024-04-09,672,Pastry_58,Bakery,49.94,31.76,0.0,28.770000457763672,0.0,18.18,10198.0,2
2024-04-10,672,Pastry_58,Bakery,25.58,40.21,0.0,28.770000457763672,0.0,3.54,10762.0,2
2024-04-11,672,Pastry_58,Bakery,40.01,43.55,0.0,28.770000457763672,0.0,0.0,11005.0,2
2024-04-12,672,Pastry_58,Bakery,46.4,46.4,0.0,28.770000457763672,0.0,0.0,12008.0,2
2024-04-13,672,Pastry_58,Bakery,39.67,28.45,0.0,28.770000457763672,0.0,11.22,9772.0,2
2024-04-14,672,Pastry_58,Bakery,34.79,46.01,0.0,28.770000457763672,0.0,0.0,10033.0,2
2024-04-15,672,Pastry_58,Bakery,169.47,169.47,0.0,28.770000457763672,0.16735999286174774,0.0,10806.0,2
2024-04-16,672,Pastry_58,Bakery,177.61,177.61,0.0,28.770000457763672,0.16735999286174774,0.0,10398.0,2
2024-04-17,672,Pastry_58,Bakery,146.52,146.52,0.0,28.770000457763672,0.16735999286174774,0.0,10170.0,2
2024-04-18,672,Pastry_58,Bakery,133.67,133.67,0.0,28.770000457763672,0.16735999286174774,0.0,11244.0,2
2024-04-19,672,Pastry_58,Bakery,134.49,134.49,0.0,28.770000457763672,0.16735999286174774,0.0,12858.0,2
2024-04-20,672,Pastry_58,Bakery,176.83,176.83,0.0,28.770000457763672,0.16735999286174774,0.0,10666.0,2
2024-04-21,672,Pastry_58,Bakery,117.99,117.99,0.0,28.770000457763672,0.16735999286174774,0.0,10309.0,2
2024-04-22,672,Pastry_58,Bakery,199.94,33.36,0.0,28.770000457763672,0.0,166.58,10488.0,2
2024-04-23,672,Pastry_58,Bakery,73.38,14.12,0.0,28.770000457763672,0.0,225.83,10195.0,2
2024-04-24,672,Pastry_58,Bakery,150.77,65.22,152.46,28.770000457763672,0.0,158.92,10255.0,2
2024-04-25,672,Pastry_58,Bakery,59.51,32.99,8.16,28.770000457763672,0.0,177.29,11238.0,2
2024-04-26,672,Pastry_58,Bakery,153.71,53.3,117.78,28.770000457763672,0.0,159.92,11988.0,2
2024-04-27,672,Pastry_58,Bakery,96.74,34.16,6.21,28.770000457763672,0.0,216.29,9223.0,2
2024-04-28,672,Pastry_58,Bakery,64.87,38.85,119.55,28.770000457763672,0.0,122.76,10142.0,2
2024-04-29,672,Pastry_58,Bakery,0.0,38.32,57.89,28.770000457763672,0.0,26.55,11011.0,2
2024-04-30,672,Pastry_58,Bakery,36.51,36.51,26.55,28.770000457763672,0.0,0.0,11142.0,2
2024-05-01,672,Pastry_58,Bakery,80.54,72.76,0.0,28.770000457763672,0.0,7.78,9874.0,2
2024-05-02,672,Pastry_58,Bakery,43.66,12.23,0.0,28.770000457763672,0.0,39.21,10795.0,2
2024-05-03,672,Pastry_58,Bakery,37.85,43.04,0.0,28.770000457763672,0.0,34.01,11872.0,2
2024-05-04,672,Pastry_58,Bakery,22.93,26.66,0.0,28.770000457763672,0.0,30.29,9787.0,2
2024-05-05,672,Pastry_58,Bakery,39.45,33.62,7.35,28.770000457763672,0.0,28.77,10036.0,2
2024-03-01,697,Melon_5,Fruit and vegetable,7.67,7.67,0.0,111.43000030517578,0.0,0.0,11812.0,3
2024-03-02,697,Melon_5,Fruit and vegetable,7.67,4.4,0.0,111.43000030517578,0.0,3.27,10054.0,3
2024-03-03,697,Melon_5,Fruit and vegetable,7.36,9.61,0.0,111.43000030517578,0.0,1.02,9613.0,3
2024-03-04,697,Melon_5,Fruit and vegetable,14.36,15.38,0.0,111.43000030517578,0.0,0.0,9834.0,3
2024-03-05,697,Melon_5,Fruit and vegetable,13.57,6.44,0.0,111.43000030517578,0.0,7.13,9746.0,3
2024-03-06,697,Melon_5,Fruit and vegetable,5.9,0.0,0.0,130.9499969482422,0.0,13.03,9774.0,3
2024-03-07,697,Melon_5,Fruit and vegetable,1.25,7.79,0.0,130.9499969482422,0.0,6.49,11142.0,3
2024-03-08,697,Melon_5,Fruit and vegetable,7.22,13.17,0.0,130.9499969482422,0.0,0.54,11864.0,3
2024-03-09,697,Melon_5,Fruit and vegetable,16.91,17.45,0.0,130.9499969482422,0.0,0.0,10078.0,3
2024-03-10,697,Melon_5,Fruit and vegetable,17.22,3.13,0.0,130.9499969482422,0.0,14.09,10124.0,3
2024-03-11,697,Melon_5,Fruit and vegetable,9.6,13.27,0.0,130.9499969482422,0.0,10.42,10122.0,3
2024-03-12,697,Melon_5,Fruit and vegetable,3.95,9.69,0.0,130.9499969482422,0.0,4.68,10267.0,3
2024-03-13,697,Melon_5,Fruit and vegetable,9.5,14.18,0.0,130.9499969482422,0.0,0.0,10214.0,3
2024-03-14,697,Melon_5,Fruit and vegetable,13.86,11.54,0.0,130.9499969482422,0.0,2.32,11286.0,3
2024-03-15,697,Melon_5,Fruit and vegetable,16.6,0.0,0.0,130.9499969482422,0.0,18.93,12108.0,3
2024-03-16,697,Melon_5,Fruit and vegetable,6.51,3.85,0.0,130.9499969482422,0.0,21.58,10102.0,3
2024-03-17,697,Melon_5,Fruit and vegetable,0.0,7.29,0.0,130.9499969482422,0.0,14.29,10186.0,3
2024-03-18,697,Melon_5,Fruit and vegetable,13.4,9.64,7.79,130.9499969482422,0.0,10.26,10282.0,3
2024-03-19,697,Melon_5,Fruit and vegetable,5.57,3.68,0.0,130.9499969482422,0.0,12.15,9794.0,3
2024-03-20,697,Melon_5,Fruit and vegetable,8.41,13.91,0.0,130.9499969482422,0.0,6.65,10111.0,3
2024-03-21,697,Melon_5,Fruit and vegetable,11.19,2.52,0.0,130.9499969482422,0.0,15.32,11034.0,3
2024-03-22,697,Melon_5,Fruit and vegetable,0.0,2.85,0.0,130.9499969482422,0.0,12.47,11672.0,3
2024-03-23,697,Melon_5,Fruit and vegetable,0.0,5.97,1.28,130.9499969482422,0.0,5.22,10153.0,3
2024-03-24,697,Melon_5,Fruit and vegetable,12.59,2.86,5.22,130.9499969482422,0.0,9.73,10824.0,3
2024-03-25,697,Melon_5,Fruit and vegetable,5.47,2.97,0.0,130.9499969482422,0.0,12.23,10530.0,3
2024-03-26,697,Melon_5,Fruit and vegetable,0.0,5.62,0.0,130.9499969482422,0.0,6.61,10879.0,3
2024-03-27,697,Melon_5,Fruit and vegetable,13.66,2.56,1.14,130.9499969482422,0.0,16.57,12451.0,3
2024-03-28,697,Melon_5,Fruit and vegetable,3.69,17.35,2.91,130.9499969482422,0.0,0.0,12938.0,3
2024-03-29,697,Melon_5,Fruit and vegetable,9.65,3.72,0.0,130.9499969482422,0.0,5.93,10045.0,3
2024-03-30,697,Melon_5,Fruit and vegetable,6.75,0.0,0.0,130.9499969482422,0.0,12.68,8440.0,3
2024-03-31,697,Melon_5,Fruit and vegetable,0.0,11.8,0.0,130.9499969482422,0.0,0.88,9558.0,3
2024-04-01,697,Melon_5,Fruit and vegetable,9.91,6.43,0.0,130.9499969482422,0.0,4.37,9826.0,3
2024-04-02,697,Melon_5,Fruit and vegetable,18.42,22.79,0.0,130.9499969482422,0.0,0.0,10261.0,3
2024-04-03,697,Melon_5,Fruit and vegetable,13.32,8.14,0.0,130.9499969482422,0.0,5.18,9938.0,3
2024-04-04,697,Melon_5,Fruit and vegetable,22.31,8.91,0.0,130.9499969482422,0.0,18.58,11179.0,3
2024-04-05,697,Melon_5,Fruit and vegetable,0.0,16.36,0.0,130.9499969482422,0.0,2.22,12214.0,3
2024-04-06,697,Melon_5,Fruit and vegetable,7.16,9.05,0.0,130.9499969482422,0.0,0.32,9690.0,3
2024-04-07,697,Melon_5,Fruit and vegetable,18.86,3.94,0.0,130.9499969482422,0.0,15.24,9684.0,3
2024-04-08,697,Melon_5,Fruit and vegetable,0.0,4.22,0.0,130.9499969482422,0.0,11.02,10147.0,3
2024-04-09,697,Melon_5,Fruit and vegetable,20.48,12.65,0.0,130.9499969482422,0.0,18.85,10198.0,3
2024-04-11,697,Melon_5,Fruit and vegetable,0.0,14.81,0.0,130.9499969482422,0.0,4.04,11005.0,3
2024-04-12,697,Melon_5,Fruit and vegetable,22.7,22.7,4.04,130.9499969482422,0.0,0.0,12008.0,3
2024-04-13,697,Melon_5,Fruit and vegetable,25.04,7.82,0.0,130.9499969482422,0.0,17.22,9772.0,3
2024-04-14,697,Melon_5,Fruit and vegetable,0.31,7.17,0.0,130.9499969482422,0.0,10.36,10033.0,3
2024-04-15,697,Melon_5,Fruit and vegetable,2.21,12.06,0.0,130.9499969482422,0.0,0.51,10806.0,3
2024-04-16,697,Melon_5,Fruit and vegetable,11.52,9.97,0.0,130.9499969482422,0.0,2.06,10398.0,3
2024-04-17,697,Melon_5,Fruit and vegetable,17.33,0.0,0.0,130.9499969482422,0.0,19.39,10170.0,3
2024-04-18,697,Melon_5,Fruit and vegetable,4.45,9.1,0.0,130.9499969482422,0.0,14.74,11244.0,3
2024-04-19,697,Melon_5,Fruit and vegetable,16.69,4.58,0.0,130.9499969482422,0.0,26.85,12858.0,3
2024-04-20,697,Melon_5,Fruit and vegetable,0.0,7.62,5.71,130.9499969482422,0.0,13.52,10666.0,3
2024-04-21,697,Melon_5,Fruit and vegetable,10.34,23.86,0.0,130.9499969482422,0.0,0.0,10309.0,3
2024-04-22,697,Melon_5,Fruit and vegetable,21.57,8.08,0.0,130.9499969482422,0.0,13.49,10488.0,3
2024-04-29,697,Melon_5,Fruit and vegetable,19.39,6.24,13.49,130.9499969482422,0.0,13.15,11011.0,3
2024-04-30,697,Melon_5,Fruit and vegetable,15.76,28.91,0.0,130.9499969482422,0.0,0.0,11142.0,3
2024-05-01,697,Melon_5,Fruit and vegetable,21.41,15.62,0.0,130.9499969482422,0.0,5.79,9874.0,3
2024-05-02,697,Melon_5,Fruit and vegetable,17.13,22.92,0.0,130.9499969482422,0.0,0.0,10795.0,3
2024-05-03,697,Melon_5,Fruit and vegetable,19.36,2.72,0.0,130.9499969482422,0.0,16.64,11872.0,3
2024-05-04,697,Melon_5,Fruit and vegetable,20.12,4.39,0.0,130.9499969482422,0.0,32.36,9787.0,3
2024-05-05,697,Melon_5,Fruit and vegetable,0.0,2.58,0.0,130.9499969482422,0.0,29.78,10036.0,3
2024-03-01,708,Roll_12,Bakery,746.77,746.77,0.0,5.159999847412109,0.0,0.0,12026.0,2
2024-03-02,708,Roll_12,Bakery,1034.7,1034.7,0.0,5.159999847412109,0.0,0.0,10750.0,2
2024-03-03,708,Roll_12,Bakery,1007.37,727.46,0.0,5.159999847412109,0.0,279.91,10158.0,2
2024-03-04,708,Roll_12,Bakery,687.12,664.42,0.0,5.159999847412109,0.0,302.61,9802.0,2
2024-03-05,708,Roll_12,Bakery,654.98,767.34,0.0,5.159999847412109,0.0,190.25,9606.0,2
2024-03-06,708,Roll_12,Bakery,739.7,739.21,0.0,5.159999847412109,0.0,190.74,9558.0,2
2024-03-07,708,Roll_12,Bakery,721.85,695.36,0.0,5.159999847412109,0.0,217.24,10034.0,2
2024-03-08,708,Roll_12,Bakery,872.72,1089.96,0.0,5.159999847412109,0.0,0.0,12292.0,2
2024-03-09,708,Roll_12,Bakery,1254.24,869.8,0.0,5.159999847412109,0.0,384.44,10656.0,2
2024-03-10,708,Roll_12,Bakery,529.97,794.96,0.0,5.159999847412109,0.0,119.45,10524.0,2
2024-03-11,708,Roll_12,Bakery,728.24,793.89,0.0,5.159999847412109,0.0,53.8,10134.0,2
2024-03-12,708,Roll_12,Bakery,880.01,585.92,0.0,5.159999847412109,0.0,347.89,10012.0,2
2024-03-13,708,Roll_12,Bakery,593.27,804.08,0.0,5.159999847412109,0.0,137.08,9924.0,2
2024-03-14,708,Roll_12,Bakery,757.71,707.75,0.0,5.159999847412109,0.0,187.03,10324.0,2
2024-03-15,708,Roll_12,Bakery,1100.57,925.28,0.0,5.159999847412109,0.0,362.33,12304.0,2
2024-03-16,708,Roll_12,Bakery,648.65,930.67,0.0,5.159999847412109,0.0,80.3,10926.0,2
2024-03-17,708,Roll_12,Bakery,868.54,810.18,0.0,5.159999847412109,0.0,138.66,10662.0,2
2024-03-18,708,Roll_12,Bakery,809.37,699.36,0.0,5.159999847412109,0.0,248.67,10286.0,2
2024-03-19,708,Roll_12,Bakery,498.04,691.82,0.0,5.159999847412109,0.0,54.9,9634.0,2
2024-03-20,708,Roll_12,Bakery,880.44,707.32,0.0,5.159999847412109,0.0,228.02,9842.0,2
2024-03-21,708,Roll_12,Bakery,617.47,638.26,0.0,5.159999847412109,0.0,207.23,10076.0,2
2024-03-22,708,Roll_12,Bakery,869.42,946.56,0.0,5.159999847412109,0.0,130.08,12078.0,2
2024-03-23,708,Roll_12,Bakery,958.07,887.87,0.0,5.159999847412109,0.0,200.28,10782.0,2
2024-03-24,708,Roll_12,Bakery,756.83,831.81,0.0,5.159999847412109,0.0,125.3,10920.0,2
2024-03-25,708,Roll_12,Bakery,723.01,650.75,0.0,5.159999847412109,0.0,197.56,10111.0,2
2024-03-26,708,Roll_12,Bakery,651.31,492.79,0.0,5.159999847412109,0.0,356.08,9932.0,2
2024-03-27,708,Roll_12,Bakery,555.89,830.08,0.0,5.159999847412109,0.0,81.89,10540.0,2
2024-03-28,708,Roll_12,Bakery,1312.49,1394.38,0.0,5.159999847412109,0.0,0.0,13846.0,2
2024-03-29,708,Roll_12,Bakery,1374.55,1374.55,0.0,5.159999847412109,0.0,0.0,12157.0,2
2024-03-30,708,Roll_12,Bakery,1326.16,1097.81,0.0,5.159999847412109,0.0,228.35,8768.0,2
2024-03-31,708,Roll_12,Bakery,1048.84,798.37,0.0,5.159999847412109,0.0,478.82,9390.0,2
2024-04-01,708,Roll_12,Bakery,620.08,849.19,0.0,5.159999847412109,0.0,249.72,10206.0,2
2024-04-02,708,Roll_12,Bakery,664.74,872.33,0.0,5.159999847412109,0.0,42.13,10356.0,2
2024-04-03,708,Roll_12,Bakery,1121.43,655.99,0.0,5.159999847412109,0.0,507.57,9502.0,2
2024-04-04,708,Roll_12,Bakery,1257.49,688.2,0.0,5.159999847412109,0.0,1076.85,10040.0,2
2024-04-05,708,Roll_12,Bakery,620.76,948.98,0.0,5.159999847412109,0.0,748.63,12248.0,2
2024-04-06,708,Roll_12,Bakery,671.15,1023.71,127.87,5.159999847412109,0.0,268.2,10560.0,2
2024-04-07,708,Roll_12,Bakery,699.6,890.94,0.0,5.159999847412109,0.0,76.86,10420.0,2
2024-04-08,708,Roll_12,Bakery,942.39,663.24,0.0,5.159999847412109,0.0,356.01,10060.0,2
2024-04-09,708,Roll_12,Bakery,708.14,683.88,0.0,5.159999847412109,0.0,380.27,9823.0,2
2024-04-10,708,Roll_12,Bakery,475.15,680.07,0.0,5.159999847412109,0.0,175.35,10304.0,2
2024-04-11,708,Roll_12,Bakery,708.04,540.54,0.0,5.159999847412109,0.0,342.85,10316.0,2
2024-04-12,708,Roll_12,Bakery,834.11,1016.75,0.0,5.159999847412109,0.0,160.21,12158.0,2
2024-04-13,708,Roll_12,Bakery,1107.33,822.26,0.0,5.159999847412109,0.0,445.29,10585.0,2
2024-04-14,708,Roll_12,Bakery,652.43,653.16,0.0,5.159999847412109,0.0,444.56,10578.0,2
2024-04-15,708,Roll_12,Bakery,415.08,692.38,0.0,5.159999847412109,0.0,167.26,10416.0,2
2024-04-16,708,Roll_12,Bakery,711.1,667.24,0.0,5.159999847412109,0.0,211.12,10322.0,2
2024-04-17,708,Roll_12,Bakery,664.6,601.53,0.0,5.159999847412109,0.0,274.19,10042.0,2
2024-04-18,708,Roll_12,Bakery,503.48,777.67,0.0,5.159999847412109,0.0,0.0,10182.0,2
2024-04-19,708,Roll_12,Bakery,1196.77,1088.41,0.0,5.159999847412109,0.0,108.36,12894.0,2
2024-04-20,708,Roll_12,Bakery,924.03,948.8,0.0,5.159999847412109,0.0,83.59,11854.0,2
2024-04-21,708,Roll_12,Bakery,940.67,1024.26,0.0,5.159999847412109,0.0,0.0,10578.0,2
2024-04-22,708,Roll_12,Bakery,936.91,747.64,0.0,5.159999847412109,0.0,189.27,10500.0,2
2024-04-23,708,Roll_12,Bakery,715.45,657.14,0.0,5.159999847412109,0.0,247.59,9974.0,2
2024-04-24,708,Roll_12,Bakery,593.44,748.22,0.0,5.159999847412109,0.0,92.8,10096.0,2
2024-04-25,708,Roll_12,Bakery,893.87,669.45,0.0,5.159999847412109,0.0,317.23,10130.0,2
2024-04-26,708,Roll_12,Bakery,997.14,902.41,0.0,5.159999847412109,0.0,411.96,12265.0,2
2024-04-27,708,Roll_12,Bakery,721.17,1011.97,0.0,5.159999847412109,0.0,121.16,10339.0,2
2024-04-28,708,Roll_12,Bakery,1102.0,795.04,0.0,5.159999847412109,0.0,428.12,10120.0,2
2024-04-29,708,Roll_12,Bakery,482.82,707.5,0.0,5.159999847412109,0.0,203.44,10345.0,2
2024-04-30,708,Roll_12,Bakery,705.28,908.72,0.0,5.159999847412109,0.0,0.0,11167.0,2
2024-05-01,708,Roll_12,Bakery,989.83,989.83,0.0,5.159999847412109,0.0,0.0,10620.0,2
2024-05-02,708,Roll_12,Bakery,840.97,725.88,0.0,5.159999847412109,0.0,115.09,9613.0,2
2024-05-03,708,Roll_12,Bakery,943.67,860.9,0.0,5.159999847412109,0.0,197.86,12020.0,2
2024-05-04,708,Roll_12,Bakery,968.89,933.21,0.0,5.159999847412109,0.0,233.54,10495.0,2
2024-05-05,708,Roll_12,Bakery,698.42,652.56,0.0,5.159999847412109,0.0,279.4,10224.0,2
2024-03-01,741,Chicken_31,Meat and fish,292.78,292.78,0.0,167.75,0.0,0.0,11812.0,4
2024-03-02,741,Chicken_31,Meat and fish,292.78,255.38,0.0,167.75,0.0,37.4,10054.0,4
2024-03-03,741,Chicken_31,Meat and fish,289.23,226.24,0.0,167.75,0.0,100.39,9613.0,4
2024-03-04,741,Chicken_31,Meat and fish,235.08,209.27,0.0,167.75,0.0,126.2,9834.0,4
2024-03-05,741,Chicken_31,Meat and fish,213.41,240.39,0.0,167.75,0.024070000275969505,99.22,9746.0,4
2024-03-06,741,Chicken_31,Meat and fish,234.24,234.05,0.0,167.75,0.0,99.41,9774.0,4
2024-03-07,741,Chicken_31,Meat and fish,230.19,285.08,0.0,167.75,0.0,44.52,11142.0,4
2024-03-08,741,Chicken_31,Meat and fish,287.55,279.06,0.0,174.4499969482422,0.0,53.01,11864.0,4
2024-03-09,741,Chicken_31,Meat and fish,268.88,321.89,0.0,167.75,0.0,0.0,10078.0,4
2024-03-10,741,Chicken_31,Meat and fish,277.2,248.98,0.0,167.75,0.0,28.22,10124.0,4
2024-03-11,741,Chicken_31,Meat and fish,229.44,194.97,0.0,167.75,0.0,62.69,10122.0,4
2024-03-12,741,Chicken_31,Meat and fish,230.47,188.02,0.0,167.75,0.0,105.14,10267.0,4
2024-03-13,741,Chicken_31,Meat and fish,191.55,221.9,0.0,167.75,0.0,74.79,10214.0,4
2024-03-14,741,Chicken_31,Meat and fish,274.06,210.68,0.0,167.75,0.0,138.16,11286.0,4
2024-03-15,741,Chicken_31,Meat and fish,203.16,291.02,0.0,167.75,0.0,50.31,12108.0,4
2024-03-16,741,Chicken_31,Meat and fish,336.23,240.76,0.0,167.75,0.007060000207275152,145.78,10102.0,4
2024-03-17,741,Chicken_31,Meat and fish,148.76,234.64,0.0,167.75,0.0,59.9,10186.0,4
2024-03-18,741,Chicken_31,Meat and fish,187.67,247.57,0.0,167.75,0.0,0.0,10282.0,4
2024-03-19,741,Chicken_31,Meat and fish,229.44,179.05,0.0,167.75,0.0,50.39,9794.0,4
2024-03-20,741,Chicken_31,Meat and fish,215.75,220.72,0.0,167.75,0.0071000000461936,45.43,10111.0,4
2024-03-21,741,Chicken_31,Meat and fish,209.58,211.05,0.0,167.75,0.0,43.95,11034.0,4
2024-03-22,741,Chicken_31,Meat and fish,291.34,282.92,0.0,167.75,0.0,52.38,11672.0,4
2024-03-23,741,Chicken_31,Meat and fish,229.8,239.93,0.0,167.75,0.0,42.24,10153.0,4
2024-03-24,741,Chicken_31,Meat and fish,233.76,208.85,0.0,167.75,0.006769999861717224,67.15,10824.0,4
2024-03-25,741,Chicken_31,Meat and fish,223.0,273.52,0.0,167.75,0.0,16.63,10530.0,4
2024-03-26,741,Chicken_31,Meat and fish,209.96,225.36,0.0,167.75,0.0,1.23,10879.0,4
2024-03-27,741,Chicken_31,Meat and fish,304.18,305.41,0.0,167.75,0.0,0.0,12451.0,4
2024-03-28,741,Chicken_31,Meat and fish,360.4,360.4,0.0,167.75,0.0,0.0,12938.0,4
2024-03-29,741,Chicken_31,Meat and fish,349.5,192.27,0.0,167.75,0.0,157.23,10045.0,4
2024-03-30,741,Chicken_31,Meat and fish,158.61,164.7,0.0,167.75,0.0,151.14,8440.0,4
2024-03-31,741,Chicken_31,Meat and fish,146.19,189.8,0.0,167.75,0.0,107.53,9558.0,4
2024-04-01,741,Chicken_31,Meat and fish,257.16,236.09,0.0,174.4499969482422,0.0,128.6,9826.0,4
2024-04-02,741,Chicken_31,Meat and fish,198.53,327.13,0.0,167.75,0.0,0.0,10261.0,4
2024-04-03,741,Chicken_31,Meat and fish,403.92,282.91,0.0,167.75,0.0,121.01,9938.0,4
2024-04-04,741,Chicken_31,Meat and fish,335.24,255.76,0.0,167.75,0.0,200.49,11179.0,4
2024-04-05,741,Chicken_31,Meat and fish,137.45,337.94,0.0,167.75,0.0,0.0,12214.0,4
2024-04-06,741,Chicken_31,Meat and fish,287.26,287.26,0.0,167.75,0.0,0.0,9690.0,4
2024-04-07,741,Chicken_31,Meat and fish,272.35,272.35,0.0,167.75,0.0,0.0,9684.0,4
2024-04-08,741,Chicken_31,Meat and fish,282.8,247.81,0.0,167.75,0.0,34.99,10147.0,4
2024-04-09,741,Chicken_31,Meat and fish,335.69,236.87,0.0,167.75,0.0,133.82,10198.0,4
2024-04-10,741,Chicken_31,Meat and fish,192.0,268.84,0.0,167.75,0.006500000134110451,56.98,10762.0,4
2024-04-11,741,Chicken_31,Meat and fish,241.47,255.22,0.0,167.75,0.0,43.23,11005.0,4
2024-04-12,741,Chicken_31,Meat and fish,701.14,744.37,0.0,167.75,0.18094000220298767,0.0,12008.0,4
2024-04-13,741,Chicken_31,Meat and fish,797.82,797.82,0.0,167.74000549316406,0.2999599874019623,0.0,9772.0,4
2024-04-14,741,Chicken_31,Meat and fish,933.69,933.69,0.0,167.74000549316406,0.2999599874019623,0.0,10033.0,4
2024-04-16,741,Chicken_31,Meat and fish,646.69,140.19,0.0,167.75,0.013880000449717045,506.5,10398.0,4
2024-04-17,741,Chicken_31,Meat and fish,150.5,195.1,0.0,167.75,0.0,461.9,10170.0,4
2024-04-18,741,Chicken_31,Meat and fish,234.16,230.71,0.0,167.75,0.0,465.35,11244.0,4
2024-04-19,741,Chicken_31,Meat and fish,222.51,312.15,0.0,167.75,0.0,375.72,12858.0,4
2024-04-20,741,Chicken_31,Meat and fish,794.37,246.57,0.0,167.75,0.0,923.51,10666.0,4
2024-04-21,741,Chicken_31,Meat and fish,283.12,275.37,0.0,167.75,0.0,931.26,10309.0,4
2024-04-22,741,Chicken_31,Meat and fish,348.55,270.76,0.0,167.75,0.0,1009.05,10488.0,4
2024-04-23,741,Chicken_31,Meat and fish,0.0,242.26,0.0,167.75,0.0,766.79,10195.0,4
2024-04-24,741,Chicken_31,Meat and fish,0.0,210.19,135.12,167.75,0.0,421.47,10255.0,4
2024-04-25,741,Chicken_31,Meat and fish,0.0,306.17,72.93,167.75,0.0,42.38,11238.0,4
2024-04-26,741,Chicken_31,Meat and fish,358.62,282.88,42.38,167.75,0.0,75.74,11988.0,4
2024-04-27,741,Chicken_31,Meat and fish,211.15,223.4,0.0,167.75,0.0,63.49,9223.0,4
2024-04-28,741,Chicken_31,Meat and fish,256.0,224.0,0.0,167.75,0.0,95.5,10142.0,4
2024-04-29,741,Chicken_31,Meat and fish,221.06,242.46,0.0,167.75,0.0,74.1,11011.0,4
2024-04-30,741,Chicken_31,Meat and fish,212.72,263.16,0.0,167.75,0.0,23.66,11142.0,4
2024-05-01,741,Chicken_31,Meat and fish,231.58,193.1,0.0,167.75,0.0,62.14,9874.0,4
2024-05-02,741,Chicken_31,Meat and fish,293.75,205.56,0.0,167.75,0.0,150.34,10795.0,4
2024-05-03,741,Chicken_31,Meat and fish,173.03,260.66,0.0,167.75,0.0,62.71,11872.0,4
2024-05-04,741,Chicken_31,Meat and fish,194.69,225.44,0.0,167.75,0.0,31.96,9787.0,4
2024-05-05,741,Chicken_31,Meat and fish,225.94,243.82,0.0,167.75,0.0,14.08,10036.0,4
2024-03-01,788,Pomegranate_0,Fruit and vegetable,39.63,39.63,0.0,49.150001525878906,0.0,0.0,11812.0,3
2024-03-02,788,Pomegranate_0,Fruit and vegetable,39.63,39.09,0.0,49.150001525878906,0.007660000119358301,0.54,10054.0,3
2024-03-03,788,Pomegranate_0,Fruit and vegetable,39.58,34.08,0.0,49.150001525878906,0.0,6.04,9613.0,3
2024-03-04,788,Pomegranate_0,Fruit and vegetable,39.18,45.22,0.0,49.150001525878906,0.0,0.0,9834.0,3
2024-03-05,788,Pomegranate_0,Fruit and vegetable,45.46,23.12,0.0,49.150001525878906,0.0,22.34,9746.0,3
2024-03-06,788,Pomegranate_0,Fruit and vegetable,27.94,25.78,0.0,49.150001525878906,0.049550000578165054,24.5,9774.0,3
2024-03-07,788,Pomegranate_0,Fruit and vegetable,26.11,31.12,0.0,49.150001525878906,0.056790001690387726,19.49,11142.0,3
2024-03-08,788,Pomegranate_0,Fruit and vegetable,30.29,46.48,0.0,49.150001525878906,0.15038999915122986,3.31,11864.0,3
2024-03-09,788,Pomegranate_0,Fruit and vegetable,47.41,21.92,0.0,49.150001525878906,0.06182999908924103,28.8,10078.0,3
2024-03-10,788,Pomegranate_0,Fruit and vegetable,18.16,30.23,0.0,49.150001525878906,0.07378000020980835,16.72,10124.0,3
2024-03-11,788,Pomegranate_0,Fruit and vegetable,41.38,43.34,0.0,49.150001525878906,0.01923999935388565,14.76,10122.0,3
2024-03-12,788,Pomegranate_0,Fruit and vegetable,20.73,16.74,0.0,49.150001525878906,0.07586999982595444,18.75,10267.0,3
2024-03-13,788,Pomegranate_0,Fruit and vegetable,20.9,20.46,0.0,49.150001525878906,0.006409999914467335,19.2,10214.0,3
2024-03-14,788,Pomegranate_0,Fruit and vegetable,26.54,36.26,0.0,49.150001525878906,0.06499999761581421,9.48,11286.0,3
2024-03-15,788,Pomegranate_0,Fruit and vegetable,51.93,26.09,0.0,49.150001525878906,0.0030400000978261232,35.32,12108.0,3
2024-03-16,788,Pomegranate_0,Fruit and vegetable,0.0,21.56,0.0,49.150001525878906,0.02167999930679798,13.76,10102.0,3
2024-03-17,788,Pomegranate_0,Fruit and vegetable,41.12,54.88,0.0,49.150001525878906,0.0,0.0,10186.0,3
2024-03-18,788,Pomegranate_0,Fruit and vegetable,61.27,29.95,0.0,49.150001525878906,0.0,31.32,10282.0,3
2024-03-19,788,Pomegranate_0,Fruit and vegetable,34.51,65.83,0.0,49.150001525878906,0.0,0.0,9794.0,3
2024-03-20,788,Pomegranate_0,Fruit and vegetable,42.81,26.51,0.0,49.150001525878906,0.0,16.3,10111.0,3
2024-03-21,788,Pomegranate_0,Fruit and vegetable,41.3,35.17,0.0,49.150001525878906,0.011370000429451466,22.43,11034.0,3
2024-03-22,788,Pomegranate_0,Fruit and vegetable,26.41,48.84,0.0,49.150001525878906,0.05077999830245972,0.0,11672.0,3
2024-03-23,788,Pomegranate_0,Fruit and vegetable,42.54,28.25,0.0,49.150001525878906,0.0,14.29,10153.0,3
2024-03-24,788,Pomegranate_0,Fruit and vegetable,60.13,30.22,0.0,49.150001525878906,0.08420000225305557,44.2,10824.0,3
2024-03-25,788,Pomegranate_0,Fruit and vegetable,4.24,27.02,0.0,49.150001525878906,0.04388999938964844,21.42,10530.0,3
2024-03-26,788,Pomegranate_0,Fruit and vegetable,63.29,18.15,0.0,49.150001525878906,0.016370000317692757,66.56,10879.0,3
2024-03-27,788,Pomegranate_0,Fruit and vegetable,0.0,40.86,0.0,49.150001525878906,0.06780999898910522,25.7,12451.0,3
2024-03-28,788,Pomegranate_0,Fruit and vegetable,22.3,22.62,0.0,49.150001525878906,0.11135999858379364,25.38,12938.0,3
2024-03-29,788,Pomegranate_0,Fruit and vegetable,40.11,18.4,3.08,49.150001525878906,0.12567000091075897,44.01,10045.0,3
2024-03-30,788,Pomegranate_0,Fruit and vegetable,0.0,35.35,0.0,49.150001525878906,0.08930999785661697,8.66,8440.0,3
2024-03-31,788,Pomegranate_0,Fruit and vegetable,32.54,26.78,0.0,49.150001525878906,0.0,14.42,9558.0,3
2024-04-01,788,Pomegranate_0,Fruit and vegetable,23.47,30.2,0.0,49.150001525878906,0.0,7.7,9826.0,3
2024-04-02,788,Pomegranate_0,Fruit and vegetable,22.26,29.96,0.0,49.150001525878906,0.0,0.0,10261.0,3
2024-04-03,788,Pomegranate_0,Fruit and vegetable,50.51,26.59,0.0,49.150001525878906,0.0,23.92,9938.0,3
2024-04-04,788,Pomegranate_0,Fruit and vegetable,22.99,46.91,0.0,49.150001525878906,0.0,0.0,11179.0,3
2024-04-05,788,Pomegranate_0,Fruit and vegetable,29.71,29.15,0.0,49.150001525878906,0.0,0.56,12214.0,3
2024-04-06,788,Pomegranate_0,Fruit and vegetable,43.92,30.28,0.0,49.150001525878906,0.0,14.2,9690.0,3
2024-04-07,788,Pomegranate_0,Fruit and vegetable,21.55,19.77,0.0,49.150001525878906,0.0,15.98,9684.0,3
2024-04-08,788,Pomegranate_0,Fruit and vegetable,24.69,38.85,0.0,49.150001525878906,0.0,1.83,10147.0,3
2024-04-09,788,Pomegranate_0,Fruit and vegetable,39.37,26.47,0.0,49.150001525878906,0.0,14.73,10198.0,3
2024-04-10,788,Pomegranate_0,Fruit and vegetable,23.37,30.79,0.0,49.150001525878906,0.1277499943971634,7.3,10762.0,3
2024-04-11,788,Pomegranate_0,Fruit and vegetable,50.83,43.2,0.0,49.150001525878906,0.03491999953985214,14.94,11005.0,3
2024-04-12,788,Pomegranate_0,Fruit and vegetable,64.58,79.52,0.0,49.150001525878906,0.0,0.0,12008.0,3
2024-04-13,788,Pomegranate_0,Fruit and vegetable,55.49,42.67,0.0,49.150001525878906,0.0,12.82,9772.0,3
2024-04-14,788,Pomegranate_0,Fruit and vegetable,31.78,44.24,0.0,49.150001525878906,0.0,0.36,10033.0,3
2024-04-15,788,Pomegranate_0,Fruit and vegetable,60.49,15.72,0.0,49.150001525878906,0.0,45.13,10806.0,3
2024-04-16,788,Pomegranate_0,Fruit and vegetable,44.01,89.14,0.0,49.150001525878906,0.0,0.0,10398.0,3
2024-04-17,788,Pomegranate_0,Fruit and vegetable,64.16,33.54,0.0,49.150001525878906,0.0,30.62,10170.0,3
2024-04-18,788,Pomegranate_0,Fruit and vegetable,45.56,46.87,0.0,49.150001525878906,0.0,29.31,11244.0,3
2024-04-19,788,Pomegranate_0,Fruit and vegetable,83.04,34.56,0.0,49.150001525878906,0.02384999953210354,77.78,12858.0,3
2024-04-20,788,Pomegranate_0,Fruit and vegetable,0.0,38.17,0.0,49.150001525878906,0.030740000307559967,39.61,10666.0,3
2024-04-21,788,Pomegranate_0,Fruit and vegetable,33.6,29.06,0.0,49.150001525878906,0.041430000215768814,44.15,10309.0,3
2024-04-22,788,Pomegranate_0,Fruit and vegetable,11.86,36.17,10.55,49.150001525878906,0.0530799999833107,9.29,10488.0,3
2024-04-23,788,Pomegranate_0,Fruit and vegetable,106.31,32.47,0.0,49.150001525878906,0.011680000461637974,83.12,10195.0,3
2024-04-24,788,Pomegranate_0,Fruit and vegetable,0.0,45.12,0.0,49.150001525878906,0.032019998878240585,38.0,10255.0,3
2024-04-25,788,Pomegranate_0,Fruit and vegetable,17.18,30.73,0.0,49.150001525878906,0.054090000689029694,24.46,11238.0,3
2024-04-26,788,Pomegranate_0,Fruit and vegetable,24.27,38.51,7.27,49.150001525878906,0.03246000036597252,2.94,11988.0,3
2024-04-27,788,Pomegranate_0,Fruit and vegetable,42.29,23.91,0.0,49.150001525878906,0.058479998260736465,21.31,9223.0,3
2024-04-28,788,Pomegranate_0,Fruit and vegetable,16.61,35.14,0.0,49.150001525878906,0.19307999312877655,2.78,10142.0,3
2024-04-29,788,Pomegranate_0,Fruit and vegetable,41.86,24.04,0.0,49.150001525878906,0.09619999676942825,20.6,11011.0,3
2024-04-30,788,Pomegranate_0,Fruit and vegetable,21.65,32.51,0.0,49.150001525878906,0.044509999454021454,9.74,11142.0,3
2024-05-01,788,Pomegranate_0,Fruit and vegetable,45.16,38.15,0.0,49.150001525878906,0.0560699999332428,16.75,9874.0,3
2024-05-02,788,Pomegranate_0,Fruit and vegetable,21.75,32.52,0.0,49.150001525878906,0.03616999834775925,5.97,10795.0,3
2024-05-03,788,Pomegranate_0,Fruit and vegetable,40.28,43.04,0.0,49.150001525878906,0.0,3.21,11872.0,3
2024-05-04,788,Pomegranate_0,Fruit and vegetable,29.67,21.86,0.0,49.150001525878906,0.05550999939441681,11.02,9787.0,3
2024-05-05,788,Pomegranate_0,Fruit and vegetable,33.68,29.02,0.0,49.150001525878906,0.16043999791145325,15.68,10036.0,3
2024-03-01,791,Arugula_1,Fruit and vegetable,62.85,62.85,0.0,32.33000183105469,0.0,0.0,11812.0,3
2024-03-02,791,Arugula_1,Fruit and vegetable,65.45,65.45,0.0,32.33000183105469,0.0,0.0,10054.0,3
2024-03-03,791,Arugula_1,Fruit and vegetable,70.73,70.73,0.0,32.33000183105469,0.0,0.0,9613.0,3
2024-03-06,791,Arugula_1,Fruit and vegetable,109.58,109.58,0.0,32.33000183105469,0.0,0.0,9774.0,3
2024-03-07,791,Arugula_1,Fruit and vegetable,90.84,77.38,0.0,32.33000183105469,0.0,13.46,11142.0,3
2024-03-10,791,Arugula_1,Fruit and vegetable,87.09,68.31,13.46,32.33000183105469,0.0,18.78,10124.0,3
2024-03-11,791,Arugula_1,Fruit and vegetable,66.24,67.14,0.0,32.33000183105469,0.0,17.88,10122.0,3
2024-03-12,791,Arugula_1,Fruit and vegetable,65.63,72.25,0.0,32.33000183105469,0.0,11.26,10267.0,3
2024-03-13,791,Arugula_1,Fruit and vegetable,73.88,71.33,0.0,32.33000183105469,0.0,13.81,10214.0,3
2024-03-15,791,Arugula_1,Fruit and vegetable,75.96,75.86,0.0,32.33000183105469,0.0,13.91,12108.0,3
2024-03-16,791,Arugula_1,Fruit and vegetable,114.43,53.02,0.0,32.33000183105469,0.0,75.32,10102.0,3
2024-03-17,791,Arugula_1,Fruit and vegetable,12.4,68.82,0.0,32.33000183105469,0.0,18.9,10186.0,3
2024-03-18,791,Arugula_1,Fruit and vegetable,58.71,65.19,0.0,32.33000183105469,0.0,12.42,10282.0,3
2024-03-19,791,Arugula_1,Fruit and vegetable,64.12,46.21,0.0,32.33000183105469,0.0,30.33,9794.0,3
2024-03-20,791,Arugula_1,Fruit and vegetable,55.95,61.85,0.0,32.33000183105469,0.0,24.43,10111.0,3
2024-03-21,791,Arugula_1,Fruit and vegetable,60.28,67.91,0.0,32.33000183105469,0.0,16.8,11034.0,3
2024-03-22,791,Arugula_1,Fruit and vegetable,71.97,58.68,0.0,32.33000183105469,0.0,30.09,11672.0,3
2024-03-23,791,Arugula_1,Fruit and vegetable,44.07,74.16,0.0,32.33000183105469,0.0,0.0,10153.0,3
2024-03-24,791,Arugula_1,Fruit and vegetable,80.37,64.63,0.0,32.33000183105469,0.0,15.74,10824.0,3
2024-03-25,791,Arugula_1,Fruit and vegetable,60.62,57.91,0.0,32.33000183105469,0.0,18.45,10530.0,3
2024-03-26,791,Arugula_1,Fruit and vegetable,46.12,64.57,0.0,32.33000183105469,0.0,0.0,10879.0,3
2024-03-27,791,Arugula_1,Fruit and vegetable,69.03,59.84,0.0,32.33000183105469,0.0,9.19,12451.0,3
2024-03-28,791,Arugula_1,Fruit and vegetable,77.53,86.72,0.0,32.33000183105469,0.0,0.0,12938.0,3
2024-03-29,791,Arugula_1,Fruit and vegetable,72.04,66.08,0.0,32.33000183105469,0.0,5.96,10045.0,3
2024-03-30,791,Arugula_1,Fruit and vegetable,80.81,51.28,0.0,32.33000183105469,0.0,35.5,8440.0,3
2024-03-31,791,Arugula_1,Fruit and vegetable,43.31,60.71,0.0,32.33000183105469,0.0,18.1,9558.0,3
2024-04-01,791,Arugula_1,Fruit and vegetable,54.1,69.52,0.0,32.33000183105469,0.0,2.68,9826.0,3
2024-04-03,791,Arugula_1,Fruit and vegetable,75.96,54.04,0.0,32.33000183105469,0.0,24.6,9938.0,3
2024-04-04,791,Arugula_1,Fruit and vegetable,50.39,48.65,0.0,32.33000183105469,0.0,26.34,11179.0,3
2024-04-05,791,Arugula_1,Fruit and vegetable,77.25,78.87,0.0,32.33000183105469,0.0,24.71,12214.0,3
2024-04-06,791,Arugula_1,Fruit and vegetable,55.32,64.11,0.0,32.33000183105469,0.0,15.92,9690.0,3
2024-04-07,791,Arugula_1,Fruit and vegetable,49.16,53.43,0.0,32.33000183105469,0.0,11.65,9684.0,3
2024-04-08,791,Arugula_1,Fruit and vegetable,62.48,54.74,0.0,32.33000183105469,0.0,19.39,10147.0,3
2024-04-09,791,Arugula_1,Fruit and vegetable,63.93,77.63,0.0,32.33000183105469,0.0,5.69,10198.0,3
2024-04-10,791,Arugula_1,Fruit and vegetable,148.15,153.84,0.0,32.33000183105469,0.0,0.0,10762.0,3
2024-04-11,791,Arugula_1,Fruit and vegetable,95.16,68.82,0.0,32.33000183105469,0.0,26.34,11005.0,3
2024-04-14,791,Arugula_1,Fruit and vegetable,123.12,75.84,26.34,32.33000183105469,0.0,47.28,10033.0,3
2024-04-15,791,Arugula_1,Fruit and vegetable,61.1,76.87,0.0,32.33000183105469,0.0,31.51,10806.0,3
2024-04-16,791,Arugula_1,Fruit and vegetable,65.49,61.27,0.0,32.33000183105469,0.0,35.74,10398.0,3
2024-04-17,791,Arugula_1,Fruit and vegetable,61.42,69.75,0.0,32.33000183105469,0.0,27.4,10170.0,3
2024-04-18,791,Arugula_1,Fruit and vegetable,90.65,65.97,0.0,32.33000183105469,0.0,52.08,11244.0,3
2024-04-19,791,Arugula_1,Fruit and vegetable,143.02,76.61,0.0,32.33000183105469,0.0,118.49,12858.0,3
2024-04-20,791,Arugula_1,Fruit and vegetable,0.0,80.54,0.0,32.33000183105469,0.0,37.95,10666.0,3
2024-04-21,791,Arugula_1,Fruit and vegetable,96.94,134.89,0.0,32.33000183105469,0.0,0.0,10309.0,3
2024-04-22,791,Arugula_1,Fruit and vegetable,108.58,75.5,0.0,32.33000183105469,0.0,33.08,10488.0,3
2024-04-23,791,Arugula_1,Fruit and vegetable,59.95,82.93,0.0,32.33000183105469,0.0,10.1,10195.0,3
2024-04-24,791,Arugula_1,Fruit and vegetable,89.47,74.03,0.0,32.33000183105469,0.0,25.54,10255.0,3
2024-04-25,791,Arugula_1,Fruit and vegetable,69.77,65.97,0.0,32.33000183105469,0.0,29.34,11238.0,3
2024-04-26,791,Arugula_1,Fruit and vegetable,76.61,87.68,0.0,32.33000183105469,0.0,18.27,11988.0,3
2024-04-27,791,Arugula_1,Fruit and vegetable,91.3,75.51,0.0,32.33000183105469,0.0,34.06,9223.0,3
2024-04-28,791,Arugula_1,Fruit and vegetable,130.22,79.47,0.0,32.33000183105469,0.0,84.81,10142.0,3
2024-04-29,791,Arugula_1,Fruit and vegetable,0.0,74.89,0.0,32.33000183105469,0.0,9.92,11011.0,3
2024-04-30,791,Arugula_1,Fruit and vegetable,96.13,106.05,0.0,32.33000183105469,0.0,0.0,11142.0,3
2024-05-01,791,Arugula_1,Fruit and vegetable,90.68,78.47,0.0,32.33000183105469,0.0,12.21,9874.0,3
2024-05-02,791,Arugula_1,Fruit and vegetable,111.85,124.06,0.0,32.33000183105469,0.0,0.0,10795.0,3
2024-05-03,791,Arugula_1,Fruit and vegetable,111.64,86.08,0.0,32.33000183105469,0.0,25.56,11872.0,3
2024-05-04,791,Arugula_1,Fruit and vegetable,73.95,83.54,0.0,32.33000183105469,0.0,15.98,9787.0,3
2024-05-05,791,Arugula_1,Fruit and vegetable,86.54,74.31,0.0,32.33000183105469,0.0,28.21,10036.0,3
2024-03-01,816,Grape_10,Fruit and vegetable,662.44,662.44,0.0,56.349998474121094,0.0,0.0,11812.0,3
2024-03-02,816,Grape_10,Fruit and vegetable,662.44,176.88,0.0,56.349998474121094,0.0,485.56,10054.0,3
2024-03-03,816,Grape_10,Fruit and vegetable,616.36,280.01,0.0,56.349998474121094,0.0,821.91,9613.0,3
2024-03-04,816,Grape_10,Fruit and vegetable,1273.83,2095.74,0.0,56.349998474121094,0.3337000012397766,0.0,9834.0,3
2024-03-05,816,Grape_10,Fruit and vegetable,1931.77,1931.77,0.0,56.349998474121094,0.3337000012397766,0.0,9746.0,3
2024-03-06,816,Grape_10,Fruit and vegetable,1859.85,1859.85,0.0,56.349998474121094,0.3337000012397766,0.0,9774.0,3
2024-03-07,816,Grape_10,Fruit and vegetable,1840.07,1840.07,0.0,56.349998474121094,0.3337000012397766,0.0,11142.0,3
2024-03-08,816,Grape_10,Fruit and vegetable,2367.29,2367.29,0.0,56.349998474121094,0.3337000012397766,0.0,11864.0,3
2024-03-09,816,Grape_10,Fruit and vegetable,1851.17,1851.17,0.0,56.349998474121094,0.3337000012397766,0.0,10078.0,3
2024-03-10,816,Grape_10,Fruit and vegetable,1939.65,1939.65,0.0,56.349998474121094,0.3337000012397766,0.0,10124.0,3
2024-03-11,816,Grape_10,Fruit and vegetable,2339.65,204.95,0.0,56.349998474121094,0.0,2134.7,10122.0,3
2024-03-12,816,Grape_10,Fruit and vegetable,680.54,667.9,0.0,56.349998474121094,0.2541300058364868,2147.34,10267.0,3
2024-03-13,816,Grape_10,Fruit and vegetable,714.39,895.55,0.0,56.349998474121094,0.2780900001525879,1966.18,10214.0,3
2024-03-17,816,Grape_10,Fruit and vegetable,2864.4,197.3,1966.18,56.349998474121094,0.0,2667.1,10186.0,3
2024-03-18,816,Grape_10,Fruit and vegetable,832.36,203.65,0.0,56.349998474121094,0.0,3295.81,10282.0,3
2024-03-21,816,Grape_10,Fruit and vegetable,2826.66,239.36,3295.81,56.349998474121094,0.0,2587.3,11034.0,3
2024-03-22,816,Grape_10,Fruit and vegetable,176.75,284.77,0.0,56.349998474121094,0.0,2479.27,11672.0,3
2024-03-23,816,Grape_10,Fruit and vegetable,0.0,305.47,0.0,56.349998474121094,0.0,2173.8,10153.0,3
2024-03-24,816,Grape_10,Fruit and vegetable,839.74,195.28,1997.06,56.349998474121094,0.0,821.21,10824.0,3
2024-03-26,816,Grape_10,Fruit and vegetable,397.49,92.25,0.0,56.349998474121094,0.0,1126.45,10879.0,3
2024-03-27,816,Grape_10,Fruit and vegetable,0.0,145.34,728.96,56.349998474121094,0.0,252.15,12451.0,3
2024-03-28,816,Grape_10,Fruit and vegetable,47.67,144.57,0.0,56.349998474121094,0.0,155.25,12938.0,3
2024-03-29,816,Grape_10,Fruit and vegetable,292.95,91.99,107.58,56.349998474121094,0.0,248.62,10045.0,3
2024-03-30,816,Grape_10,Fruit and vegetable,146.82,58.61,0.0,56.349998474121094,0.0,336.83,8440.0,3
2024-03-31,816,Grape_10,Fruit and vegetable,74.82,80.35,0.0,56.349998474121094,0.0,331.3,9558.0,3
2024-04-01,816,Grape_10,Fruit and vegetable,34.73,216.7,109.66,56.349998474121094,0.0,39.67,9826.0,3
2024-04-02,816,Grape_10,Fruit and vegetable,427.38,467.05,0.0,56.349998474121094,0.16929000616073608,0.0,10261.0,3
2024-04-03,816,Grape_10,Fruit and vegetable,494.51,494.51,0.0,56.349998474121094,0.14751000702381134,0.0,9938.0,3
2024-04-04,816,Grape_10,Fruit and vegetable,380.59,163.32,0.0,56.349998474121094,0.20000000298023224,217.27,11179.0,3
2024-04-05,816,Grape_10,Fruit and vegetable,109.23,280.35,0.0,56.349998474121094,0.0,46.15,12214.0,3
2024-04-06,816,Grape_10,Fruit and vegetable,235.29,194.9,0.0,56.349998474121094,0.0,86.54,9690.0,3
2024-04-07,816,Grape_10,Fruit and vegetable,192.91,203.05,0.0,56.349998474121094,0.0,76.4,9684.0,3
2024-04-08,816,Grape_10,Fruit and vegetable,1011.41,1087.81,0.0,56.349998474121094,0.2217400074005127,0.0,10147.0,3
2024-04-09,816,Grape_10,Fruit and vegetable,1643.45,1643.45,0.0,56.349998474121094,0.3337000012397766,0.0,10198.0,3
2024-04-10,816,Grape_10,Fruit and vegetable,1492.97,1492.97,0.0,56.349998474121094,0.3337000012397766,0.0,10762.0,3
2024-04-11,816,Grape_10,Fruit and vegetable,1433.54,1433.54,0.0,56.349998474121094,0.3337000012397766,0.0,11005.0,3
2024-04-12,816,Grape_10,Fruit and vegetable,1220.22,1220.22,0.0,56.349998474121094,0.3337000012397766,0.0,12008.0,3
2024-04-13,816,Grape_10,Fruit and vegetable,1340.11,1340.11,0.0,56.349998474121094,0.3337000012397766,0.0,9772.0,3
2024-04-14,816,Grape_10,Fruit and vegetable,1023.93,1023.93,0.0,56.349998474121094,0.25391000509262085,0.0,10033.0,3
2024-04-15,816,Grape_10,Fruit and vegetable,1373.72,187.2,0.0,56.349998474121094,0.0,1186.52,10806.0,3
2024-04-21,816,Grape_10,Fruit and vegetable,2264.69,171.88,1186.52,56.349998474121094,0.0,2092.81,10309.0,3
2024-04-22,816,Grape_10,Fruit and vegetable,127.95,138.72,0.0,56.349998474121094,0.0,2082.04,10488.0,3
2024-04-23,816,Grape_10,Fruit and vegetable,113.46,119.98,0.0,56.349998474121094,0.0,2075.52,10195.0,3
2024-04-24,816,Grape_10,Fruit and vegetable,1700.81,123.38,1834.11,56.349998474121094,0.0,1818.85,10255.0,3
2024-04-25,816,Grape_10,Fruit and vegetable,182.74,120.57,4.57,56.349998474121094,0.0,1876.45,11238.0,3
2024-04-27,816,Grape_10,Fruit and vegetable,1268.43,190.16,1693.71,56.349998474121094,0.0,1261.01,9223.0,3
2024-05-02,816,Grape_10,Fruit and vegetable,227.94,186.3,1261.01,56.349998474121094,0.0,41.64,10795.0,3
2024-03-01,844,Chive_1,Fruit and vegetable,177.46,177.46,0.0,45.959999084472656,0.0,0.0,11812.0,3
2024-03-02,844,Chive_1,Fruit and vegetable,187.5,187.5,0.0,45.959999084472656,0.0,0.0,10054.0,3
2024-03-03,844,Chive_1,Fruit and vegetable,186.55,155.16,0.0,45.959999084472656,0.0,31.39,9613.0,3
2024-03-04,844,Chive_1,Fruit and vegetable,167.26,126.1,0.0,45.959999084472656,0.0,72.55,9834.0,3
2024-03-05,844,Chive_1,Fruit and vegetable,139.76,149.42,0.0,45.959999084472656,0.0,62.89,9746.0,3
2024-03-06,844,Chive_1,Fruit and vegetable,145.54,161.8,0.0,45.959999084472656,0.0,46.63,9774.0,3
2024-03-07,844,Chive_1,Fruit and vegetable,158.57,186.02,0.0,40.540000915527344,0.0,19.18,11142.0,3
2024-03-08,844,Chive_1,Fruit and vegetable,196.03,215.21,0.0,40.540000915527344,0.0,0.0,11864.0,3
2024-03-09,844,Chive_1,Fruit and vegetable,225.31,198.02,0.0,40.540000915527344,0.0,27.29,10078.0,3
2024-03-10,844,Chive_1,Fruit and vegetable,167.41,160.75,0.0,40.540000915527344,0.0,33.94,10124.0,3
2024-03-11,844,Chive_1,Fruit and vegetable,131.2,162.55,0.0,40.540000915527344,0.0,2.59,10122.0,3
2024-03-12,844,Chive_1,Fruit and vegetable,177.5,155.08,0.0,40.540000915527344,0.0,25.01,10267.0,3
2024-03-13,844,Chive_1,Fruit and vegetable,166.2,121.7,0.0,40.540000915527344,0.0,69.51,10214.0,3
2024-03-14,844,Chive_1,Fruit and vegetable,156.2,182.17,0.0,40.540000915527344,0.0,43.54,11286.0,3
2024-03-15,844,Chive_1,Fruit and vegetable,211.01,247.21,0.0,40.540000915527344,0.0,7.35,12108.0,3
2024-03-16,844,Chive_1,Fruit and vegetable,241.31,194.41,0.0,40.540000915527344,0.0,54.25,10102.0,3
2024-03-17,844,Chive_1,Fruit and vegetable,156.73,169.41,0.0,40.540000915527344,0.0,41.57,10186.0,3
2024-03-18,844,Chive_1,Fruit and vegetable,170.72,169.14,0.0,40.540000915527344,0.0,43.14,10282.0,3
2024-03-19,844,Chive_1,Fruit and vegetable,161.28,143.95,0.0,40.540000915527344,0.0,60.48,9794.0,3
2024-03-20,844,Chive_1,Fruit and vegetable,112.19,125.46,0.0,40.540000915527344,0.0,47.2,10111.0,3
2024-03-21,844,Chive_1,Fruit and vegetable,184.87,221.13,0.0,40.540000915527344,0.0,10.94,11034.0,3
2024-03-22,844,Chive_1,Fruit and vegetable,290.83,270.96,0.0,40.540000915527344,0.0,30.82,11672.0,3
2024-03-23,844,Chive_1,Fruit and vegetable,226.53,189.04,0.0,40.540000915527344,0.0,68.31,10153.0,3
2024-03-24,844,Chive_1,Fruit and vegetable,163.87,220.08,0.0,40.540000915527344,0.0,12.1,10824.0,3
2024-03-25,844,Chive_1,Fruit and vegetable,226.54,238.64,0.0,40.540000915527344,0.0,0.0,10530.0,3
2024-03-26,844,Chive_1,Fruit and vegetable,277.47,277.47,0.0,40.540000915527344,0.0,0.0,10879.0,3
2024-03-27,844,Chive_1,Fruit and vegetable,421.13,421.13,0.0,40.540000915527344,0.0,0.0,12451.0,3
2024-03-28,844,Chive_1,Fruit and vegetable,516.55,516.55,0.0,40.540000915527344,0.0,0.0,12938.0,3
2024-03-29,844,Chive_1,Fruit and vegetable,423.51,255.78,0.0,40.540000915527344,0.0,167.73,10045.0,3
2024-03-30,844,Chive_1,Fruit and vegetable,174.95,210.63,0.0,40.540000915527344,0.0,132.05,8440.0,3
2024-03-31,844,Chive_1,Fruit and vegetable,237.61,230.33,0.0,40.540000915527344,0.0,139.33,9558.0,3
2024-04-01,844,Chive_1,Fruit and vegetable,247.36,225.58,0.0,40.540000915527344,0.0,161.11,9826.0,3
2024-04-02,844,Chive_1,Fruit and vegetable,266.19,195.63,0.0,40.540000915527344,0.0,231.67,10261.0,3
2024-04-03,844,Chive_1,Fruit and vegetable,348.4,175.47,0.0,40.540000915527344,0.0,404.6,9938.0,3
2024-04-04,844,Chive_1,Fruit and vegetable,261.23,166.8,0.0,40.540000915527344,0.0,499.03,11179.0,3
2024-04-05,844,Chive_1,Fruit and vegetable,0.0,197.17,0.0,40.540000915527344,0.0,301.86,12214.0,3
2024-04-06,844,Chive_1,Fruit and vegetable,0.0,178.09,40.63,40.540000915527344,0.0,83.14,9690.0,3
2024-04-07,844,Chive_1,Fruit and vegetable,261.89,121.12,83.14,40.540000915527344,0.0,140.77,9684.0,3
2024-04-08,844,Chive_1,Fruit and vegetable,126.22,143.04,0.0,40.540000915527344,0.0,123.96,10147.0,3
2024-04-09,844,Chive_1,Fruit and vegetable,107.09,160.56,0.0,40.540000915527344,0.0,70.49,10198.0,3
2024-04-10,844,Chive_1,Fruit and vegetable,136.87,155.59,0.0,40.540000915527344,0.0,51.77,10762.0,3
2024-04-11,844,Chive_1,Fruit and vegetable,146.27,146.32,0.0,40.540000915527344,0.0,51.72,11005.0,3
2024-04-12,844,Chive_1,Fruit and vegetable,177.1,182.17,0.0,40.540000915527344,0.0,46.65,12008.0,3
2024-04-13,844,Chive_1,Fruit and vegetable,158.43,190.25,0.0,40.540000915527344,0.0,14.83,9772.0,3
2024-04-14,844,Chive_1,Fruit and vegetable,136.53,134.48,0.0,40.540000915527344,0.0,16.89,10033.0,3
2024-04-15,844,Chive_1,Fruit and vegetable,152.51,141.52,0.0,40.540000915527344,0.0,27.88,10806.0,3
2024-04-16,844,Chive_1,Fruit and vegetable,159.3,140.68,0.0,40.540000915527344,0.0,46.5,10398.0,3
2024-04-17,844,Chive_1,Fruit and vegetable,137.04,132.4,0.0,40.540000915527344,0.0,51.13,10170.0,3
2024-04-18,844,Chive_1,Fruit and vegetable,125.35,142.35,0.0,40.540000915527344,0.0,34.14,11244.0,3
2024-04-19,844,Chive_1,Fruit and vegetable,178.48,190.67,0.0,40.540000915527344,0.0,21.95,12858.0,3
2024-04-20,844,Chive_1,Fruit and vegetable,201.23,183.84,0.0,40.540000915527344,0.0,39.34,10666.0,3
2024-04-21,844,Chive_1,Fruit and vegetable,136.76,176.1,0.0,40.540000915527344,0.0,0.0,10309.0,3
2024-04-22,844,Chive_1,Fruit and vegetable,191.39,191.39,0.0,40.540000915527344,0.0,0.0,10488.0,3
2024-04-23,844,Chive_1,Fruit and vegetable,173.73,116.45,0.0,40.540000915527344,0.0,57.28,10195.0,3
2024-04-24,844,Chive_1,Fruit and vegetable,114.57,146.3,0.0,40.540000915527344,0.0,25.55,10255.0,3
2024-04-25,844,Chive_1,Fruit and vegetable,153.92,157.99,0.0,40.540000915527344,0.0,21.47,11238.0,3
2024-04-26,844,Chive_1,Fruit and vegetable,204.56,194.27,0.0,40.540000915527344,0.0,31.77,11988.0,3
2024-04-27,844,Chive_1,Fruit and vegetable,188.16,161.81,0.0,40.540000915527344,0.0,58.12,9223.0,3
2024-04-28,844,Chive_1,Fruit and vegetable,152.75,173.07,0.0,40.540000915527344,0.0,37.8,10142.0,3
2024-04-29,844,Chive_1,Fruit and vegetable,188.09,153.27,0.0,40.540000915527344,0.0,72.61,11011.0,3
2024-04-30,844,Chive_1,Fruit and vegetable,85.59,158.2,0.0,40.540000915527344,0.0,0.0,11142.0,3
2024-05-01,844,Chive_1,Fruit and vegetable,166.54,124.22,0.0,40.540000915527344,0.0,42.32,9874.0,3
2024-05-02,844,Chive_1,Fruit and vegetable,142.72,166.0,0.0,40.540000915527344,0.0,19.04,10795.0,3
2024-05-03,844,Chive_1,Fruit and vegetable,202.36,189.37,0.0,40.540000915527344,0.0,32.04,11872.0,3
2024-05-04,844,Chive_1,Fruit and vegetable,158.15,190.19,0.0,40.540000915527344,0.0,0.0,9787.0,3
2024-05-05,844,Chive_1,Fruit and vegetable,202.36,119.81,0.0,40.540000915527344,0.0,82.55,10036.0,3
2024-03-01,865,Bread_69,Bakery,37.9,37.9,0.0,40.56999969482422,0.0,0.0,11812.0,2
2024-03-02,865,Bread_69,Bakery,37.9,15.92,0.0,40.56999969482422,0.0,21.98,10054.0,2
2024-03-03,865,Bread_69,Bakery,35.81,41.02,0.0,40.56999969482422,0.0,16.77,9613.0,2
2024-03-04,865,Bread_69,Bakery,38.64,23.09,0.0,40.56999969482422,0.0,32.32,9834.0,2
2024-03-05,865,Bread_69,Bakery,20.88,35.58,0.0,40.56999969482422,0.0,17.62,9746.0,2
2024-03-06,865,Bread_69,Bakery,33.98,19.56,0.0,40.56999969482422,0.0,32.04,9774.0,2
2024-03-07,865,Bread_69,Bakery,19.43,26.08,0.0,40.56999969482422,0.0,25.39,11142.0,2
2024-03-08,865,Bread_69,Bakery,30.93,36.15,5.96,40.56999969482422,0.0,14.21,11864.0,2
2024-03-09,865,Bread_69,Bakery,15.85,30.06,0.0,40.56999969482422,0.0,0.0,10078.0,2
2024-03-10,865,Bread_69,Bakery,50.96,42.4,0.0,40.56999969482422,0.0,8.56,10124.0,2
2024-03-11,865,Bread_69,Bakery,24.89,24.74,0.0,40.56999969482422,0.0,8.72,10122.0,2
2024-03-12,865,Bread_69,Bakery,36.94,21.15,0.0,40.56999969482422,0.0,24.51,10267.0,2
2024-03-13,865,Bread_69,Bakery,17.82,42.33,0.0,40.56999969482422,0.0,0.0,10214.0,2
2024-03-14,865,Bread_69,Bakery,37.06,17.35,0.0,40.56999969482422,0.0,19.71,11286.0,2
2024-03-15,865,Bread_69,Bakery,29.32,44.63,0.0,40.56999969482422,0.0,4.4,12108.0,2
2024-03-16,865,Bread_69,Bakery,40.1,17.67,0.0,40.56999969482422,0.0,26.82,10102.0,2
2024-03-17,865,Bread_69,Bakery,31.58,30.0,0.0,40.56999969482422,0.0,28.4,10186.0,2
2024-03-18,865,Bread_69,Bakery,10.77,19.38,0.0,40.56999969482422,0.0,19.8,10282.0,2
2024-03-19,865,Bread_69,Bakery,25.39,26.66,9.02,40.56999969482422,0.0,9.5,9794.0,2
2024-03-20,865,Bread_69,Bakery,47.43,30.04,0.0,40.56999969482422,0.0,26.9,10111.0,2
2024-03-21,865,Bread_69,Bakery,2.88,24.38,0.0,40.56999969482422,0.0,5.4,11034.0,2
2024-03-22,865,Bread_69,Bakery,53.19,29.34,2.52,40.56999969482422,0.0,26.73,11672.0,2
2024-03-23,865,Bread_69,Bakery,6.82,33.55,0.0,40.56999969482422,0.0,0.0,10153.0,2
2024-03-24,865,Bread_69,Bakery,35.93,31.44,0.0,40.56999969482422,0.0,4.49,10824.0,2
2024-03-25,865,Bread_69,Bakery,21.02,17.55,0.0,40.56999969482422,0.0,7.96,10530.0,2
2024-03-26,865,Bread_69,Bakery,39.16,47.12,0.0,40.56999969482422,0.0,0.0,10879.0,2
2024-03-27,865,Bread_69,Bakery,41.64,13.68,0.0,40.56999969482422,0.0,27.96,12451.0,2
2024-03-28,865,Bread_69,Bakery,10.6,35.72,0.0,40.56999969482422,0.0,2.85,12938.0,2
2024-03-29,865,Bread_69,Bakery,40.92,5.31,0.0,40.56999969482422,0.0,38.45,10045.0,2
2024-03-30,865,Bread_69,Bakery,13.77,25.64,0.0,40.56999969482422,0.0,26.59,8440.0,2
2024-03-31,865,Bread_69,Bakery,35.9,33.93,12.81,40.56999969482422,0.0,15.74,9558.0,2
2024-04-01,865,Bread_69,Bakery,20.31,17.76,0.0,40.56999969482422,0.0,18.29,9826.0,2
2024-04-02,865,Bread_69,Bakery,47.31,24.67,0.0,40.56999969482422,0.0,40.93,10261.0,2
2024-04-03,865,Bread_69,Bakery,0.0,17.72,0.0,40.56999969482422,0.0,23.21,9938.0,2
2024-04-04,865,Bread_69,Bakery,49.14,22.59,23.21,40.56999969482422,0.0,26.55,11179.0,2
2024-04-05,865,Bread_69,Bakery,4.31,30.86,0.0,40.56999969482422,0.0,0.0,12214.0,2
2024-04-06,865,Bread_69,Bakery,33.48,12.47,0.0,40.56999969482422,0.0,21.01,9690.0,2
2024-04-07,865,Bread_69,Bakery,22.7,35.62,0.0,40.56999969482422,0.0,8.09,9684.0,2
2024-04-08,865,Bread_69,Bakery,27.23,35.32,0.0,40.56999969482422,0.0,0.0,10147.0,2
2024-04-09,865,Bread_69,Bakery,35.96,12.35,0.0,40.56999969482422,0.0,23.61,10198.0,2
2024-04-10,865,Bread_69,Bakery,16.6,40.21,0.0,40.56999969482422,0.0,0.0,10762.0,2
2024-04-11,865,Bread_69,Bakery,37.17,31.35,0.0,40.56999969482422,0.0,5.82,11005.0,2
2024-04-12,865,Bread_69,Bakery,39.5,34.37,0.0,40.56999969482422,0.0,10.95,12008.0,2
2024-04-13,865,Bread_69,Bakery,16.25,17.78,0.0,40.56999969482422,0.0,9.41,9772.0,2
2024-04-14,865,Bread_69,Bakery,39.47,26.54,0.0,40.56999969482422,0.0,22.35,10033.0,2
2024-04-15,865,Bread_69,Bakery,25.83,22.71,0.0,40.56999969482422,0.0,25.47,10806.0,2
2024-04-16,865,Bread_69,Bakery,0.0,14.07,0.0,40.56999969482422,0.0,11.4,10398.0,2
2024-04-17,865,Bread_69,Bakery,52.1,35.31,11.4,40.56999969482422,0.0,16.79,10170.0,2
2024-04-18,865,Bread_69,Bakery,25.09,32.98,0.0,40.56999969482422,0.0,8.9,11244.0,2
2024-04-19,865,Bread_69,Bakery,48.98,57.88,0.0,40.56999969482422,0.0,0.0,12858.0,2
2024-04-20,865,Bread_69,Bakery,36.49,19.26,0.0,40.56999969482422,0.0,17.23,10666.0,2
2024-04-21,865,Bread_69,Bakery,27.78,28.18,0.0,40.56999969482422,0.0,16.82,10309.0,2
2024-04-22,865,Bread_69,Bakery,24.29,24.58,0.0,40.56999969482422,0.0,16.53,10488.0,2
2024-04-23,865,Bread_69,Bakery,15.76,14.12,0.0,40.56999969482422,0.0,18.17,10195.0,2
2024-04-24,865,Bread_69,Bakery,37.76,38.78,2.41,40.56999969482422,0.0,14.74,10255.0,2
2024-04-25,865,Bread_69,Bakery,36.78,32.99,0.0,40.56999969482422,0.0,18.53,11238.0,2
2024-04-26,865,Bread_69,Bakery,57.89,37.82,0.0,40.56999969482422,0.0,38.6,11988.0,2
2024-04-27,865,Bread_69,Bakery,0.0,16.18,0.0,40.56999969482422,0.0,22.42,9223.0,2
2024-04-28,865,Bread_69,Bakery,40.77,28.26,22.42,40.56999969482422,0.0,12.51,10142.0,2
2024-04-29,865,Bread_69,Bakery,24.66,33.09,0.0,40.56999969482422,0.0,4.08,11011.0,2
2024-04-30,865,Bread_69,Bakery,34.17,38.25,0.0,40.56999969482422,0.0,0.0,11142.0,2
2024-05-01,865,Bread_69,Bakery,49.03,21.3,0.0,40.56999969482422,0.0,27.73,9874.0,2
2024-05-02,865,Bread_69,Bakery,15.92,33.2,0.0,40.56999969482422,0.0,10.46,10795.0,2
2024-05-03,865,Bread_69,Bakery,38.05,34.43,0.0,40.56999969482422,0.0,14.08,11872.0,2
2024-05-04,865,Bread_69,Bakery,12.2,16.0,0.0,40.56999969482422,0.0,10.27,9787.0,2
2024-05-05,865,Bread_69,Bakery,28.14,23.0,0.0,40.56999969482422,0.0,15.42,10036.0,2
2024-03-01,883,Bread_70,Bakery,560.15,560.15,0.0,66.19999694824219,0.14990000426769257,0.0,12026.0,2
2024-03-02,883,Bread_70,Bakery,560.15,449.55,0.0,66.19999694824219,0.14990000426769257,110.6,10750.0,2
2024-03-03,883,Bread_70,Bakery,549.65,406.57,0.0,66.19999694824219,0.14990000426769257,253.68,10158.0,2
2024-03-04,883,Bread_70,Bakery,407.88,380.41,0.0,66.19999694824219,0.14990000426769257,281.16,9802.0,2
2024-03-05,883,Bread_70,Bakery,380.48,372.32,0.0,66.19999694824219,0.14990000426769257,289.32,9606.0,2
2024-03-06,883,Bread_70,Bakery,369.12,317.83,0.0,66.19999694824219,0.14990000426769257,340.61,9558.0,2
2024-03-07,883,Bread_70,Bakery,326.32,396.34,0.0,66.19999694824219,0.14990000426769257,270.58,10034.0,2
2024-03-08,883,Bread_70,Bakery,387.43,541.18,0.0,66.19999694824219,0.14990000426769257,116.83,12292.0,2
2024-03-09,883,Bread_70,Bakery,422.86,469.32,0.0,66.19999694824219,0.14990000426769257,70.37,10656.0,2
2024-03-10,883,Bread_70,Bakery,429.22,452.71,0.0,66.19999694824219,0.14990000426769257,46.88,10524.0,2
2024-03-11,883,Bread_70,Bakery,428.47,287.93,0.0,66.19999694824219,0.14990000426769257,187.43,10134.0,2
2024-03-12,883,Bread_70,Bakery,298.67,304.34,0.0,66.19999694824219,0.14990000426769257,181.75,10012.0,2
2024-03-13,883,Bread_70,Bakery,259.58,358.09,0.0,66.19999694824219,0.14990000426769257,83.24,9924.0,2
2024-03-14,883,Bread_70,Bakery,431.08,417.26,0.0,66.19999694824219,0.14990000426769257,97.07,10324.0,2
2024-03-15,883,Bread_70,Bakery,562.29,566.8,0.0,66.19999694824219,0.14990000426769257,92.56,12304.0,2
2024-03-16,883,Bread_70,Bakery,503.39,428.48,0.0,66.19999694824219,0.14990000426769257,167.46,10926.0,2
2024-03-17,883,Bread_70,Bakery,407.96,394.28,0.0,66.19999694824219,0.14990000426769257,181.14,10662.0,2
2024-03-18,883,Bread_70,Bakery,226.15,347.04,0.0,66.19999694824219,0.14990000426769257,60.24,10286.0,2
2024-03-19,883,Bread_70,Bakery,352.0,260.34,0.0,66.19999694824219,0.14990000426769257,151.9,9634.0,2
2024-03-20,883,Bread_70,Bakery,326.4,317.83,0.0,66.19999694824219,0.14176000654697418,160.47,9842.0,2
2024-03-21,883,Bread_70,Bakery,381.95,378.36,0.0,66.19999694824219,0.1500999927520752,164.06,10076.0,2
2024-03-22,883,Bread_70,Bakery,527.02,570.19,0.0,66.19999694824219,0.1500999927520752,120.89,12078.0,2
2024-03-23,883,Bread_70,Bakery,433.23,441.07,0.0,66.19999694824219,0.1500999927520752,113.05,10782.0,2
2024-03-24,883,Bread_70,Bakery,408.19,347.08,0.0,66.19999694824219,0.1500999927520752,174.17,10920.0,2
2024-03-25,883,Bread_70,Bakery,301.15,338.23,0.0,66.19999694824219,0.1500999927520752,137.08,10111.0,2
2024-03-26,883,Bread_70,Bakery,252.22,299.2,0.0,66.19999694824219,0.1500999927520752,90.11,9932.0,2
2024-03-27,883,Bread_70,Bakery,348.0,386.36,0.0,66.19999694824219,0.1500999927520752,51.75,10540.0,2
2024-03-28,883,Bread_70,Bakery,490.61,542.36,0.0,66.19999694824219,0.1500999927520752,0.0,13846.0,2
2024-03-29,883,Bread_70,Bakery,704.1,595.33,0.0,66.19999694824219,0.1500999927520752,108.77,12157.0,2
2024-03-30,883,Bread_70,Bakery,474.33,346.94,0.0,66.19999694824219,0.1500999927520752,236.16,8768.0,2
2024-03-31,883,Bread_70,Bakery,256.64,395.27,0.0,66.19999694824219,0.1500999927520752,97.53,9390.0,2
2024-04-01,883,Bread_70,Bakery,382.74,0.0,0.0,66.19999694824219,0.1500999927520752,480.27,10206.0,2
2024-04-02,883,Bread_70,Bakery,163.64,365.9,97.53,66.19999694824219,0.1500999927520752,180.48,10356.0,2
2024-04-03,883,Bread_70,Bakery,467.03,302.08,16.84,66.19999694824219,0.1500999927520752,328.59,9502.0,2
2024-04-04,883,Bread_70,Bakery,460.5,366.22,0.0,66.19999694824219,0.1500999927520752,422.87,10040.0,2
2024-04-05,883,Bread_70,Bakery,398.24,598.09,0.0,66.19999694824219,0.1500999927520752,223.02,12248.0,2
2024-04-06,883,Bread_70,Bakery,350.56,478.38,0.0,66.19999694824219,0.1500999927520752,95.2,10560.0,2
2024-04-07,883,Bread_70,Bakery,536.64,385.46,0.0,66.19999694824219,0.1500999927520752,246.38,10420.0,2
2024-04-08,883,Bread_70,Bakery,169.25,415.63,0.0,66.19999694824219,0.1500999927520752,0.0,10060.0,2
2024-04-09,883,Bread_70,Bakery,489.5,330.06,0.0,66.19999694824219,0.1500999927520752,159.44,9823.0,2
2024-04-10,883,Bread_70,Bakery,271.32,350.45,0.0,66.19999694824219,0.1500999927520752,80.31,10304.0,2
2024-04-11,883,Bread_70,Bakery,405.21,438.42,0.0,66.19999694824219,0.1500999927520752,47.1,10316.0,2
2024-04-12,883,Bread_70,Bakery,666.84,548.97,0.0,66.19999694824219,0.1500999927520752,164.97,12158.0,2
2024-04-13,883,Bread_70,Bakery,410.49,410.5,0.0,66.19999694824219,0.1500999927520752,164.96,10585.0,2
2024-04-14,883,Bread_70,Bakery,312.03,381.93,0.0,66.19999694824219,0.1500999927520752,95.06,10578.0,2
2024-04-15,883,Bread_70,Bakery,412.39,376.72,0.0,66.19999694824219,0.1500999927520752,130.73,10416.0,2
2024-04-16,883,Bread_70,Bakery,292.52,341.21,0.0,66.19999694824219,0.1500999927520752,82.03,10322.0,2
2024-04-17,883,Bread_70,Bakery,359.27,350.3,0.0,66.19999694824219,0.1500999927520752,91.0,10042.0,2
2024-04-18,883,Bread_70,Bakery,438.3,416.53,0.0,66.19999694824219,0.1500999927520752,112.77,10182.0,2
2024-04-19,883,Bread_70,Bakery,525.61,563.27,0.0,66.19999694824219,0.1500999927520752,75.11,12894.0,2
2024-04-20,883,Bread_70,Bakery,431.18,429.75,0.0,66.19999694824219,0.1500999927520752,76.54,11854.0,2
2024-04-21,883,Bread_70,Bakery,401.89,363.14,0.0,66.19999694824219,0.1500999927520752,115.29,10578.0,2
2024-04-22,883,Bread_70,Bakery,359.76,374.07,0.0,66.19999694824219,0.1500999927520752,100.97,10500.0,2
2024-04-23,883,Bread_70,Bakery,338.78,335.92,0.0,66.19999694824219,0.1500999927520752,103.84,9974.0,2
2024-04-24,883,Bread_70,Bakery,345.98,347.05,0.0,66.19999694824219,0.1500999927520752,102.77,10096.0,2
2024-04-25,883,Bread_70,Bakery,413.78,429.22,0.0,66.19999694824219,0.1500999927520752,87.32,10130.0,2
2024-04-26,883,Bread_70,Bakery,576.57,637.41,0.0,66.19999694824219,0.1500999927520752,26.48,12265.0,2
2024-04-27,883,Bread_70,Bakery,536.6,458.87,0.0,66.19999694824219,0.1500999927520752,104.21,10339.0,2
2024-04-28,883,Bread_70,Bakery,393.78,426.8,0.0,66.19999694824219,0.1500999927520752,71.19,10120.0,2
2024-04-29,883,Bread_70,Bakery,433.75,387.7,0.0,66.19999694824219,0.1500999927520752,117.24,10345.0,2
2024-04-30,883,Bread_70,Bakery,348.12,417.97,0.0,66.19999694824219,0.1500999927520752,47.39,11167.0,2
2024-05-01,883,Bread_70,Bakery,418.12,417.98,0.0,66.19999694824219,0.1500999927520752,47.53,10620.0,2
2024-05-02,883,Bread_70,Bakery,488.79,374.53,0.0,66.19999694824219,0.1500999927520752,161.79,9613.0,2
2024-05-03,883,Bread_70,Bakery,589.21,565.34,0.0,66.19999694824219,0.1500999927520752,185.66,12020.0,2
2024-05-04,883,Bread_70,Bakery,354.33,434.32,0.0,66.19999694824219,0.1500999927520752,105.67,10495.0,2
2024-05-05,883,Bread_70,Bakery,401.19,350.97,0.0,66.19999694824219,0.1500999927520752,155.89,10224.0,2
2024-03-01,910,Pear_16,Fruit and vegetable,71.46,71.46,0.0,90.41000366210938,0.0,0.0,11812.0,3
2024-03-02,910,Pear_16,Fruit and vegetable,71.46,48.11,0.0,90.41000366210938,0.0,23.35,10054.0,3
2024-03-03,910,Pear_16,Fruit and vegetable,69.24,62.23,0.0,90.41000366210938,0.0,30.36,9613.0,3
2024-03-04,910,Pear_16,Fruit and vegetable,56.15,62.27,0.0,90.41999816894531,0.0,24.24,9834.0,3
2024-03-05,910,Pear_16,Fruit and vegetable,59.55,55.57,0.0,90.41999816894531,0.0,28.23,9746.0,3
2024-03-06,910,Pear_16,Fruit and vegetable,54.36,53.86,0.0,90.41999816894531,0.0,28.73,9774.0,3
2024-03-07,910,Pear_16,Fruit and vegetable,53.18,46.31,0.0,90.41999816894531,0.0,35.6,11142.0,3
2024-03-08,910,Pear_16,Fruit and vegetable,47.18,60.43,0.0,90.41999816894531,0.0,22.35,11864.0,3
2024-03-09,910,Pear_16,Fruit and vegetable,34.14,46.61,0.0,90.41999816894531,0.0,9.88,10078.0,3
2024-03-10,910,Pear_16,Fruit and vegetable,61.12,61.21,0.0,90.41999816894531,0.0,9.79,10124.0,3
2024-03-11,910,Pear_16,Fruit and vegetable,61.04,67.99,0.0,90.41999816894531,0.0,2.84,10122.0,3
2024-03-12,910,Pear_16,Fruit and vegetable,62.88,49.31,0.0,90.41999816894531,0.0,16.41,10267.0,3
2024-03-13,910,Pear_16,Fruit and vegetable,48.11,60.9,0.0,90.41000366210938,0.0,3.62,10214.0,3
2024-03-14,910,Pear_16,Fruit and vegetable,55.04,58.66,0.0,90.41999816894531,0.0,0.0,11286.0,3
2024-03-15,910,Pear_16,Fruit and vegetable,84.05,84.05,0.0,90.41999816894531,0.0,0.0,12108.0,3
2024-03-16,910,Pear_16,Fruit and vegetable,62.54,53.21,0.0,90.41999816894531,0.0,9.33,10102.0,3
2024-03-17,910,Pear_16,Fruit and vegetable,66.41,66.39,0.0,90.41999816894531,0.0,9.35,10186.0,3
2024-03-18,910,Pear_16,Fruit and vegetable,221.71,231.06,0.0,90.4000015258789,0.22928999364376068,0.0,10282.0,3
2024-03-19,910,Pear_16,Fruit and vegetable,206.22,206.22,0.0,90.41000366210938,0.22928999364376068,0.0,9794.0,3
2024-03-20,910,Pear_16,Fruit and vegetable,184.14,184.14,0.0,90.41000366210938,0.22928999364376068,0.0,10111.0,3
2024-03-21,910,Pear_16,Fruit and vegetable,243.23,243.23,0.0,90.38999938964844,0.22928999364376068,0.0,11034.0,3
2024-03-22,910,Pear_16,Fruit and vegetable,248.42,248.42,0.0,90.38999938964844,0.22928999364376068,0.0,11672.0,3
2024-03-23,910,Pear_16,Fruit and vegetable,191.26,191.26,0.0,90.38999938964844,0.22928999364376068,0.0,10153.0,3
2024-03-24,910,Pear_16,Fruit and vegetable,235.22,235.22,0.0,90.41000366210938,0.22928999364376068,0.0,10824.0,3
2024-03-25,910,Pear_16,Fruit and vegetable,264.12,91.77,0.0,90.41999816894531,0.0,172.35,10530.0,3
2024-03-26,910,Pear_16,Fruit and vegetable,103.06,67.64,0.0,90.41999816894531,0.0,207.78,10879.0,3
2024-03-27,910,Pear_16,Fruit and vegetable,70.25,75.25,0.0,90.41999816894531,0.0,202.78,12451.0,3
2024-03-28,910,Pear_16,Fruit and vegetable,176.49,83.05,29.46,90.41999816894531,0.0,266.76,12938.0,3
2024-03-29,910,Pear_16,Fruit and vegetable,104.11,48.28,20.01,90.41999816894531,0.0,302.57,10045.0,3
2024-03-30,910,Pear_16,Fruit and vegetable,1.29,40.55,21.97,90.41999816894531,0.0,241.34,8440.0,3
2024-03-31,910,Pear_16,Fruit and vegetable,214.12,59.12,135.94,90.41000366210938,0.0,260.4,9558.0,3
2024-04-01,910,Pear_16,Fruit and vegetable,0.0,68.31,44.99,90.41999816894531,0.0,147.1,9826.0,3
2024-04-02,910,Pear_16,Fruit and vegetable,0.0,99.68,0.0,90.43000030517578,0.0,47.42,10261.0,3
2024-04-03,910,Pear_16,Fruit and vegetable,101.4,68.82,47.42,90.41999816894531,0.0,32.58,9938.0,3
2024-04-04,910,Pear_16,Fruit and vegetable,76.3,62.48,0.0,90.41999816894531,0.0,46.4,11179.0,3
2024-04-05,910,Pear_16,Fruit and vegetable,47.23,93.63,0.0,90.41999816894531,0.0,0.0,12214.0,3
2024-04-06,910,Pear_16,Fruit and vegetable,66.6,56.53,0.0,90.41999816894531,0.0,10.07,9690.0,3
2024-04-07,910,Pear_16,Fruit and vegetable,70.92,58.03,0.0,90.41000366210938,0.0,22.95,9684.0,3
2024-04-08,910,Pear_16,Fruit and vegetable,324.69,347.64,0.0,65.02999877929688,0.2809000015258789,0.0,10147.0,3
2024-04-09,910,Pear_16,Fruit and vegetable,292.13,292.13,0.0,90.4000015258789,0.2809000015258789,0.0,10198.0,3
2024-04-10,910,Pear_16,Fruit and vegetable,311.57,311.57,0.0,90.4000015258789,0.2809000015258789,0.0,10762.0,3
2024-04-11,910,Pear_16,Fruit and vegetable,235.14,117.77,0.0,90.4000015258789,0.2809000015258789,117.37,11005.0,3
2024-04-14,910,Pear_16,Fruit and vegetable,258.38,256.1,117.37,90.41999816894531,0.2809000015258789,2.28,10033.0,3
2024-04-17,910,Pear_16,Fruit and vegetable,216.02,78.98,2.28,90.41000366210938,0.0,137.04,10170.0,3
2024-04-18,910,Pear_16,Fruit and vegetable,75.02,59.25,0.0,90.41999816894531,0.0,152.82,11244.0,3
2024-04-21,910,Pear_16,Fruit and vegetable,501.35,74.05,152.82,90.41999816894531,0.0,427.3,10309.0,3
2024-04-22,910,Pear_16,Fruit and vegetable,7.8,91.87,0.0,90.41999816894531,0.0,343.23,10488.0,3
2024-04-23,910,Pear_16,Fruit and vegetable,96.67,56.66,0.0,90.41999816894531,0.0,383.24,10195.0,3
2024-04-24,910,Pear_16,Fruit and vegetable,102.65,81.75,278.77,90.41999816894531,0.0,125.36,10255.0,3
2024-04-25,910,Pear_16,Fruit and vegetable,220.37,82.34,0.0,90.41999816894531,0.0,263.39,11238.0,3
2024-04-26,910,Pear_16,Fruit and vegetable,0.0,85.84,0.0,90.41999816894531,0.0,177.55,11988.0,3
2024-04-27,910,Pear_16,Fruit and vegetable,0.0,50.11,0.0,90.41999816894531,0.0,127.44,9223.0,3
2024-04-28,910,Pear_16,Fruit and vegetable,94.0,62.78,127.44,90.41999816894531,0.0,31.22,10142.0,3
2024-04-29,910,Pear_16,Fruit and vegetable,81.42,63.69,0.0,90.41999816894531,0.0,48.95,11011.0,3
2024-04-30,910,Pear_16,Fruit and vegetable,25.81,51.15,0.0,90.41999816894531,0.0,23.61,11142.0,3
2024-05-01,910,Pear_16,Fruit and vegetable,77.43,53.58,0.0,90.41999816894531,0.0,47.46,9874.0,3
2024-05-02,910,Pear_16,Fruit and vegetable,53.59,45.17,0.0,90.41999816894531,0.0,55.87,10795.0,3
2024-05-03,910,Pear_16,Fruit and vegetable,47.44,79.67,0.0,90.41999816894531,0.0,23.64,11872.0,3
2024-05-04,910,Pear_16,Fruit and vegetable,41.41,54.32,0.0,90.41999816894531,0.0,10.74,9787.0,3
2024-05-05,910,Pear_16,Fruit and vegetable,66.51,46.41,0.0,90.41999816894531,0.0,30.84,10036.0,3
2024-03-01,928,Pastry_76,Bakery,55.65,55.65,0.0,32.88999938964844,0.0,0.0,12026.0,2
2024-03-02,928,Pastry_76,Bakery,55.65,41.96,0.0,32.88999938964844,0.0,13.69,10750.0,2
2024-03-03,928,Pastry_76,Bakery,54.35,65.01,0.0,32.88999938964844,0.0,3.03,10158.0,2
2024-03-04,928,Pastry_76,Bakery,67.46,40.62,0.0,32.88999938964844,0.0,29.87,9802.0,2
2024-03-05,928,Pastry_76,Bakery,40.69,35.68,0.0,32.88999938964844,0.0,34.88,9606.0,2
2024-03-06,928,Pastry_76,Bakery,36.32,39.28,0.0,32.88999938964844,0.0,31.92,9558.0,2
2024-03-07,928,Pastry_76,Bakery,38.33,52.82,0.0,32.88999938964844,0.0,17.43,10034.0,2
2024-03-08,928,Pastry_76,Bakery,51.91,53.24,0.0,32.88999938964844,0.0,16.1,12292.0,2
2024-03-09,928,Pastry_76,Bakery,39.19,28.02,0.0,32.88999938964844,0.0,27.27,10656.0,2
2024-03-10,928,Pastry_76,Bakery,53.9,37.59,0.0,32.88999938964844,0.0,43.58,10524.0,2
2024-03-11,928,Pastry_76,Bakery,8.74,35.33,0.0,32.88999938964844,0.0,16.99,10134.0,2
2024-03-12,928,Pastry_76,Bakery,38.97,35.4,8.25,32.88999938964844,0.0,12.3,10012.0,2
2024-03-13,928,Pastry_76,Bakery,39.03,33.69,0.0,32.88999938964844,0.0,17.64,9924.0,2
2024-03-14,928,Pastry_76,Bakery,47.65,35.21,0.0,32.88999938964844,0.0,30.08,10324.0,2
2024-03-15,928,Pastry_76,Bakery,33.13,62.21,0.0,32.88999938964844,0.0,1.0,12304.0,2
2024-03-16,928,Pastry_76,Bakery,41.1,40.11,0.0,32.88999938964844,0.0,1.99,10926.0,2
2024-03-17,928,Pastry_76,Bakery,48.45,48.84,0.0,32.88999938964844,0.0,1.6,10662.0,2
2024-03-18,928,Pastry_76,Bakery,47.16,22.9,0.0,32.88999938964844,0.0,25.86,10286.0,2
2024-03-19,928,Pastry_76,Bakery,25.62,19.61,0.0,32.88999938964844,0.0,31.87,9634.0,2
2024-03-20,928,Pastry_76,Bakery,26.9,47.03,6.25,32.88999938964844,0.0,5.49,9842.0,2
2024-03-21,928,Pastry_76,Bakery,48.91,37.92,0.0,32.88999938964844,0.0,16.49,10076.0,2
2024-03-22,928,Pastry_76,Bakery,64.8,37.78,0.0,32.88999938964844,0.0,43.51,12078.0,2
2024-03-23,928,Pastry_76,Bakery,10.91,42.96,0.0,32.88999938964844,0.0,11.46,10782.0,2
2024-03-24,928,Pastry_76,Bakery,52.51,60.05,0.55,32.88999938964844,0.0,3.37,10920.0,2
2024-03-25,928,Pastry_76,Bakery,37.31,10.6,0.0,32.88999938964844,0.0,30.08,10111.0,2
2024-03-26,928,Pastry_76,Bakery,17.78,47.86,0.0,32.88999938964844,0.0,0.0,9932.0,2
2024-03-27,928,Pastry_76,Bakery,66.53,35.09,0.0,32.88999938964844,0.0,31.44,10540.0,2
2024-03-28,928,Pastry_76,Bakery,25.76,52.27,0.0,32.88999938964844,0.0,4.93,13846.0,2
2024-03-29,928,Pastry_76,Bakery,53.15,37.74,0.0,32.88999938964844,0.0,20.35,12157.0,2
2024-03-30,928,Pastry_76,Bakery,42.92,23.61,0.0,32.88999938964844,0.0,39.66,8768.0,2
2024-03-31,928,Pastry_76,Bakery,42.27,35.13,0.0,32.88999938964844,0.0,46.8,9390.0,2
2024-04-01,928,Pastry_76,Bakery,0.0,28.23,4.53,32.88999938964844,0.0,14.04,10206.0,2
2024-04-02,928,Pastry_76,Bakery,60.82,39.89,14.04,32.88999938964844,0.0,20.93,10356.0,2
2024-04-03,928,Pastry_76,Bakery,25.83,40.61,0.0,32.88999938964844,0.0,6.15,9502.0,2
2024-04-04,928,Pastry_76,Bakery,57.98,19.46,0.0,32.88999938964844,0.0,44.66,10040.0,2
2024-04-05,928,Pastry_76,Bakery,8.69,53.35,0.0,32.88999938964844,0.0,0.0,12248.0,2
2024-04-06,928,Pastry_76,Bakery,38.45,35.08,0.0,32.88999938964844,0.0,3.37,10560.0,2
2024-04-07,928,Pastry_76,Bakery,45.32,17.58,0.0,32.88999938964844,0.0,31.11,10420.0,2
2024-04-08,928,Pastry_76,Bakery,13.37,34.01,0.0,32.88999938964844,0.0,10.46,10060.0,2
2024-04-09,928,Pastry_76,Bakery,45.4,30.2,0.0,32.88999938964844,0.0,25.66,9823.0,2
2024-04-10,928,Pastry_76,Bakery,30.68,31.08,0.0,32.88999938964844,0.0,25.26,10304.0,2
2024-04-11,928,Pastry_76,Bakery,9.32,32.36,0.0,32.88999938964844,0.0,2.22,10316.0,2
2024-04-12,928,Pastry_76,Bakery,64.64,29.99,0.0,32.88999938964844,0.0,36.87,12158.0,2
2024-04-13,928,Pastry_76,Bakery,5.66,37.87,0.0,32.88999938964844,0.0,4.65,10585.0,2
2024-04-14,928,Pastry_76,Bakery,50.37,55.02,0.0,32.88999938964844,0.0,0.0,10578.0,2
2024-04-15,928,Pastry_76,Bakery,45.41,40.7,0.0,32.88999938964844,0.0,4.71,10416.0,2
2024-04-16,928,Pastry_76,Bakery,50.41,55.12,0.0,32.88999938964844,0.0,0.0,10322.0,2
2024-04-17,928,Pastry_76,Bakery,44.87,41.13,0.0,32.88999938964844,0.0,3.74,10042.0,2
2024-04-18,928,Pastry_76,Bakery,43.65,47.39,0.0,32.88999938964844,0.0,0.0,10182.0,2
2024-04-19,928,Pastry_76,Bakery,55.07,55.07,0.0,32.88999938964844,0.0,0.0,12894.0,2
2024-04-20,928,Pastry_76,Bakery,47.67,47.53,0.0,32.88999938964844,0.0,0.14,11854.0,2
2024-04-21,928,Pastry_76,Bakery,63.08,42.48,0.0,32.88999938964844,0.0,20.74,10578.0,2
2024-04-22,928,Pastry_76,Bakery,27.82,30.37,0.0,32.88999938964844,0.0,18.19,10500.0,2
2024-04-23,928,Pastry_76,Bakery,48.01,60.1,0.0,32.88999938964844,0.0,6.09,9974.0,2
2024-04-24,928,Pastry_76,Bakery,47.46,22.98,0.0,32.88999938964844,0.0,30.57,10096.0,2
2024-04-25,928,Pastry_76,Bakery,33.63,21.2,0.0,32.88999938964844,0.0,43.0,10130.0,2
2024-04-26,928,Pastry_76,Bakery,41.2,63.48,9.37,32.88999938964844,0.0,11.35,12265.0,2
2024-04-27,928,Pastry_76,Bakery,58.01,35.2,0.0,32.88999938964844,0.0,34.16,10339.0,2
2024-04-28,928,Pastry_76,Bakery,29.98,24.73,0.0,32.88999938964844,0.0,39.41,10120.0,2
2024-04-29,928,Pastry_76,Bakery,23.04,35.2,9.43,32.88999938964844,0.0,17.82,10345.0,2
2024-04-30,928,Pastry_76,Bakery,64.67,41.55,0.0,32.88999938964844,0.0,40.94,11167.0,2
2024-05-01,928,Pastry_76,Bakery,0.84,35.04,0.0,32.88999938964844,0.0,6.74,10620.0,2
2024-05-02,928,Pastry_76,Bakery,37.94,24.97,5.9,32.88999938964844,0.0,13.81,9613.0,2
2024-05-03,928,Pastry_76,Bakery,66.42,46.04,0.0,32.88999938964844,0.0,34.19,12020.0,2
2024-05-04,928,Pastry_76,Bakery,25.5,59.69,0.0,32.88999938964844,0.0,0.0,10495.0,2
2024-05-05,928,Pastry_76,Bakery,40.56,40.56,0.0,32.88999938964844,0.0,0.0,10224.0,2
2024-03-01,935,Tomato_38,Fruit and vegetable,184.35,184.35,0.0,53.709999084472656,0.0,0.0,11812.0,3
2024-03-02,935,Tomato_38,Fruit and vegetable,184.35,160.96,0.0,53.709999084472656,0.0,23.39,10054.0,3
2024-03-03,935,Tomato_38,Fruit and vegetable,199.55,222.94,0.0,53.709999084472656,0.0,0.0,9613.0,3
2024-03-04,935,Tomato_38,Fruit and vegetable,224.41,161.62,0.0,53.709999084472656,0.0,62.79,9834.0,3
2024-03-05,935,Tomato_38,Fruit and vegetable,158.79,149.42,0.0,53.709999084472656,0.0,72.17,9746.0,3
2024-03-06,935,Tomato_38,Fruit and vegetable,149.57,104.91,0.0,53.709999084472656,0.0,116.83,9774.0,3
2024-03-07,935,Tomato_38,Fruit and vegetable,117.45,189.5,0.0,53.709999084472656,0.0,44.78,11142.0,3
2024-03-08,935,Tomato_38,Fruit and vegetable,186.79,148.06,0.0,53.709999084472656,0.0,83.5,11864.0,3
2024-03-09,935,Tomato_38,Fruit and vegetable,124.43,152.05,0.0,53.709999084472656,0.0,55.89,10078.0,3
2024-03-10,935,Tomato_38,Fruit and vegetable,214.31,185.49,0.0,53.709999084472656,0.0,84.7,10124.0,3
2024-03-11,935,Tomato_38,Fruit and vegetable,112.95,160.78,0.0,53.709999084472656,0.0,36.88,10122.0,3
2024-03-12,935,Tomato_38,Fruit and vegetable,148.55,135.69,0.0,53.709999084472656,0.0,49.73,10267.0,3
2024-03-13,935,Tomato_38,Fruit and vegetable,92.43,97.01,0.0,53.709999084472656,0.0,45.15,10214.0,3
2024-03-14,935,Tomato_38,Fruit and vegetable,184.51,126.65,0.0,53.709999084472656,0.0,103.01,11286.0,3
2024-03-15,935,Tomato_38,Fruit and vegetable,96.13,199.14,0.0,53.709999084472656,0.0,0.0,12108.0,3
2024-03-16,935,Tomato_38,Fruit and vegetable,196.84,123.71,0.0,53.709999084472656,0.0,73.13,10102.0,3
2024-03-17,935,Tomato_38,Fruit and vegetable,159.02,148.24,0.0,53.709999084472656,0.0,83.91,10186.0,3
2024-03-18,935,Tomato_38,Fruit and vegetable,118.31,153.28,0.0,53.709999084472656,0.0,48.94,10282.0,3
2024-03-19,935,Tomato_38,Fruit and vegetable,127.39,143.95,0.0,53.709999084472656,0.0,32.39,9794.0,3
2024-03-20,935,Tomato_38,Fruit and vegetable,105.2,97.19,0.0,53.709999084472656,0.0,40.39,10111.0,3
2024-03-21,935,Tomato_38,Fruit and vegetable,126.78,128.85,0.0,53.709999084472656,0.0,38.32,11034.0,3
2024-03-22,935,Tomato_38,Fruit and vegetable,201.13,150.15,0.0,53.709999084472656,0.0,89.3,11672.0,3
2024-03-23,935,Tomato_38,Fruit and vegetable,60.09,113.01,0.0,53.709999084472656,0.0,36.37,10153.0,3
2024-03-24,935,Tomato_38,Fruit and vegetable,139.29,157.2,0.0,53.709999084472656,0.0,18.47,10824.0,3
2024-03-25,935,Tomato_38,Fruit and vegetable,164.02,182.49,0.0,53.709999084472656,0.0,0.0,10530.0,3
2024-03-26,935,Tomato_38,Fruit and vegetable,180.52,115.18,0.0,53.709999084472656,0.0,65.34,10879.0,3
2024-03-27,935,Tomato_38,Fruit and vegetable,110.77,176.11,0.0,53.709999084472656,0.0,0.0,12451.0,3
2024-03-28,935,Tomato_38,Fruit and vegetable,195.59,195.59,0.0,53.709999084472656,0.0,0.0,12938.0,3
2024-03-29,935,Tomato_38,Fruit and vegetable,191.37,113.22,0.0,53.709999084472656,0.0,78.15,10045.0,3
2024-03-30,935,Tomato_38,Fruit and vegetable,81.01,69.6,0.0,53.709999084472656,0.0,89.56,8440.0,3
2024-03-31,935,Tomato_38,Fruit and vegetable,126.44,92.85,0.0,53.709999084472656,0.0,123.15,9558.0,3
2024-04-01,935,Tomato_38,Fruit and vegetable,122.35,154.53,0.0,53.709999084472656,0.0,90.97,9826.0,3
2024-04-02,935,Tomato_38,Fruit and vegetable,82.76,135.71,0.0,53.709999084472656,0.0,38.02,10261.0,3
2024-04-03,935,Tomato_38,Fruit and vegetable,195.96,134.7,0.0,53.709999084472656,0.0,99.28,9938.0,3
2024-04-04,935,Tomato_38,Fruit and vegetable,149.19,144.21,0.0,53.709999084472656,0.0,104.26,11179.0,3
2024-04-05,935,Tomato_38,Fruit and vegetable,51.76,156.02,0.0,53.709999084472656,0.0,0.0,12214.0,3
2024-04-06,935,Tomato_38,Fruit and vegetable,142.47,142.47,0.0,53.709999084472656,0.0,0.0,9690.0,3
2024-04-07,935,Tomato_38,Fruit and vegetable,172.77,172.77,0.0,53.709999084472656,0.0,0.0,9684.0,3
2024-04-08,935,Tomato_38,Fruit and vegetable,174.83,174.83,0.0,53.709999084472656,0.0,0.0,10147.0,3
2024-04-09,935,Tomato_38,Fruit and vegetable,157.15,139.38,0.0,53.709999084472656,0.0,17.77,10198.0,3
2024-04-10,935,Tomato_38,Fruit and vegetable,155.3,173.07,0.0,53.709999084472656,0.0,0.0,10762.0,3
2024-04-11,935,Tomato_38,Fruit and vegetable,174.18,174.18,0.0,53.709999084472656,0.0,0.0,11005.0,3
2024-04-12,935,Tomato_38,Fruit and vegetable,176.12,166.71,0.0,53.709999084472656,0.0,9.41,12008.0,3
2024-04-13,935,Tomato_38,Fruit and vegetable,152.98,136.91,0.0,53.709999084472656,0.0,25.49,9772.0,3
2024-04-14,935,Tomato_38,Fruit and vegetable,169.15,194.64,0.0,53.709999084472656,0.0,0.0,10033.0,3
2024-04-15,935,Tomato_38,Fruit and vegetable,201.32,124.05,0.0,53.709999084472656,0.0,77.27,10806.0,3
2024-04-16,935,Tomato_38,Fruit and vegetable,94.53,144.2,0.0,53.709999084472656,0.0,27.6,10398.0,3
2024-04-17,935,Tomato_38,Fruit and vegetable,177.19,128.87,0.0,53.709999084472656,0.0,75.93,10170.0,3
2024-04-18,935,Tomato_38,Fruit and vegetable,131.82,142.35,0.0,53.709999084472656,0.0,65.4,11244.0,3
2024-04-19,935,Tomato_38,Fruit and vegetable,132.81,178.75,0.0,53.709999084472656,0.0,19.46,12858.0,3
2024-04-20,935,Tomato_38,Fruit and vegetable,151.33,140.07,0.0,53.709999084472656,0.0,30.72,10666.0,3
2024-04-21,935,Tomato_38,Fruit and vegetable,197.5,98.62,0.0,53.709999084472656,0.0,129.6,10309.0,3
2024-04-22,935,Tomato_38,Fruit and vegetable,25.54,135.2,0.0,53.709999084472656,0.0,19.94,10488.0,3
2024-04-23,935,Tomato_38,Fruit and vegetable,154.57,81.16,0.0,53.709999084472656,0.0,93.35,10195.0,3
2024-04-24,935,Tomato_38,Fruit and vegetable,76.09,118.1,0.0,53.709999084472656,0.0,51.33,10255.0,3
2024-04-25,935,Tomato_38,Fruit and vegetable,131.94,178.82,0.0,53.709999084472656,0.0,4.46,11238.0,3
2024-04-26,935,Tomato_38,Fruit and vegetable,222.01,142.69,0.0,53.709999084472656,0.0,83.78,11988.0,3
2024-04-27,935,Tomato_38,Fruit and vegetable,97.27,97.08,0.0,53.709999084472656,0.0,83.97,9223.0,3
2024-04-28,935,Tomato_38,Fruit and vegetable,57.36,109.49,0.0,53.709999084472656,0.0,31.84,10142.0,3
2024-04-29,935,Tomato_38,Fruit and vegetable,144.77,169.41,0.0,53.709999084472656,0.0,7.2,11011.0,3
2024-04-30,935,Tomato_38,Fruit and vegetable,124.93,132.13,0.0,53.709999084472656,0.0,0.0,11142.0,3
2024-05-01,935,Tomato_38,Fruit and vegetable,157.01,104.7,0.0,53.709999084472656,0.0,52.31,9874.0,3
2024-05-02,935,Tomato_38,Fruit and vegetable,167.53,141.53,0.0,53.709999084472656,0.0,78.31,10795.0,3
2024-05-03,935,Tomato_38,Fruit and vegetable,97.31,142.89,0.0,53.709999084472656,0.0,32.73,11872.0,3
2024-05-04,935,Tomato_38,Fruit and vegetable,97.3,106.65,0.0,53.709999084472656,0.0,23.39,9787.0,3
2024-05-05,935,Tomato_38,Fruit and vegetable,116.85,122.09,0.0,53.709999084472656,0.0,18.14,10036.0,3
2024-03-01,936,Pastry_77,Bakery,34.36,34.36,0.0,46.209999084472656,0.0,0.0,12026.0,2
2024-03-02,936,Pastry_77,Bakery,34.36,17.49,0.0,46.209999084472656,0.0,16.87,10750.0,2
2024-03-03,936,Pastry_77,Bakery,32.76,24.72,0.0,46.209999084472656,0.0,24.91,10158.0,2
2024-03-04,936,Pastry_77,Bakery,20.28,30.21,0.0,46.209999084472656,0.0,14.98,9802.0,2
2024-03-05,936,Pastry_77,Bakery,28.72,5.35,0.0,46.209999084472656,0.0,38.35,9606.0,2
2024-03-06,936,Pastry_77,Bakery,20.3,32.62,9.63,46.209999084472656,0.0,16.39,9558.0,2
2024-03-07,936,Pastry_77,Bakery,32.11,45.26,0.0,46.209999084472656,0.0,3.25,10034.0,2
2024-03-08,936,Pastry_77,Bakery,47.58,36.83,0.0,46.209999084472656,0.0,14.0,12292.0,2
2024-03-09,936,Pastry_77,Bakery,21.18,35.18,0.0,46.209999084472656,0.0,0.0,10656.0,2
2024-03-10,936,Pastry_77,Bakery,40.82,17.55,0.0,46.209999084472656,0.0,23.27,10524.0,2
2024-03-11,936,Pastry_77,Bakery,26.53,49.8,0.0,46.209999084472656,0.0,0.0,10134.0,2
2024-03-12,936,Pastry_77,Bakery,25.22,17.7,0.0,46.209999084472656,0.0,7.52,10012.0,2
2024-03-13,936,Pastry_77,Bakery,40.98,39.19,0.0,46.209999084472656,0.0,9.3,9924.0,2
2024-03-14,936,Pastry_77,Bakery,52.04,21.13,0.0,46.209999084472656,0.0,40.21,10324.0,2
2024-03-15,936,Pastry_77,Bakery,12.53,25.69,0.0,46.209999084472656,0.0,27.05,12304.0,2
2024-03-16,936,Pastry_77,Bakery,38.37,20.93,14.52,46.209999084472656,0.0,29.97,10926.0,2
2024-03-17,936,Pastry_77,Bakery,3.4,19.26,0.0,46.209999084472656,0.0,14.11,10662.0,2
2024-03-18,936,Pastry_77,Bakery,61.95,19.38,10.71,46.209999084472656,0.0,45.96,10286.0,2
2024-03-19,936,Pastry_77,Bakery,0.0,21.39,0.0,46.209999084472656,0.0,24.57,9634.0,2
2024-03-20,936,Pastry_77,Bakery,48.27,33.74,24.57,46.209999084472656,0.0,14.53,9842.0,2
2024-03-21,936,Pastry_77,Bakery,13.21,14.14,0.0,46.209999084472656,0.0,13.6,10076.0,2
2024-03-22,936,Pastry_77,Bakery,20.39,27.99,0.39,46.209999084472656,0.0,5.61,12078.0,2
2024-03-23,936,Pastry_77,Bakery,23.59,12.23,0.0,46.209999084472656,0.0,16.97,10782.0,2
2024-03-24,936,Pastry_77,Bakery,29.65,46.62,0.0,46.209999084472656,0.0,0.0,10920.0,2
2024-03-25,936,Pastry_77,Bakery,34.87,28.27,0.0,46.209999084472656,0.0,6.6,10111.0,2
2024-03-26,936,Pastry_77,Bakery,29.98,8.86,0.0,46.209999084472656,0.0,27.72,9932.0,2
2024-03-27,936,Pastry_77,Bakery,23.38,31.81,0.0,46.209999084472656,0.0,19.29,10540.0,2
2024-03-28,936,Pastry_77,Bakery,21.18,40.47,0.0,46.209999084472656,0.0,0.0,13846.0,2
2024-03-29,936,Pastry_77,Bakery,45.57,27.45,0.0,46.209999084472656,0.0,18.12,12157.0,2
2024-03-30,936,Pastry_77,Bakery,11.69,5.45,0.0,46.209999084472656,0.0,24.36,8768.0,2
2024-03-31,936,Pastry_77,Bakery,54.37,5.37,12.67,46.209999084472656,0.0,60.7,9390.0,2
2024-04-01,936,Pastry_77,Bakery,0.0,18.59,6.32,46.209999084472656,0.0,35.78,10206.0,2
2024-04-02,936,Pastry_77,Bakery,26.7,5.28,35.78,46.209999084472656,0.0,21.42,10356.0,2
2024-04-03,936,Pastry_77,Bakery,28.9,23.24,0.0,46.209999084472656,0.0,27.07,9502.0,2
2024-04-04,936,Pastry_77,Bakery,30.73,7.08,0.0,46.209999084472656,0.0,50.73,10040.0,2
2024-04-05,936,Pastry_77,Bakery,9.02,25.71,19.99,46.209999084472656,0.0,14.04,12248.0,2
2024-04-06,936,Pastry_77,Bakery,17.29,26.31,5.02,46.209999084472656,0.0,0.0,10560.0,2
2024-04-07,936,Pastry_77,Bakery,28.12,28.12,0.0,46.209999084472656,0.0,0.0,10420.0,2
2024-04-08,936,Pastry_77,Bakery,141.99,141.99,0.0,46.209999084472656,0.5,0.0,10060.0,2
2024-04-09,936,Pastry_77,Bakery,153.37,153.37,0.0,46.209999084472656,0.5,0.0,9823.0,2
2024-04-10,936,Pastry_77,Bakery,135.6,135.6,0.0,46.209999084472656,0.5,0.0,10304.0,2
2024-04-11,936,Pastry_77,Bakery,167.27,167.27,0.0,46.209999084472656,0.5,0.0,10316.0,2
2024-04-12,936,Pastry_77,Bakery,212.73,212.73,0.0,46.209999084472656,0.5,0.0,12158.0,2
2024-04-13,936,Pastry_77,Bakery,208.61,208.61,0.0,46.209999084472656,0.5,0.0,10585.0,2
2024-04-14,936,Pastry_77,Bakery,236.7,236.7,0.0,46.209999084472656,0.5,0.0,10578.0,2
2024-04-15,936,Pastry_77,Bakery,192.63,56.08,0.0,46.209999084472656,0.0,136.55,10416.0,2
2024-04-16,936,Pastry_77,Bakery,94.6,39.61,0.0,46.209999084472656,0.0,191.54,10322.0,2
2024-04-17,936,Pastry_77,Bakery,140.68,19.46,96.94,46.209999084472656,0.0,215.83,10042.0,2
2024-04-18,936,Pastry_77,Bakery,145.19,45.09,75.14,46.209999084472656,0.0,240.79,10182.0,2
2024-04-19,936,Pastry_77,Bakery,191.49,51.78,95.59,46.209999084472656,0.0,284.91,12894.0,2
2024-04-20,936,Pastry_77,Bakery,131.16,46.13,93.41,46.209999084472656,0.0,276.52,11854.0,2
2024-04-21,936,Pastry_77,Bakery,200.44,31.56,145.36,46.209999084472656,0.0,300.04,10578.0,2
2024-04-22,936,Pastry_77,Bakery,0.0,30.14,99.6,46.209999084472656,0.0,170.3,10500.0,2
2024-04-23,936,Pastry_77,Bakery,53.97,24.05,170.3,46.209999084472656,0.0,29.92,9974.0,2
2024-04-24,936,Pastry_77,Bakery,5.24,19.99,0.0,46.209999084472656,0.0,15.17,10096.0,2
2024-04-25,936,Pastry_77,Bakery,55.4,26.09,9.93,46.209999084472656,0.0,34.55,10130.0,2
2024-04-26,936,Pastry_77,Bakery,32.3,22.28,0.0,46.209999084472656,0.0,44.57,12265.0,2
2024-04-27,936,Pastry_77,Bakery,25.03,18.55,12.27,46.209999084472656,0.0,38.78,10339.0,2
2024-04-28,936,Pastry_77,Bakery,12.82,33.57,13.75,46.209999084472656,0.0,4.28,10120.0,2
2024-04-29,936,Pastry_77,Bakery,32.79,29.13,0.0,46.209999084472656,0.0,7.94,10345.0,2
2024-04-30,936,Pastry_77,Bakery,22.85,19.12,0.0,46.209999084472656,0.0,11.67,11167.0,2
2024-05-01,936,Pastry_77,Bakery,15.61,23.86,0.0,46.209999084472656,0.0,3.42,10620.0,2
2024-05-02,936,Pastry_77,Bakery,29.6,26.5,0.0,46.209999084472656,0.0,6.52,9613.0,2
2024-05-03,936,Pastry_77,Bakery,27.14,33.66,0.0,46.209999084472656,0.0,0.0,12020.0,2
2024-05-04,936,Pastry_77,Bakery,35.92,35.92,0.0,46.209999084472656,0.0,0.0,10495.0,2
2024-05-05,936,Pastry_77,Bakery,41.33,18.17,0.0,46.209999084472656,0.0,23.16,10224.0,2
2024-03-01,980,Potato_36,Fruit and vegetable,158.5,158.5,0.0,69.27999877929688,0.0,0.0,11812.0,3
2024-03-02,980,Potato_36,Fruit and vegetable,158.5,93.75,0.0,69.27999877929688,0.0,64.75,10054.0,3
2024-03-03,980,Potato_36,Fruit and vegetable,152.36,87.39,0.0,69.27999877929688,0.0,129.72,9613.0,3
2024-03-04,980,Potato_36,Fruit and vegetable,79.15,88.8,0.0,69.27999877929688,0.0,120.07,9834.0,3
2024-03-05,980,Potato_36,Fruit and vegetable,82.43,78.27,0.0,69.27999877929688,0.0,124.22,9746.0,3
2024-03-06,980,Potato_36,Fruit and vegetable,75.8,81.79,0.0,69.27999877929688,0.0,118.23,9774.0,3
2024-03-07,980,Potato_36,Fruit and vegetable,78.79,104.31,0.0,69.27999877929688,0.0,92.71,11142.0,3
2024-03-08,980,Potato_36,Fruit and vegetable,101.08,146.34,0.0,69.27999877929688,0.0,47.45,11864.0,3
2024-03-09,980,Potato_36,Fruit and vegetable,76.04,114.92,0.0,69.27999877929688,0.0,8.57,10078.0,3
2024-03-10,980,Potato_36,Fruit and vegetable,109.63,83.03,0.0,69.27999877929688,0.0,35.17,10124.0,3
2024-03-11,980,Potato_36,Fruit and vegetable,85.0,98.94,0.0,69.27999877929688,0.0,21.23,10122.0,3
2024-03-12,980,Potato_36,Fruit and vegetable,87.83,86.35,0.0,69.27999877929688,0.0,22.72,10267.0,3
2024-03-13,980,Potato_36,Fruit and vegetable,88.45,75.84,0.0,69.27999877929688,0.0,35.33,10214.0,3
2024-03-14,980,Potato_36,Fruit and vegetable,99.61,121.45,0.0,69.27999877929688,0.0,13.48,11286.0,3
2024-03-15,980,Potato_36,Fruit and vegetable,165.01,145.92,0.0,69.27999877929688,0.0,32.57,12108.0,3
2024-03-16,980,Potato_36,Fruit and vegetable,126.49,159.06,0.0,69.27999877929688,0.0,0.0,10102.0,3
2024-03-17,980,Potato_36,Fruit and vegetable,124.85,104.12,0.0,69.27999877929688,0.0,20.73,10186.0,3
2024-03-18,980,Potato_36,Fruit and vegetable,117.47,79.28,0.0,69.27999877929688,0.0,58.92,10282.0,3
2024-03-19,980,Potato_36,Fruit and vegetable,69.67,81.75,0.0,69.27999877929688,0.0,46.83,9794.0,3
2024-03-20,980,Potato_36,Fruit and vegetable,72.0,90.03,0.0,69.27999877929688,0.0,28.81,10111.0,3
2024-03-21,980,Potato_36,Fruit and vegetable,133.07,116.66,0.0,69.27999877929688,0.0,45.21,11034.0,3
2024-03-22,980,Potato_36,Fruit and vegetable,140.88,181.22,0.0,69.27999877929688,0.0,4.87,11672.0,3
2024-03-23,980,Potato_36,Fruit and vegetable,204.97,128.9,0.0,69.27999877929688,0.0,80.95,10153.0,3
2024-03-24,980,Potato_36,Fruit and vegetable,68.82,82.09,0.0,69.27999877929688,0.0,67.67,10824.0,3
2024-03-25,980,Potato_36,Fruit and vegetable,67.71,135.38,0.0,69.27999877929688,0.0,0.0,10530.0,3
2024-03-26,980,Potato_36,Fruit and vegetable,241.65,241.65,0.0,69.27999877929688,0.0,0.0,10879.0,3
2024-03-27,980,Potato_36,Fruit and vegetable,161.24,143.63,0.0,69.27999877929688,0.0,17.61,12451.0,3
2024-03-28,980,Potato_36,Fruit and vegetable,196.69,214.3,0.0,69.27999877929688,0.0,0.0,12938.0,3
2024-03-29,980,Potato_36,Fruit and vegetable,251.27,149.49,0.0,69.27999877929688,0.0,101.78,10045.0,3
2024-03-30,980,Potato_36,Fruit and vegetable,96.35,130.04,0.0,69.27999877929688,0.0,68.09,8440.0,3
2024-03-31,980,Potato_36,Fruit and vegetable,83.11,114.27,0.0,69.27999877929688,0.0,36.93,9558.0,3
2024-04-01,980,Potato_36,Fruit and vegetable,159.34,76.38,0.0,69.27999877929688,0.0,119.89,9826.0,3
2024-04-02,980,Potato_36,Fruit and vegetable,194.94,95.17,0.0,69.27999877929688,0.0,219.66,10261.0,3
2024-04-03,980,Potato_36,Fruit and vegetable,0.0,95.71,0.0,69.27999877929688,0.0,123.95,9938.0,3
2024-04-04,980,Potato_36,Fruit and vegetable,149.53,121.62,0.0,69.27999877929688,0.0,151.86,11179.0,3
2024-04-05,980,Potato_36,Fruit and vegetable,31.52,176.59,2.33,69.27999877929688,0.0,4.45,12214.0,3
2024-04-06,980,Potato_36,Fruit and vegetable,167.12,121.1,0.0,69.27999877929688,0.0,50.47,9690.0,3
2024-04-07,980,Potato_36,Fruit and vegetable,104.71,89.06,0.0,69.27999877929688,0.0,66.12,9684.0,3
2024-04-08,980,Potato_36,Fruit and vegetable,83.98,150.1,0.0,69.27999877929688,0.0,0.0,10147.0,3
2024-04-09,980,Potato_36,Fruit and vegetable,136.53,118.21,0.0,69.27999877929688,0.0,18.32,10198.0,3
2024-04-10,980,Potato_36,Fruit and vegetable,116.19,94.51,0.0,69.27999877929688,0.0,40.0,10762.0,3
2024-04-11,980,Potato_36,Fruit and vegetable,120.67,134.12,0.0,69.27999877929688,0.0,26.55,11005.0,3
2024-04-12,980,Potato_36,Fruit and vegetable,189.31,192.49,0.0,69.27999877929688,0.0,23.37,12008.0,3
2024-04-13,980,Potato_36,Fruit and vegetable,142.88,133.35,0.0,69.27999877929688,0.0,32.9,9772.0,3
2024-04-14,980,Potato_36,Fruit and vegetable,101.15,109.71,0.0,69.27999877929688,0.0,24.34,10033.0,3
2024-04-15,980,Potato_36,Fruit and vegetable,166.49,122.3,0.0,69.27999877929688,0.0,68.53,10806.0,3
2024-04-16,980,Potato_36,Fruit and vegetable,89.47,109.03,0.0,69.27999877929688,0.0,48.97,10398.0,3
2024-04-17,980,Potato_36,Fruit and vegetable,86.26,128.2,0.0,69.27999877929688,0.0,7.03,10170.0,3
2024-04-18,980,Potato_36,Fruit and vegetable,163.27,117.18,0.0,69.27999877929688,0.0,53.12,11244.0,3
2024-04-19,980,Potato_36,Fruit and vegetable,176.29,185.56,0.0,69.27999877929688,0.0,43.86,12858.0,3
2024-04-20,980,Potato_36,Fruit and vegetable,123.25,133.06,0.0,69.27999877929688,0.0,34.05,10666.0,3
2024-04-21,980,Potato_36,Fruit and vegetable,109.41,110.94,0.0,69.27999877929688,0.0,32.52,10309.0,3
2024-04-22,980,Potato_36,Fruit and vegetable,123.34,107.11,0.0,69.27999877929688,0.0,48.75,10488.0,3
2024-04-23,980,Potato_36,Fruit and vegetable,95.49,128.8,0.0,69.27999877929688,0.0,15.44,10195.0,3
2024-04-24,980,Potato_36,Fruit and vegetable,146.43,149.82,0.0,69.27999877929688,0.0,12.05,10255.0,3
2024-04-25,980,Potato_36,Fruit and vegetable,140.06,135.42,0.0,69.27999877929688,0.0,16.7,11238.0,3
2024-04-26,980,Potato_36,Fruit and vegetable,202.61,154.73,0.0,69.27999877929688,0.0,64.58,11988.0,3
2024-04-27,980,Potato_36,Fruit and vegetable,91.37,111.47,0.0,69.27999877929688,0.0,44.47,9223.0,3
2024-04-28,980,Potato_36,Fruit and vegetable,91.23,77.7,0.0,69.27999877929688,0.0,58.01,10142.0,3
2024-04-29,980,Potato_36,Fruit and vegetable,83.57,125.4,0.0,69.27999877929688,0.0,16.17,11011.0,3
2024-04-30,980,Potato_36,Fruit and vegetable,145.82,139.08,0.0,69.27999877929688,0.0,22.91,11142.0,3
2024-05-01,980,Potato_36,Fruit and vegetable,160.69,88.73,0.0,69.27999877929688,0.0,94.87,9874.0,3
2024-05-02,980,Potato_36,Fruit and vegetable,76.26,115.8,0.0,69.27999877929688,0.0,55.33,10795.0,3
2024-05-03,980,Potato_36,Fruit and vegetable,133.88,173.31,0.0,69.27999877929688,0.0,15.89,11872.0,3
2024-05-04,980,Potato_36,Fruit and vegetable,136.33,120.87,0.0,69.27999877929688,0.0,31.35,9787.0,3
2024-05-05,980,Potato_36,Fruit and vegetable,86.89,106.16,0.0,69.27999877929688,0.0,12.09,10036.0,3
2024-03-01,982,Beef_10,Meat and fish,97.43,97.43,0.0,346.2200012207031,0.0,0.0,11812.0,4
2024-03-02,982,Beef_10,Meat and fish,97.43,65.61,0.0,346.2200012207031,0.0,31.82,10054.0,4
2024-03-03,982,Beef_10,Meat and fish,94.41,53.13,0.0,346.2200012207031,0.0,73.1,9613.0,4
2024-03-04,982,Beef_10,Meat and fish,53.57,58.15,0.0,346.2200012207031,0.0,68.52,9834.0,4
2024-03-05,982,Beef_10,Meat and fish,54.39,49.41,0.0,346.2200012207031,0.0,73.5,9746.0,4
2024-03-06,982,Beef_10,Meat and fish,48.57,47.03,0.0,346.2200012207031,0.0,75.04,9774.0,4
2024-03-07,982,Beef_10,Meat and fish,46.29,87.1,0.0,346.2200012207031,0.0,34.24,11142.0,4
2024-03-08,982,Beef_10,Meat and fish,88.22,103.25,0.0,346.2200012207031,0.0,19.2,11864.0,4
2024-03-09,982,Beef_10,Meat and fish,73.53,73.25,0.0,346.2200012207031,0.026599999517202377,19.49,10078.0,4
2024-03-10,982,Beef_10,Meat and fish,60.97,69.2,0.0,346.2200012207031,0.0,11.26,10124.0,4
2024-03-11,982,Beef_10,Meat and fish,73.02,58.34,0.0,346.2200012207031,0.0,25.94,10122.0,4
2024-03-12,982,Beef_10,Meat and fish,49.58,47.19,0.0,346.2200012207031,0.0,28.33,10267.0,4
2024-03-13,982,Beef_10,Meat and fish,45.3,42.82,0.0,346.2200012207031,0.0,30.8,10214.0,4
2024-03-14,982,Beef_10,Meat and fish,83.91,63.14,0.0,346.2200012207031,0.0,51.58,11286.0,4
2024-03-15,982,Beef_10,Meat and fish,77.3,63.28,0.0,346.2200012207031,0.0,65.6,12108.0,4
2024-03-16,982,Beef_10,Meat and fish,21.88,58.18,0.0,346.2200012207031,0.0871099978685379,29.3,10102.0,4
2024-03-17,982,Beef_10,Meat and fish,51.87,71.26,0.0,346.2200012207031,0.08143000304698944,9.91,10186.0,4
2024-03-18,982,Beef_10,Meat and fish,60.98,52.43,0.0,346.2200012207031,0.0,18.46,10282.0,4
2024-03-19,982,Beef_10,Meat and fish,42.39,60.85,0.0,346.2200012207031,0.056940000504255295,0.0,9794.0,4
2024-03-20,982,Beef_10,Meat and fish,54.44,41.08,0.0,346.2200012207031,0.08962000161409378,13.36,10111.0,4
2024-03-21,982,Beef_10,Meat and fish,62.07,63.57,0.0,346.2200012207031,0.20000000298023224,11.86,11034.0,4
2024-03-22,982,Beef_10,Meat and fish,63.76,59.04,0.0,346.2200012207031,0.0,16.57,11672.0,4
2024-03-23,982,Beef_10,Meat and fish,53.9,70.47,0.0,346.2200012207031,0.055229999125003815,0.0,10153.0,4
2024-03-24,982,Beef_10,Meat and fish,84.74,63.02,0.0,346.2200012207031,0.040630001574754715,21.72,10824.0,4
2024-03-25,982,Beef_10,Meat and fish,72.77,94.49,0.0,346.2200012207031,0.0,0.0,10530.0,4
2024-03-26,982,Beef_10,Meat and fish,81.29,61.86,0.0,346.2200012207031,0.05082999914884567,19.43,10879.0,4
2024-03-27,982,Beef_10,Meat and fish,48.21,67.64,0.0,346.2200012207031,0.03099999949336052,0.0,12451.0,4
2024-03-28,982,Beef_10,Meat and fish,83.68,83.68,0.0,346.2200012207031,0.1526699960231781,0.0,12938.0,4
2024-03-29,982,Beef_10,Meat and fish,75.67,51.78,0.0,346.2200012207031,0.0,23.89,10045.0,4
2024-03-30,982,Beef_10,Meat and fish,64.97,46.39,0.0,346.2200012207031,0.16847999393939972,42.47,8440.0,4
2024-03-31,982,Beef_10,Meat and fish,42.3,48.78,0.0,346.2200012207031,0.20903000235557556,35.99,9558.0,4
2024-04-01,982,Beef_10,Meat and fish,81.98,25.97,0.0,346.2200012207031,0.11094000190496445,92.0,9826.0,4
2024-04-02,982,Beef_10,Meat and fish,0.0,4.0,0.0,347.8800048828125,0.29701000452041626,88.0,10261.0,4
2024-04-04,982,Beef_10,Meat and fish,19.08,40.88,6.02,346.2200012207031,0.0,60.18,11179.0,4
2024-04-05,982,Beef_10,Meat and fish,95.92,87.56,41.1,346.2200012207031,0.0,27.44,12214.0,4
2024-04-06,982,Beef_10,Meat and fish,57.06,33.39,0.0,346.2200012207031,0.0,51.11,9690.0,4
2024-04-07,982,Beef_10,Meat and fish,27.96,64.25,0.0,346.2200012207031,0.0,14.82,9684.0,4
2024-04-08,982,Beef_10,Meat and fish,68.53,63.86,0.0,346.2200012207031,0.0,19.49,10147.0,4
2024-04-09,982,Beef_10,Meat and fish,42.42,43.53,0.0,346.2200012207031,0.0,18.38,10198.0,4
2024-04-10,982,Beef_10,Meat and fish,40.39,58.77,0.0,346.2200012207031,0.0,0.0,10762.0,4
2024-04-11,982,Beef_10,Meat and fish,83.94,83.94,0.0,346.2200012207031,0.06525000184774399,0.0,11005.0,4
2024-04-12,982,Beef_10,Meat and fish,112.69,80.17,0.0,346.2200012207031,0.0,32.52,12008.0,4
2024-04-13,982,Beef_10,Meat and fish,31.56,64.08,0.0,346.2200012207031,0.0,0.0,9772.0,4
2024-04-14,982,Beef_10,Meat and fish,81.5,37.14,0.0,346.2200012207031,0.0,44.36,10033.0,4
2024-04-15,982,Beef_10,Meat and fish,41.6,63.96,0.0,346.2200012207031,0.0,22.0,10806.0,4
2024-04-16,982,Beef_10,Meat and fish,43.63,39.07,0.0,346.2200012207031,0.0566600002348423,26.56,10398.0,4
2024-04-17,982,Beef_10,Meat and fish,55.39,52.66,0.0,346.2200012207031,0.1962900012731552,29.29,10170.0,4
2024-04-18,982,Beef_10,Meat and fish,78.18,65.64,0.0,346.2200012207031,0.07350999861955643,41.82,11244.0,4
2024-04-19,982,Beef_10,Meat and fish,58.19,67.91,0.0,346.2200012207031,0.0,32.11,12858.0,4
2024-04-20,982,Beef_10,Meat and fish,48.63,41.55,0.0,346.2200012207031,0.04077000170946121,39.19,10666.0,4
2024-04-21,982,Beef_10,Meat and fish,22.06,61.25,0.0,346.2200012207031,0.0,0.0,10309.0,4
2024-04-22,982,Beef_10,Meat and fish,79.04,62.63,0.0,346.2200012207031,0.0,16.41,10488.0,4
2024-04-23,982,Beef_10,Meat and fish,38.16,54.57,0.0,346.2200012207031,0.05576999858021736,0.0,10195.0,4
2024-04-24,982,Beef_10,Meat and fish,64.34,55.63,0.0,346.2200012207031,0.07785999774932861,8.71,10255.0,4
2024-04-25,982,Beef_10,Meat and fish,68.32,75.24,0.0,346.2200012207031,0.20000000298023224,1.79,11238.0,4
2024-04-26,982,Beef_10,Meat and fish,79.87,76.45,0.0,346.2200012207031,0.0,5.21,11988.0,4
2024-04-27,982,Beef_10,Meat and fish,51.96,33.73,0.0,346.2200012207031,0.0,23.43,9223.0,4
2024-04-28,982,Beef_10,Meat and fish,56.29,64.25,0.0,346.2200012207031,0.0,15.48,10142.0,4
2024-04-29,982,Beef_10,Meat and fish,65.75,75.92,0.0,346.2200012207031,0.0,5.3,11011.0,4
2024-04-30,982,Beef_10,Meat and fish,69.36,46.3,0.0,346.2200012207031,0.0,28.36,11142.0,4
2024-05-01,982,Beef_10,Meat and fish,48.59,41.83,0.0,346.2200012207031,0.0,35.11,9874.0,4
2024-05-02,982,Beef_10,Meat and fish,63.36,57.38,0.0,346.2200012207031,0.0,41.09,10795.0,4
2024-05-03,982,Beef_10,Meat and fish,56.74,69.33,0.0,346.2200012207031,0.0,28.5,11872.0,4
2024-05-04,982,Beef_10,Meat and fish,25.02,50.16,0.0,346.2200012207031,0.06565000116825104,3.36,9787.0,4
2024-05-05,982,Beef_10,Meat and fish,76.99,42.36,0.0,346.2200012207031,0.1625099927186966,37.99,10036.0,4
2024-03-01,984,Bread_78,Bakery,25.84,25.84,0.0,39.29999923706055,0.0,0.0,11812.0,2
2024-03-02,984,Bread_78,Bakery,37.15,37.15,0.0,39.29999923706055,0.0,0.0,10054.0,2
2024-03-03,984,Bread_78,Bakery,36.08,22.08,0.0,39.29999923706055,0.0,14.0,9613.0,2
2024-03-04,984,Bread_78,Bakery,21.88,14.39,0.0,39.29999923706055,0.0,21.49,9834.0,2
2024-03-05,984,Bread_78,Bakery,16.48,17.79,0.0,39.29999923706055,0.0,20.18,9746.0,2
2024-03-06,984,Bread_78,Bakery,20.62,17.78,3.7,39.29999923706055,0.0,19.32,9774.0,2
2024-03-07,984,Bread_78,Bakery,17.02,34.77,0.0,39.29999923706055,0.0,1.57,11142.0,2
2024-03-08,984,Bread_78,Bakery,50.08,51.65,0.0,39.29999923706055,0.0,0.0,11864.0,2
2024-03-09,984,Bread_78,Bakery,54.62,19.45,0.0,39.29999923706055,0.0,35.17,10078.0,2
2024-03-10,984,Bread_78,Bakery,3.93,12.37,0.0,39.29999923706055,0.0,26.73,10124.0,2
2024-03-11,984,Bread_78,Bakery,28.61,12.37,22.8,39.29999923706055,0.0,20.17,10122.0,2
2024-03-12,984,Bread_78,Bakery,16.09,10.57,0.0,39.29999923706055,0.0,25.68,10267.0,2
2024-03-13,984,Bread_78,Bakery,21.1,18.17,9.6,39.29999923706055,0.11693999916315079,19.02,10214.0,2
2024-03-14,984,Bread_78,Bakery,35.13,46.84,0.0,39.29999923706055,0.0,7.31,11286.0,2
2024-03-15,984,Bread_78,Bakery,66.45,18.88,0.0,39.29999923706055,0.0,54.88,12108.0,2
2024-03-16,984,Bread_78,Bakery,0.0,17.67,0.0,39.29999923706055,0.0,37.21,10102.0,2
2024-03-17,984,Bread_78,Bakery,28.34,6.35,37.21,39.29999923706055,0.18702000379562378,21.99,10186.0,2
2024-03-18,984,Bread_78,Bakery,7.32,9.87,0.0,39.29999923706055,0.23607000708580017,19.45,10282.0,2
2024-03-19,984,Bread_78,Bakery,20.49,17.24,12.12,39.29999923706055,0.1721699982881546,10.57,9794.0,2
2024-03-20,984,Bread_78,Bakery,27.42,37.99,0.0,42.36000061035156,0.2406499981880188,0.0,10111.0,2
2024-03-21,984,Bread_78,Bakery,65.8,43.09,0.0,42.36000061035156,0.0,22.71,11034.0,2
2024-03-22,984,Bread_78,Bakery,13.84,28.48,0.0,42.36000061035156,0.0,8.06,11672.0,2
2024-03-23,984,Bread_78,Bakery,27.48,30.02,0.0,42.36000061035156,0.0,5.52,10153.0,2
2024-03-24,984,Bread_78,Bakery,18.7,19.21,0.0,42.36000061035156,0.0,5.01,10824.0,2
2024-03-25,984,Bread_78,Bakery,34.54,39.55,0.0,42.36000061035156,0.0,0.0,10530.0,2
2024-03-26,984,Bread_78,Bakery,41.88,41.88,0.0,42.36000061035156,0.0,0.0,10879.0,2
2024-03-27,984,Bread_78,Bakery,49.15,41.04,0.0,42.36000061035156,0.0,8.11,12451.0,2
2024-03-28,984,Bread_78,Bakery,63.32,71.43,0.0,42.36000061035156,0.0,0.0,12938.0,2
2024-03-29,984,Bread_78,Bakery,82.05,82.05,0.0,42.36000061035156,0.0,0.0,10045.0,2
2024-03-30,984,Bread_78,Bakery,83.1,83.1,0.0,42.36000061035156,0.0,0.0,8440.0,2
2024-03-31,984,Bread_78,Bakery,50.87,50.0,0.0,42.36000061035156,0.0,0.87,9558.0,2
2024-04-01,984,Bread_78,Bakery,63.95,22.38,0.0,42.36000061035156,0.15534000098705292,42.44,9826.0,2
2024-04-02,984,Bread_78,Bakery,29.18,20.8,0.0,42.36000061035156,0.6775000095367432,50.83,10261.0,2
2024-04-03,984,Bread_78,Bakery,45.79,23.57,21.64,42.36000061035156,0.6282899975776672,51.4,9938.0,2
2024-04-04,984,Bread_78,Bakery,62.2,39.96,5.61,42.36000061035156,0.0,68.03,11179.0,2
2024-04-05,984,Bread_78,Bakery,54.61,18.86,5.83,42.36000061035156,0.0,97.95,12214.0,2
2024-04-06,984,Bread_78,Bakery,58.46,3.74,43.34,42.36000061035156,0.0,109.33,9690.0,2
2024-04-07,984,Bread_78,Bakery,10.83,7.66,50.87,42.36000061035156,0.164450004696846,61.63,9684.0,2
2024-04-08,984,Bread_78,Bakery,26.64,6.9,50.8,42.36000061035156,0.5518800020217896,30.57,10147.0,2
2024-04-09,984,Bread_78,Bakery,10.28,7.41,3.93,42.36000061035156,0.37279999256134033,29.52,10198.0,2
2024-04-10,984,Bread_78,Bakery,29.92,10.31,19.23,42.36000061035156,0.47780001163482666,29.9,10762.0,2
2024-04-11,984,Bread_78,Bakery,26.16,32.42,0.0,42.36000061035156,0.12342999875545502,23.64,11005.0,2
2024-04-12,984,Bread_78,Bakery,8.02,12.03,0.0,42.36000061035156,0.0,19.62,12008.0,2
2024-04-13,984,Bread_78,Bakery,8.0,5.33,11.61,42.36000061035156,0.0,10.69,9772.0,2
2024-04-14,984,Bread_78,Bakery,11.68,11.32,2.69,42.36000061035156,0.13728000223636627,8.37,10033.0,2
2024-04-15,984,Bread_78,Bakery,10.35,11.88,0.0,42.36000061035156,0.32662999629974365,6.84,10806.0,2
2024-04-16,984,Bread_78,Bakery,12.01,10.73,0.0,42.36000061035156,0.29614999890327454,8.12,10398.0,2
2024-04-17,984,Bread_78,Bakery,13.3,6.9,0.0,42.36000061035156,0.2658500075340271,14.52,10170.0,2
2024-04-18,984,Bread_78,Bakery,30.61,36.63,1.22,42.36000061035156,0.02566000074148178,7.28,11244.0,2
2024-04-19,984,Bread_78,Bakery,23.36,30.64,0.0,42.36000061035156,0.0,0.0,12858.0,2
2024-04-20,984,Bread_78,Bakery,24.44,24.44,0.0,42.36000061035156,0.0,0.0,10666.0,2
2024-04-21,984,Bread_78,Bakery,26.1,12.86,0.0,42.36000061035156,0.0,13.24,10309.0,2
2024-04-22,984,Bread_78,Bakery,13.22,12.29,0.0,42.36000061035156,0.0,14.17,10488.0,2
2024-04-23,984,Bread_78,Bakery,12.04,12.35,0.95,42.36000061035156,0.0,12.91,10195.0,2
2024-04-24,984,Bread_78,Bakery,9.15,7.05,0.87,42.36000061035156,0.0,14.14,10255.0,2
2024-04-25,984,Bread_78,Bakery,41.73,20.83,4.99,42.36000061035156,0.0,30.05,11238.0,2
2024-04-26,984,Bread_78,Bakery,11.24,30.95,0.0,42.36000061035156,0.0,10.34,11988.0,2
2024-04-27,984,Bread_78,Bakery,24.86,14.38,0.0,42.36000061035156,0.0,20.82,9223.0,2
2024-04-28,984,Bread_78,Bakery,2.04,12.36,0.0,42.36000061035156,0.0,10.5,10142.0,2
2024-04-29,984,Bread_78,Bakery,20.29,10.62,8.46,42.36000061035156,0.02914999984204769,11.71,11011.0,2
2024-04-30,984,Bread_78,Bakery,10.87,15.99,0.0,42.36000061035156,0.07850000262260437,6.59,11142.0,2
2024-05-01,984,Bread_78,Bakery,10.53,10.65,0.0,42.36000061035156,0.0,6.48,9874.0,2
2024-05-02,984,Bread_78,Bakery,23.68,26.21,0.0,42.36000061035156,0.0,3.94,10795.0,2
2024-05-03,984,Bread_78,Bakery,37.32,32.71,0.0,42.36000061035156,0.0,8.55,11872.0,2
2024-05-04,984,Bread_78,Bakery,16.79,7.11,0.0,42.36000061035156,0.0,18.23,9787.0,2
2024-05-05,984,Bread_78,Bakery,7.62,7.08,1.44,42.36000061035156,0.1740099936723709,17.33,10036.0,2
