date,product_id,product_name,category,units_received,units_sold,units_wasted,price,discount,stock_end,customers,shelf_life_days
2024-05-06,1032,Chicken_45,Meat and fish,2.95,27.31,0.0,201.5,0.07018999755382538,8.29,11010.0,4
2024-05-07,1032,Chicken_45,Meat and fish,55.71,36.32,0.0,201.5,0.0,27.68,13639.0,4
2024-05-08,1032,Chicken_45,Meat and fish,16.18,42.81,0.0,201.5,0.0,1.05,10976.0,4
2024-05-09,1032,Chicken_45,Meat and fish,30.41,23.12,0.0,201.5,0.0429299995303154,8.34,10844.0,4
2024-05-10,1032,Chicken_45,Meat and fish,48.27,37.27,0.0,201.5,0.06791999936103821,19.34,11652.0,4
2024-05-11,1032,Chicken_45,Meat and fish,25.06,44.4,0.0,201.5,0.30000999569892883,0.0,10003.0,4
2024-05-12,1032,Chicken_45,Meat and fish,42.04,23.46,0.0,201.5,0.21052999794483185,18.58,10440.0,4
2024-05-13,1032,Chicken_45,Meat and fish,20.11,11.58,0.0,201.5,0.05925999954342842,27.11,11028.0,4
2024-05-14,1032,Chicken_45,Meat and fish,24.73,5.97,0.0,201.5,0.1919099986553192,45.87,10321.0,4
2024-05-15,1032,Chicken_45,Meat and fish,16.25,16.21,0.0,201.5,0.20000000298023224,45.91,10680.0,4
2024-05-16,1032,Chicken_45,Meat and fish,0.0,15.6,0.0,201.5,0.05200999975204468,30.31,11596.0,4
2024-05-17,1032,Chicken_45,Meat and fish,35.66,65.97,0.0,201.5,0.029810000211000443,0.0,12674.0,4
2024-05-18,1032,Chicken_45,Meat and fish,71.83,45.19,0.0,201.5,0.15253999829292297,26.64,9978.0,4
2024-05-19,1032,Chicken_45,Meat and fish,24.4,41.78,0.0,201.5,0.0,9.26,10078.0,4
2024-05-06,106,Pear_4,Fruit and vegetable,26.57,12.58,0.0,111.0199966430664,0.0,17.95,11010.0,3
2024-05-07,106,Pear_4,Fruit and vegetable,4.6,20.49,0.0,111.01000213623047,0.0,2.06,13639.0,3
2024-05-08,106,Pear_4,Fruit and vegetable,17.88,15.16,0.0,111.01000213623047,0.0,4.78,10976.0,3
2024-05-09,106,Pear_4,Fruit and vegetable,26.1,11.35,0.0,111.01000213623047,0.0,19.53,10844.0,3
2024-05-10,106,Pear_4,Fruit and vegetable,10.92,25.52,0.0,111.01000213623047,0.0,4.93,11652.0,3
2024-05-11,106,Pear_4,Fruit and vegetable,12.07,17.0,0.0,111.01000213623047,0.0,0.0,10003.0,3
2024-05-12,106,Pear_4,Fruit and vegetable,27.27,15.66,0.0,111.0199966430664,0.0,11.61,10440.0,3
2024-05-13,106,Pear_4,Fruit and vegetable,7.61,19.22,0.0,111.0199966430664,0.0,0.0,11028.0,3
2024-05-14,106,Pear_4,Fruit and vegetable,31.55,31.55,0.0,111.01000213623047,0.0,0.0,10321.0,3
2024-05-15,106,Pear_4,Fruit and vegetable,24.02,18.47,0.0,111.01000213623047,0.0,5.55,10680.0,3
2024-05-16,106,Pear_4,Fruit and vegetable,14.37,12.61,0.0,111.0199966430664,0.0,7.31,11596.0,3
2024-05-17,106,Pear_4,Fruit and vegetable,26.46,22.99,0.0,111.0199966430664,0.0,10.78,12674.0,3
2024-05-18,106,Pear_4,Fruit and vegetable,14.09,21.08,0.0,111.01000213623047,0.0,3.79,9978.0,3
2024-05-19,106,Pear_4,Fruit and vegetable,19.61,20.03,0.0,111.01000213623047,0.0,3.37,10078.0,3
2024-05-06,1075,Croissant_15,Bakery,86.62,54.0,0.0,17.65999984741211,0.0,57.22,11010.0,2
2024-05-07,1075,Croissant_15,Bakery,32.31,89.53,0.0,17.65999984741211,0.0,0.0,13639.0,2
2024-05-08,1075,Croissant_15,Bakery,89.94,52.27,0.0,17.65999984741211,0.0,37.67,10976.0,2
2024-05-09,1075,Croissant_15,Bakery,98.09,76.82,0.0,17.65999984741211,0.0,58.94,10844.0,2
2024-05-10,1075,Croissant_15,Bakery,48.93,55.25,0.0,17.65999984741211,0.0,52.62,11652.0,2
2024-05-11,1075,Croissant_15,Bakery,21.77,31.87,3.69,17.65999984741211,0.0,38.82,10003.0,2
2024-05-12,1075,Croissant_15,Bakery,62.58,84.35,17.06,17.65999984741211,0.0,0.0,10440.0,2
2024-05-13,1075,Croissant_15,Bakery,135.83,135.83,0.0,17.65999984741211,0.0,0.0,11028.0,2
2024-05-14,1075,Croissant_15,Bakery,132.52,61.62,0.0,17.65999984741211,0.0,70.9,10321.0,2
2024-05-15,1075,Croissant_15,Bakery,23.93,85.78,0.0,17.65999984741211,0.0,9.05,10680.0,2
2024-05-16,1075,Croissant_15,Bakery,109.35,69.11,0.0,17.65999984741211,0.0,49.29,11596.0,2
2024-05-17,1075,Croissant_15,Bakery,47.66,85.28,0.0,17.65999984741211,0.0,11.67,12674.0,2
2024-05-18,1075,Croissant_15,Bakery,60.56,37.2,0.0,17.65999984741211,0.0,35.03,9978.0,2
2024-05-19,1075,Croissant_15,Bakery,88.02,54.81,0.0,17.65999984741211,0.0,68.24,10078.0,2
2024-05-06,1078,Avocado_3,Fruit and vegetable,0.0,87.09,179.7,56.5,0.0,605.02,11010.0,3
2024-05-07,1078,Avocado_3,Fruit and vegetable,0.0,91.22,0.0,56.5,0.0,513.8,13639.0,3
2024-05-08,1078,Avocado_3,Fruit and vegetable,138.9,87.12,513.8,56.5,0.0,51.78,10976.0,3
2024-05-09,1078,Avocado_3,Fruit and vegetable,52.98,89.04,0.0,56.5,0.0,15.72,10844.0,3
2024-05-10,1078,Avocado_3,Fruit and vegetable,86.06,77.69,0.0,56.5,0.0,24.09,11652.0,3
2024-05-11,1078,Avocado_3,Fruit and vegetable,57.75,60.2,0.0,56.5,0.0,21.64,10003.0,3
2024-05-12,1078,Avocado_3,Fruit and vegetable,111.93,89.62,0.0,56.5,0.0,43.95,10440.0,3
2024-05-13,1078,Avocado_3,Fruit and vegetable,57.25,92.29,0.0,56.5,0.0,8.91,11028.0,3
2024-05-14,1078,Avocado_3,Fruit and vegetable,97.03,84.51,0.0,56.5,0.0,21.43,10321.0,3
2024-05-15,1078,Avocado_3,Fruit and vegetable,79.84,78.77,0.0,56.5,0.0,22.51,10680.0,3
2024-05-16,1078,Avocado_3,Fruit and vegetable,80.59,89.84,0.0,56.5,0.0,13.26,11596.0,3
2024-05-17,1078,Avocado_3,Fruit and vegetable,106.32,119.58,0.0,56.5,0.0,0.0,12674.0,3
2024-05-18,1078,Avocado_3,Fruit and vegetable,114.62,114.62,0.0,50.220001220703125,0.0,0.0,9978.0,3
2024-05-19,1078,Avocado_3,Fruit and vegetable,123.76,123.76,0.0,50.220001220703125,0.0,0.0,10078.0,3
2024-05-06,1086,Roll_20,Bakery,733.91,723.38,0.0,4.699999809265137,0.0,117.31,10489.0,2
2024-05-07,1086,Roll_20,Bakery,875.78,886.08,0.0,4.699999809265137,0.0,107.01,11934.0,2
2024-05-08,1086,Roll_20,Bakery,1137.31,1244.32,0.0,4.699999809265137,0.0,0.0,13129.0,2
2024-05-09,1086,Roll_20,Bakery,896.31,829.52,0.0,4.699999809265137,0.0,66.79,9788.0,2
2024-05-10,1086,Roll_20,Bakery,1165.6,987.2,0.0,4.699999809265137,0.0,245.19,11812.0,2
2024-05-11,1086,Roll_20,Bakery,709.69,708.89,0.0,4.699999809265137,0.0,246.0,10380.0,2
2024-05-12,1086,Roll_20,Bakery,867.3,927.33,0.0,4.699999809265137,0.0,185.97,11137.0,2
2024-05-13,1086,Roll_20,Bakery,770.98,806.38,0.0,4.699999809265137,0.0,150.57,10741.0,2
2024-05-14,1086,Roll_20,Bakery,954.87,736.49,0.0,4.699999809265137,0.0,368.94,10134.0,2
2024-05-15,1086,Roll_20,Bakery,1111.04,810.97,0.0,4.699999809265137,0.0,669.01,10531.0,2
2024-05-16,1086,Roll_20,Bakery,286.91,837.19,0.0,4.699999809265137,0.0,118.74,10656.0,2
2024-05-17,1086,Roll_20,Bakery,994.92,1054.23,0.0,4.699999809265137,0.0,59.43,12751.0,2
2024-05-18,1086,Roll_20,Bakery,800.37,709.87,0.0,4.699999809265137,0.0,149.94,11083.0,2
2024-05-19,1086,Roll_20,Bakery,928.08,720.06,0.0,4.699999809265137,0.0,357.95,10476.0,2
2024-05-06,1112,Croissant_16,Bakery,621.7,1076.44,0.0,8.350000381469727,0.0,90.77,11010.0,2
2024-05-07,1112,Croissant_16,Bakery,1243.74,1334.51,0.0,8.350000381469727,0.0,0.0,13639.0,2
2024-05-08,1112,Croissant_16,Bakery,1163.76,878.22,0.0,8.350000381469727,0.0,285.54,10976.0,2
2024-05-09,1112,Croissant_16,Bakery,1118.31,1005.66,0.0,8.350000381469727,0.0,398.2,10844.0,2
2024-05-10,1112,Croissant_16,Bakery,1312.41,1151.56,0.0,8.350000381469727,0.0,559.04,11652.0,2
2024-05-11,1112,Croissant_16,Bakery,551.29,971.97,0.0,8.350000381469727,0.0,138.36,10003.0,2
2024-05-12,1112,Croissant_16,Bakery,1021.44,1159.8,0.0,8.350000381469727,0.0,0.0,10440.0,2
2024-05-13,1112,Croissant_16,Bakery,1267.83,1022.18,0.0,8.350000381469727,0.0,245.65,11028.0,2
2024-05-14,1112,Croissant_16,Bakery,1282.51,1075.76,0.0,8.350000381469727,0.0,452.4,10321.0,2
2024-05-15,1112,Croissant_16,Bakery,636.43,1088.83,0.0,8.350000381469727,0.0,0.0,10680.0,2
2024-05-16,1112,Croissant_16,Bakery,1145.43,1145.43,0.0,8.350000381469727,0.0,0.0,11596.0,2
2024-05-17,1112,Croissant_16,Bakery,1478.72,1478.72,0.0,8.350000381469727,0.0,0.0,12674.0,2
2024-05-18,1112,Croissant_16,Bakery,1183.47,903.39,0.0,8.350000381469727,0.0,280.08,9978.0,2
2024-05-19,1112,Croissant_16,Bakery,1107.59,1032.55,0.0,8.350000381469727,0.0,355.12,10078.0,2
2024-05-06,1124,Pastry_92,Bakery,40.92,49.67,0.0,41.349998474121094,0.1500999927520752,9.61,10489.0,2
2024-05-07,1124,Pastry_92,Bakery,44.4,34.34,0.0,41.349998474121094,0.1500999927520752,19.67,11934.0,2
2024-05-08,1124,Pastry_92,Bakery,43.62,48.92,0.0,41.349998474121094,0.1500999927520752,14.37,13129.0,2
2024-05-09,1124,Pastry_92,Bakery,33.4,31.87,0.0,41.349998474121094,0.1500999927520752,15.9,9788.0,2
2024-05-10,1124,Pastry_92,Bakery,79.72,53.34,0.0,41.349998474121094,0.1500999927520752,42.28,11812.0,2
2024-05-11,1124,Pastry_92,Bakery,17.36,47.49,0.0,41.349998474121094,0.1500999927520752,12.15,10380.0,2
2024-05-12,1124,Pastry_92,Bakery,44.02,24.34,0.0,41.349998474121094,0.1500999927520752,31.83,11137.0,2
2024-05-13,1124,Pastry_92,Bakery,32.02,26.23,0.0,41.349998474121094,0.1500999927520752,37.62,10741.0,2
2024-05-14,1124,Pastry_92,Bakery,17.29,38.79,5.6,41.349998474121094,0.1500999927520752,10.52,10134.0,2
2024-05-15,1124,Pastry_92,Bakery,53.22,32.85,0.0,41.349998474121094,0.1500999927520752,30.89,10531.0,2
2024-05-16,1124,Pastry_92,Bakery,14.78,28.96,0.0,41.349998474121094,0.1500999927520752,16.71,10656.0,2
2024-05-17,1124,Pastry_92,Bakery,52.69,57.5,1.93,41.349998474121094,0.1500999927520752,9.97,12751.0,2
2024-05-18,1124,Pastry_92,Bakery,71.93,81.9,0.0,41.349998474121094,0.1500999927520752,0.0,11083.0,2
2024-05-19,1124,Pastry_92,Bakery,56.36,56.36,0.0,41.349998474121094,0.1500999927520752,0.0,10476.0,2
2024-05-06,1131,Toust_16,Bakery,256.93,236.89,0.0,55.04999923706055,0.0,51.02,11010.0,2
2024-05-07,1131,Toust_16,Bakery,271.43,307.44,0.0,55.04999923706055,0.0,15.01,13639.0,2
2024-05-08,1131,Toust_16,Bakery,239.39,254.4,0.0,55.04999923706055,0.0,0.0,10976.0,2
2024-05-09,1131,Toust_16,Bakery,314.89,251.41,0.0,55.04999923706055,0.0,63.48,10844.0,2
2024-05-10,1131,Toust_16,Bakery,265.93,277.96,0.0,55.04999923706055,0.0,51.45,11652.0,2
2024-05-11,1131,Toust_16,Bakery,205.0,223.08,0.0,55.04999923706055,0.0,33.37,10003.0,2
2024-05-12,1131,Toust_16,Bakery,260.25,237.23,0.0,55.04999923706055,0.0,56.4,10440.0,2
2024-05-13,1131,Toust_16,Bakery,217.26,247.27,0.0,55.04999923706055,0.0,26.39,11028.0,2
2024-05-14,1131,Toust_16,Bakery,316.71,278.18,0.0,55.04999923706055,0.0,64.92,10321.0,2
2024-05-15,1131,Toust_16,Bakery,215.28,185.56,0.0,55.04999923706055,0.0,94.64,10680.0,2
2024-05-16,1131,Toust_16,Bakery,199.06,293.7,0.0,55.04999923706055,0.0,0.0,11596.0,2
2024-05-17,1131,Toust_16,Bakery,326.21,325.76,0.0,55.04999923706055,0.0,0.45,12674.0,2
2024-05-18,1131,Toust_16,Bakery,282.79,269.24,0.0,55.04999923706055,0.0,14.0,9978.0,2
2024-05-19,1131,Toust_16,Bakery,280.61,258.14,0.0,55.04999923706055,0.0,36.47,10078.0,2
2024-05-06,1164,Physalis_1,Fruit and vegetable,22.44,24.39,0.0,88.37000274658203,0.0,39.51,11010.0,3
2024-05-07,1164,Physalis_1,Fruit and vegetable,0.46,37.16,0.0,88.37000274658203,0.0,2.81,13639.0,3
2024-05-08,1164,Physalis_1,Fruit and vegetable,43.01,13.94,0.0,88.37000274658203,0.0,31.87,10976.0,3
2024-05-09,1164,Physalis_1,Fruit and vegetable,0.0,27.93,0.0,88.37000274658203,0.0,3.94,10844.0,3
2024-05-10,1164,Physalis_1,Fruit and vegetable,36.6,22.44,0.0,88.37000274658203,0.0,18.11,11652.0,3
2024-05-11,1164,Physalis_1,Fruit and vegetable,6.68,24.79,0.0,88.37000274658203,0.0,0.0,10003.0,3
2024-05-12,1164,Physalis_1,Fruit and vegetable,52.72,52.72,0.0,88.37000274658203,0.0,0.0,10440.0,3
2024-05-13,1164,Physalis_1,Fruit and vegetable,40.4,33.09,0.0,88.37000274658203,0.0,7.31,11028.0,3
2024-05-14,1164,Physalis_1,Fruit and vegetable,45.72,31.69,0.0,88.37000274658203,0.0,21.34,10321.0,3
2024-05-15,1164,Physalis_1,Fruit and vegetable,11.92,33.26,0.0,88.37000274658203,0.0,0.0,10680.0,3
2024-05-16,1164,Physalis_1,Fruit and vegetable,40.64,32.83,0.0,88.37000274658203,0.0,7.81,11596.0,3
2024-05-17,1164,Physalis_1,Fruit and vegetable,27.1,32.41,0.0,88.37000274658203,0.0,2.5,12674.0,3
2024-05-19,1164,Physalis_1,Fruit and vegetable,55.72,58.22,0.0,88.37000274658203,0.0,0.0,10078.0,3
2024-05-06,1169,Pastry_98,Bakery,11.15,16.02,0.0,37.72999954223633,0.18334999680519104,12.89,11010.0,2
2024-05-07,1169,Pastry_98,Bakery,16.55,27.7,1.74,37.72999954223633,0.2335200011730194,0.0,13639.0,2
2024-05-08,1169,Pastry_98,Bakery,32.03,16.57,0.0,37.72999954223633,0.14574000239372253,15.46,10976.0,2
2024-05-09,1169,Pastry_98,Bakery,27.93,37.35,0.0,37.72999954223633,0.08212999999523163,6.04,10844.0,2
2024-05-10,1169,Pastry_98,Bakery,29.56,35.6,0.0,37.72999954223633,0.4000000059604645,0.0,11652.0,2
2024-05-11,1169,Pastry_98,Bakery,36.61,18.06,0.0,37.72999954223633,0.06428000330924988,18.55,10003.0,2
2024-05-12,1169,Pastry_98,Bakery,9.73,17.05,0.0,37.72999954223633,0.1468999981880188,11.23,10440.0,2
2024-05-13,1169,Pastry_98,Bakery,18.31,23.75,1.5,37.72999954223633,0.18995000422000885,4.29,11028.0,2
2024-05-14,1169,Pastry_98,Bakery,34.57,18.15,0.0,37.72999954223633,0.30000001192092896,20.71,10321.0,2
2024-05-15,1169,Pastry_98,Bakery,7.65,28.36,0.0,37.72999954223633,0.05437999963760376,0.0,10680.0,2
2024-05-16,1169,Pastry_98,Bakery,48.24,38.18,0.0,37.72999954223633,0.03819999843835831,10.06,11596.0,2
2024-05-17,1169,Pastry_98,Bakery,36.68,25.92,0.0,37.72999954223633,0.04393000155687332,20.82,12674.0,2
2024-05-18,1169,Pastry_98,Bakery,6.89,21.08,0.0,37.72999954223633,0.054260000586509705,6.63,9978.0,2
2024-05-19,1169,Pastry_98,Bakery,19.65,24.93,0.0,37.72999954223633,0.1595200002193451,1.35,10078.0,2
2024-05-06,1188,Tomato_48,Fruit and vegetable,49.45,69.69,0.0,108.93000030517578,0.0,0.0,11010.0,3
2024-05-07,1188,Tomato_48,Fruit and vegetable,116.14,116.14,0.0,108.93000030517578,0.0,0.0,13639.0,3
2024-05-08,1188,Tomato_48,Fruit and vegetable,98.18,92.21,0.0,108.93000030517578,0.0,5.97,10976.0,3
2024-05-09,1188,Tomato_48,Fruit and vegetable,95.75,56.5,0.0,108.93000030517578,0.0,45.22,10844.0,3
2024-05-10,1188,Tomato_48,Fruit and vegetable,54.4,80.09,0.0,108.93000030517578,0.0,19.53,11652.0,3
2024-05-11,1188,Tomato_48,Fruit and vegetable,65.35,62.66,0.0,108.93000030517578,0.0,22.22,10003.0,3
2024-05-12,1188,Tomato_48,Fruit and vegetable,74.46,80.03,0.0,108.93000030517578,0.0,16.65,10440.0,3
2024-05-13,1188,Tomato_48,Fruit and vegetable,499.19,515.84,0.0,108.91999816894531,0.39807000756263733,0.0,11028.0,3
2024-05-14,1188,Tomato_48,Fruit and vegetable,451.54,451.54,0.0,108.91999816894531,0.39807000756263733,0.0,10321.0,3
2024-05-15,1188,Tomato_48,Fruit and vegetable,519.12,519.12,0.0,108.91999816894531,0.39807000756263733,0.0,10680.0,3
2024-05-16,1188,Tomato_48,Fruit and vegetable,501.64,501.64,0.0,108.91999816894531,0.39807000756263733,0.0,11596.0,3
2024-05-17,1188,Tomato_48,Fruit and vegetable,574.53,574.53,0.0,108.91999816894531,0.39807000756263733,0.0,12674.0,3
2024-05-18,1188,Tomato_48,Fruit and vegetable,435.93,435.93,0.0,108.91999816894531,0.39807000756263733,0.0,9978.0,3
2024-05-19,1188,Tomato_48,Fruit and vegetable,484.57,484.57,0.0,108.91999816894531,0.39807000756263733,0.0,10078.0,3
2024-05-06,1196,Pumpkin_9,Fruit and vegetable,0.0,5.19,0.0,149.07000732421875,0.0,26.61,11010.0,3
2024-05-07,1196,Pumpkin_9,Fruit and vegetable,59.07,85.68,0.0,149.07000732421875,0.27430999279022217,0.0,13639.0,3
2024-05-08,1196,Pumpkin_9,Fruit and vegetable,68.81,68.81,0.0,149.07000732421875,0.30000999569892883,0.0,10976.0,3
2024-05-09,1196,Pumpkin_9,Fruit and vegetable,56.6,56.6,0.0,149.07000732421875,0.20002000033855438,0.0,10844.0,3
2024-05-10,1196,Pumpkin_9,Fruit and vegetable,48.47,16.44,0.0,149.0800018310547,0.0,32.03,11652.0,3
2024-05-11,1196,Pumpkin_9,Fruit and vegetable,19.44,14.02,0.0,149.0800018310547,0.0,37.44,10003.0,3
2024-05-12,1196,Pumpkin_9,Fruit and vegetable,19.52,12.79,0.0,149.0800018310547,0.0,44.17,10440.0,3
2024-05-13,1196,Pumpkin_9,Fruit and vegetable,7.76,3.78,5.22,149.07000732421875,0.0,42.93,11028.0,3
2024-05-14,1196,Pumpkin_9,Fruit and vegetable,100.23,4.44,15.66,149.07000732421875,0.0,123.06,10321.0,3
2024-05-15,1196,Pumpkin_9,Fruit and vegetable,0.0,18.61,15.08,149.07000732421875,0.0,89.38,10680.0,3
2024-05-16,1196,Pumpkin_9,Fruit and vegetable,0.0,29.23,0.0,149.07000732421875,0.0,60.15,11596.0,3
2024-05-19,1196,Pumpkin_9,Fruit and vegetable,27.6,12.87,60.15,149.07000732421875,0.0,14.73,10078.0,3
2024-05-06,1232,Blueberry_17,Fruit and vegetable,840.76,1059.02,0.0,47.7599983215332,0.0,159.21,11010.0,3
2024-05-07,1232,Blueberry_17,Fruit and vegetable,1022.27,1180.79,0.0,47.7599983215332,0.0,0.69,13639.0,3
2024-05-08,1232,Blueberry_17,Fruit and vegetable,1154.98,988.0,0.0,47.7599983215332,0.0,167.67,10976.0,3
2024-05-09,1232,Blueberry_17,Fruit and vegetable,954.94,1059.78,0.0,47.7599983215332,0.0,62.82,10844.0,3
2024-05-10,1232,Blueberry_17,Fruit and vegetable,1145.71,1208.53,0.0,47.7599983215332,0.0,0.0,11652.0,3
2024-05-11,1232,Blueberry_17,Fruit and vegetable,1033.2,911.39,0.0,47.7599983215332,0.0,121.81,10003.0,3
2024-05-12,1232,Blueberry_17,Fruit and vegetable,970.67,1092.48,0.0,47.7599983215332,0.0,0.0,10440.0,3
2024-05-13,1232,Blueberry_17,Fruit and vegetable,1191.28,1140.47,0.0,47.7599983215332,0.0,50.81,11028.0,3
2024-05-14,1232,Blueberry_17,Fruit and vegetable,1265.97,753.76,0.0,47.7599983215332,0.0,563.02,10321.0,3
2024-05-15,1232,Blueberry_17,Fruit and vegetable,620.9,1020.56,0.0,47.7599983215332,0.0,163.36,10680.0,3
2024-05-16,1232,Blueberry_17,Fruit and vegetable,1091.43,1114.34,0.0,47.7599983215332,0.0,140.44,11596.0,3
2024-05-17,1232,Blueberry_17,Fruit and vegetable,1267.36,1272.35,0.0,47.7599983215332,0.0,135.45,12674.0,3
2024-05-18,1232,Blueberry_17,Fruit and vegetable,992.11,951.78,0.0,47.7599983215332,0.0,175.78,9978.0,3
2024-05-19,1232,Blueberry_17,Fruit and vegetable,1126.92,1050.07,0.0,47.7599983215332,0.0,252.63,10078.0,3
2024-05-06,1262,Pastry_110,Bakery,23.57,15.73,18.28,46.47999954223633,0.0,7.84,10489.0,2
2024-05-07,1262,Pastry_110,Bakery,12.26,17.79,0.0,46.47999954223633,0.0,2.31,11934.0,2
2024-05-08,1262,Pastry_110,Bakery,31.15,17.23,0.0,46.47999954223633,0.0,16.23,13129.0,2
2024-05-09,1262,Pastry_110,Bakery,1.36,10.66,0.0,46.47999954223633,0.0,6.93,9788.0,2
2024-05-10,1262,Pastry_110,Bakery,21.48,12.11,5.57,46.47999954223633,0.0,10.73,11812.0,2
2024-05-11,1262,Pastry_110,Bakery,3.0,8.8,0.0,46.47999954223633,0.0,4.93,10380.0,2
2024-05-12,1262,Pastry_110,Bakery,4.93,0.0,1.93,46.47999954223633,0.0,7.93,11137.0,2
2024-05-13,1262,Pastry_110,Bakery,18.73,14.43,3.0,46.47999954223633,0.0,9.23,10741.0,2
2024-05-14,1262,Pastry_110,Bakery,16.74,25.97,0.0,46.47999954223633,0.0,0.0,10134.0,2
2024-05-15,1262,Pastry_110,Bakery,27.42,15.72,0.0,46.47999954223633,0.0,11.7,10531.0,2
2024-05-16,1262,Pastry_110,Bakery,8.99,10.51,0.0,46.47999954223633,0.0,10.19,10656.0,2
2024-05-17,1262,Pastry_110,Bakery,13.16,18.99,1.19,46.47999954223633,0.0,3.17,12751.0,2
2024-05-18,1262,Pastry_110,Bakery,16.15,12.18,0.0,46.47999954223633,0.0,7.13,11083.0,2
2024-05-19,1262,Pastry_110,Bakery,3.09,0.0,0.0,46.47999954223633,0.0,10.22,10476.0,2
2024-05-06,1270,Baguette_19,Bakery,155.64,124.66,0.0,32.119998931884766,0.0,68.26,10489.0,2
2024-05-07,1270,Baguette_19,Bakery,102.05,170.31,0.0,32.119998931884766,0.0,0.0,11934.0,2
2024-05-08,1270,Baguette_19,Bakery,171.19,70.36,0.0,32.119998931884766,0.0,100.83,13129.0,2
2024-05-09,1270,Baguette_19,Bakery,59.94,97.76,0.0,32.119998931884766,0.0,63.01,9788.0,2
2024-05-10,1270,Baguette_19,Bakery,151.91,198.13,3.07,32.119998931884766,0.0,13.72,11812.0,2
2024-05-11,1270,Baguette_19,Bakery,183.19,135.44,0.0,32.119998931884766,0.0,61.46,10380.0,2
2024-05-12,1270,Baguette_19,Bakery,123.55,100.83,0.0,32.119998931884766,0.0,84.18,11137.0,2
2024-05-13,1270,Baguette_19,Bakery,97.12,134.66,0.0,32.119998931884766,0.0,46.64,10741.0,2
2024-05-14,1270,Baguette_19,Bakery,180.35,163.71,0.0,32.119998931884766,0.0,63.28,10134.0,2
2024-05-15,1270,Baguette_19,Bakery,95.07,158.35,0.0,32.119998931884766,0.0,0.0,10531.0,2
2024-05-16,1270,Baguette_19,Bakery,164.42,164.42,0.0,32.119998931884766,0.0,0.0,10656.0,2
2024-05-17,1270,Baguette_19,Bakery,237.38,167.01,0.0,32.119998931884766,0.0,70.37,12751.0,2
2024-05-18,1270,Baguette_19,Bakery,117.54,187.91,0.0,32.119998931884766,0.0,0.0,11083.0,2
2024-05-19,1270,Baguette_19,Bakery,138.74,138.74,0.0,32.119998931884766,0.0,0.0,10476.0,2
2024-05-06,1278,Cucumber_18,Fruit and vegetable,485.82,326.15,0.0,81.62000274658203,0.0,159.67,11010.0,3
2024-05-07,1278,Cucumber_18,Fruit and vegetable,279.89,439.56,0.0,81.62000274658203,0.0,0.0,13639.0,3
2024-05-08,1278,Cucumber_18,Fruit and vegetable,461.61,318.67,0.0,81.62000274658203,0.0,142.94,10976.0,3
2024-05-09,1278,Cucumber_18,Fruit and vegetable,288.1,267.46,0.0,81.62000274658203,0.0,163.57,10844.0,3
2024-05-10,1278,Cucumber_18,Fruit and vegetable,183.17,321.87,0.0,81.62000274658203,0.0,24.87,11652.0,3
2024-05-11,1278,Cucumber_18,Fruit and vegetable,313.64,295.56,0.0,81.62000274658203,0.0,42.95,10003.0,3
2024-05-12,1278,Cucumber_18,Fruit and vegetable,358.62,344.88,0.0,81.62000274658203,0.0,56.69,10440.0,3
2024-05-13,1278,Cucumber_18,Fruit and vegetable,338.65,345.55,0.0,81.62000274658203,0.0,49.79,11028.0,3
2024-05-14,1278,Cucumber_18,Fruit and vegetable,459.26,323.01,0.0,81.62000274658203,0.0,186.03,10321.0,3
2024-05-15,1278,Cucumber_18,Fruit and vegetable,167.96,343.37,0.0,81.62000274658203,0.0,10.62,10680.0,3
2024-05-16,1278,Cucumber_18,Fruit and vegetable,364.94,375.56,0.0,81.62000274658203,0.0,0.0,11596.0,3
2024-05-17,1278,Cucumber_18,Fruit and vegetable,354.05,232.21,0.0,81.62000274658203,0.0,121.84,12674.0,3
2024-05-18,1278,Cucumber_18,Fruit and vegetable,233.67,286.6,0.0,81.62000274658203,0.0,68.91,9978.0,3
2024-05-19,1278,Cucumber_18,Fruit and vegetable,337.18,290.92,0.0,81.62000274658203,0.0,115.17,10078.0,3
2024-05-06,1280,Orange_14,Fruit and vegetable,1196.58,642.14,0.0,50.29999923706055,0.0,554.44,11010.0,3
2024-05-07,1280,Orange_14,Fruit and vegetable,759.33,633.82,0.0,49.29999923706055,0.0,679.96,13639.0,3
2024-05-08,1280,Orange_14,Fruit and vegetable,749.01,449.36,0.0,49.310001373291016,0.0,979.6,10976.0,3
2024-05-09,1280,Orange_14,Fruit and vegetable,520.44,453.28,0.0,49.310001373291016,0.0,1046.77,10844.0,3
2024-05-10,1280,Orange_14,Fruit and vegetable,519.0,684.86,0.0,49.310001373291016,0.0,880.91,11652.0,3
2024-05-11,1280,Orange_14,Fruit and vegetable,326.96,552.48,0.0,49.29999923706055,0.0,655.39,10003.0,3
2024-05-12,1280,Orange_14,Fruit and vegetable,643.37,639.03,0.0,49.29999923706055,0.0,659.73,10440.0,3
2024-05-13,1280,Orange_14,Fruit and vegetable,105.09,651.39,0.0,49.29999923706055,0.0,113.43,11028.0,3
2024-05-14,1280,Orange_14,Fruit and vegetable,644.44,622.66,0.0,49.29999923706055,0.0,135.21,10321.0,3
2024-05-15,1280,Orange_14,Fruit and vegetable,541.88,677.09,0.0,49.29999923706055,0.0,0.0,10680.0,3
2024-05-16,1280,Orange_14,Fruit and vegetable,1106.7,1106.7,0.0,49.29999923706055,0.15812000632286072,0.0,11596.0,3
2024-05-17,1280,Orange_14,Fruit and vegetable,1474.57,1474.57,0.0,49.29999923706055,0.20011000335216522,0.0,12674.0,3
2024-05-18,1280,Orange_14,Fruit and vegetable,990.54,639.56,0.0,49.29999923706055,0.0,350.98,9978.0,3
2024-05-19,1280,Orange_14,Fruit and vegetable,713.56,543.12,0.0,49.310001373291016,0.0,521.42,10078.0,3
2024-05-06,13,Melon_0,Fruit and vegetable,0.0,17.96,0.0,98.61000061035156,0.0,24.89,11010.0,3
2024-05-07,13,Melon_0,Fruit and vegetable,33.19,58.08,0.0,89.0999984741211,0.0,0.0,13639.0,3
2024-05-08,13,Melon_0,Fruit and vegetable,51.3,51.3,0.0,89.0999984741211,0.0,0.0,10976.0,3
2024-05-09,13,Melon_0,Fruit and vegetable,40.09,40.09,0.0,89.0999984741211,0.0,0.0,10844.0,3
2024-05-10,13,Melon_0,Fruit and vegetable,50.78,12.31,0.0,89.0999984741211,0.0,38.47,11652.0,3
2024-05-11,13,Melon_0,Fruit and vegetable,19.51,30.24,0.0,89.0999984741211,0.0,27.74,10003.0,3
2024-05-13,13,Melon_0,Fruit and vegetable,36.57,41.18,8.23,89.0999984741211,0.0,14.9,11028.0,3
2024-05-14,13,Melon_0,Fruit and vegetable,24.51,35.85,0.0,89.0999984741211,0.0,3.56,10321.0,3
2024-05-15,13,Melon_0,Fruit and vegetable,73.49,33.05,0.0,89.0999984741211,0.0,44.0,10680.0,3
2024-05-17,13,Melon_0,Fruit and vegetable,22.73,31.18,0.0,89.0999984741211,0.0,35.55,12674.0,3
2024-05-18,13,Melon_0,Fruit and vegetable,29.7,39.87,12.82,89.0999984741211,0.0,12.55,9978.0,3
2024-05-19,13,Melon_0,Fruit and vegetable,49.51,62.06,0.0,89.0999984741211,0.0,0.0,10078.0,3
2024-05-06,1336,Onion_25,Fruit and vegetable,133.51,141.09,0.0,34.689998626708984,0.0,0.0,11010.0,3
2024-05-07,1336,Onion_25,Fruit and vegetable,159.14,159.14,0.0,34.689998626708984,0.0,0.0,13639.0,3
2024-05-08,1336,Onion_25,Fruit and vegetable,150.34,150.34,0.0,34.689998626708984,0.0,0.0,10976.0,3
2024-05-09,1336,Onion_25,Fruit and vegetable,170.18,170.18,0.0,34.689998626708984,0.0,0.0,10844.0,3
2024-05-10,1336,Onion_25,Fruit and vegetable,142.72,124.31,0.0,34.689998626708984,0.0,18.41,11652.0,3
2024-05-11,1336,Onion_25,Fruit and vegetable,136.25,93.83,0.0,34.689998626708984,0.0,60.83,10003.0,3
2024-05-12,1336,Onion_25,Fruit and vegetable,81.28,140.58,0.0,34.689998626708984,0.0,1.53,10440.0,3
2024-05-13,1336,Onion_25,Fruit and vegetable,171.61,74.63,0.0,34.689998626708984,0.0,98.52,11028.0,3
2024-05-14,1336,Onion_25,Fruit and vegetable,105.56,72.86,0.0,34.689998626708984,0.0,131.22,10321.0,3
2024-05-15,1336,Onion_25,Fruit and vegetable,68.2,85.78,0.0,34.689998626708984,0.0,113.64,10680.0,3
2024-05-16,1336,Onion_25,Fruit and vegetable,103.95,136.48,0.0,34.689998626708984,0.0,81.11,11596.0,3
2024-05-17,1336,Onion_25,Fruit and vegetable,80.42,155.21,0.0,34.689998626708984,0.0,6.32,12674.0,3
2024-05-18,1336,Onion_25,Fruit and vegetable,131.67,104.31,0.0,34.689998626708984,0.0,33.68,9978.0,3
2024-05-19,1336,Onion_25,Fruit and vegetable,150.4,92.43,0.0,34.689998626708984,0.0,91.65,10078.0,3
2024-05-06,1365,Bread_103,Bakery,240.47,230.32,0.0,38.95000076293945,0.1501699984073639,58.47,10489.0,2
2024-05-07,1365,Bread_103,Bakery,257.52,250.53,0.0,38.95000076293945,0.1501699984073639,65.46,11934.0,2
2024-05-08,1365,Bread_103,Bakery,187.82,0.0,0.0,38.95000076293945,0.1501699984073639,253.28,13129.0,2
2024-05-09,1365,Bread_103,Bakery,132.21,245.62,65.46,38.95000076293945,0.1501699984073639,74.41,9788.0,2
2024-05-10,1365,Bread_103,Bakery,260.52,232.73,0.0,38.95000076293945,0.1501699984073639,102.2,11812.0,2
2024-05-11,1365,Bread_103,Bakery,235.8,240.25,0.0,38.95000076293945,0.1501699984073639,97.75,10380.0,2
2024-05-12,1365,Bread_103,Bakery,233.65,228.95,0.0,38.95000076293945,0.1501699984073639,102.45,11137.0,2
2024-05-13,1365,Bread_103,Bakery,243.5,252.42,0.0,38.95000076293945,0.1501699984073639,93.54,10741.0,2
2024-05-14,1365,Bread_103,Bakery,274.48,207.27,0.0,38.95000076293945,0.1501699984073639,160.75,10134.0,2
2024-05-15,1365,Bread_103,Bakery,44.96,205.71,0.0,38.95000076293945,0.1501699984073639,0.0,10531.0,2
2024-05-16,1365,Bread_103,Bakery,268.79,182.25,0.0,38.95000076293945,0.1501699984073639,86.54,10656.0,2
2024-05-17,1365,Bread_103,Bakery,177.02,228.5,0.0,38.95000076293945,0.1501699984073639,35.06,12751.0,2
2024-05-18,1365,Bread_103,Bakery,235.66,249.83,0.0,38.95000076293945,0.1501699984073639,20.89,11083.0,2
2024-05-19,1365,Bread_103,Bakery,240.49,207.24,0.0,38.95000076293945,0.1501699984073639,54.15,10476.0,2
2024-05-06,1411,Bell Pepper_10,Fruit and vegetable,174.66,207.28,0.0,42.90999984741211,0.0,66.06,11010.0,3
2024-05-07,1411,Bell Pepper_10,Fruit and vegetable,216.04,282.1,0.0,42.90999984741211,0.0,0.0,13639.0,3
2024-05-08,1411,Bell Pepper_10,Fruit and vegetable,231.75,231.75,0.0,42.90999984741211,0.0,0.0,10976.0,3
2024-05-09,1411,Bell Pepper_10,Fruit and vegetable,312.52,312.52,0.0,42.90999984741211,0.0,0.0,10844.0,3
2024-05-10,1411,Bell Pepper_10,Fruit and vegetable,306.86,264.15,0.0,42.90999984741211,0.0,42.71,11652.0,3
2024-05-11,1411,Bell Pepper_10,Fruit and vegetable,203.05,245.76,0.0,42.90999984741211,0.0,0.0,10003.0,3
2024-05-12,1411,Bell Pepper_10,Fruit and vegetable,209.31,197.45,0.0,42.90999984741211,0.0,11.86,10440.0,3
2024-05-13,1411,Bell Pepper_10,Fruit and vegetable,247.85,224.93,0.0,42.90999984741211,0.0,34.78,11028.0,3
2024-05-14,1411,Bell Pepper_10,Fruit and vegetable,296.54,171.12,0.0,42.90999984741211,0.0,160.19,10321.0,3
2024-05-15,1411,Bell Pepper_10,Fruit and vegetable,130.16,198.93,0.0,42.90999984741211,0.0,91.42,10680.0,3
2024-05-16,1411,Bell Pepper_10,Fruit and vegetable,282.35,205.59,0.0,42.90999984741211,0.0,168.18,11596.0,3
2024-05-17,1411,Bell Pepper_10,Fruit and vegetable,136.58,264.36,0.0,42.90999984741211,0.0,40.4,12674.0,3
2024-05-18,1411,Bell Pepper_10,Fruit and vegetable,246.04,182.45,0.0,42.90999984741211,0.0,103.99,9978.0,3
2024-05-19,1411,Bell Pepper_10,Fruit and vegetable,132.77,192.72,0.0,42.90999984741211,0.0,44.04,10078.0,3
2024-05-06,1449,Croissant_21,Bakery,33.22,3.48,11.06,28.760000228881836,0.0,29.74,11010.0,2
2024-05-07,1449,Croissant_21,Bakery,0.0,27.03,0.0,28.760000228881836,0.0,2.71,13639.0,2
2024-05-08,1449,Croissant_21,Bakery,16.26,0.0,2.71,28.760000228881836,0.0,16.26,10976.0,2
2024-05-09,1449,Croissant_21,Bakery,4.69,20.95,0.0,28.760000228881836,0.0,0.0,10844.0,2
2024-05-10,1449,Croissant_21,Bakery,27.83,17.26,0.0,28.760000228881836,0.0,10.57,11652.0,2
2024-05-11,1449,Croissant_21,Bakery,17.83,15.93,0.0,28.760000228881836,0.0,12.48,10003.0,2
2024-05-12,1449,Croissant_21,Bakery,19.39,0.0,0.0,28.760000228881836,0.0,31.87,10440.0,2
2024-05-13,1449,Croissant_21,Bakery,0.0,10.45,12.48,28.760000228881836,0.0,8.94,11028.0,2
2024-05-14,1449,Croissant_21,Bakery,40.16,12.32,8.94,28.760000228881836,0.0,27.84,10321.0,2
2024-05-15,1449,Croissant_21,Bakery,0.17,28.01,0.0,28.760000228881836,0.0,0.0,10680.0,2
2024-05-16,1449,Croissant_21,Bakery,32.2,10.37,0.0,28.760000228881836,0.0,21.83,11596.0,2
2024-05-17,1449,Croissant_21,Bakery,6.31,8.53,0.0,28.760000228881836,0.0,19.61,12674.0,2
2024-05-18,1449,Croissant_21,Bakery,20.49,24.8,13.3,28.760000228881836,0.0,2.0,9978.0,2
2024-05-19,1449,Croissant_21,Bakery,10.43,1.77,0.0,28.760000228881836,0.0,10.66,10078.0,2
2024-05-06,1453,Salmon_9,Meat and fish,50.1,21.37,0.0,180.5399932861328,0.0,28.73,11010.0,4
2024-05-07,1453,Salmon_9,Meat and fish,2.66,20.27,0.0,180.5399932861328,0.0,11.12,13639.0,4
2024-05-08,1453,Salmon_9,Meat and fish,24.9,10.45,0.0,180.5399932861328,0.0,25.57,10976.0,4
2024-05-09,1453,Salmon_9,Meat and fish,0.0,9.2,0.0,180.5399932861328,0.0,16.37,10844.0,4
2024-05-10,1453,Salmon_9,Meat and fish,2.8,13.54,0.0,180.5399932861328,0.0,5.64,11652.0,4
2024-05-11,1453,Salmon_9,Meat and fish,15.61,21.25,0.0,180.5399932861328,0.0,0.0,10003.0,4
2024-05-12,1453,Salmon_9,Meat and fish,35.45,18.89,0.0,180.5399932861328,0.0,16.56,10440.0,4
2024-05-14,1453,Salmon_9,Meat and fish,40.24,56.8,0.0,180.5399932861328,0.0,0.0,10321.0,4
2024-05-15,1453,Salmon_9,Meat and fish,41.11,14.34,0.0,180.5399932861328,0.0,26.77,10680.0,4
2024-05-16,1453,Salmon_9,Meat and fish,4.81,6.91,0.0,180.5399932861328,0.0,24.67,11596.0,4
2024-05-17,1453,Salmon_9,Meat and fish,6.19,25.21,0.0,180.5399932861328,0.0,5.65,12674.0,4
2024-05-18,1453,Salmon_9,Meat and fish,28.71,10.63,0.0,180.5399932861328,0.0,23.74,9978.0,4
2024-05-19,1453,Salmon_9,Meat and fish,18.72,24.75,0.0,180.5399932861328,0.0,17.71,10078.0,4
2024-05-06,1463,Potato_49,Fruit and vegetable,30.19,51.21,0.0,12.680000305175781,0.05268999934196472,0.0,11010.0,3
2024-05-07,1463,Potato_49,Fruit and vegetable,38.58,27.87,0.0,12.680000305175781,0.1568399965763092,10.71,13639.0,3
2024-05-08,1463,Potato_49,Fruit and vegetable,30.75,29.62,0.0,12.680000305175781,0.20000000298023224,11.84,10976.0,3
2024-05-09,1463,Potato_49,Fruit and vegetable,34.61,42.95,0.0,12.680000305175781,0.0611799992620945,3.49,10844.0,3
2024-05-10,1463,Potato_49,Fruit and vegetable,63.79,24.34,0.0,12.680000305175781,0.003659999929368496,42.94,11652.0,3
2024-05-11,1463,Potato_49,Fruit and vegetable,0.0,37.18,0.0,12.680000305175781,0.20000000298023224,5.76,10003.0,3
2024-05-12,1463,Potato_49,Fruit and vegetable,67.24,73.0,0.0,12.680000305175781,0.0,0.0,10440.0,3
2024-05-13,1463,Potato_49,Fruit and vegetable,72.92,23.91,0.0,12.680000305175781,0.0,49.01,11028.0,3
2024-05-14,1463,Potato_49,Fruit and vegetable,1.04,38.73,0.0,12.680000305175781,0.0,11.32,10321.0,3
2024-05-15,1463,Potato_49,Fruit and vegetable,42.95,54.27,0.0,12.680000305175781,0.0,0.0,10680.0,3
2024-05-16,1463,Potato_49,Fruit and vegetable,65.03,36.95,0.0,12.680000305175781,0.0,28.08,11596.0,3
2024-05-17,1463,Potato_49,Fruit and vegetable,27.4,55.48,0.0,12.680000305175781,0.0,0.0,12674.0,3
2024-05-18,1463,Potato_49,Fruit and vegetable,58.0,35.43,0.0,12.680000305175781,0.0,22.57,9978.0,3
2024-05-19,1463,Potato_49,Fruit and vegetable,71.46,37.7,0.0,12.680000305175781,0.0,56.33,10078.0,3
2024-05-06,1469,Pomegranate_3,Fruit and vegetable,20.96,22.64,0.0,71.31999969482422,0.0,12.99,11010.0,3
2024-05-07,1469,Pomegranate_3,Fruit and vegetable,25.86,38.85,0.0,71.31999969482422,0.0,0.0,13639.0,3
2024-05-08,1469,Pomegranate_3,Fruit and vegetable,66.59,27.88,0.0,71.31999969482422,0.0,38.71,10976.0,3
2024-05-09,1469,Pomegranate_3,Fruit and vegetable,7.77,29.68,0.0,71.31999969482422,0.0,16.79,10844.0,3
2024-05-10,1469,Pomegranate_3,Fruit and vegetable,19.47,36.26,0.0,71.31999969482422,0.0,0.0,11652.0,3
2024-05-11,1469,Pomegranate_3,Fruit and vegetable,44.26,44.26,0.0,71.31999969482422,0.0,0.0,10003.0,3
2024-05-12,1469,Pomegranate_3,Fruit and vegetable,41.16,35.15,0.0,71.31999969482422,0.0,6.01,10440.0,3
2024-05-13,1469,Pomegranate_3,Fruit and vegetable,25.96,24.31,0.0,71.31999969482422,0.0,7.66,11028.0,3
2024-05-15,1469,Pomegranate_3,Fruit and vegetable,40.01,28.01,0.0,71.31999969482422,0.0,19.66,10680.0,3
2024-05-16,1469,Pomegranate_3,Fruit and vegetable,26.99,46.65,0.0,71.31999969482422,0.0,0.0,11596.0,3
2024-05-17,1469,Pomegranate_3,Fruit and vegetable,56.28,56.28,0.0,71.31999969482422,0.0,0.0,12674.0,3
2024-05-18,1469,Pomegranate_3,Fruit and vegetable,50.5,17.71,0.0,71.31999969482422,0.0,32.79,9978.0,3
2024-05-19,1469,Pomegranate_3,Fruit and vegetable,29.02,28.29,0.0,71.31999969482422,0.0,33.53,10078.0,3
2024-05-06,1474,Mushroom_15,Fruit and vegetable,45.65,57.48,0.0,42.369998931884766,0.0,0.0,11010.0,3
2024-05-07,1474,Mushroom_15,Fruit and vegetable,41.0,34.63,0.0,42.369998931884766,0.053950000554323196,6.37,13639.0,3
2024-05-08,1474,Mushroom_15,Fruit and vegetable,35.07,25.79,0.0,42.369998931884766,0.06765999644994736,15.65,10976.0,3
2024-05-09,1474,Mushroom_15,Fruit and vegetable,21.47,27.93,0.0,42.369998931884766,0.20000000298023224,9.19,10844.0,3
2024-05-10,1474,Mushroom_15,Fruit and vegetable,37.13,44.89,0.0,42.369998931884766,0.0,1.43,11652.0,3
2024-05-11,1474,Mushroom_15,Fruit and vegetable,34.07,17.7,0.0,42.369998931884766,0.0,17.8,10003.0,3
2024-05-12,1474,Mushroom_15,Fruit and vegetable,32.84,24.6,0.0,42.369998931884766,0.0,26.04,10440.0,3
2024-05-13,1474,Mushroom_15,Fruit and vegetable,48.96,36.57,0.0,42.369998931884766,0.0,38.44,11028.0,3
2024-05-14,1474,Mushroom_15,Fruit and vegetable,7.74,31.69,0.0,42.369998931884766,0.0,14.49,10321.0,3
2024-05-15,1474,Mushroom_15,Fruit and vegetable,22.63,25.35,0.0,42.369998931884766,0.0,11.77,10680.0,3
2024-05-16,1474,Mushroom_15,Fruit and vegetable,32.92,44.69,0.0,42.369998931884766,0.0,0.0,11596.0,3
2024-05-17,1474,Mushroom_15,Fruit and vegetable,58.23,35.29,0.0,42.369998931884766,0.0,22.94,12674.0,3
2024-05-18,1474,Mushroom_15,Fruit and vegetable,7.17,30.11,0.0,42.369998931884766,0.0,0.0,9978.0,3
2024-05-19,1474,Mushroom_15,Fruit and vegetable,33.54,31.83,0.0,42.369998931884766,0.0,1.71,10078.0,3
2024-05-06,1479,Cracker_2,Bakery,27.97,13.93,0.0,15.779999732971191,0.0,14.04,11010.0,2
2024-05-07,1479,Cracker_2,Bakery,4.72,3.38,0.0,15.779999732971191,0.0,15.39,13639.0,2
2024-05-08,1479,Cracker_2,Bakery,44.07,48.79,10.66,15.779999732971191,0.0,0.0,10976.0,2
2024-05-09,1479,Cracker_2,Bakery,23.59,5.24,0.0,15.779999732971191,0.0,18.35,10844.0,2
2024-05-10,1479,Cracker_2,Bakery,10.07,17.26,0.0,15.779999732971191,0.0,11.17,11652.0,2
2024-05-11,1479,Cracker_2,Bakery,23.46,19.47,1.09,15.779999732971191,0.0,14.06,10003.0,2
2024-05-12,1479,Cracker_2,Bakery,26.39,22.84,0.0,15.779999732971191,0.0,17.61,10440.0,2
2024-05-13,1479,Cracker_2,Bakery,15.62,13.93,0.0,15.779999732971191,0.0,19.3,11028.0,2
2024-05-14,1479,Cracker_2,Bakery,72.41,88.03,3.68,15.779999732971191,0.0,0.0,10321.0,2
2024-05-15,1479,Cracker_2,Bakery,85.41,28.24,0.0,15.779999732971191,0.15025000274181366,57.17,10680.0,2
2024-05-16,1479,Cracker_2,Bakery,10.81,67.98,0.0,15.779999732971191,0.15025000274181366,0.0,11596.0,2
2024-05-17,1479,Cracker_2,Bakery,54.47,30.7,0.0,15.779999732971191,0.15025000274181366,23.77,12674.0,2
2024-05-18,1479,Cracker_2,Bakery,31.52,44.28,0.0,15.779999732971191,0.15025000274181366,11.01,9978.0,2
2024-05-19,1479,Cracker_2,Bakery,45.98,37.08,0.0,15.779999732971191,0.15025000274181366,19.91,10078.0,2
2024-05-06,1481,Cake_5,Bakery,8.73,9.09,2.83,82.33999633789062,0.15000000596046448,5.96,11010.0,2
2024-05-07,1481,Cake_5,Bakery,18.4,21.96,0.0,82.33999633789062,0.15000000596046448,2.4,13639.0,2
2024-05-08,1481,Cake_5,Bakery,34.07,11.99,0.0,82.33999633789062,0.15000000596046448,24.47,10976.0,2
2024-05-09,1481,Cake_5,Bakery,0.0,12.71,0.0,82.33999633789062,0.15000000596046448,11.76,10844.0,2
2024-05-10,1481,Cake_5,Bakery,38.85,12.07,11.76,82.33999633789062,0.15000000596046448,26.78,11652.0,2
2024-05-11,1481,Cake_5,Bakery,3.32,30.1,0.0,82.33999633789062,0.15000000596046448,0.0,10003.0,2
2024-05-12,1481,Cake_5,Bakery,23.62,10.51,0.0,82.33999633789062,0.15000000596046448,13.11,10440.0,2
2024-05-13,1481,Cake_5,Bakery,5.79,13.93,0.0,82.33999633789062,0.15000000596046448,4.97,11028.0,2
2024-05-14,1481,Cake_5,Bakery,26.2,9.05,0.0,82.33999633789062,0.15000000596046448,22.12,10321.0,2
2024-05-15,1481,Cake_5,Bakery,0.0,15.75,0.0,82.33999633789062,0.15000000596046448,6.37,10680.0,2
2024-05-16,1481,Cake_5,Bakery,21.75,14.7,6.37,82.33999633789062,0.15678000450134277,7.05,11596.0,2
2024-05-17,1481,Cake_5,Bakery,13.98,11.94,0.0,82.33999633789062,0.15000000596046448,9.09,12674.0,2
2024-05-18,1481,Cake_5,Bakery,29.98,15.84,0.0,82.33999633789062,0.15000000596046448,23.23,9978.0,2
2024-05-19,1481,Cake_5,Bakery,0.0,15.91,0.0,82.33999633789062,0.15000000596046448,7.32,10078.0,2
2024-05-06,1486,Watermelon_16,Fruit and vegetable,80.0,63.58,0.0,46.59000015258789,0.14889000356197357,39.97,11010.0,3
2024-05-07,1486,Watermelon_16,Fruit and vegetable,69.78,63.68,0.0,46.59000015258789,0.23228000104427338,46.07,13639.0,3
2024-05-08,1486,Watermelon_16,Fruit and vegetable,68.58,59.59,0.0,46.59000015258789,0.1234700009226799,55.06,10976.0,3
2024-05-09,1486,Watermelon_16,Fruit and vegetable,28.92,83.98,0.0,46.59000015258789,0.12155000120401382,0.0,10844.0,3
2024-05-10,1486,Watermelon_16,Fruit and vegetable,90.4,58.7,0.0,46.59000015258789,0.03412000089883804,31.7,11652.0,3
2024-05-11,1486,Watermelon_16,Fruit and vegetable,31.07,36.12,0.0,46.59000015258789,0.024940000846982002,26.65,10003.0,3
2024-05-12,1486,Watermelon_16,Fruit and vegetable,53.66,80.31,0.0,46.59000015258789,0.023420000448822975,0.0,10440.0,3
2024-05-13,1486,Watermelon_16,Fruit and vegetable,83.75,77.16,0.0,46.59000015258789,0.0,6.59,11028.0,3
2024-05-14,1486,Watermelon_16,Fruit and vegetable,78.28,74.83,0.0,46.59000015258789,0.0,10.04,10321.0,3
2024-05-15,1486,Watermelon_16,Fruit and vegetable,104.02,114.06,0.0,46.59000015258789,0.0,0.0,10680.0,3
2024-05-16,1486,Watermelon_16,Fruit and vegetable,122.7,122.7,0.0,46.59000015258789,0.0,0.0,11596.0,3
2024-05-17,1486,Watermelon_16,Fruit and vegetable,97.08,57.99,0.0,46.59000015258789,0.0,39.09,12674.0,3
2024-05-18,1486,Watermelon_16,Fruit and vegetable,35.52,68.57,0.0,46.59000015258789,0.0581899993121624,6.04,9978.0,3
2024-05-19,1486,Watermelon_16,Fruit and vegetable,104.97,49.33,0.0,46.59000015258789,0.054249998182058334,61.68,10078.0,3
2024-05-10,1487,Salmon_10,Meat and fish,108.03,71.94,65.9,118.11000061035156,0.0,36.09,11652.0,4
2024-05-11,1487,Salmon_10,Meat and fish,66.91,47.8,0.0,118.11000061035156,0.0,55.21,10003.0,4
2024-05-12,1487,Salmon_10,Meat and fish,53.89,70.29,0.0,118.11000061035156,0.0,38.81,10440.0,4
2024-05-13,1487,Salmon_10,Meat and fish,62.44,53.98,0.0,118.11000061035156,0.0,47.27,11028.0,4
2024-05-14,1487,Salmon_10,Meat and fish,164.6,98.6,0.0,118.11000061035156,0.0,113.26,10321.0,4
2024-05-15,1487,Salmon_10,Meat and fish,0.0,85.78,0.0,118.11000061035156,0.0,27.48,10680.0,4
2024-05-16,1487,Salmon_10,Meat and fish,23.13,47.8,0.0,118.11000061035156,0.0,2.82,11596.0,4
2024-05-06,1513,Salad_33,Fruit and vegetable,36.52,50.51,0.0,42.040000915527344,0.0,19.23,11010.0,3
2024-05-07,1513,Salad_33,Fruit and vegetable,65.23,84.46,0.0,42.040000915527344,0.0,0.0,13639.0,3
2024-05-08,1513,Salad_33,Fruit and vegetable,78.31,48.79,0.0,42.040000915527344,0.0,29.52,10976.0,3
2024-05-09,1513,Salad_33,Fruit and vegetable,56.77,50.63,0.0,42.040000915527344,0.0,35.66,10844.0,3
2024-05-10,1513,Salad_33,Fruit and vegetable,73.21,69.06,0.0,42.040000915527344,0.0,39.81,11652.0,3
2024-05-11,1513,Salad_33,Fruit and vegetable,33.57,65.51,0.0,42.040000915527344,0.0,7.87,10003.0,3
2024-05-12,1513,Salad_33,Fruit and vegetable,70.6,66.78,0.0,42.040000915527344,0.0,11.68,10440.0,3
2024-05-13,1513,Salad_33,Fruit and vegetable,59.72,71.4,0.0,42.040000915527344,0.0,0.0,11028.0,3
2024-05-14,1513,Salad_33,Fruit and vegetable,100.21,59.86,0.0,42.040000915527344,0.0,40.35,10321.0,3
2024-05-15,1513,Salad_33,Fruit and vegetable,36.67,77.02,0.0,42.040000915527344,0.0,0.0,10680.0,3
2024-05-16,1513,Salad_33,Fruit and vegetable,77.74,77.74,0.0,42.040000915527344,0.0,0.0,11596.0,3
2024-05-17,1513,Salad_33,Fruit and vegetable,77.23,73.34,0.0,42.040000915527344,0.0,3.89,12674.0,3
2024-05-18,1513,Salad_33,Fruit and vegetable,69.97,47.83,0.0,42.040000915527344,0.0,26.03,9978.0,3
2024-05-19,1513,Salad_33,Fruit and vegetable,54.48,49.51,0.0,42.040000915527344,0.0,31.0,10078.0,3
2024-05-06,1517,Shallot_1,Fruit and vegetable,33.13,22.64,0.0,26.93000030517578,0.0,20.52,11010.0,3
2024-05-07,1517,Shallot_1,Fruit and vegetable,22.2,35.47,0.0,26.93000030517578,0.0,7.26,13639.0,3
2024-05-08,1517,Shallot_1,Fruit and vegetable,39.75,34.85,0.0,26.93000030517578,0.0,12.16,10976.0,3
2024-05-09,1517,Shallot_1,Fruit and vegetable,29.02,38.41,0.0,26.93000030517578,0.0,2.77,10844.0,3
2024-05-10,1517,Shallot_1,Fruit and vegetable,58.78,43.16,0.0,26.93000030517578,0.0,18.39,11652.0,3
2024-05-11,1517,Shallot_1,Fruit and vegetable,22.93,14.16,0.0,26.93000030517578,0.0,27.16,10003.0,3
2024-05-12,1517,Shallot_1,Fruit and vegetable,10.71,24.6,0.0,26.93000030517578,0.0,13.27,10440.0,3
2024-05-13,1517,Shallot_1,Fruit and vegetable,22.49,27.86,0.0,26.93000030517578,0.0,7.9,11028.0,3
2024-05-14,1517,Shallot_1,Fruit and vegetable,40.07,17.61,0.0,26.93000030517578,0.0,30.35,10321.0,3
2024-05-15,1517,Shallot_1,Fruit and vegetable,18.25,21.01,0.0,26.93000030517578,0.0,27.6,10680.0,3
2024-05-16,1517,Shallot_1,Fruit and vegetable,24.5,19.0,0.0,26.93000030517578,0.0,33.1,11596.0,3
2024-05-17,1517,Shallot_1,Fruit and vegetable,22.36,46.05,0.0,26.93000030517578,0.0,9.41,12674.0,3
2024-05-18,1517,Shallot_1,Fruit and vegetable,20.7,30.11,0.0,26.93000030517578,0.0,0.0,9978.0,3
2024-05-19,1517,Shallot_1,Fruit and vegetable,37.03,33.59,0.0,26.93000030517578,0.0,3.44,10078.0,3
2024-05-06,152,Donut_1,Bakery,130.04,101.83,0.0,18.299999237060547,0.0,54.28,10489.0,2
2024-05-07,152,Donut_1,Bakery,131.16,141.07,0.0,18.299999237060547,0.0,44.37,11934.0,2
2024-05-08,152,Donut_1,Bakery,149.98,61.01,0.0,18.299999237060547,0.0,133.34,13129.0,2
2024-05-09,152,Donut_1,Bakery,124.08,133.3,0.0,18.299999237060547,0.0,124.11,9788.0,2
2024-05-10,152,Donut_1,Bakery,124.9,160.23,0.04,18.299999237060547,0.0,88.75,11812.0,2
2024-05-11,152,Donut_1,Bakery,197.09,162.87,0.0,18.299999237060547,0.0,122.97,10380.0,2
2024-05-12,152,Donut_1,Bakery,65.22,159.09,0.0,18.299999237060547,0.0,29.1,11137.0,2
2024-05-13,152,Donut_1,Bakery,137.73,166.83,0.0,18.299999237060547,0.0,0.0,10741.0,2
2024-05-14,152,Donut_1,Bakery,188.68,146.42,0.0,18.299999237060547,0.0,42.26,10134.0,2
2024-05-15,152,Donut_1,Bakery,120.25,162.51,0.0,18.299999237060547,0.0,0.0,10531.0,2
2024-05-16,152,Donut_1,Bakery,179.41,179.41,0.0,18.299999237060547,0.0,0.0,10656.0,2
2024-05-17,152,Donut_1,Bakery,177.39,177.39,0.0,18.299999237060547,0.0,0.0,12751.0,2
2024-05-18,152,Donut_1,Bakery,177.23,167.03,0.0,18.299999237060547,0.0,10.2,11083.0,2
2024-05-19,152,Donut_1,Bakery,163.23,158.96,0.0,18.299999237060547,0.0,14.47,10476.0,2
2024-05-06,1549,Pineapple_4,Fruit and vegetable,14.35,60.96,0.0,37.720001220703125,0.05375999957323074,2.37,11010.0,3
2024-05-07,1549,Pineapple_4,Fruit and vegetable,80.74,83.11,0.0,37.720001220703125,0.14247000217437744,0.0,13639.0,3
2024-05-08,1549,Pineapple_4,Fruit and vegetable,76.67,76.67,0.0,37.720001220703125,0.25,0.0,10976.0,3
2024-05-09,1549,Pineapple_4,Fruit and vegetable,75.38,58.86,0.0,37.720001220703125,0.04318000003695488,16.52,10844.0,3
2024-05-10,1549,Pineapple_4,Fruit and vegetable,76.4,63.88,0.0,37.720001220703125,0.0,29.04,11652.0,3
2024-05-11,1549,Pineapple_4,Fruit and vegetable,41.78,70.82,0.0,37.720001220703125,0.0,0.0,10003.0,3
2024-05-12,1549,Pineapple_4,Fruit and vegetable,66.78,66.78,0.0,37.720001220703125,0.0,0.0,10440.0,3
2024-05-13,1549,Pineapple_4,Fruit and vegetable,72.16,66.87,0.0,37.720001220703125,0.04140999913215637,5.29,11028.0,3
2024-05-14,1549,Pineapple_4,Fruit and vegetable,88.24,44.02,0.0,37.720001220703125,0.0,49.51,10321.0,3
2024-05-15,1549,Pineapple_4,Fruit and vegetable,40.47,56.02,0.0,37.720001220703125,0.0,33.96,10680.0,3
2024-05-16,1549,Pineapple_4,Fruit and vegetable,36.47,63.23,0.0,37.720001220703125,0.020419999957084656,7.2,11596.0,3
2024-05-17,1549,Pineapple_4,Fruit and vegetable,76.37,83.57,0.0,37.720001220703125,0.0,0.0,12674.0,3
2024-05-18,1549,Pineapple_4,Fruit and vegetable,86.56,62.0,0.0,37.720001220703125,0.0,24.56,9978.0,3
2024-05-19,1549,Pineapple_4,Fruit and vegetable,58.54,83.1,0.0,37.720001220703125,0.0,0.0,10078.0,3
2024-05-06,1580,Beef_17,Meat and fish,195.91,218.18,0.0,204.77000427246094,0.24118000268936157,0.0,11010.0,4
2024-05-07,1580,Beef_17,Meat and fish,333.19,333.19,0.0,204.77000427246094,0.24118000268936157,0.0,13639.0,4
2024-05-08,1580,Beef_17,Meat and fish,265.09,265.09,0.0,204.77000427246094,0.24118000268936157,0.0,10976.0,4
2024-05-09,1580,Beef_17,Meat and fish,276.85,276.85,0.0,204.77000427246094,0.24118000268936157,0.0,10844.0,4
2024-05-10,1580,Beef_17,Meat and fish,290.1,290.1,0.0,204.77000427246094,0.24118000268936157,0.0,11652.0,4
2024-05-13,1580,Beef_17,Meat and fish,181.74,17.76,0.0,204.77000427246094,0.0,163.98,11028.0,4
2024-05-14,1580,Beef_17,Meat and fish,24.28,5.69,0.0,204.77000427246094,0.0,182.57,10321.0,4
2024-05-15,1580,Beef_17,Meat and fish,206.78,18.78,0.0,204.77000427246094,0.0,370.57,10680.0,4
2024-05-16,1580,Beef_17,Meat and fish,154.28,43.04,0.0,204.77999877929688,0.0,481.8,11596.0,4
2024-05-17,1580,Beef_17,Meat and fish,55.75,51.75,96.47,204.77000427246094,0.0,389.33,12674.0,4
2024-05-06,1592,Tomato_66,Fruit and vegetable,279.92,58.68,0.0,399.489990234375,0.0,221.24,11010.0,3
2024-05-07,1592,Tomato_66,Fruit and vegetable,115.56,61.74,0.0,399.489990234375,0.0,275.05,13639.0,3
2024-05-08,1592,Tomato_66,Fruit and vegetable,6.65,39.17,0.0,399.5,0.0,242.54,10976.0,3
2024-05-09,1592,Tomato_66,Fruit and vegetable,212.85,42.48,120.33,399.489990234375,0.0,292.58,10844.0,3
2024-05-10,1592,Tomato_66,Fruit and vegetable,178.66,47.55,73.08,399.5,0.0,350.61,11652.0,3
2024-05-11,1592,Tomato_66,Fruit and vegetable,0.0,60.34,0.0,399.489990234375,0.0,290.27,10003.0,3
2024-05-13,1592,Tomato_66,Fruit and vegetable,354.27,67.67,290.27,399.5,0.0,286.6,11028.0,3
2024-05-14,1592,Tomato_66,Fruit and vegetable,0.0,51.53,0.0,399.489990234375,0.0,235.07,10321.0,3
2024-05-15,1592,Tomato_66,Fruit and vegetable,0.0,63.47,0.0,399.489990234375,0.0,171.6,10680.0,3
2024-05-16,1592,Tomato_66,Fruit and vegetable,53.12,51.74,171.6,399.5,0.0,1.38,11596.0,3
2024-05-17,1592,Tomato_66,Fruit and vegetable,52.74,33.31,0.0,399.489990234375,0.0,20.8,12674.0,3
2024-05-18,1592,Tomato_66,Fruit and vegetable,41.5,44.55,0.0,399.5,0.0,17.75,9978.0,3
2024-05-19,1592,Tomato_66,Fruit and vegetable,57.75,60.45,0.0,399.5,0.0,15.05,10078.0,3
2024-05-06,1635,Blueberry_25,Fruit and vegetable,80.33,155.02,0.0,173.3800048828125,0.0,26.29,11010.0,3
2024-05-07,1635,Blueberry_25,Fruit and vegetable,113.37,99.67,0.0,173.3800048828125,0.0,39.99,13639.0,3
2024-05-08,1635,Blueberry_25,Fruit and vegetable,77.3,76.67,0.0,173.3800048828125,0.0,40.61,10976.0,3
2024-05-09,1635,Blueberry_25,Fruit and vegetable,104.18,144.79,0.0,173.3800048828125,0.0,0.0,10844.0,3
2024-05-15,1635,Blueberry_25,Fruit and vegetable,129.46,78.95,0.0,173.3800048828125,0.0,50.51,10680.0,3
2024-05-16,1635,Blueberry_25,Fruit and vegetable,108.44,135.22,0.0,173.3800048828125,0.0,23.74,11596.0,3
2024-05-19,1635,Blueberry_25,Fruit and vegetable,123.27,88.4,23.74,173.3800048828125,0.0,34.87,10078.0,3
2024-05-06,1639,Sprout_3,Fruit and vegetable,34.93,38.32,0.0,38.310001373291016,0.0,8.93,11010.0,3
2024-05-07,1639,Sprout_3,Fruit and vegetable,24.85,33.78,0.0,38.310001373291016,0.0,0.0,13639.0,3
2024-05-08,1639,Sprout_3,Fruit and vegetable,35.35,24.39,0.0,38.310001373291016,0.0,10.96,10976.0,3
2024-05-09,1639,Sprout_3,Fruit and vegetable,29.36,27.93,0.0,38.310001373291016,0.0,12.39,10844.0,3
2024-05-10,1639,Sprout_3,Fruit and vegetable,44.94,32.8,0.0,38.310001373291016,0.0,24.53,11652.0,3
2024-05-11,1639,Sprout_3,Fruit and vegetable,8.53,28.33,0.0,38.310001373291016,0.0,4.73,10003.0,3
2024-05-12,1639,Sprout_3,Fruit and vegetable,43.49,33.39,0.0,38.310001373291016,0.0,14.82,10440.0,3
2024-05-13,1639,Sprout_3,Fruit and vegetable,29.46,41.79,0.0,38.310001373291016,0.0,2.49,11028.0,3
2024-05-14,1639,Sprout_3,Fruit and vegetable,48.57,51.06,0.0,38.310001373291016,0.0,0.0,10321.0,3
2024-05-15,1639,Sprout_3,Fruit and vegetable,36.24,31.51,0.0,38.310001373291016,0.0,4.73,10680.0,3
2024-05-16,1639,Sprout_3,Fruit and vegetable,33.88,36.28,0.0,38.310001373291016,0.0,2.33,11596.0,3
2024-05-17,1639,Sprout_3,Fruit and vegetable,40.32,32.41,0.0,38.310001373291016,0.0,10.24,12674.0,3
2024-05-18,1639,Sprout_3,Fruit and vegetable,30.5,40.74,0.0,38.310001373291016,0.0,0.0,9978.0,3
2024-05-19,1639,Sprout_3,Fruit and vegetable,42.29,33.59,0.0,38.310001373291016,0.0,8.7,10078.0,3
2024-05-06,165,Tortilla_0,Bakery,14.24,6.97,0.0,60.66999816894531,0.0,7.44,11010.0,2
2024-05-07,165,Tortilla_0,Bakery,26.34,33.78,0.0,60.66999816894531,0.0,0.0,13639.0,2
2024-05-08,165,Tortilla_0,Bakery,23.1,17.42,0.0,60.66999816894531,0.0,5.68,10976.0,2
2024-05-09,165,Tortilla_0,Bakery,18.65,15.71,0.0,60.66999816894531,0.0,8.62,10844.0,2
2024-05-10,165,Tortilla_0,Bakery,20.53,22.44,0.0,60.66999816894531,0.0,6.7,11652.0,2
2024-05-11,165,Tortilla_0,Bakery,19.72,21.25,0.0,60.66999816894531,0.0,5.17,10003.0,2
2024-05-12,165,Tortilla_0,Bakery,22.9,10.54,0.0,60.66999816894531,0.0,17.53,10440.0,2
2024-05-13,165,Tortilla_0,Bakery,1.62,19.15,0.0,60.66999816894531,0.0,0.0,11028.0,2
2024-05-14,165,Tortilla_0,Bakery,43.02,15.85,0.0,60.66999816894531,0.0,27.17,10321.0,2
2024-05-15,165,Tortilla_0,Bakery,0.0,15.75,0.0,60.66999816894531,0.0,11.42,10680.0,2
2024-05-16,165,Tortilla_0,Bakery,20.89,17.28,11.42,60.66999816894531,0.0,3.61,11596.0,2
2024-05-17,165,Tortilla_0,Bakery,23.94,17.06,0.0,60.66999816894531,0.0,10.49,12674.0,2
2024-05-18,165,Tortilla_0,Bakery,15.03,15.94,0.0,60.66999816894531,0.0,9.58,9978.0,2
2024-05-19,165,Tortilla_0,Bakery,25.78,35.36,0.0,60.66999816894531,0.0,0.0,10078.0,2
2024-05-06,1656,Snack_5,Bakery,0.0,15.68,0.0,25.200000762939453,0.0,8.14,11010.0,2
2024-05-07,1656,Snack_5,Bakery,15.2,15.2,8.14,25.200000762939453,0.0,0.0,13639.0,2
2024-05-08,1656,Snack_5,Bakery,17.0,12.2,0.0,25.200000762939453,0.0,4.8,10976.0,2
2024-05-09,1656,Snack_5,Bakery,20.64,12.22,0.0,25.200000762939453,0.0,13.22,10844.0,2
2024-05-10,1656,Snack_5,Bakery,12.68,25.9,0.0,25.200000762939453,0.0,0.0,11652.0,2
2024-05-11,1656,Snack_5,Bakery,22.67,17.7,0.0,25.200000762939453,0.0,4.97,10003.0,2
2024-05-12,1656,Snack_5,Bakery,7.2,7.03,0.0,25.200000762939453,0.0,5.14,10440.0,2
2024-05-13,1656,Snack_5,Bakery,22.72,27.86,0.0,25.200000762939453,0.0,0.0,11028.0,2
2024-05-14,1656,Snack_5,Bakery,24.92,17.61,0.0,25.200000762939453,0.0,7.31,10321.0,2
2024-05-15,1656,Snack_5,Bakery,39.95,47.26,0.0,25.200000762939453,0.10000000149011612,0.0,10680.0,2
2024-05-16,1656,Snack_5,Bakery,31.1,31.1,0.0,25.200000762939453,0.10000000149011612,0.0,11596.0,2
2024-05-17,1656,Snack_5,Bakery,42.2,37.52,0.0,25.200000762939453,0.10000000149011612,4.68,12674.0,2
2024-05-18,1656,Snack_5,Bakery,30.44,30.11,0.0,25.200000762939453,0.10000000149011612,5.01,9978.0,2
2024-05-06,1691,Apple_93,Fruit and vegetable,373.12,311.65,0.0,38.33000183105469,0.0,61.47,11010.0,3
2024-05-07,1691,Apple_93,Fruit and vegetable,318.7,380.17,0.0,38.33000183105469,0.0,0.0,13639.0,3
2024-05-08,1691,Apple_93,Fruit and vegetable,317.04,301.02,0.0,38.31999969482422,0.0,16.02,10976.0,3
2024-05-09,1691,Apple_93,Fruit and vegetable,336.2,273.66,0.0,38.31999969482422,0.0,78.56,10844.0,3
2024-05-10,1691,Apple_93,Fruit and vegetable,367.26,362.97,0.0,38.33000183105469,0.0,82.85,11652.0,3
2024-05-11,1691,Apple_93,Fruit and vegetable,204.57,184.46,0.0,38.33000183105469,0.0,102.97,10003.0,3
2024-05-12,1691,Apple_93,Fruit and vegetable,233.17,279.9,0.0,38.33000183105469,0.0,56.24,10440.0,3
2024-05-13,1691,Apple_93,Fruit and vegetable,337.99,316.79,0.0,38.33000183105469,0.0,77.44,11028.0,3
2024-05-14,1691,Apple_93,Fruit and vegetable,385.56,320.95,0.0,38.33000183105469,0.0,142.05,10321.0,3
2024-05-15,1691,Apple_93,Fruit and vegetable,230.27,276.46,0.0,38.31999969482422,0.0,95.86,10680.0,3
2024-05-16,1691,Apple_93,Fruit and vegetable,249.18,321.24,0.0,38.33000183105469,0.0,23.8,11596.0,3
2024-05-17,1691,Apple_93,Fruit and vegetable,411.66,349.67,0.0,38.33000183105469,0.0,85.8,12674.0,3
2024-05-18,1691,Apple_93,Fruit and vegetable,167.95,240.64,0.0,38.31999969482422,0.0,13.11,9978.0,3
2024-05-19,1691,Apple_93,Fruit and vegetable,313.87,288.05,0.0,38.33000183105469,0.0,38.93,10078.0,3
2024-05-06,1713,Baguette_25,Bakery,145.56,135.86,0.0,14.930000305175781,0.0,151.18,11010.0,2
2024-05-07,1713,Baguette_25,Bakery,166.81,256.77,5.62,14.930000305175781,0.0,55.6,13639.0,2
2024-05-08,1713,Baguette_25,Bakery,215.29,202.13,0.0,14.930000305175781,0.0,68.75,10976.0,2
2024-05-09,1713,Baguette_25,Bakery,186.84,130.95,0.0,14.930000305175781,0.0,124.64,10844.0,2
2024-05-10,1713,Baguette_25,Bakery,247.16,226.17,0.0,14.930000305175781,0.0,145.63,11652.0,2
2024-05-11,1713,Baguette_25,Bakery,149.95,169.96,0.0,14.930000305175781,0.0,125.63,10003.0,2
2024-05-12,1713,Baguette_25,Bakery,64.52,158.16,0.0,14.930000305175781,0.0,31.99,10440.0,2
2024-05-13,1713,Baguette_25,Bakery,164.34,182.84,0.0,14.930000305175781,0.0,13.49,11028.0,2
2024-05-14,1713,Baguette_25,Bakery,297.75,174.31,0.0,14.930000305175781,0.0,136.93,10321.0,2
2024-05-15,1713,Baguette_25,Bakery,104.34,185.56,0.0,14.930000305175781,0.0,55.71,10680.0,2
2024-05-16,1713,Baguette_25,Bakery,194.8,250.51,0.0,14.930000305175781,0.0,0.0,11596.0,2
2024-05-17,1713,Baguette_25,Bakery,279.71,279.71,0.0,14.930000305175781,0.0,0.0,12674.0,2
2024-05-18,1713,Baguette_25,Bakery,228.9,194.85,0.0,14.930000305175781,0.0,34.05,9978.0,2
2024-05-19,1713,Baguette_25,Bakery,180.75,173.27,0.0,14.930000305175781,0.0,41.53,10078.0,2
2024-05-06,1716,Spinach_9,Fruit and vegetable,43.16,27.87,0.0,95.38999938964844,0.0,15.29,11010.0,3
2024-05-07,1716,Spinach_9,Fruit and vegetable,28.63,43.92,0.0,95.38999938964844,0.0,0.0,13639.0,3
2024-05-08,1716,Spinach_9,Fruit and vegetable,52.46,38.74,0.0,95.38999938964844,0.0,13.72,10976.0,3
2024-05-09,1716,Spinach_9,Fruit and vegetable,27.23,19.21,0.0,95.38999938964844,0.0,21.75,10844.0,3
2024-05-10,1716,Spinach_9,Fruit and vegetable,13.47,22.44,0.0,95.38999938964844,0.0,12.77,11652.0,3
2024-05-11,1716,Spinach_9,Fruit and vegetable,21.38,30.1,0.0,95.38999938964844,0.0,4.05,10003.0,3
2024-05-12,1716,Spinach_9,Fruit and vegetable,46.68,38.66,0.0,95.38999938964844,0.0,12.07,10440.0,3
2024-05-13,1716,Spinach_9,Fruit and vegetable,27.55,13.93,0.0,95.38999938964844,0.0,25.7,11028.0,3
2024-05-14,1716,Spinach_9,Fruit and vegetable,32.78,31.94,0.0,95.38999938964844,0.0,26.53,10321.0,3
2024-05-15,1716,Spinach_9,Fruit and vegetable,24.52,36.66,0.0,95.38999938964844,0.0,14.39,10680.0,3
2024-05-16,1716,Spinach_9,Fruit and vegetable,16.66,22.82,0.0,95.38999938964844,0.0,8.23,11596.0,3
2024-05-19,1716,Spinach_9,Fruit and vegetable,33.7,18.21,8.23,95.38999938964844,0.0,15.49,10078.0,3
2024-05-06,1722,Bagel_8,Bakery,46.08,22.64,0.0,21.270000457763672,0.0,23.44,11010.0,2
2024-05-07,1722,Bagel_8,Bakery,25.55,48.99,0.0,21.270000457763672,0.0,0.0,13639.0,2
2024-05-08,1722,Bagel_8,Bakery,48.79,48.79,0.0,21.270000457763672,0.0,0.0,10976.0,2
2024-05-09,1722,Bagel_8,Bakery,40.01,26.19,0.0,21.270000457763672,0.0,13.82,10844.0,2
2024-05-10,1722,Bagel_8,Bakery,54.66,32.8,0.0,21.270000457763672,0.0,35.68,11652.0,2
2024-05-11,1722,Bagel_8,Bakery,14.84,37.18,0.0,21.270000457763672,0.0,13.34,10003.0,2
2024-05-12,1722,Bagel_8,Bakery,40.55,47.15,0.0,21.270000457763672,0.0,6.74,10440.0,2
2024-05-17,1722,Bagel_8,Bakery,36.79,36.79,6.74,21.270000457763672,0.0,0.0,12674.0,2
2024-05-18,1722,Bagel_8,Bakery,60.31,23.03,0.0,21.270000457763672,0.0,37.28,9978.0,2
2024-05-19,1722,Bagel_8,Bakery,23.93,45.97,0.0,21.270000457763672,0.0,15.24,10078.0,2
2024-05-06,1726,Lemon_9,Fruit and vegetable,544.04,553.9,0.0,42.83000183105469,0.413239985704422,0.0,11010.0,3
2024-05-07,1726,Lemon_9,Fruit and vegetable,538.06,538.06,0.0,42.83000183105469,0.413239985704422,0.0,13639.0,3
2024-05-08,1726,Lemon_9,Fruit and vegetable,393.32,393.32,0.0,42.83000183105469,0.4132300019264221,0.0,10976.0,3
2024-05-09,1726,Lemon_9,Fruit and vegetable,469.66,469.66,0.0,42.83000183105469,0.4132300019264221,0.0,10844.0,3
2024-05-10,1726,Lemon_9,Fruit and vegetable,509.31,509.31,0.0,42.83000183105469,0.4132300019264221,0.0,11652.0,3
2024-05-11,1726,Lemon_9,Fruit and vegetable,647.82,647.82,0.0,42.83000183105469,0.413239985704422,0.0,10003.0,3
2024-05-12,1726,Lemon_9,Fruit and vegetable,539.31,539.31,0.0,42.83000183105469,0.4132300019264221,0.0,10440.0,3
2024-05-15,1726,Lemon_9,Fruit and vegetable,654.23,83.47,0.0,42.83000183105469,0.0,570.76,10680.0,3
2024-05-16,1726,Lemon_9,Fruit and vegetable,198.76,134.76,0.0,42.83000183105469,0.0,634.76,11596.0,3
2024-05-17,1726,Lemon_9,Fruit and vegetable,29.16,138.15,0.0,42.83000183105469,0.0,525.76,12674.0,3
2024-05-18,1726,Lemon_9,Fruit and vegetable,539.99,120.45,297.85,42.83000183105469,0.0,647.45,9978.0,3
2024-05-19,1726,Lemon_9,Fruit and vegetable,251.04,68.95,78.31,42.83000183105469,0.0,751.23,10078.0,3
2024-05-06,1743,Pastry_132,Bakery,36.1,30.76,0.0,20.760000228881836,0.0,9.04,10489.0,2
2024-05-07,1743,Pastry_132,Bakery,39.87,48.91,0.0,20.760000228881836,0.0,0.0,11934.0,2
2024-05-08,1743,Pastry_132,Bakery,33.95,33.95,0.0,20.760000228881836,0.0,0.0,13129.0,2
2024-05-09,1743,Pastry_132,Bakery,47.27,24.88,0.0,20.760000228881836,0.0,22.39,9788.0,2
2024-05-10,1743,Pastry_132,Bakery,18.96,41.35,0.0,20.760000228881836,0.0,0.0,11812.0,2
2024-05-11,1743,Pastry_132,Bakery,58.05,29.9,0.0,20.760000228881836,0.0,28.15,10380.0,2
2024-05-12,1743,Pastry_132,Bakery,14.66,26.08,0.0,20.760000228881836,0.0,16.73,11137.0,2
2024-05-13,1743,Pastry_132,Bakery,27.17,24.48,2.07,20.760000228881836,0.0,17.35,10741.0,2
2024-05-14,1743,Pastry_132,Bakery,43.47,26.5,0.0,20.760000228881836,0.0,34.32,10134.0,2
2024-05-15,1743,Pastry_132,Bakery,7.51,26.32,0.0,20.760000228881836,0.15025000274181366,15.51,10531.0,2
2024-05-16,1743,Pastry_132,Bakery,27.74,35.25,8.0,20.760000228881836,0.15025000274181366,0.0,10656.0,2
2024-05-17,1743,Pastry_132,Bakery,49.24,13.63,0.0,20.760000228881836,0.15025000274181366,35.61,12751.0,2
2024-05-18,1743,Pastry_132,Bakery,2.66,26.1,0.0,20.760000228881836,0.15025000274181366,12.17,11083.0,2
2024-05-19,1743,Pastry_132,Bakery,31.51,29.43,9.51,20.760000228881836,0.15025000274181366,4.73,10476.0,2
2024-05-06,1821,Pastry_139,Bakery,18.65,12.19,0.0,25.520000457763672,0.0,6.46,11010.0,2
2024-05-07,1821,Pastry_139,Bakery,26.62,20.27,0.0,25.520000457763672,0.0,12.81,13639.0,2
2024-05-08,1821,Pastry_139,Bakery,20.6,15.68,0.0,25.520000457763672,0.0,17.73,10976.0,2
2024-05-09,1821,Pastry_139,Bakery,0.0,8.73,0.0,25.520000457763672,0.0,9.0,10844.0,2
2024-05-10,1821,Pastry_139,Bakery,37.21,31.08,9.0,25.520000457763672,0.0,6.13,11652.0,2
2024-05-11,1821,Pastry_139,Bakery,22.2,28.33,0.0,25.520000457763672,0.0,0.0,10003.0,2
2024-05-12,1821,Pastry_139,Bakery,39.58,15.82,0.0,25.520000457763672,0.0,23.76,10440.0,2
2024-05-13,1821,Pastry_139,Bakery,18.03,41.79,0.0,25.520000457763672,0.0,0.0,11028.0,2
2024-05-14,1821,Pastry_139,Bakery,34.7,17.61,0.0,25.520000457763672,0.0,17.09,10321.0,2
2024-05-15,1821,Pastry_139,Bakery,13.22,26.26,0.0,25.520000457763672,0.0,4.05,10680.0,2
2024-05-16,1821,Pastry_139,Bakery,20.14,24.19,0.0,25.520000457763672,0.0,0.0,11596.0,2
2024-05-17,1821,Pastry_139,Bakery,54.58,54.58,0.0,25.520000457763672,0.0,0.0,12674.0,2
2024-05-18,1821,Pastry_139,Bakery,46.04,8.86,0.0,25.520000457763672,0.0,37.18,9978.0,2
2024-05-19,1821,Pastry_139,Bakery,0.0,22.98,0.0,25.520000457763672,0.0,14.2,10078.0,2
2024-05-06,1828,Cake_8,Bakery,9.78,8.59,0.0,67.20999908447266,0.016750000417232513,1.19,11010.0,2
2024-05-07,1828,Cake_8,Bakery,22.46,23.65,0.0,67.20999908447266,0.0,0.0,13639.0,2
2024-05-09,1828,Cake_8,Bakery,16.05,10.95,0.0,67.20999908447266,0.0,5.1,10844.0,2
2024-05-10,1828,Cake_8,Bakery,17.37,17.75,0.0,67.20999908447266,0.15931999683380127,4.72,11652.0,2
2024-05-11,1828,Cake_8,Bakery,15.66,19.65,0.0,67.20999908447266,0.0014199999859556556,0.72,10003.0,2
2024-05-12,1828,Cake_8,Bakery,17.05,14.34,0.0,67.20999908447266,0.0,3.44,10440.0,2
2024-05-13,1828,Cake_8,Bakery,15.72,5.22,0.0,67.20999908447266,0.0,13.94,11028.0,2
2024-05-14,1828,Cake_8,Bakery,2.98,6.32,0.0,67.20999908447266,0.0536700002849102,10.6,10321.0,2
2024-05-15,1828,Cake_8,Bakery,35.32,38.3,7.62,67.20999908447266,0.0,0.0,10680.0,2
2024-05-16,1828,Cake_8,Bakery,25.28,11.56,0.0,67.20999908447266,0.0,13.72,11596.0,2
2024-05-17,1828,Cake_8,Bakery,18.3,11.94,0.0,67.20999908447266,0.0,20.08,12674.0,2
2024-05-18,1828,Cake_8,Bakery,15.72,14.33,1.78,67.20999908447266,0.007110000122338533,19.69,9978.0,2
2024-05-19,1828,Cake_8,Bakery,12.79,7.07,3.97,67.20999908447266,0.0,21.43,10078.0,2
2024-05-06,1843,Tomato_83,Fruit and vegetable,44.28,38.32,0.0,100.22000122070312,0.0,5.96,11010.0,3
2024-05-07,1843,Tomato_83,Fruit and vegetable,39.65,45.61,0.0,100.22000122070312,0.0,0.0,13639.0,3
2024-05-08,1843,Tomato_83,Fruit and vegetable,41.55,40.08,0.0,100.22000122070312,0.0,1.47,10976.0,3
2024-05-09,1843,Tomato_83,Fruit and vegetable,50.47,27.93,0.0,100.22000122070312,0.0,24.01,10844.0,3
2024-05-10,1843,Tomato_83,Fruit and vegetable,26.9,44.89,0.0,100.22000122070312,0.0,6.02,11652.0,3
2024-05-11,1843,Tomato_83,Fruit and vegetable,34.21,23.94,0.0,100.22000122070312,0.0,16.29,10003.0,3
2024-05-12,1843,Tomato_83,Fruit and vegetable,31.33,42.35,0.0,100.22000122070312,0.0,5.27,10440.0,3
2024-05-13,1843,Tomato_83,Fruit and vegetable,43.85,31.34,0.0,100.22000122070312,0.0,17.77,11028.0,3
2024-05-14,1843,Tomato_83,Fruit and vegetable,39.02,41.9,0.0,100.22000122070312,0.0,14.9,10321.0,3
2024-05-15,1843,Tomato_83,Fruit and vegetable,35.68,27.47,0.0,100.22000122070312,0.0,23.1,10680.0,3
2024-05-16,1843,Tomato_83,Fruit and vegetable,15.77,27.64,0.0,100.22000122070312,0.0,11.23,11596.0,3
2024-05-17,1843,Tomato_83,Fruit and vegetable,44.65,40.93,0.0,100.22000122070312,0.0,14.94,12674.0,3
2024-05-18,1843,Tomato_83,Fruit and vegetable,25.8,40.74,0.0,100.22000122070312,0.0,0.0,9978.0,3
2024-05-19,1843,Tomato_83,Fruit and vegetable,53.04,53.04,0.0,100.22000122070312,0.0,0.0,10078.0,3
2024-05-06,1878,Celery_13,Fruit and vegetable,55.15,45.29,0.0,54.0099983215332,0.0,17.23,11010.0,3
2024-05-07,1878,Celery_13,Fruit and vegetable,53.85,67.57,0.0,54.0099983215332,0.0,3.5,13639.0,3
2024-05-08,1878,Celery_13,Fruit and vegetable,71.43,74.93,0.0,54.0099983215332,0.0,0.0,10976.0,3
2024-05-09,1878,Celery_13,Fruit and vegetable,66.35,66.35,0.0,54.0099983215332,0.0,0.0,10844.0,3
2024-05-10,1878,Celery_13,Fruit and vegetable,99.98,56.97,0.0,54.0099983215332,0.0,43.01,11652.0,3
2024-05-11,1878,Celery_13,Fruit and vegetable,50.82,93.83,0.0,54.0099983215332,0.0,0.0,10003.0,3
2024-05-12,1878,Celery_13,Fruit and vegetable,62.61,49.2,0.0,54.0099983215332,0.0,13.41,10440.0,3
2024-05-13,1878,Celery_13,Fruit and vegetable,53.05,45.95,0.0,54.0099983215332,0.0,20.51,11028.0,3
2024-05-14,1878,Celery_13,Fruit and vegetable,68.06,27.33,0.0,54.0099983215332,0.0,61.24,10321.0,3
2024-05-15,1878,Celery_13,Fruit and vegetable,41.31,47.75,0.0,54.0099983215332,0.0,54.8,10680.0,3
2024-05-16,1878,Celery_13,Fruit and vegetable,38.06,31.79,0.0,54.0099983215332,0.0,61.07,11596.0,3
2024-05-17,1878,Celery_13,Fruit and vegetable,23.73,83.57,0.0,54.0099983215332,0.0,1.23,12674.0,3
2024-05-18,1878,Celery_13,Fruit and vegetable,124.78,46.06,0.0,54.0099983215332,0.0,79.95,9978.0,3
2024-05-19,1878,Celery_13,Fruit and vegetable,0.0,38.9,0.0,54.0099983215332,0.0,41.05,10078.0,3
2024-05-06,1884,Bread_153,Bakery,11.75,13.41,0.0,36.310001373291016,0.48471999168395996,12.12,11010.0,2
2024-05-07,1884,Bread_153,Bakery,37.42,32.43,0.37,36.310001373291016,0.143669992685318,16.74,13639.0,2
2024-05-08,1884,Bread_153,Bakery,1.7,12.77,0.0,36.310001373291016,0.18092000484466553,5.67,10976.0,2
2024-05-09,1884,Bread_153,Bakery,27.2,19.55,3.97,36.310001373291016,0.07367999851703644,9.35,10844.0,2
2024-05-10,1884,Bread_153,Bakery,11.94,15.71,0.0,36.310001373291016,0.0685499981045723,5.58,11652.0,2
2024-05-11,1884,Bread_153,Bakery,19.95,14.16,0.0,36.310001373291016,0.16752000153064728,11.37,10003.0,2
2024-05-12,1884,Bread_153,Bakery,6.71,9.14,0.0,36.310001373291016,0.011760000139474869,8.95,10440.0,2
2024-05-13,1884,Bread_153,Bakery,16.42,9.06,2.23,36.310001373291016,0.067610003054142,14.08,11028.0,2
2024-05-14,1884,Bread_153,Bakery,28.69,9.68,0.0,36.310001373291016,0.16609999537467957,33.09,10321.0,2
2024-05-15,1884,Bread_153,Bakery,0.0,16.98,4.4,36.310001373291016,0.3084700107574463,11.71,10680.0,2
2024-05-16,1884,Bread_153,Bakery,24.96,19.52,11.71,36.310001373291016,0.06865999847650528,5.44,11596.0,2
2024-05-17,1884,Bread_153,Bakery,15.67,14.33,0.0,36.310001373291016,0.16212999820709229,6.78,12674.0,2
2024-05-18,1884,Bread_153,Bakery,12.66,12.05,0.0,36.310001373291016,0.13864000141620636,7.4,9978.0,2
2024-05-19,1884,Bread_153,Bakery,7.03,12.55,0.0,36.310001373291016,0.0,1.88,10078.0,2
2024-05-06,1944,Kiwi_19,Fruit and vegetable,117.43,167.21,0.0,25.979999542236328,0.0,15.55,11010.0,3
2024-05-07,1944,Kiwi_19,Fruit and vegetable,171.96,187.51,0.0,25.979999542236328,0.0,0.0,13639.0,3
2024-05-08,1944,Kiwi_19,Fruit and vegetable,147.58,135.91,0.0,25.979999542236328,0.0,11.67,10976.0,3
2024-05-09,1944,Kiwi_19,Fruit and vegetable,155.74,148.4,0.0,25.979999542236328,0.0,19.0,10844.0,3
2024-05-10,1944,Kiwi_19,Fruit and vegetable,137.8,151.93,0.0,25.979999542236328,0.0,4.87,11652.0,3
2024-05-11,1944,Kiwi_19,Fruit and vegetable,138.54,143.41,0.0,25.979999542236328,0.0,0.0,10003.0,3
2024-05-12,1944,Kiwi_19,Fruit and vegetable,150.63,144.1,0.0,25.979999542236328,0.0,6.53,10440.0,3
2024-05-13,1944,Kiwi_19,Fruit and vegetable,183.28,127.12,0.0,25.979999542236328,0.0,62.69,11028.0,3
2024-05-14,1944,Kiwi_19,Fruit and vegetable,149.3,156.7,0.0,25.979999542236328,0.0,55.29,10321.0,3
2024-05-15,1944,Kiwi_19,Fruit and vegetable,93.36,129.54,0.0,25.979999542236328,0.0,19.11,10680.0,3
2024-05-16,1944,Kiwi_19,Fruit and vegetable,143.42,157.22,0.0,25.979999542236328,0.0,5.31,11596.0,3
2024-05-17,1944,Kiwi_19,Fruit and vegetable,163.54,168.85,0.0,25.979999542236328,0.0,0.0,12674.0,3
2024-05-18,1944,Kiwi_19,Fruit and vegetable,166.51,166.51,0.0,25.979999542236328,0.0,0.0,9978.0,3
2024-05-19,1944,Kiwi_19,Fruit and vegetable,165.66,143.21,0.0,25.979999542236328,0.0,22.45,10078.0,3
2024-05-06,1998,Bread_167,Bakery,65.78,57.24,16.11,63.630001068115234,0.0,17.19,10489.0,2
2024-05-07,1998,Bread_167,Bakery,57.1,55.89,0.0,63.630001068115234,0.0,18.4,11934.0,2
2024-05-08,1998,Bread_167,Bakery,65.02,83.42,0.0,63.630001068115234,0.0,0.0,13129.0,2
2024-05-09,1998,Bread_167,Bakery,74.96,56.79,0.0,63.630001068115234,0.0,18.17,9788.0,2
2024-05-10,1998,Bread_167,Bakery,72.9,51.62,0.0,63.630001068115234,0.0,39.45,11812.0,2
2024-05-11,1998,Bread_167,Bakery,38.3,29.9,0.0,63.630001068115234,0.0,47.84,10380.0,2
2024-05-12,1998,Bread_167,Bakery,0.0,0.0,9.55,63.630001068115234,0.0,38.3,11137.0,2
2024-05-13,1998,Bread_167,Bakery,90.8,41.97,38.3,63.630001068115234,0.0,48.83,10741.0,2
2024-05-14,1998,Bread_167,Bakery,40.26,46.72,0.0,63.630001068115234,0.0,42.37,10134.0,2
2024-05-15,1998,Bread_167,Bakery,75.88,52.78,2.11,63.630001068115234,0.0,63.36,10531.0,2
2024-05-16,1998,Bread_167,Bakery,18.66,46.14,0.0,63.630001068115234,0.0,35.88,10656.0,2
2024-05-17,1998,Bread_167,Bakery,56.74,74.0,17.22,63.630001068115234,0.0,1.4,12751.0,2
2024-05-18,1998,Bread_167,Bakery,57.55,41.76,0.0,63.630001068115234,0.0,17.18,11083.0,2
2024-05-19,1998,Bread_167,Bakery,11.11,0.0,0.0,63.630001068115234,0.0,28.29,10476.0,2
2024-05-06,2038,Bread_171,Bakery,36.36,38.32,0.0,59.939998626708984,0.0,4.45,11010.0,2
2024-05-07,2038,Bread_171,Bakery,46.27,48.99,0.0,59.939998626708984,0.0,1.73,13639.0,2
2024-05-08,2038,Bread_171,Bakery,34.86,36.59,0.0,59.939998626708984,0.0,0.0,10976.0,2
2024-05-09,2038,Bread_171,Bakery,51.53,31.43,0.0,59.939998626708984,0.0,20.1,10844.0,2
2024-05-10,2038,Bread_171,Bakery,39.52,39.71,0.0,59.939998626708984,0.0,19.91,11652.0,2
2024-05-11,2038,Bread_171,Bakery,8.62,23.02,0.0,59.939998626708984,0.0,5.51,10003.0,2
2024-05-12,2038,Bread_171,Bakery,26.97,21.09,0.0,59.939998626708984,0.0,11.39,10440.0,2
2024-05-13,2038,Bread_171,Bakery,39.47,17.41,0.0,59.939998626708984,0.0,33.45,11028.0,2
2024-05-14,2038,Bread_171,Bakery,30.1,14.09,0.0,59.939998626708984,0.0,49.47,10321.0,2
2024-05-15,2038,Bread_171,Bakery,19.05,15.75,19.36,59.939998626708984,0.0,33.4,10680.0,2
2024-05-16,2038,Bread_171,Bakery,24.26,27.64,14.35,59.939998626708984,0.0,15.67,11596.0,2
2024-05-17,2038,Bread_171,Bakery,37.2,52.87,0.0,59.939998626708984,0.0,0.0,12674.0,2
2024-05-18,2038,Bread_171,Bakery,40.06,26.57,0.0,59.939998626708984,0.0,13.49,9978.0,2
2024-05-19,2038,Bread_171,Bakery,24.64,21.22,0.0,59.939998626708984,0.0,16.91,10078.0,2
2024-05-06,2054,Chicken_77,Meat and fish,22.69,12.61,0.0,196.5,0.06917999684810638,19.86,11010.0,4
2024-05-07,2054,Chicken_77,Meat and fish,23.86,22.82,0.0,196.50999450683594,0.0,20.9,13639.0,4
2024-05-08,2054,Chicken_77,Meat and fish,0.0,18.17,0.0,196.50999450683594,0.0,2.73,10976.0,4
2024-05-09,2054,Chicken_77,Meat and fish,21.17,9.01,0.0,196.5,0.0,14.89,10844.0,4
2024-05-10,2054,Chicken_77,Meat and fish,20.49,19.22,0.0,196.50999450683594,0.0,16.16,11652.0,4
2024-05-11,2054,Chicken_77,Meat and fish,2.64,8.3,0.0,196.50999450683594,0.0804700031876564,10.5,10003.0,4
2024-05-12,2054,Chicken_77,Meat and fish,12.4,7.82,0.0,196.50999450683594,0.05397000163793564,15.08,10440.0,4
2024-05-13,2054,Chicken_77,Meat and fish,10.71,25.79,0.0,196.5,0.05276000127196312,0.0,11028.0,4
2024-05-14,2054,Chicken_77,Meat and fish,32.35,13.28,0.0,196.5,0.04707000032067299,19.07,10321.0,4
2024-05-15,2054,Chicken_77,Meat and fish,7.81,3.13,0.0,196.5,0.1526300013065338,23.75,10680.0,4
2024-05-16,2054,Chicken_77,Meat and fish,0.0,14.46,0.0,196.5,0.05493000149726868,9.29,11596.0,4
2024-05-17,2054,Chicken_77,Meat and fish,19.71,14.0,0.0,196.5,0.0692799985408783,15.01,12674.0,4
2024-05-18,2054,Chicken_77,Meat and fish,2.5,16.42,0.0,196.5,0.1198199987411499,1.09,9978.0,4
2024-05-19,2054,Chicken_77,Meat and fish,15.79,9.76,0.0,196.5,0.0,7.12,10078.0,4
2024-05-06,2084,Radish_13,Fruit and vegetable,0.0,651.44,467.1,18.440000534057617,0.0,362.51,11010.0,3
2024-05-07,2084,Radish_13,Fruit and vegetable,651.04,1013.55,0.0,18.440000534057617,0.0,0.0,13639.0,3
2024-05-08,2084,Radish_13,Fruit and vegetable,901.7,831.17,0.0,18.440000534057617,0.0,70.53,10976.0,3
2024-05-09,2084,Radish_13,Fruit and vegetable,1012.2,981.22,0.0,18.440000534057617,0.0,101.51,10844.0,3
2024-05-10,2084,Radish_13,Fruit and vegetable,1073.47,992.72,0.0,18.440000534057617,0.0,182.27,11652.0,3
2024-05-11,2084,Radish_13,Fruit and vegetable,654.15,793.16,0.0,18.440000534057617,0.0,43.26,10003.0,3
2024-05-12,2084,Radish_13,Fruit and vegetable,881.07,924.33,0.0,18.440000534057617,0.0,0.0,10440.0,3
2024-05-13,2084,Radish_13,Fruit and vegetable,950.78,950.78,0.0,18.440000534057617,0.0,0.0,11028.0,3
2024-05-14,2084,Radish_13,Fruit and vegetable,1121.17,875.05,0.0,18.440000534057617,0.0,246.12,10321.0,3
2024-05-15,2084,Radish_13,Fruit and vegetable,682.53,750.98,0.0,18.440000534057617,0.0,177.68,10680.0,3
2024-05-16,2084,Radish_13,Fruit and vegetable,923.23,1005.49,0.0,18.440000534057617,0.0,95.42,11596.0,3
2024-05-17,2084,Radish_13,Fruit and vegetable,1042.19,1137.61,0.0,18.440000534057617,0.0,0.0,12674.0,3
2024-05-18,2084,Radish_13,Fruit and vegetable,960.3,752.82,0.0,18.440000534057617,0.0,207.48,9978.0,3
2024-05-19,2084,Radish_13,Fruit and vegetable,893.21,832.76,0.0,18.440000534057617,0.0,267.93,10078.0,3
2024-05-06,2107,Herb_15,Fruit and vegetable,27.51,34.12,0.0,21.229999542236328,0.0,0.0,11010.0,3
2024-05-07,2107,Herb_15,Fruit and vegetable,24.12,16.89,0.0,21.229999542236328,0.0,7.23,13639.0,3
2024-05-08,2107,Herb_15,Fruit and vegetable,13.45,7.48,0.0,21.229999542236328,0.0,13.2,10976.0,3
2024-05-09,2107,Herb_15,Fruit and vegetable,9.77,10.48,0.0,21.229999542236328,0.0,12.5,10844.0,3
2024-05-10,2107,Herb_15,Fruit and vegetable,12.28,15.54,0.0,21.229999542236328,0.0,9.24,11652.0,3
2024-05-11,2107,Herb_15,Fruit and vegetable,21.2,19.47,0.0,21.229999542236328,0.0,10.97,10003.0,3
2024-05-12,2107,Herb_15,Fruit and vegetable,28.53,39.5,0.0,21.229999542236328,0.0,0.0,10440.0,3
2024-05-13,2107,Herb_15,Fruit and vegetable,49.4,23.75,0.0,21.229999542236328,0.0,25.65,11028.0,3
2024-05-14,2107,Herb_15,Fruit and vegetable,4.71,12.32,0.0,21.229999542236328,0.0,18.04,10321.0,3
2024-05-15,2107,Herb_15,Fruit and vegetable,3.28,19.26,0.0,21.229999542236328,0.0,2.07,10680.0,3
2024-05-16,2107,Herb_15,Fruit and vegetable,20.83,15.55,0.0,21.229999542236328,0.0,7.35,11596.0,3
2024-05-17,2107,Herb_15,Fruit and vegetable,19.76,24.7,0.0,21.229999542236328,0.0,2.4,12674.0,3
2024-05-18,2107,Herb_15,Fruit and vegetable,28.34,17.71,0.0,21.229999542236328,0.0,13.04,9978.0,3
2024-05-19,2107,Herb_15,Fruit and vegetable,37.88,19.45,0.0,21.229999542236328,0.0,31.47,10078.0,3
2024-05-06,2128,Chicken_80,Meat and fish,263.21,299.49,0.0,157.89999389648438,0.0,77.95,11010.0,4
2024-05-07,2128,Chicken_80,Meat and fish,373.77,451.72,0.0,157.89999389648438,0.0,0.0,13639.0,4
2024-05-08,2128,Chicken_80,Meat and fish,409.83,342.35,0.0,157.89999389648438,0.0,67.48,10976.0,4
2024-05-09,2128,Chicken_80,Meat and fish,345.35,343.11,0.0,157.89999389648438,0.0,69.71,10844.0,4
2024-05-10,2128,Chicken_80,Meat and fish,478.47,428.58,0.0,157.89999389648438,0.0,119.6,11652.0,4
2024-05-11,2128,Chicken_80,Meat and fish,270.37,264.03,0.0,157.89999389648438,0.0,125.94,10003.0,4
2024-05-12,2128,Chicken_80,Meat and fish,218.13,273.78,0.0,157.89999389648438,0.0,70.3,10440.0,4
2024-05-13,2128,Chicken_80,Meat and fish,322.77,299.41,0.0,157.89999389648438,0.0,93.65,11028.0,4
2024-05-14,2128,Chicken_80,Meat and fish,451.65,265.74,0.0,157.89999389648438,0.0,279.56,10321.0,4
2024-05-15,2128,Chicken_80,Meat and fish,139.2,299.73,0.0,157.89999389648438,0.006550000049173832,119.04,10680.0,4
2024-05-16,2128,Chicken_80,Meat and fish,299.36,340.45,0.0,157.89999389648438,0.0,77.95,11596.0,4
2024-05-17,2128,Chicken_80,Meat and fish,425.62,470.41,0.0,157.89999389648438,0.0,33.15,12674.0,4
2024-05-18,2128,Chicken_80,Meat and fish,324.34,327.03,0.0,157.89999389648438,0.0,30.46,9978.0,4
2024-05-19,2128,Chicken_80,Meat and fish,332.02,304.16,0.0,157.89999389648438,0.08060000091791153,58.32,10078.0,4
2024-05-06,2165,Herb_17,Fruit and vegetable,136.51,127.15,0.0,29.510000228881836,0.0,9.36,11010.0,3
2024-05-07,2165,Herb_17,Fruit and vegetable,130.85,140.21,0.0,29.510000228881836,0.0,0.0,13639.0,3
2024-05-08,2165,Herb_17,Fruit and vegetable,128.22,101.06,0.0,29.510000228881836,0.0,27.16,10976.0,3
2024-05-09,2165,Herb_17,Fruit and vegetable,134.78,78.57,0.0,29.510000228881836,0.0,83.37,10844.0,3
2024-05-10,2165,Herb_17,Fruit and vegetable,75.4,115.67,0.0,29.510000228881836,0.0,43.09,11652.0,3
2024-05-11,2165,Herb_17,Fruit and vegetable,128.5,100.92,0.0,29.510000228881836,0.0,70.67,10003.0,3
2024-05-12,2165,Herb_17,Fruit and vegetable,87.63,103.68,0.0,29.510000228881836,0.0,54.62,10440.0,3
2024-05-13,2165,Herb_17,Fruit and vegetable,98.28,90.55,0.0,29.510000228881836,0.0,62.35,11028.0,3
2024-05-14,2165,Herb_17,Fruit and vegetable,102.88,77.47,0.0,29.510000228881836,0.0,87.76,10321.0,3
2024-05-15,2165,Herb_17,Fruit and vegetable,31.18,112.03,0.0,29.510000228881836,0.0,6.91,10680.0,3
2024-05-16,2165,Herb_17,Fruit and vegetable,115.75,122.66,0.0,29.510000228881836,0.0,0.0,11596.0,3
2024-05-17,2165,Herb_17,Fruit and vegetable,135.5,126.21,0.0,29.510000228881836,0.0,9.29,12674.0,3
2024-05-18,2165,Herb_17,Fruit and vegetable,113.78,111.59,0.0,29.510000228881836,0.0,11.48,9978.0,3
2024-05-19,2165,Herb_17,Fruit and vegetable,114.44,83.1,0.0,29.510000228881836,0.0,42.82,10078.0,3
2024-05-06,2174,Chicken_85,Meat and fish,31.35,37.8,0.0,405.55999755859375,0.023399999365210533,2.11,11010.0,4
2024-05-07,2174,Chicken_85,Meat and fish,63.73,59.38,0.0,405.55999755859375,0.0,6.46,13639.0,4
2024-05-08,2174,Chicken_85,Meat and fish,40.44,46.7,0.0,405.55999755859375,0.0,0.2,10976.0,4
2024-05-09,2174,Chicken_85,Meat and fish,49.23,24.91,0.0,405.55999755859375,0.013419999741017818,24.52,10844.0,4
2024-05-10,2174,Chicken_85,Meat and fish,36.15,37.29,0.0,405.55999755859375,0.0,23.38,11652.0,4
2024-05-11,2174,Chicken_85,Meat and fish,33.31,56.69,0.0,405.55999755859375,0.0,0.0,10003.0,4
2024-05-12,2174,Chicken_85,Meat and fish,51.81,45.23,0.0,405.55999755859375,0.0,6.58,10440.0,4
2024-05-13,2174,Chicken_85,Meat and fish,96.7,103.28,0.0,405.55999755859375,0.0,0.0,11028.0,4
2024-05-14,2174,Chicken_85,Meat and fish,91.24,31.64,0.0,405.55999755859375,0.0,59.6,10321.0,4
2024-05-15,2174,Chicken_85,Meat and fish,20.32,30.2,0.0,405.55999755859375,0.0,49.73,10680.0,4
2024-05-16,2174,Chicken_85,Meat and fish,9.71,25.71,0.0,405.55999755859375,0.0,33.72,11596.0,4
2024-05-17,2174,Chicken_85,Meat and fish,37.95,45.98,0.0,405.55999755859375,0.0,25.7,12674.0,4
2024-05-18,2174,Chicken_85,Meat and fish,64.95,39.39,0.0,405.55999755859375,0.0,51.26,9978.0,4
2024-05-19,2174,Chicken_85,Meat and fish,27.81,31.67,0.0,405.55999755859375,0.008220000192523003,47.4,10078.0,4
2024-05-06,2227,Parsley_11,Fruit and vegetable,59.25,65.86,0.0,127.70999908447266,0.0,0.0,11010.0,3
2024-05-07,2227,Parsley_11,Fruit and vegetable,68.3,68.3,0.0,127.70999908447266,0.0,0.0,13639.0,3
2024-05-08,2227,Parsley_11,Fruit and vegetable,78.73,78.73,0.0,127.69000244140625,0.0,0.0,10976.0,3
2024-05-09,2227,Parsley_11,Fruit and vegetable,76.95,60.04,0.0,127.70999908447266,0.0,16.91,10844.0,3
2024-05-10,2227,Parsley_11,Fruit and vegetable,79.24,77.26,0.0,127.70999908447266,0.0,18.89,11652.0,3
2024-05-11,2227,Parsley_11,Fruit and vegetable,51.73,56.97,0.0,127.70999908447266,0.0,13.65,10003.0,3
2024-05-12,2227,Parsley_11,Fruit and vegetable,73.85,49.96,0.0,127.70999908447266,0.0,37.54,10440.0,3
2024-05-13,2227,Parsley_11,Fruit and vegetable,41.8,60.23,0.0,127.70999908447266,0.0,19.11,11028.0,3
2024-05-14,2227,Parsley_11,Fruit and vegetable,62.88,56.64,0.0,127.70999908447266,0.0,25.35,10321.0,3
2024-05-15,2227,Parsley_11,Fruit and vegetable,67.35,56.66,0.0,127.69000244140625,0.0,36.03,10680.0,3
2024-05-16,2227,Parsley_11,Fruit and vegetable,41.32,77.35,0.0,127.70999908447266,0.0,0.0,11596.0,3
2024-05-17,2227,Parsley_11,Fruit and vegetable,91.08,80.47,0.0,127.70999908447266,0.0,10.61,12674.0,3
2024-05-18,2227,Parsley_11,Fruit and vegetable,61.19,63.95,0.0,127.70999908447266,0.0,7.84,9978.0,3
2024-05-19,2227,Parsley_11,Fruit and vegetable,56.6,55.38,0.0,127.70999908447266,0.0,9.06,10078.0,3
2024-05-06,2236,Beet_5,Fruit and vegetable,0.0,107.99,41.46,19.049999237060547,0.0,112.4,11010.0,3
2024-05-07,2236,Beet_5,Fruit and vegetable,57.07,148.65,0.0,19.049999237060547,0.0,20.81,13639.0,3
2024-05-08,2236,Beet_5,Fruit and vegetable,97.5,113.26,0.0,19.049999237060547,0.0,5.06,10976.0,3
2024-05-09,2236,Beet_5,Fruit and vegetable,131.28,106.5,0.0,19.049999237060547,0.0,29.84,10844.0,3
2024-05-10,2236,Beet_5,Fruit and vegetable,132.48,117.4,0.0,19.049999237060547,0.0,44.92,11652.0,3
2024-05-11,2236,Beet_5,Fruit and vegetable,93.17,138.09,0.0,19.049999237060547,0.0,0.0,10003.0,3
2024-05-12,2236,Beet_5,Fruit and vegetable,142.35,119.5,0.0,19.049999237060547,0.0,22.85,10440.0,3
2024-05-13,2236,Beet_5,Fruit and vegetable,105.44,80.1,0.0,19.049999237060547,0.0,48.19,11028.0,3
2024-05-14,2236,Beet_5,Fruit and vegetable,128.78,93.32,0.0,19.049999237060547,0.0,83.64,10321.0,3
2024-05-15,2236,Beet_5,Fruit and vegetable,53.73,115.54,0.0,19.049999237060547,0.0,21.83,10680.0,3
2024-05-16,2236,Beet_5,Fruit and vegetable,108.9,107.11,0.0,19.049999237060547,0.0,23.62,11596.0,3
2024-05-17,2236,Beet_5,Fruit and vegetable,117.99,134.74,0.0,19.049999237060547,0.0,6.86,12674.0,3
2024-05-18,2236,Beet_5,Fruit and vegetable,158.15,92.11,0.0,19.049999237060547,0.0,72.9,9978.0,3
2024-05-19,2236,Beet_5,Fruit and vegetable,70.69,114.92,0.0,19.049999237060547,0.0,28.67,10078.0,3
2024-05-06,2248,Mango_9,Fruit and vegetable,25.03,31.35,0.0,61.40999984741211,0.0,20.32,11010.0,3
2024-05-07,2248,Mango_9,Fruit and vegetable,41.01,48.99,0.0,61.40999984741211,0.0,12.35,13639.0,3
2024-05-08,2248,Mango_9,Fruit and vegetable,32.57,26.14,0.0,61.40999984741211,0.0,18.78,10976.0,3
2024-05-09,2248,Mango_9,Fruit and vegetable,25.79,33.17,0.0,61.40999984741211,0.0,11.4,10844.0,3
2024-05-10,2248,Mango_9,Fruit and vegetable,42.12,53.52,0.0,61.40999984741211,0.0,0.0,11652.0,3
2024-05-11,2248,Mango_9,Fruit and vegetable,41.83,24.79,0.0,61.40999984741211,0.0,17.04,10003.0,3
2024-05-12,2248,Mango_9,Fruit and vegetable,37.37,54.41,0.0,61.40999984741211,0.0,0.0,10440.0,3
2024-05-13,2248,Mango_9,Fruit and vegetable,47.94,27.86,0.0,61.40999984741211,0.0,20.08,11028.0,3
2024-05-14,2248,Mango_9,Fruit and vegetable,46.01,29.93,0.0,61.40999984741211,0.0,36.16,10321.0,3
2024-05-15,2248,Mango_9,Fruit and vegetable,6.33,19.26,0.0,61.40999984741211,0.0,23.23,10680.0,3
2024-05-16,2248,Mango_9,Fruit and vegetable,27.67,17.28,0.0,68.2300033569336,0.0,33.62,11596.0,3
2024-05-17,2248,Mango_9,Fruit and vegetable,39.57,22.17,0.0,68.2300033569336,0.0,51.02,12674.0,3
2024-05-18,2248,Mango_9,Fruit and vegetable,0.0,17.71,0.0,68.2300033569336,0.0,33.31,9978.0,3
2024-05-19,2248,Mango_9,Fruit and vegetable,37.83,21.22,0.0,68.2300033569336,0.0,49.92,10078.0,3
2024-05-06,2312,Bread_198,Bakery,299.76,191.6,0.0,10.029999732971191,0.0,187.35,11010.0,2
2024-05-07,2312,Bread_198,Bakery,222.69,300.69,0.0,10.029999732971191,0.0,109.35,13639.0,2
2024-05-08,2312,Bread_198,Bakery,259.69,284.03,0.0,10.029999732971191,0.0,85.01,10976.0,2
2024-05-09,2312,Bread_198,Bakery,275.91,242.68,0.0,10.029999732971191,0.0,118.24,10844.0,2
2024-05-10,2312,Bread_198,Bakery,342.42,207.18,0.0,10.029999732971191,0.0,253.47,11652.0,2
2024-05-11,2312,Bread_198,Bakery,6.96,214.22,0.0,10.029999732971191,0.0,46.22,10003.0,2
2024-05-12,2312,Bread_198,Bakery,279.92,230.2,39.25,10.029999732971191,0.0,56.68,10440.0,2
2024-05-13,2312,Bread_198,Bakery,186.64,238.57,0.0,10.029999732971191,0.0,4.75,11028.0,2
2024-05-14,2312,Bread_198,Bakery,340.49,302.83,0.0,10.029999732971191,0.0,42.41,10321.0,2
2024-05-15,2312,Bread_198,Bakery,286.9,269.58,0.0,10.029999732971191,0.0,59.73,10680.0,2
2024-05-16,2312,Bread_198,Bakery,242.61,302.34,0.0,10.029999732971191,0.0,0.0,11596.0,2
2024-05-17,2312,Bread_198,Bakery,258.16,243.89,0.0,10.029999732971191,0.0,14.27,12674.0,2
2024-05-18,2312,Bread_198,Bakery,244.82,150.56,0.0,10.029999732971191,0.0,108.53,9978.0,2
2024-05-19,2312,Bread_198,Bakery,188.47,293.5,0.0,10.029999732971191,0.0,3.5,10078.0,2
2024-05-06,2314,Parsley_12,Fruit and vegetable,75.74,109.73,0.0,55.959999084472656,0.0,0.0,11010.0,3
2024-05-07,2314,Parsley_12,Fruit and vegetable,135.14,135.14,0.0,55.959999084472656,0.0,0.0,13639.0,3
2024-05-08,2314,Parsley_12,Fruit and vegetable,123.72,123.72,0.0,55.959999084472656,0.0,0.0,10976.0,3
2024-05-09,2314,Parsley_12,Fruit and vegetable,102.96,101.26,0.0,55.959999084472656,0.0,1.7,10844.0,3
2024-05-10,2314,Parsley_12,Fruit and vegetable,130.11,115.67,0.0,55.959999084472656,0.0,16.14,11652.0,3
2024-05-11,2314,Parsley_12,Fruit and vegetable,101.78,74.36,0.0,55.959999084472656,0.0,43.56,10003.0,3
2024-05-12,2314,Parsley_12,Fruit and vegetable,55.74,68.53,0.0,55.959999084472656,0.0,30.77,10440.0,3
2024-05-13,2314,Parsley_12,Fruit and vegetable,110.62,69.65,0.0,55.959999084472656,0.0,71.74,11028.0,3
2024-05-14,2314,Parsley_12,Fruit and vegetable,98.81,65.14,0.0,55.959999084472656,0.0,105.42,10321.0,3
2024-05-15,2314,Parsley_12,Fruit and vegetable,49.83,38.51,0.0,55.959999084472656,0.0,116.74,10680.0,3
2024-05-16,2314,Parsley_12,Fruit and vegetable,16.87,88.11,0.0,55.959999084472656,0.0,45.51,11596.0,3
2024-05-17,2314,Parsley_12,Fruit and vegetable,100.28,134.74,0.0,55.959999084472656,0.0,11.05,12674.0,3
2024-05-18,2314,Parsley_12,Fruit and vegetable,104.09,115.14,0.0,55.959999084472656,0.0,0.0,9978.0,3
2024-05-19,2314,Parsley_12,Fruit and vegetable,110.41,90.17,0.0,55.959999084472656,0.0,20.24,10078.0,3
2024-05-06,2328,Bread_200,Bakery,318.08,303.75,196.54,22.940000534057617,0.15023000538349152,116.59,10489.0,2
2024-05-07,2328,Bread_200,Bakery,607.95,399.55,0.0,22.940000534057617,0.15023000538349152,324.99,11934.0,2
2024-05-08,2328,Bread_200,Bakery,368.32,493.28,0.0,22.940000534057617,0.15023000538349152,200.03,13129.0,2
2024-05-09,2328,Bread_200,Bakery,320.74,520.77,0.0,22.940000534057617,0.159620001912117,0.0,9788.0,2
2024-05-10,2328,Bread_200,Bakery,875.42,875.42,0.0,22.940000534057617,0.159620001912117,0.0,11812.0,2
2024-05-11,2328,Bread_200,Bakery,763.78,733.51,0.0,22.940000534057617,0.159620001912117,30.27,10380.0,2
2024-05-12,2328,Bread_200,Bakery,780.37,810.64,0.0,22.940000534057617,0.159620001912117,0.0,11137.0,2
2024-05-13,2328,Bread_200,Bakery,581.78,283.3,0.0,22.940000534057617,0.159620001912117,298.48,10741.0,2
2024-05-14,2328,Bread_200,Bakery,384.98,388.61,0.0,22.940000534057617,0.159620001912117,294.86,10134.0,2
2024-05-15,2328,Bread_200,Bakery,484.37,500.06,0.0,22.940000534057617,0.159620001912117,279.16,10531.0,2
2024-05-16,2328,Bread_200,Bakery,526.96,297.7,0.0,22.940000534057617,0.15023000538349152,508.43,10656.0,2
2024-05-17,2328,Bread_200,Bakery,685.11,562.62,0.0,22.940000534057617,0.15023000538349152,630.92,12751.0,2
2024-05-18,2328,Bread_200,Bakery,366.16,525.44,0.0,22.940000534057617,0.15023000538349152,471.64,11083.0,2
2024-05-19,2328,Bread_200,Bakery,677.52,452.0,105.48,22.940000534057617,0.15023000538349152,591.68,10476.0,2
2024-05-06,2343,Bread_201,Bakery,57.7,54.0,0.0,89.33000183105469,0.0,19.39,11010.0,2
2024-05-07,2343,Bread_201,Bakery,70.14,89.53,0.0,89.33000183105469,0.0,0.0,13639.0,2
2024-05-08,2343,Bread_201,Bakery,80.15,80.15,0.0,89.33000183105469,0.0,0.0,10976.0,2
2024-05-09,2343,Bread_201,Bakery,61.32,43.65,0.0,89.33000183105469,0.0,17.67,10844.0,2
2024-05-10,2343,Bread_201,Bakery,83.98,48.34,0.0,89.33000183105469,0.0,53.32,11652.0,2
2024-05-11,2343,Bread_201,Bakery,12.93,46.03,0.0,89.33000183105469,0.0,20.22,10003.0,2
2024-05-12,2343,Bread_201,Bakery,64.92,61.5,7.29,89.33000183105469,0.0,16.35,10440.0,2
2024-05-13,2343,Bread_201,Bakery,60.51,59.21,0.0,89.33000183105469,0.0,17.65,11028.0,2
2024-05-14,2343,Bread_201,Bakery,94.48,44.02,0.0,89.33000183105469,0.0,68.1,10321.0,2
2024-05-15,2343,Bread_201,Bakery,29.11,40.26,0.0,89.33000183105469,0.0,56.95,10680.0,2
2024-05-16,2343,Bread_201,Bakery,24.99,39.74,27.84,89.33000183105469,0.0,14.36,11596.0,2
2024-05-17,2343,Bread_201,Bakery,50.45,64.81,0.0,89.33000183105469,0.0,0.0,12674.0,2
2024-05-18,2343,Bread_201,Bakery,59.69,49.6,0.0,89.33000183105469,0.0,10.09,9978.0,2
2024-05-19,2343,Bread_201,Bakery,64.84,44.2,0.0,89.33000183105469,0.0,30.73,10078.0,2
2024-05-06,2349,Roll_53,Bakery,56.7,49.16,0.0,13.130000114440918,0.0,14.02,10489.0,2
2024-05-07,2349,Roll_53,Bakery,49.28,62.21,0.0,13.130000114440918,0.0,1.09,11934.0,2
2024-05-08,2349,Roll_53,Bakery,69.32,45.83,0.0,13.130000114440918,0.0,24.58,13129.0,2
2024-05-09,2349,Roll_53,Bakery,62.19,86.77,0.0,13.130000114440918,0.0,0.0,9788.0,2
2024-05-10,2349,Roll_53,Bakery,87.4,87.4,0.0,13.130000114440918,0.0,0.0,11812.0,2
2024-05-11,2349,Roll_53,Bakery,54.65,42.22,0.0,13.130000114440918,0.0,12.43,10380.0,2
2024-05-12,2349,Roll_53,Bakery,74.88,52.52,0.0,13.130000114440918,0.0,34.79,11137.0,2
2024-05-13,2349,Roll_53,Bakery,38.64,55.33,0.0,13.130000114440918,0.0,18.1,10741.0,2
2024-05-14,2349,Roll_53,Bakery,67.74,41.18,0.0,13.130000114440918,0.0,44.66,10134.0,2
2024-05-15,2349,Roll_53,Bakery,26.8,59.15,0.0,13.130000114440918,0.0,12.31,10531.0,2
2024-05-16,2349,Roll_53,Bakery,99.05,26.27,0.0,13.130000114440918,0.0,85.08,10656.0,2
2024-05-17,2349,Roll_53,Bakery,26.77,56.24,0.0,13.130000114440918,0.0,55.62,12751.0,2
2024-05-18,2349,Roll_53,Bakery,30.38,52.32,28.84,13.130000114440918,0.0,4.84,11083.0,2
2024-05-19,2349,Roll_53,Bakery,62.43,45.66,0.0,13.130000114440918,0.0,21.61,10476.0,2
2024-05-06,2365,Croissant_34,Bakery,42.27,19.16,2.07,28.280000686645508,0.0,47.07,11010.0,2
2024-05-07,2365,Croissant_34,Bakery,0.0,10.14,4.8,28.280000686645508,0.0,32.13,13639.0,2
2024-05-08,2365,Croissant_34,Bakery,13.94,13.94,32.13,28.280000686645508,0.0,0.0,10976.0,2
2024-05-09,2365,Croissant_34,Bakery,12.22,12.22,0.0,28.280000686645508,0.0,0.0,10844.0,2
2024-05-10,2365,Croissant_34,Bakery,19.62,17.26,0.0,28.280000686645508,0.0,2.36,11652.0,2
2024-05-11,2365,Croissant_34,Bakery,18.03,7.08,0.0,28.280000686645508,0.0,13.31,10003.0,2
2024-05-12,2365,Croissant_34,Bakery,2.7,14.06,0.0,28.280000686645508,0.0,1.95,10440.0,2
2024-05-13,2365,Croissant_34,Bakery,60.74,62.69,0.0,28.280000686645508,0.0,0.0,11028.0,2
2024-05-14,2365,Croissant_34,Bakery,34.79,22.89,0.0,28.280000686645508,0.0,11.9,10321.0,2
2024-05-15,2365,Croissant_34,Bakery,26.12,14.0,0.0,28.280000686645508,0.0,24.02,10680.0,2
2024-05-16,2365,Croissant_34,Bakery,19.17,43.19,0.0,28.280000686645508,0.0,0.0,11596.0,2
2024-05-17,2365,Croissant_34,Bakery,42.71,8.53,0.0,28.280000686645508,0.0,34.18,12674.0,2
2024-05-18,2365,Croissant_34,Bakery,0.0,12.4,0.0,28.280000686645508,0.0,21.78,9978.0,2
2024-05-19,2365,Croissant_34,Bakery,39.8,7.07,21.78,28.280000686645508,0.0,32.73,10078.0,2
2024-05-06,2366,Chicken_92,Meat and fish,45.65,48.44,0.0,155.41000366210938,0.15293000638484955,1.41,11010.0,4
2024-05-07,2366,Chicken_92,Meat and fish,45.1,46.51,0.0,155.41000366210938,0.005009999964386225,0.0,13639.0,4
2024-05-08,2366,Chicken_92,Meat and fish,52.85,52.85,0.0,155.41000366210938,0.15293000638484955,0.0,10976.0,4
2024-05-09,2366,Chicken_92,Meat and fish,49.71,32.11,0.0,155.41000366210938,0.15293000638484955,17.6,10844.0,4
2024-05-10,2366,Chicken_92,Meat and fish,55.52,73.12,0.0,155.41000366210938,0.0,0.0,11652.0,4
2024-05-11,2366,Chicken_92,Meat and fish,73.57,32.59,0.0,155.41000366210938,0.0,40.98,10003.0,4
2024-05-12,2366,Chicken_92,Meat and fish,19.43,45.79,0.0,155.41000366210938,0.07641000300645828,14.62,10440.0,4
2024-05-13,2366,Chicken_92,Meat and fish,51.53,44.21,0.0,155.41000366210938,0.08732999861240387,21.94,11028.0,4
2024-05-14,2366,Chicken_92,Meat and fish,42.33,44.19,0.0,155.41000366210938,0.1525000035762787,20.08,10321.0,4
2024-05-15,2366,Chicken_92,Meat and fish,50.57,40.77,0.0,155.41000366210938,0.1525000035762787,29.88,10680.0,4
2024-05-16,2366,Chicken_92,Meat and fish,24.54,54.42,0.0,155.41000366210938,0.0,0.0,11596.0,4
2024-05-17,2366,Chicken_92,Meat and fish,89.61,67.88,0.0,155.41000366210938,0.0,21.73,12674.0,4
2024-05-18,2366,Chicken_92,Meat and fish,25.22,39.02,0.0,155.41000366210938,0.0,7.92,9978.0,4
2024-05-19,2366,Chicken_92,Meat and fish,50.7,37.62,0.0,205.19000244140625,0.0,21.0,10078.0,4
2024-05-06,2368,Bread_203,Bakery,51.26,40.38,0.0,89.44000244140625,0.15006999671459198,32.32,10489.0,2
2024-05-07,2368,Bread_203,Bakery,31.59,40.41,0.0,89.44000244140625,0.15006999671459198,23.5,11934.0,2
2024-05-08,2368,Bread_203,Bakery,41.07,13.58,0.0,89.44000244140625,0.15006999671459198,50.98,13129.0,2
2024-05-09,2368,Bread_203,Bakery,3.6,30.22,9.92,89.44000244140625,0.15006999671459198,14.45,9788.0,2
2024-05-10,2368,Bread_203,Bakery,74.96,58.13,10.85,89.44000244140625,0.15006999671459198,20.43,11812.0,2
2024-05-11,2368,Bread_203,Bakery,37.1,49.39,0.0,89.44000244140625,0.15006999671459198,8.15,10380.0,2
2024-05-12,2368,Bread_203,Bakery,62.09,31.29,0.0,89.44000244140625,0.15006999671459198,38.94,11137.0,2
2024-05-13,2368,Bread_203,Bakery,19.89,43.72,0.0,89.44000244140625,0.15006999671459198,15.12,10741.0,2
2024-05-14,2368,Bread_203,Bakery,43.96,37.47,0.0,89.44000244140625,0.15006999671459198,21.6,10134.0,2
2024-05-15,2368,Bread_203,Bakery,19.44,41.04,0.0,89.44000244140625,0.15006999671459198,0.0,10531.0,2
2024-05-16,2368,Bread_203,Bakery,42.93,35.02,0.0,89.44000244140625,0.15006999671459198,7.91,10656.0,2
2024-05-17,2368,Bread_203,Bakery,61.93,54.09,0.0,89.44000244140625,0.15006999671459198,15.75,12751.0,2
2024-05-18,2368,Bread_203,Bakery,43.94,37.79,0.0,89.44000244140625,0.15006999671459198,21.89,11083.0,2
2024-05-19,2368,Bread_203,Bakery,18.82,36.88,0.0,89.44000244140625,0.15006999671459198,3.84,10476.0,2
2024-05-06,2385,Celery_16,Fruit and vegetable,28.74,76.76,0.0,71.87000274658203,0.0,0.0,11010.0,3
2024-05-07,2385,Celery_16,Fruit and vegetable,75.27,23.65,0.0,71.87000274658203,0.0,51.62,13639.0,3
2024-05-08,2385,Celery_16,Fruit and vegetable,26.52,43.56,0.0,71.87000274658203,0.0,34.58,10976.0,3
2024-05-09,2385,Celery_16,Fruit and vegetable,48.34,27.93,0.0,71.87000274658203,0.0,54.99,10844.0,3
2024-05-10,2385,Celery_16,Fruit and vegetable,67.82,29.35,0.0,71.87000274658203,0.0,93.46,11652.0,3
2024-05-11,2385,Celery_16,Fruit and vegetable,14.8,37.18,0.0,71.87000274658203,0.0,71.09,10003.0,3
2024-05-12,2385,Celery_16,Fruit and vegetable,0.0,50.96,0.0,71.87000274658203,0.0,20.13,10440.0,3
2024-05-13,2385,Celery_16,Fruit and vegetable,85.36,24.38,5.32,71.87000274658203,0.0,75.78,11028.0,3
2024-05-14,2385,Celery_16,Fruit and vegetable,0.0,51.06,0.0,71.87000274658203,0.0,24.72,10321.0,3
2024-05-15,2385,Celery_16,Fruit and vegetable,34.8,59.52,0.0,71.87000274658203,0.0,0.0,10680.0,3
2024-05-16,2385,Celery_16,Fruit and vegetable,45.53,31.1,0.0,71.87000274658203,0.0,14.43,11596.0,3
2024-05-17,2385,Celery_16,Fruit and vegetable,35.03,49.46,0.0,71.87000274658203,0.0,0.0,12674.0,3
2024-05-18,2385,Celery_16,Fruit and vegetable,53.41,42.51,0.0,71.87000274658203,0.0,10.9,9978.0,3
2024-05-19,2385,Celery_16,Fruit and vegetable,61.59,72.49,0.0,71.87000274658203,0.0,0.0,10078.0,3
2024-05-06,2392,Roll_56,Bakery,1336.58,2024.41,0.0,7.079999923706055,0.15000000596046448,199.12,10489.0,2
2024-05-07,2392,Roll_56,Bakery,2665.24,2401.59,0.0,7.079999923706055,0.15000000596046448,462.77,11934.0,2
2024-05-08,2392,Roll_56,Bakery,2975.18,3437.95,0.0,7.079999923706055,0.15000000596046448,0.0,13129.0,2
2024-05-09,2392,Roll_56,Bakery,2582.57,2141.74,0.0,7.079999923706055,0.15000000596046448,440.83,9788.0,2
2024-05-10,2392,Roll_56,Bakery,2678.42,2453.37,0.0,7.079999923706055,0.15000000596046448,665.88,11812.0,2
2024-05-11,2392,Roll_56,Bakery,2894.36,2607.66,0.0,7.079999923706055,0.15000000596046448,952.57,10380.0,2
2024-05-12,2392,Roll_56,Bakery,1681.91,2323.96,0.0,7.079999923706055,0.15000000596046448,310.53,11137.0,2
2024-05-13,2392,Roll_56,Bakery,2306.71,1722.55,0.0,7.079999923706055,0.15000000596046448,894.69,10741.0,2
2024-05-14,2392,Roll_56,Bakery,2176.68,1925.41,0.0,7.079999923706055,0.15000000596046448,1145.95,10134.0,2
2024-05-15,2392,Roll_56,Bakery,3007.53,1927.53,0.0,7.079999923706055,0.15000000596046448,2225.95,10531.0,2
2024-05-16,2392,Roll_56,Bakery,325.28,2096.96,0.0,7.079999923706055,0.15000000596046448,454.27,10656.0,2
2024-05-17,2392,Roll_56,Bakery,2538.62,2699.81,128.99,7.079999923706055,0.15000000596046448,164.09,12751.0,2
2024-05-18,2392,Roll_56,Bakery,2916.26,2766.4,0.0,7.079999923706055,0.15000000596046448,313.95,11083.0,2
2024-05-19,2392,Roll_56,Bakery,2525.63,2260.29,0.0,7.079999923706055,0.15000000596046448,579.29,10476.0,2
2024-05-06,2396,Roll_57,Bakery,8271.06,7943.57,0.0,2.3499999046325684,0.0,3138.79,10489.0,2
2024-05-07,2396,Roll_57,Bakery,9813.85,12033.78,0.0,2.3499999046325684,0.0,918.86,11934.0,2
2024-05-08,2396,Roll_57,Bakery,11907.85,12826.71,0.0,2.3499999046325684,0.0,0.0,13129.0,2
2024-05-09,2396,Roll_57,Bakery,10661.84,9085.94,0.0,2.3499999046325684,0.0,1575.9,9788.0,2
2024-05-10,2396,Roll_57,Bakery,12630.1,11989.46,0.0,2.3499999046325684,0.0,2216.54,11812.0,2
2024-05-11,2396,Roll_57,Bakery,9601.58,9838.22,0.0,2.3499999046325684,0.0,1979.89,10380.0,2
2024-05-12,2396,Roll_57,Bakery,9031.55,9464.54,0.0,2.3499999046325684,0.0,1546.91,11137.0,2
2024-05-13,2396,Roll_57,Bakery,8734.5,9289.51,0.0,2.3499999046325684,0.0,991.89,10741.0,2
2024-05-14,2396,Roll_57,Bakery,13052.78,8249.22,0.0,2.3499999046325684,0.0,5795.46,10134.0,2
2024-05-15,2396,Roll_57,Bakery,9159.52,8869.41,0.0,2.3499999046325684,0.0,6085.57,10531.0,2
2024-05-16,2396,Roll_57,Bakery,4522.01,9293.57,0.0,2.3499999046325684,0.0,1314.01,10656.0,2
2024-05-17,2396,Roll_57,Bakery,12183.39,12834.51,0.0,2.3499999046325684,0.0,662.89,12751.0,2
2024-05-18,2396,Roll_57,Bakery,11061.43,10294.84,0.0,2.3499999046325684,0.0,1429.48,11083.0,2
2024-05-19,2396,Roll_57,Bakery,9943.68,9097.35,0.0,2.3499999046325684,0.0,2275.81,10476.0,2
2024-05-06,2426,Herb_19,Fruit and vegetable,24.56,12.19,0.0,56.41999816894531,0.0,21.89,11010.0,3
2024-05-07,2426,Herb_19,Fruit and vegetable,48.5,70.39,0.0,56.41999816894531,0.0,0.0,13639.0,3
2024-05-10,2426,Herb_19,Fruit and vegetable,42.33,37.53,0.0,56.41999816894531,0.0,4.8,11652.0,3
2024-05-11,2426,Herb_19,Fruit and vegetable,42.5,19.47,0.0,56.41999816894531,0.0,27.82,10003.0,3
2024-05-12,2426,Herb_19,Fruit and vegetable,23.42,8.79,0.0,56.41999816894531,0.0,42.45,10440.0,3
2024-05-13,2426,Herb_19,Fruit and vegetable,0.0,16.91,0.0,56.41999816894531,0.0,25.54,11028.0,3
2024-05-14,2426,Herb_19,Fruit and vegetable,26.83,14.01,2.12,56.41999816894531,0.0,36.24,10321.0,3
2024-05-15,2426,Herb_19,Fruit and vegetable,13.3,19.26,9.41,56.41999816894531,0.0,20.87,10680.0,3
2024-05-16,2426,Herb_19,Fruit and vegetable,76.73,21.03,0.0,56.41999816894531,0.0,76.57,11596.0,3
2024-05-06,2436,Pastry_181,Bakery,199.62,123.67,0.0,15.699999809265137,0.0,106.76,11010.0,2
2024-05-07,2436,Pastry_181,Bakery,79.06,185.82,0.0,15.699999809265137,0.0,0.0,13639.0,2
2024-05-08,2436,Pastry_181,Bakery,186.0,141.14,0.0,15.699999809265137,0.0,44.86,10976.0,2
2024-05-09,2436,Pastry_181,Bakery,228.67,155.39,0.0,15.699999809265137,0.0,118.14,10844.0,2
2024-05-10,2436,Pastry_181,Bakery,125.84,183.01,0.0,15.699999809265137,0.0,60.98,11652.0,2
2024-05-11,2436,Pastry_181,Bakery,73.44,69.05,0.0,15.699999809265137,0.0,65.36,10003.0,2
2024-05-12,2436,Pastry_181,Bakery,126.94,137.07,0.0,15.699999809265137,0.0,55.24,10440.0,2
2024-05-13,2436,Pastry_181,Bakery,119.27,130.6,0.0,15.699999809265137,0.0,43.91,11028.0,2
2024-05-14,2436,Pastry_181,Bakery,192.17,105.64,0.0,15.699999809265137,0.0,130.43,10321.0,2
2024-05-15,2436,Pastry_181,Bakery,57.2,161.05,0.0,15.699999809265137,0.0,26.59,10680.0,2
2024-05-16,2436,Pastry_181,Bakery,177.36,196.95,0.0,15.699999809265137,0.0,6.99,11596.0,2
2024-05-17,2436,Pastry_181,Bakery,232.89,151.79,0.0,15.699999809265137,0.0,88.1,12674.0,2
2024-05-18,2436,Pastry_181,Bakery,33.28,106.28,0.0,15.699999809265137,0.0,15.09,9978.0,2
2024-05-19,2436,Pastry_181,Bakery,163.21,116.69,0.0,15.699999809265137,0.0,61.62,10078.0,2
2024-05-06,2438,Cabbage_22,Fruit and vegetable,65.44,37.85,0.0,27.239999771118164,0.0,32.88,11010.0,3
2024-05-07,2438,Cabbage_22,Fruit and vegetable,15.9,36.08,0.0,27.239999771118164,0.0,12.7,13639.0,3
2024-05-08,2438,Cabbage_22,Fruit and vegetable,40.59,53.29,0.0,27.239999771118164,0.0,0.0,10976.0,3
2024-05-09,2438,Cabbage_22,Fruit and vegetable,64.27,63.05,0.0,27.239999771118164,0.0,1.22,10844.0,3
2024-05-10,2438,Cabbage_22,Fruit and vegetable,63.67,37.45,0.0,27.239999771118164,0.0,27.44,11652.0,3
2024-05-11,2438,Cabbage_22,Fruit and vegetable,14.19,36.36,0.0,27.239999771118164,0.0,5.27,10003.0,3
2024-05-12,2438,Cabbage_22,Fruit and vegetable,44.56,49.41,0.0,27.239999771118164,0.0,0.42,10440.0,3
2024-05-13,2438,Cabbage_22,Fruit and vegetable,51.01,30.63,0.0,27.239999771118164,0.0,20.81,11028.0,3
2024-05-14,2438,Cabbage_22,Fruit and vegetable,30.24,42.04,0.0,27.239999771118164,0.0,9.01,10321.0,3
2024-05-15,2438,Cabbage_22,Fruit and vegetable,58.68,38.14,0.0,27.239999771118164,0.0,29.55,10680.0,3
2024-05-16,2438,Cabbage_22,Fruit and vegetable,47.26,59.26,0.0,27.239999771118164,0.0,17.55,11596.0,3
2024-05-17,2438,Cabbage_22,Fruit and vegetable,32.15,18.93,0.0,27.239999771118164,0.0,30.77,12674.0,3
2024-05-18,2438,Cabbage_22,Fruit and vegetable,22.18,28.54,0.0,27.239999771118164,0.0,24.41,9978.0,3
2024-05-19,2438,Cabbage_22,Fruit and vegetable,42.38,23.66,0.0,27.239999771118164,0.0,43.13,10078.0,3
2024-05-06,2488,Onion_46,Fruit and vegetable,15.54,15.54,0.0,71.19999694824219,0.0,0.0,11010.0,3
2024-05-07,2488,Onion_46,Fruit and vegetable,22.37,22.37,0.0,71.19999694824219,0.0,0.0,13639.0,3
2024-05-08,2488,Onion_46,Fruit and vegetable,16.72,14.46,0.0,71.19999694824219,0.0,2.26,10976.0,3
2024-05-09,2488,Onion_46,Fruit and vegetable,15.55,8.43,0.0,71.19999694824219,0.0,9.38,10844.0,3
2024-05-10,2488,Onion_46,Fruit and vegetable,11.8,21.18,0.0,71.19999694824219,0.0,0.0,11652.0,3
2024-05-11,2488,Onion_46,Fruit and vegetable,17.37,13.79,0.0,71.19999694824219,0.0,3.58,10003.0,3
2024-05-12,2488,Onion_46,Fruit and vegetable,16.37,6.62,0.0,71.19999694824219,0.0,13.32,10440.0,3
2024-05-13,2488,Onion_46,Fruit and vegetable,9.73,15.64,0.0,71.19999694824219,0.0,7.42,11028.0,3
2024-05-14,2488,Onion_46,Fruit and vegetable,22.47,11.23,0.0,71.19999694824219,0.0,18.66,10321.0,3
2024-05-15,2488,Onion_46,Fruit and vegetable,6.18,24.84,0.0,71.19999694824219,0.0,0.0,10680.0,3
2024-05-16,2488,Onion_46,Fruit and vegetable,16.9,16.64,0.0,71.19999694824219,0.0,0.26,11596.0,3
2024-05-17,2488,Onion_46,Fruit and vegetable,28.68,17.06,0.0,71.19999694824219,0.0,11.88,12674.0,3
2024-05-18,2488,Onion_46,Fruit and vegetable,9.11,19.2,0.0,71.19999694824219,0.0,1.79,9978.0,3
2024-05-19,2488,Onion_46,Fruit and vegetable,12.23,4.67,0.0,71.19999694824219,0.0,9.35,10078.0,3
2024-05-06,2521,Apple_132,Fruit and vegetable,219.64,180.19,0.0,30.65999984741211,0.0,50.08,11010.0,3
2024-05-07,2521,Apple_132,Fruit and vegetable,130.13,164.75,0.0,30.65999984741211,0.0,15.46,13639.0,3
2024-05-08,2521,Apple_132,Fruit and vegetable,155.89,156.77,0.0,30.65999984741211,0.0,14.59,10976.0,3
2024-05-09,2521,Apple_132,Fruit and vegetable,196.69,202.9,0.0,30.65999984741211,0.0,8.37,10844.0,3
2024-05-10,2521,Apple_132,Fruit and vegetable,260.89,220.14,0.0,30.65999984741211,0.0,49.12,11652.0,3
2024-05-11,2521,Apple_132,Fruit and vegetable,115.54,98.12,0.0,30.65999984741211,0.0,66.54,10003.0,3
2024-05-12,2521,Apple_132,Fruit and vegetable,165.6,162.14,0.0,30.65999984741211,0.0,70.01,10440.0,3
2024-05-13,2521,Apple_132,Fruit and vegetable,160.11,199.39,0.0,30.639999389648438,0.0,30.72,11028.0,3
2024-05-14,2521,Apple_132,Fruit and vegetable,185.92,157.53,0.0,30.65999984741211,0.0,59.12,10321.0,3
2024-05-15,2521,Apple_132,Fruit and vegetable,149.94,162.19,0.0,30.65999984741211,0.0,46.87,10680.0,3
2024-05-16,2521,Apple_132,Fruit and vegetable,207.98,151.65,0.0,30.649999618530273,0.0,103.2,11596.0,3
2024-05-17,2521,Apple_132,Fruit and vegetable,166.36,182.84,0.0,30.65999984741211,0.0,86.72,12674.0,3
2024-05-18,2521,Apple_132,Fruit and vegetable,51.82,128.51,0.0,30.639999389648438,0.0,10.03,9978.0,3
2024-05-19,2521,Apple_132,Fruit and vegetable,181.05,173.2,0.0,30.649999618530273,0.0,17.88,10078.0,3
2024-05-06,2524,Lemon_16,Fruit and vegetable,257.96,323.44,0.0,44.52000045776367,0.0,24.8,11010.0,3
2024-05-07,2524,Lemon_16,Fruit and vegetable,407.25,376.62,0.0,44.529998779296875,0.0,55.42,13639.0,3
2024-05-08,2524,Lemon_16,Fruit and vegetable,248.4,284.57,0.0,44.52000045776367,0.0,19.26,10976.0,3
2024-05-09,2524,Lemon_16,Fruit and vegetable,316.19,290.16,0.0,44.52000045776367,0.0,45.28,10844.0,3
2024-05-10,2524,Lemon_16,Fruit and vegetable,334.39,282.24,0.0,44.529998779296875,0.0,97.43,11652.0,3
2024-05-11,2524,Lemon_16,Fruit and vegetable,218.53,275.68,0.0,44.529998779296875,0.0,40.28,10003.0,3
2024-05-12,2524,Lemon_16,Fruit and vegetable,308.77,269.58,0.0,44.540000915527344,0.0,79.47,10440.0,3
2024-05-13,2524,Lemon_16,Fruit and vegetable,292.39,223.0,0.0,44.540000915527344,0.0,148.86,11028.0,3
2024-05-14,2524,Lemon_16,Fruit and vegetable,286.39,161.19,0.0,44.529998779296875,0.0,274.07,10321.0,3
2024-05-15,2524,Lemon_16,Fruit and vegetable,70.81,196.48,0.0,44.529998779296875,0.0,148.39,10680.0,3
2024-05-16,2524,Lemon_16,Fruit and vegetable,205.33,260.48,0.0,44.529998779296875,0.0,93.24,11596.0,3
2024-05-17,2524,Lemon_16,Fruit and vegetable,247.95,226.62,0.0,44.540000915527344,0.0,114.57,12674.0,3
2024-05-18,2524,Lemon_16,Fruit and vegetable,214.65,181.33,0.0,44.529998779296875,0.0,147.9,9978.0,3
2024-05-19,2524,Lemon_16,Fruit and vegetable,172.86,186.2,0.0,44.529998779296875,0.0,134.56,10078.0,3
2024-05-06,2551,Chicken_98,Meat and fish,40.23,38.95,0.0,141.00999450683594,0.0,28.81,11010.0,4
2024-05-07,2551,Chicken_98,Meat and fish,54.12,47.79,0.0,141.00999450683594,0.04592999815940857,35.14,13639.0,4
2024-05-08,2551,Chicken_98,Meat and fish,11.26,18.23,0.0,141.0,0.09386999905109406,28.18,10976.0,4
2024-05-09,2551,Chicken_98,Meat and fish,30.32,26.03,0.0,141.00999450683594,0.1489199995994568,32.46,10844.0,4
2024-05-10,2551,Chicken_98,Meat and fish,34.76,26.31,0.0,141.00999450683594,0.1525299996137619,40.91,11652.0,4
2024-05-11,2551,Chicken_98,Meat and fish,0.0,11.81,0.0,141.0,0.06560000032186508,29.1,10003.0,4
2024-05-12,2551,Chicken_98,Meat and fish,0.0,7.91,0.0,141.0,0.12011999636888504,21.19,10440.0,4
2024-05-13,2551,Chicken_98,Meat and fish,36.07,33.76,0.0,141.00999450683594,0.0,23.5,11028.0,4
2024-05-14,2551,Chicken_98,Meat and fish,41.69,14.77,0.0,141.0,0.06650000065565109,50.42,10321.0,4
2024-05-15,2551,Chicken_98,Meat and fish,0.0,28.13,0.0,141.0,0.178739994764328,22.29,10680.0,4
2024-05-16,2551,Chicken_98,Meat and fish,22.96,45.25,0.0,141.00999450683594,0.03217000141739845,0.0,11596.0,4
2024-05-17,2551,Chicken_98,Meat and fish,51.42,51.42,0.0,141.0,0.0,0.0,12674.0,4
2024-05-18,2551,Chicken_98,Meat and fish,33.47,30.7,0.0,141.0,0.03254999965429306,2.77,9978.0,4
2024-05-06,2563,Pumpkin_21,Fruit and vegetable,40.37,40.25,0.0,122.11000061035156,0.0,17.84,11010.0,3
2024-05-07,2563,Pumpkin_21,Fruit and vegetable,17.71,28.23,0.0,122.11000061035156,0.0,7.33,13639.0,3
2024-05-08,2563,Pumpkin_21,Fruit and vegetable,26.37,14.15,0.0,122.11000061035156,0.0,19.54,10976.0,3
2024-05-09,2563,Pumpkin_21,Fruit and vegetable,22.9,25.63,0.0,122.11000061035156,0.0,16.81,10844.0,3
2024-05-10,2563,Pumpkin_21,Fruit and vegetable,32.88,25.6,0.0,122.11000061035156,0.0,24.09,11652.0,3
2024-05-11,2563,Pumpkin_21,Fruit and vegetable,5.9,29.99,0.0,122.11000061035156,0.0,0.0,10003.0,3
2024-05-12,2563,Pumpkin_21,Fruit and vegetable,35.75,32.65,0.0,122.11000061035156,0.0,3.1,10440.0,3
2024-05-13,2563,Pumpkin_21,Fruit and vegetable,47.32,25.13,0.0,122.12999725341797,0.0,25.29,11028.0,3
2024-05-14,2563,Pumpkin_21,Fruit and vegetable,10.45,25.2,0.0,122.11000061035156,0.0,10.54,10321.0,3
2024-05-15,2563,Pumpkin_21,Fruit and vegetable,17.68,28.22,0.0,122.11000061035156,0.0,0.0,10680.0,3
2024-05-16,2563,Pumpkin_21,Fruit and vegetable,48.44,48.44,0.0,122.11000061035156,0.0,0.0,11596.0,3
2024-05-17,2563,Pumpkin_21,Fruit and vegetable,36.21,34.9,0.0,122.11000061035156,0.0,1.31,12674.0,3
2024-05-18,2563,Pumpkin_21,Fruit and vegetable,39.01,27.65,0.0,122.11000061035156,0.0,12.67,9978.0,3
2024-05-19,2563,Pumpkin_21,Fruit and vegetable,30.5,18.94,0.0,122.11000061035156,0.0,24.23,10078.0,3
2024-05-06,2584,Roll_60,Bakery,83.4,77.25,0.0,13.25,0.0,6.15,10489.0,2
2024-05-07,2584,Roll_60,Bakery,90.29,91.02,0.0,13.25,0.0,5.42,11934.0,2
2024-05-08,2584,Roll_60,Bakery,103.22,108.64,0.0,13.25,0.0,0.0,13129.0,2
2024-05-09,2584,Roll_60,Bakery,103.75,103.75,0.0,13.25,0.0,0.0,9788.0,2
2024-05-10,2584,Roll_60,Bakery,106.73,106.73,0.0,13.25,0.0,0.0,11812.0,2
2024-05-11,2584,Roll_60,Bakery,97.94,56.29,0.0,13.25,0.0,41.65,10380.0,2
2024-05-12,2584,Roll_60,Bakery,89.7,82.75,0.0,13.25,0.0,48.6,11137.0,2
2024-05-13,2584,Roll_60,Bakery,52.98,47.22,0.0,13.25,0.0,54.36,10741.0,2
2024-05-14,2584,Roll_60,Bakery,69.72,65.36,1.38,13.25,0.0,57.34,10134.0,2
2024-05-15,2584,Roll_60,Bakery,84.11,95.33,0.0,13.25,0.0,46.11,10531.0,2
2024-05-16,2584,Roll_60,Bakery,87.98,63.99,0.0,13.25,0.0,70.1,10656.0,2
2024-05-17,2584,Roll_60,Bakery,64.32,116.91,0.0,13.25,0.0,17.51,12751.0,2
2024-05-18,2584,Roll_60,Bakery,69.98,82.75,0.0,13.25,0.0,4.74,11083.0,2
2024-05-19,2584,Roll_60,Bakery,107.35,42.15,0.0,13.25,0.0,69.94,10476.0,2
2024-05-06,2643,Pastry_201,Bakery,620.0,558.34,0.0,5.239999771118164,0.0,109.21,10489.0,2
2024-05-07,2643,Pastry_201,Bakery,572.59,609.1,0.0,5.239999771118164,0.0,72.7,11934.0,2
2024-05-08,2643,Pastry_201,Bakery,703.02,775.72,0.0,5.239999771118164,0.0,0.0,13129.0,2
2024-05-09,2643,Pastry_201,Bakery,627.58,494.11,0.0,5.239999771118164,0.0,133.47,9788.0,2
2024-05-10,2643,Pastry_201,Bakery,538.23,671.7,0.0,5.239999771118164,0.0,0.0,11812.0,2
2024-05-11,2643,Pastry_201,Bakery,730.75,554.09,0.0,5.239999771118164,0.0,176.66,10380.0,2
2024-05-12,2643,Pastry_201,Bakery,701.68,544.16,0.0,5.239999771118164,0.0,334.18,11137.0,2
2024-05-13,2643,Pastry_201,Bakery,345.89,524.02,0.0,5.239999771118164,0.0,156.05,10741.0,2
2024-05-14,2643,Pastry_201,Bakery,579.12,550.45,0.0,5.239999771118164,0.0,184.72,10134.0,2
2024-05-15,2643,Pastry_201,Bakery,718.61,657.07,0.0,5.239999771118164,0.0,246.26,10531.0,2
2024-05-16,2643,Pastry_201,Bakery,333.87,578.54,0.0,5.239999771118164,0.0,1.59,10656.0,2
2024-05-17,2643,Pastry_201,Bakery,744.49,599.6,0.0,5.239999771118164,0.0,146.47,12751.0,2
2024-05-18,2643,Pastry_201,Bakery,490.29,636.76,0.0,5.239999771118164,0.0,0.0,11083.0,2
2024-05-19,2643,Pastry_201,Bakery,607.53,463.65,0.0,5.239999771118164,0.0,143.88,10476.0,2
2024-05-06,2662,Raspberry_12,Fruit and vegetable,137.72,224.69,0.0,120.36000061035156,0.0,0.0,11010.0,3
2024-05-07,2662,Raspberry_12,Fruit and vegetable,179.89,162.17,0.0,120.36000061035156,0.0,17.72,13639.0,3
2024-05-08,2662,Raspberry_12,Fruit and vegetable,198.25,105.61,0.0,120.36000061035156,0.0,110.36,10976.0,3
2024-05-09,2662,Raspberry_12,Fruit and vegetable,79.93,122.22,0.0,120.36000061035156,0.0,68.07,10844.0,3
2024-05-10,2662,Raspberry_12,Fruit and vegetable,194.33,181.28,0.0,120.36000061035156,0.0,81.13,11652.0,3
2024-05-11,2662,Raspberry_12,Fruit and vegetable,104.94,157.57,0.0,120.36000061035156,0.0,28.5,10003.0,3
2024-05-12,2662,Raspberry_12,Fruit and vegetable,184.13,212.63,0.0,120.36000061035156,0.0,0.0,10440.0,3
2024-05-13,2662,Raspberry_12,Fruit and vegetable,280.73,148.02,0.0,120.36000061035156,0.0,132.71,11028.0,3
2024-05-14,2662,Raspberry_12,Fruit and vegetable,75.11,153.18,0.0,120.36000061035156,0.0,54.63,10321.0,3
2024-05-15,2662,Raspberry_12,Fruit and vegetable,96.48,90.12,0.0,120.36000061035156,0.0,60.99,10680.0,3
2024-05-16,2662,Raspberry_12,Fruit and vegetable,116.96,177.95,0.0,120.36000061035156,0.0,0.0,11596.0,3
2024-05-17,2662,Raspberry_12,Fruit and vegetable,229.81,146.68,0.0,120.36000061035156,0.0,83.13,12674.0,3
2024-05-18,2662,Raspberry_12,Fruit and vegetable,121.72,136.39,0.0,120.36000061035156,0.0,68.46,9978.0,3
2024-05-19,2662,Raspberry_12,Fruit and vegetable,192.26,143.21,0.0,120.36000061035156,0.0,117.51,10078.0,3
2024-05-06,271,Roll_8,Bakery,1888.35,2066.55,0.0,4.510000228881836,0.0,88.11,10489.0,2
2024-05-07,271,Roll_8,Bakery,2261.7,2349.81,0.0,4.510000228881836,0.0,0.0,11934.0,2
2024-05-08,271,Roll_8,Bakery,3083.41,3083.41,0.0,4.510000228881836,0.0,0.0,13129.0,2
2024-05-09,271,Roll_8,Bakery,2174.18,1546.32,0.0,4.510000228881836,0.0,627.86,9788.0,2
2024-05-10,271,Roll_8,Bakery,2009.69,2026.1,0.0,4.510000228881836,0.0,611.45,11812.0,2
2024-05-11,271,Roll_8,Bakery,1817.37,1834.59,0.0,4.510000228881836,0.0,594.23,10380.0,2
2024-05-12,271,Roll_8,Bakery,1922.1,1908.48,0.0,4.510000228881836,0.0,607.84,11137.0,2
2024-05-13,271,Roll_8,Bakery,2087.49,1799.49,0.0,4.510000228881836,0.0,895.84,10741.0,2
2024-05-14,271,Roll_8,Bakery,2101.53,1641.42,0.0,4.510000228881836,0.0,1355.95,10134.0,2
2024-05-15,271,Roll_8,Bakery,2384.54,1797.5,0.0,4.510000228881836,0.0,1942.99,10531.0,2
2024-05-16,271,Roll_8,Bakery,0.0,1719.67,0.0,4.510000228881836,0.0,223.32,10656.0,2
2024-05-17,271,Roll_8,Bakery,2189.77,2189.77,223.32,4.510000228881836,0.0,0.0,12751.0,2
2024-05-18,271,Roll_8,Bakery,2058.99,1828.61,0.0,4.510000228881836,0.0,230.38,11083.0,2
2024-05-19,271,Roll_8,Bakery,1902.57,1566.57,0.0,4.510000228881836,0.0,566.38,10476.0,2
2024-05-06,298,Tortilla_1,Bakery,80.36,113.22,0.0,59.099998474121094,0.1592700034379959,0.0,11010.0,2
2024-05-07,298,Tortilla_1,Bakery,194.26,194.26,0.0,59.099998474121094,0.1592700034379959,0.0,13639.0,2
2024-05-08,298,Tortilla_1,Bakery,137.66,137.66,0.0,59.099998474121094,0.1592700034379959,0.0,10976.0,2
2024-05-09,298,Tortilla_1,Bakery,167.61,167.61,0.0,59.099998474121094,0.1592700034379959,0.0,10844.0,2
2024-05-10,298,Tortilla_1,Bakery,195.09,195.09,0.0,59.099998474121094,0.1592700034379959,0.0,11652.0,2
2024-05-11,298,Tortilla_1,Bakery,139.6,109.77,0.0,59.099998474121094,0.1592700034379959,29.83,10003.0,2
2024-05-12,298,Tortilla_1,Bakery,100.21,130.04,0.0,59.099998474121094,0.1592700034379959,0.0,10440.0,2
2024-05-13,298,Tortilla_1,Bakery,159.44,71.4,0.0,59.099998474121094,0.0,88.04,11028.0,2
2024-05-14,298,Tortilla_1,Bakery,164.34,33.45,0.0,59.099998474121094,0.0,218.93,10321.0,2
2024-05-15,298,Tortilla_1,Bakery,43.96,61.27,54.59,59.099998474121094,0.0,147.03,10680.0,2
2024-05-16,298,Tortilla_1,Bakery,198.81,65.65,103.07,59.099998474121094,0.0,177.12,11596.0,2
2024-05-17,298,Tortilla_1,Bakery,87.71,81.87,0.0,59.099998474121094,0.0,182.95,12674.0,2
2024-05-18,298,Tortilla_1,Bakery,63.16,42.51,95.25,59.099998474121094,0.0,108.36,9978.0,2
2024-05-19,298,Tortilla_1,Bakery,107.13,56.58,45.2,59.099998474121094,0.0,113.71,10078.0,2
2024-05-06,306,Celery_4,Fruit and vegetable,186.1,249.58,0.0,23.690000534057617,0.0,3.76,11010.0,3
2024-05-07,306,Celery_4,Fruit and vegetable,319.97,323.73,0.0,23.690000534057617,0.0,0.0,13639.0,3
2024-05-08,306,Celery_4,Fruit and vegetable,263.93,221.85,0.0,23.690000534057617,0.0,42.08,10976.0,3
2024-05-09,306,Celery_4,Fruit and vegetable,275.74,256.16,0.0,23.690000534057617,0.0,61.66,10844.0,3
2024-05-10,306,Celery_4,Fruit and vegetable,291.16,302.31,0.0,23.690000534057617,0.0,50.51,11652.0,3
2024-05-11,306,Celery_4,Fruit and vegetable,238.67,242.67,0.0,23.690000534057617,0.0,46.51,10003.0,3
2024-05-12,306,Celery_4,Fruit and vegetable,212.93,203.74,0.0,23.690000534057617,0.0,55.7,10440.0,3
2024-05-13,306,Celery_4,Fruit and vegetable,248.29,172.1,0.0,23.690000534057617,0.0,131.88,11028.0,3
2024-05-14,306,Celery_4,Fruit and vegetable,260.29,202.02,0.0,23.690000534057617,0.0,190.16,10321.0,3
2024-05-15,306,Celery_4,Fruit and vegetable,86.38,185.21,0.0,23.690000534057617,0.0,91.33,10680.0,3
2024-05-16,306,Celery_4,Fruit and vegetable,223.5,260.58,0.0,23.690000534057617,0.0,54.25,11596.0,3
2024-05-17,306,Celery_4,Fruit and vegetable,307.44,359.33,0.0,23.690000534057617,0.0,2.36,12674.0,3
2024-05-18,306,Celery_4,Fruit and vegetable,322.3,247.32,0.0,23.690000534057617,0.0,77.34,9978.0,3
2024-05-19,306,Celery_4,Fruit and vegetable,208.58,217.77,0.0,23.690000534057617,0.0,68.15,10078.0,3
2024-05-06,328,Pastry_27,Bakery,17.79,15.68,0.0,42.04999923706055,0.15000000596046448,6.06,11010.0,2
2024-05-07,328,Pastry_27,Bakery,19.94,26.0,0.0,42.04999923706055,0.15000000596046448,0.0,13639.0,2
2024-05-08,328,Pastry_27,Bakery,33.26,12.2,0.0,42.04999923706055,0.15000000596046448,21.06,10976.0,2
2024-05-09,328,Pastry_27,Bakery,0.0,20.25,0.0,42.04999923706055,0.15000000596046448,0.81,10844.0,2
2024-05-10,328,Pastry_27,Bakery,25.41,22.62,0.81,42.04999923706055,0.15000000596046448,2.79,11652.0,2
2024-05-11,328,Pastry_27,Bakery,23.25,10.27,0.0,42.04999923706055,0.15000000596046448,15.77,10003.0,2
2024-05-12,328,Pastry_27,Bakery,15.88,21.26,0.0,42.04999923706055,0.15000000596046448,10.39,10440.0,2
2024-05-13,328,Pastry_27,Bakery,21.98,32.37,0.0,42.04999923706055,0.15000000596046448,0.0,11028.0,2
2024-05-14,328,Pastry_27,Bakery,35.77,12.32,0.0,42.04999923706055,0.15000000596046448,23.45,10321.0,2
2024-05-15,328,Pastry_27,Bakery,0.0,9.1,0.0,42.04999923706055,0.15000000596046448,14.35,10680.0,2
2024-05-16,328,Pastry_27,Bakery,31.29,31.29,14.35,42.04999923706055,0.15000000596046448,0.0,11596.0,2
2024-05-17,328,Pastry_27,Bakery,35.0,32.41,0.0,42.04999923706055,0.15000000596046448,2.59,12674.0,2
2024-05-18,328,Pastry_27,Bakery,21.47,14.17,0.0,42.04999923706055,0.15000000596046448,9.9,9978.0,2
2024-05-19,328,Pastry_27,Bakery,24.42,19.45,0.0,42.04999923706055,0.15000000596046448,14.86,10078.0,2
2024-05-06,33,Chicken_2,Meat and fish,67.4,34.07,0.0,166.24000549316406,0.0,33.33,11010.0,4
2024-05-07,33,Chicken_2,Meat and fish,25.35,58.68,0.0,166.24000549316406,0.0,0.0,13639.0,4
2024-05-08,33,Chicken_2,Meat and fish,51.91,41.4,0.0,166.24000549316406,0.03743999823927879,10.51,10976.0,4
2024-05-09,33,Chicken_2,Meat and fish,45.62,41.01,0.0,166.24000549316406,0.0,15.13,10844.0,4
2024-05-10,33,Chicken_2,Meat and fish,46.48,29.66,0.0,166.24000549316406,0.0,31.95,11652.0,4
2024-05-11,33,Chicken_2,Meat and fish,26.96,26.17,0.0,166.24000549316406,0.05056000128388405,32.74,10003.0,4
2024-05-12,33,Chicken_2,Meat and fish,13.46,34.58,0.0,166.24000549316406,0.2603900134563446,11.62,10440.0,4
2024-05-13,33,Chicken_2,Meat and fish,36.13,45.9,0.0,166.24000549316406,0.247529998421669,1.85,11028.0,4
2024-05-14,33,Chicken_2,Meat and fish,70.79,42.7,0.0,166.24000549316406,0.0,29.94,10321.0,4
2024-05-15,33,Chicken_2,Meat and fish,20.86,33.26,0.0,166.24000549316406,0.0,17.54,10680.0,4
2024-05-16,33,Chicken_2,Meat and fish,35.02,52.56,0.0,166.24000549316406,0.0,0.0,11596.0,4
2024-05-17,33,Chicken_2,Meat and fish,61.38,61.38,0.0,166.24000549316406,0.0,0.0,12674.0,4
2024-05-18,33,Chicken_2,Meat and fish,41.71,35.91,0.0,166.24000549316406,0.0,5.8,9978.0,4
2024-05-19,33,Chicken_2,Meat and fish,42.1,32.18,0.0,166.24000549316406,0.0,15.72,10078.0,4
2024-05-06,34,Pork_0,Meat and fish,12.91,21.48,0.0,219.64999389648438,0.0,2.67,11010.0,4
2024-05-07,34,Pork_0,Meat and fish,20.49,23.16,0.0,219.64999389648438,0.0,0.0,13639.0,4
2024-05-08,34,Pork_0,Meat and fish,20.09,14.22,0.0,219.64999389648438,0.0,5.87,10976.0,4
2024-05-09,34,Pork_0,Meat and fish,22.87,27.43,0.0,219.64999389648438,0.0,1.31,10844.0,4
2024-05-10,34,Pork_0,Meat and fish,24.4,20.87,0.0,219.64999389648438,0.0,4.84,11652.0,4
2024-05-11,34,Pork_0,Meat and fish,19.55,20.68,0.0,219.64999389648438,0.0,3.71,10003.0,4
2024-05-12,34,Pork_0,Meat and fish,14.33,15.48,0.0,219.63999938964844,0.0,2.55,10440.0,4
2024-05-13,34,Pork_0,Meat and fish,24.67,18.6,0.0,219.63999938964844,0.0,8.62,11028.0,4
2024-05-14,34,Pork_0,Meat and fish,20.31,18.72,0.0,219.64999389648438,0.0,10.22,10321.0,4
2024-05-15,34,Pork_0,Meat and fish,9.52,11.47,0.0,219.63999938964844,0.0,8.27,10680.0,4
2024-05-16,34,Pork_0,Meat and fish,25.49,17.45,0.0,219.63999938964844,0.0,16.31,11596.0,4
2024-05-17,34,Pork_0,Meat and fish,10.28,26.59,0.0,219.64999389648438,0.0,0.0,12674.0,4
2024-05-18,34,Pork_0,Meat and fish,32.15,32.15,0.0,219.64999389648438,0.0,0.0,9978.0,4
2024-05-19,34,Pork_0,Meat and fish,24.44,14.62,0.0,219.64999389648438,0.0,9.82,10078.0,4
2024-05-06,426,Apple_19,Fruit and vegetable,55.38,35.39,0.0,63.650001525878906,0.0,42.67,11010.0,3
2024-05-08,426,Apple_19,Fruit and vegetable,1.51,13.97,0.0,63.650001525878906,0.0,30.21,10976.0,3
2024-05-09,426,Apple_19,Fruit and vegetable,56.16,47.14,28.7,63.650001525878906,0.0,10.53,10844.0,3
2024-05-10,426,Apple_19,Fruit and vegetable,71.25,81.78,0.0,63.650001525878906,0.0,0.0,11652.0,3
2024-05-11,426,Apple_19,Fruit and vegetable,90.44,44.19,0.0,63.63999938964844,0.0,46.25,10003.0,3
2024-05-12,426,Apple_19,Fruit and vegetable,55.63,57.3,0.0,63.650001525878906,0.0,44.58,10440.0,3
2024-05-13,426,Apple_19,Fruit and vegetable,26.19,36.86,0.0,63.650001525878906,0.0,33.91,11028.0,3
2024-05-14,426,Apple_19,Fruit and vegetable,28.28,29.51,0.0,63.650001525878906,0.0,32.68,10321.0,3
2024-05-15,426,Apple_19,Fruit and vegetable,8.82,21.78,0.0,63.650001525878906,0.0,19.72,10680.0,3
2024-05-19,426,Apple_19,Fruit and vegetable,72.49,34.92,19.72,63.650001525878906,0.0,37.57,10078.0,3
2024-05-06,433,Tomato_16,Fruit and vegetable,107.99,107.99,0.0,35.77000045776367,0.0,0.0,11010.0,3
2024-05-07,433,Tomato_16,Fruit and vegetable,106.56,38.4,0.0,35.77000045776367,0.0,68.16,13639.0,3
2024-05-08,433,Tomato_16,Fruit and vegetable,19.52,59.24,0.0,35.77000045776367,0.0,28.45,10976.0,3
2024-05-09,433,Tomato_16,Fruit and vegetable,63.06,68.09,0.0,35.77000045776367,0.0,23.42,10844.0,3
2024-05-10,433,Tomato_16,Fruit and vegetable,95.91,91.5,0.0,35.77000045776367,0.0,27.83,11652.0,3
2024-05-11,433,Tomato_16,Fruit and vegetable,53.61,81.44,0.0,35.77000045776367,0.0,0.0,10003.0,3
2024-05-12,433,Tomato_16,Fruit and vegetable,122.03,50.96,0.0,35.77000045776367,0.0,71.07,10440.0,3
2024-05-13,433,Tomato_16,Fruit and vegetable,67.87,57.46,0.0,35.77000045776367,0.0,81.48,11028.0,3
2024-05-14,433,Tomato_16,Fruit and vegetable,4.79,86.27,0.0,35.77000045776367,0.0,0.0,10321.0,3
2024-05-15,433,Tomato_16,Fruit and vegetable,92.78,92.78,0.0,35.77000045776367,0.0,0.0,10680.0,3
2024-05-16,433,Tomato_16,Fruit and vegetable,117.48,117.48,0.0,35.77000045776367,0.0,0.0,11596.0,3
2024-05-17,433,Tomato_16,Fruit and vegetable,120.35,62.71,0.0,35.77000045776367,0.0,57.64,12674.0,3
2024-05-18,433,Tomato_16,Fruit and vegetable,53.56,53.14,0.0,35.77000045776367,0.0,58.06,9978.0,3
2024-05-19,433,Tomato_16,Fruit and vegetable,24.94,81.33,0.0,35.77000045776367,0.0,1.67,10078.0,3
2024-05-06,453,Soup_1,Fruit and vegetable,30.2,44.07,0.0,26.579999923706055,0.05218999832868576,0.0,11010.0,3
2024-05-07,453,Soup_1,Fruit and vegetable,45.95,45.95,0.0,26.579999923706055,0.10678000003099442,0.0,13639.0,3
2024-05-08,453,Soup_1,Fruit and vegetable,38.02,31.36,0.0,26.579999923706055,0.30000001192092896,6.66,10976.0,3
2024-05-09,453,Soup_1,Fruit and vegetable,28.54,34.57,0.0,26.579999923706055,0.04461999982595444,0.63,10844.0,3
2024-05-10,453,Soup_1,Fruit and vegetable,47.71,48.34,0.0,26.579999923706055,0.0,0.0,11652.0,3
2024-05-11,453,Soup_1,Fruit and vegetable,34.78,23.02,0.0,26.579999923706055,0.0,11.76,10003.0,3
2024-05-12,453,Soup_1,Fruit and vegetable,27.83,31.6,0.0,26.579999923706055,0.0,7.99,10440.0,3
2024-05-13,453,Soup_1,Fruit and vegetable,48.01,27.67,0.0,26.579999923706055,0.007000000216066837,28.33,11028.0,3
2024-05-14,453,Soup_1,Fruit and vegetable,29.53,17.61,0.0,26.579999923706055,0.0,40.25,10321.0,3
2024-05-15,453,Soup_1,Fruit and vegetable,3.55,35.01,0.0,26.579999923706055,0.0,8.79,10680.0,3
2024-05-16,453,Soup_1,Fruit and vegetable,38.41,24.19,0.0,26.579999923706055,0.058320000767707825,23.01,11596.0,3
2024-05-17,453,Soup_1,Fruit and vegetable,38.18,36.16,0.0,26.579999923706055,0.025939999148249626,25.03,12674.0,3
2024-05-18,453,Soup_1,Fruit and vegetable,6.67,28.34,0.0,26.579999923706055,0.20000000298023224,3.36,9978.0,3
2024-05-19,453,Soup_1,Fruit and vegetable,36.47,30.06,0.0,26.579999923706055,0.0,9.78,10078.0,3
2024-05-06,47,Bread_2,Bakery,43.59,38.32,0.0,30.299999237060547,0.0,29.97,11010.0,2
2024-05-07,47,Bread_2,Bakery,64.63,94.6,0.0,30.299999237060547,0.0,0.0,13639.0,2
2024-05-08,47,Bread_2,Bakery,78.98,73.18,0.0,30.299999237060547,0.0,5.8,10976.0,2
2024-05-09,47,Bread_2,Bakery,89.28,80.31,0.0,30.299999237060547,0.0,14.78,10844.0,2
2024-05-10,47,Bread_2,Bakery,95.58,89.78,0.0,30.299999237060547,0.0,20.57,11652.0,2
2024-05-11,47,Bread_2,Bakery,68.64,63.74,0.0,30.299999237060547,0.0,25.47,10003.0,2
2024-05-12,47,Bread_2,Bakery,49.2,54.48,0.0,30.299999237060547,0.0,20.19,10440.0,2
2024-05-13,47,Bread_2,Bakery,49.46,69.65,0.0,30.299999237060547,0.0,0.0,11028.0,2
2024-05-14,47,Bread_2,Bakery,112.78,79.23,0.0,30.299999237060547,0.0,33.55,10321.0,2
2024-05-15,47,Bread_2,Bakery,54.54,57.77,0.0,30.299999237060547,0.0,30.32,10680.0,2
2024-05-16,47,Bread_2,Bakery,66.59,60.47,0.0,30.299999237060547,0.0,36.44,11596.0,2
2024-05-17,47,Bread_2,Bakery,69.58,93.81,0.0,30.299999237060547,0.0,12.21,12674.0,2
2024-05-18,47,Bread_2,Bakery,69.3,46.06,0.0,30.299999237060547,0.0,35.45,9978.0,2
2024-05-19,47,Bread_2,Bakery,39.87,53.04,0.0,30.299999237060547,0.0,22.28,10078.0,2
2024-05-06,486,Pork_9,Meat and fish,39.78,16.79,0.0,196.22000122070312,0.0,39.74,11010.0,4
2024-05-07,486,Pork_9,Meat and fish,16.38,56.12,0.0,196.22000122070312,0.0,0.0,13639.0,4
2024-05-08,486,Pork_9,Meat and fish,39.4,39.4,0.0,196.22999572753906,0.0,0.0,10976.0,4
2024-05-09,486,Pork_9,Meat and fish,59.92,43.63,0.0,196.22000122070312,0.0,16.29,10844.0,4
2024-05-10,486,Pork_9,Meat and fish,67.32,41.04,0.0,196.22000122070312,0.0,42.56,11652.0,4
2024-05-11,486,Pork_9,Meat and fish,11.19,30.54,0.0,196.22999572753906,0.0,23.21,10003.0,4
2024-05-12,486,Pork_9,Meat and fish,37.57,38.06,0.0,196.22000122070312,0.0,22.72,10440.0,4
2024-05-14,486,Pork_9,Meat and fish,26.63,49.35,0.0,196.22000122070312,0.0,0.0,10321.0,4
2024-05-15,486,Pork_9,Meat and fish,66.68,52.78,0.0,196.22999572753906,0.0,13.9,10680.0,4
2024-05-16,486,Pork_9,Meat and fish,42.84,56.74,0.0,196.22000122070312,0.0,0.0,11596.0,4
2024-05-17,486,Pork_9,Meat and fish,116.54,116.54,0.0,196.22000122070312,0.30000001192092896,0.0,12674.0,4
2024-05-06,506,Toust_8,Bakery,79.35,87.09,0.0,39.029998779296875,0.1503800004720688,0.0,11010.0,2
2024-05-07,506,Toust_8,Bakery,150.34,150.34,0.0,39.029998779296875,0.1503800004720688,0.0,13639.0,2
2024-05-08,506,Toust_8,Bakery,111.52,111.52,0.0,39.029998779296875,0.1503800004720688,0.0,10976.0,2
2024-05-09,506,Toust_8,Bakery,125.41,87.47,0.0,39.029998779296875,0.1503800004720688,37.94,10844.0,2
2024-05-10,506,Toust_8,Bakery,107.75,130.99,0.0,39.029998779296875,0.1503800004720688,14.69,11652.0,2
2024-05-13,506,Toust_8,Bakery,124.07,124.07,14.69,39.029998779296875,0.1503800004720688,0.0,11028.0,2
2024-05-14,506,Toust_8,Bakery,119.06,95.08,0.0,39.029998779296875,0.1503800004720688,23.98,10321.0,2
2024-05-15,506,Toust_8,Bakery,93.96,105.03,0.0,39.029998779296875,0.1503800004720688,12.9,10680.0,2
2024-05-16,506,Toust_8,Bakery,165.35,120.94,0.0,39.029998779296875,0.1503800004720688,57.31,11596.0,2
2024-05-06,529,Bread_43,Bakery,0.0,48.77,0.0,13.6899995803833,0.0,18.56,11010.0,2
2024-05-07,529,Bread_43,Bakery,77.03,57.43,18.56,13.6899995803833,0.0,19.6,13639.0,2
2024-05-08,529,Bread_43,Bakery,53.28,48.79,0.0,13.6899995803833,0.0,24.09,10976.0,2
2024-05-09,529,Bread_43,Bakery,63.81,33.17,0.0,13.6899995803833,0.0,54.72,10844.0,2
2024-05-10,529,Bread_43,Bakery,55.83,46.61,0.0,13.6899995803833,0.0,63.94,11652.0,2
2024-05-11,529,Bread_43,Bakery,7.63,40.72,8.11,13.6899995803833,0.0,22.75,10003.0,2
2024-05-12,529,Bread_43,Bakery,76.72,84.35,15.11,13.6899995803833,0.0,0.0,10440.0,2
2024-05-13,529,Bread_43,Bakery,69.71,36.57,0.0,13.6899995803833,0.0,33.14,11028.0,2
2024-05-14,529,Bread_43,Bakery,53.13,86.27,0.0,13.6899995803833,0.0,0.0,10321.0,2
2024-05-15,529,Bread_43,Bakery,77.21,43.76,0.0,13.6899995803833,0.0,33.45,10680.0,2
2024-05-16,529,Bread_43,Bakery,28.48,58.74,0.0,13.6899995803833,0.0,3.19,11596.0,2
2024-05-17,529,Bread_43,Bakery,88.91,92.1,0.0,13.6899995803833,0.0,0.0,12674.0,2
2024-05-18,529,Bread_43,Bakery,71.31,40.74,0.0,13.6899995803833,0.0,30.57,9978.0,2
2024-05-19,529,Bread_43,Bakery,84.37,54.81,0.0,13.6899995803833,0.0,60.13,10078.0,2
2024-05-06,558,Chicken_25,Meat and fish,24.12,22.33,0.0,78.80000305175781,0.07865999639034271,12.99,11010.0,4
2024-05-07,558,Chicken_25,Meat and fish,36.79,49.78,0.0,78.80000305175781,0.013679999858140945,0.0,13639.0,4
2024-05-08,558,Chicken_25,Meat and fish,44.42,44.42,0.0,78.80000305175781,0.1526300013065338,0.0,10976.0,4
2024-05-09,558,Chicken_25,Meat and fish,63.63,35.41,0.0,78.80000305175781,0.1526300013065338,28.22,10844.0,4
2024-05-10,558,Chicken_25,Meat and fish,29.8,28.61,0.0,78.80000305175781,0.0,29.41,11652.0,4
2024-05-11,558,Chicken_25,Meat and fish,16.7,25.62,0.0,78.80000305175781,0.0,20.49,10003.0,4
2024-05-12,558,Chicken_25,Meat and fish,18.43,38.92,0.0,78.80000305175781,0.0,0.0,10440.0,4
2024-05-13,558,Chicken_25,Meat and fish,38.07,38.07,0.0,78.80000305175781,0.0,0.0,11028.0,4
2024-05-14,558,Chicken_25,Meat and fish,60.55,15.25,0.0,78.80000305175781,0.0,45.3,10321.0,4
2024-05-15,558,Chicken_25,Meat and fish,11.73,21.64,0.0,78.80000305175781,0.016510000452399254,35.39,10680.0,4
2024-05-16,558,Chicken_25,Meat and fish,11.42,19.78,0.0,78.80000305175781,0.0,27.04,11596.0,4
2024-05-17,558,Chicken_25,Meat and fish,13.11,27.7,0.0,78.80000305175781,0.0,12.45,12674.0,4
2024-05-18,558,Chicken_25,Meat and fish,24.68,33.78,0.0,78.80000305175781,0.09470000118017197,3.35,9978.0,4
2024-05-19,558,Chicken_25,Meat and fish,47.54,15.33,0.0,78.80000305175781,0.1751600056886673,35.56,10078.0,4
2024-05-06,562,Beef_7,Meat and fish,7.23,18.36,0.0,208.0500030517578,0.048920001834630966,19.7,11010.0,4
2024-05-07,562,Beef_7,Meat and fish,47.91,28.5,0.0,208.0500030517578,0.18966999650001526,39.11,13639.0,4
2024-05-08,562,Beef_7,Meat and fish,0.0,32.64,0.0,208.0500030517578,0.18158000707626343,6.47,10976.0,4
2024-05-09,562,Beef_7,Meat and fish,26.43,25.7,0.0,208.0500030517578,0.3499999940395355,7.21,10844.0,4
2024-05-10,562,Beef_7,Meat and fish,28.03,35.24,0.0,208.0500030517578,0.0,0.0,11652.0,4
2024-05-11,562,Beef_7,Meat and fish,29.78,21.88,0.0,208.0500030517578,0.05282999947667122,7.9,10003.0,4
2024-05-12,562,Beef_7,Meat and fish,19.14,13.37,0.0,208.0500030517578,0.15625999867916107,13.66,10440.0,4
2024-05-13,562,Beef_7,Meat and fish,14.68,21.38,0.0,208.0500030517578,0.049869999289512634,6.96,11028.0,4
2024-05-14,562,Beef_7,Meat and fish,31.06,23.52,0.0,208.0500030517578,0.21901999413967133,14.5,10321.0,4
2024-05-15,562,Beef_7,Meat and fish,27.54,9.8,0.0,208.0500030517578,0.12268000096082687,32.24,10680.0,4
2024-05-16,562,Beef_7,Meat and fish,4.09,18.9,0.0,208.0500030517578,0.1526300013065338,17.43,11596.0,4
2024-05-17,562,Beef_7,Meat and fish,28.22,25.81,0.0,208.0500030517578,0.05762000009417534,19.84,12674.0,4
2024-05-18,562,Beef_7,Meat and fish,9.37,17.15,0.0,208.0500030517578,0.1760600060224533,12.06,9978.0,4
2024-05-19,562,Beef_7,Meat and fish,8.53,15.89,0.0,208.0500030517578,0.020500000566244125,4.7,10078.0,4
2024-05-06,651,Tomato_28,Fruit and vegetable,163.35,209.44,0.0,219.49000549316406,0.2999899983406067,0.0,11010.0,3
2024-05-07,651,Tomato_28,Fruit and vegetable,346.18,346.18,0.0,219.47000122070312,0.2999899983406067,0.0,13639.0,3
2024-05-08,651,Tomato_28,Fruit and vegetable,271.34,271.34,0.0,219.47000122070312,0.2999899983406067,0.0,10976.0,3
2024-05-09,651,Tomato_28,Fruit and vegetable,211.42,203.82,0.0,219.47000122070312,0.2999899983406067,7.6,10844.0,3
2024-05-10,651,Tomato_28,Fruit and vegetable,250.94,258.54,0.0,219.47000122070312,0.2999899983406067,0.0,11652.0,3
2024-05-11,651,Tomato_28,Fruit and vegetable,298.0,298.0,0.0,219.47000122070312,0.2999899983406067,0.0,10003.0,3
2024-05-12,651,Tomato_28,Fruit and vegetable,322.46,322.46,0.0,153.66000366210938,0.2999899983406067,0.0,10440.0,3
2024-05-13,651,Tomato_28,Fruit and vegetable,278.5,66.8,0.0,219.49000549316406,0.0,211.7,11028.0,3
2024-05-14,651,Tomato_28,Fruit and vegetable,254.77,66.38,0.0,219.49000549316406,0.0,400.09,10321.0,3
2024-05-15,651,Tomato_28,Fruit and vegetable,7.16,51.83,0.0,219.49000549316406,0.0,355.41,10680.0,3
2024-05-16,651,Tomato_28,Fruit and vegetable,92.53,102.16,93.49,219.49000549316406,0.0,252.3,11596.0,3
2024-05-17,651,Tomato_28,Fruit and vegetable,313.29,81.08,152.61,219.49000549316406,0.0,331.89,12674.0,3
2024-05-18,651,Tomato_28,Fruit and vegetable,115.47,63.56,0.0,219.49000549316406,0.0,383.8,9978.0,3
2024-05-19,651,Tomato_28,Fruit and vegetable,61.55,75.71,0.0,219.49000549316406,0.0,369.65,10078.0,3
2024-05-06,656,Bread_54,Bakery,66.3,9.74,36.6,33.849998474121094,0.6113200187683105,56.56,11010.0,2
2024-05-07,656,Bread_54,Bakery,17.52,45.46,0.0,33.849998474121094,0.0,28.62,13639.0,2
2024-05-08,656,Bread_54,Bakery,29.63,40.06,11.1,33.849998474121094,0.17307999730110168,7.1,10976.0,2
2024-05-09,656,Bread_54,Bakery,66.17,69.52,0.0,33.849998474121094,0.03334999829530716,3.75,10844.0,2
2024-05-10,656,Bread_54,Bakery,73.86,39.57,0.0,33.849998474121094,0.0,38.04,11652.0,2
2024-05-11,656,Bread_54,Bakery,4.28,21.42,0.0,33.849998474121094,0.0,20.89,10003.0,2
2024-05-12,656,Bread_54,Bakery,40.7,11.42,16.62,33.849998474121094,0.14430999755859375,33.56,10440.0,2
2024-05-13,656,Bread_54,Bakery,3.42,28.21,0.0,33.849998474121094,0.05059000104665756,8.77,11028.0,2
2024-05-14,656,Bread_54,Bakery,66.09,42.43,5.35,33.849998474121094,0.0,27.08,10321.0,2
2024-05-15,656,Bread_54,Bakery,36.77,25.56,0.0,33.849998474121094,0.18140999972820282,38.28,10680.0,2
2024-05-16,656,Bread_54,Bakery,56.91,39.39,1.52,33.849998474121094,0.32100000977516174,54.28,11596.0,2
2024-05-17,656,Bread_54,Bakery,0.0,40.08,0.0,33.849998474121094,0.21875,14.2,12674.0,2
2024-05-18,656,Bread_54,Bakery,36.07,24.98,14.2,33.849998474121094,0.17395000159740448,11.09,9978.0,2
2024-05-19,656,Bread_54,Bakery,14.52,17.34,0.0,33.849998474121094,0.17026999592781067,8.27,10078.0,2
2024-05-06,672,Pastry_58,Bakery,33.19,29.61,0.0,28.770000457763672,0.0,32.35,11010.0,2
2024-05-07,672,Pastry_58,Bakery,50.42,82.77,0.0,28.770000457763672,0.0,0.0,13639.0,2
2024-05-08,672,Pastry_58,Bakery,105.6,48.79,0.0,28.770000457763672,0.0,56.81,10976.0,2
2024-05-09,672,Pastry_58,Bakery,0.0,20.95,0.0,28.770000457763672,0.0,35.86,10844.0,2
2024-05-10,672,Pastry_58,Bakery,69.69,63.88,35.86,28.770000457763672,0.0,5.81,11652.0,2
2024-05-11,672,Pastry_58,Bakery,49.79,47.8,0.0,28.770000457763672,0.0,7.8,10003.0,2
2024-05-12,672,Pastry_58,Bakery,53.11,36.9,0.0,28.770000457763672,0.0,24.01,10440.0,2
2024-05-13,672,Pastry_58,Bakery,32.5,38.31,0.0,28.770000457763672,0.0,18.2,11028.0,2
2024-05-14,672,Pastry_58,Bakery,90.21,49.3,0.0,28.770000457763672,0.0,59.12,10321.0,2
2024-05-15,672,Pastry_58,Bakery,6.8,22.76,0.0,28.770000457763672,0.0,43.16,10680.0,2
2024-05-16,672,Pastry_58,Bakery,60.58,67.38,36.36,28.770000457763672,0.0,0.0,11596.0,2
2024-05-17,672,Pastry_58,Bakery,83.92,51.17,0.0,28.770000457763672,0.0,32.75,12674.0,2
2024-05-18,672,Pastry_58,Bakery,32.93,40.74,0.0,28.770000457763672,0.0,24.93,9978.0,2
2024-05-19,672,Pastry_58,Bakery,29.84,38.9,0.0,28.770000457763672,0.0,15.88,10078.0,2
2024-05-06,697,Melon_5,Fruit and vegetable,0.0,5.1,9.67,130.9499969482422,0.0,15.02,11010.0,3
2024-05-07,697,Melon_5,Fruit and vegetable,42.72,11.01,15.02,125.37000274658203,0.0,31.71,13639.0,3
2024-05-08,697,Melon_5,Fruit and vegetable,0.0,12.46,0.0,125.37000274658203,0.0,19.25,10976.0,3
2024-05-09,697,Melon_5,Fruit and vegetable,13.11,18.25,0.0,125.37000274658203,0.0,14.11,10844.0,3
2024-05-10,697,Melon_5,Fruit and vegetable,0.0,9.6,1.0,125.37000274658203,0.0,3.51,11652.0,3
2024-05-11,697,Melon_5,Fruit and vegetable,11.08,14.59,0.0,125.37000274658203,0.0,0.0,10003.0,3
2024-05-12,697,Melon_5,Fruit and vegetable,9.46,6.73,0.0,125.37000274658203,0.0,2.73,10440.0,3
2024-05-13,697,Melon_5,Fruit and vegetable,8.15,5.92,0.0,125.37000274658203,0.0,4.96,11028.0,3
2024-05-14,697,Melon_5,Fruit and vegetable,11.61,15.63,0.0,125.37000274658203,0.0,0.94,10321.0,3
2024-05-15,697,Melon_5,Fruit and vegetable,17.47,2.63,0.0,125.37000274658203,0.0,15.78,10680.0,3
2024-05-16,697,Melon_5,Fruit and vegetable,9.88,15.15,0.0,125.37000274658203,0.0,10.51,11596.0,3
2024-05-19,697,Melon_5,Fruit and vegetable,16.23,14.69,10.51,125.37000274658203,0.0,1.54,10078.0,3
2024-05-06,708,Roll_12,Bakery,593.79,665.44,0.0,5.159999847412109,0.0,207.75,10489.0,2
2024-05-07,708,Roll_12,Bakery,875.84,954.79,0.0,5.159999847412109,0.0,128.8,11934.0,2
2024-05-08,708,Roll_12,Bakery,1043.57,1101.59,0.0,5.159999847412109,0.0,70.78,13129.0,2
2024-05-09,708,Roll_12,Bakery,870.13,714.5,0.0,5.159999847412109,0.0,226.41,9788.0,2
2024-05-10,708,Roll_12,Bakery,851.26,926.9,0.0,5.159999847412109,0.0,150.77,11812.0,2
2024-05-11,708,Roll_12,Bakery,1003.23,807.39,0.0,5.159999847412109,0.0,346.61,10380.0,2
2024-05-12,708,Roll_12,Bakery,522.11,793.15,0.0,5.159999847412109,0.0,75.57,11137.0,2
2024-05-13,708,Roll_12,Bakery,783.73,646.84,0.0,5.159999847412109,0.0,212.46,10741.0,2
2024-05-14,708,Roll_12,Bakery,941.22,704.8,0.0,5.159999847412109,0.0,448.89,10134.0,2
2024-05-15,708,Roll_12,Bakery,852.17,774.68,0.0,5.159999847412109,0.0,526.37,10531.0,2
2024-05-16,708,Roll_12,Bakery,303.81,732.0,0.0,5.159999847412109,0.0,98.18,10656.0,2
2024-05-17,708,Roll_12,Bakery,942.53,972.96,0.0,5.159999847412109,0.0,67.75,12751.0,2
2024-05-18,708,Roll_12,Bakery,871.94,939.69,0.0,5.159999847412109,0.0,0.0,11083.0,2
2024-05-19,708,Roll_12,Bakery,947.35,711.28,0.0,5.159999847412109,0.0,236.07,10476.0,2
2024-05-06,741,Chicken_31,Meat and fish,314.55,328.63,0.0,167.75,0.0,0.0,11010.0,4
2024-05-07,741,Chicken_31,Meat and fish,359.95,359.95,0.0,167.75,0.0,0.0,13639.0,4
2024-05-08,741,Chicken_31,Meat and fish,276.06,276.06,0.0,167.75,0.0,0.0,10976.0,4
2024-05-09,741,Chicken_31,Meat and fish,285.34,285.34,0.0,167.75,0.0,0.0,10844.0,4
2024-05-10,741,Chicken_31,Meat and fish,321.16,314.05,0.0,167.75,0.0,7.11,11652.0,4
2024-05-11,741,Chicken_31,Meat and fish,279.0,255.44,0.0,167.75,0.0,30.67,10003.0,4
2024-05-12,741,Chicken_31,Meat and fish,266.31,236.39,0.0,167.75,0.0,60.59,10440.0,4
2024-05-13,741,Chicken_31,Meat and fish,323.23,264.53,0.0,167.75,0.029419999569654465,119.29,11028.0,4
2024-05-14,741,Chicken_31,Meat and fish,293.43,234.12,0.0,167.75,0.0,178.59,10321.0,4
2024-05-15,741,Chicken_31,Meat and fish,133.63,217.43,0.0,167.75,0.0,94.79,10680.0,4
2024-05-16,741,Chicken_31,Meat and fish,233.07,298.04,0.0,167.75,0.0,29.82,11596.0,4
2024-05-17,741,Chicken_31,Meat and fish,329.33,317.11,0.0,167.75,0.0,42.04,12674.0,4
2024-05-18,741,Chicken_31,Meat and fish,259.51,243.76,0.0,167.75,0.0,57.8,9978.0,4
2024-05-19,741,Chicken_31,Meat and fish,225.4,243.43,0.0,167.75,0.0,39.76,10078.0,4
2024-05-06,788,Pomegranate_0,Fruit and vegetable,20.72,36.4,0.0,49.150001525878906,0.18865999579429626,0.0,11010.0,3
2024-05-07,788,Pomegranate_0,Fruit and vegetable,41.23,37.33,0.0,49.150001525878906,0.22864000499248505,3.9,13639.0,3
2024-05-08,788,Pomegranate_0,Fruit and vegetable,43.15,11.33,0.0,49.150001525878906,0.05065999925136566,35.72,10976.0,3
2024-05-09,788,Pomegranate_0,Fruit and vegetable,10.49,25.32,0.0,49.150001525878906,0.06171000003814697,20.89,10844.0,3
2024-05-10,788,Pomegranate_0,Fruit and vegetable,35.95,25.38,0.0,49.150001525878906,0.2165900021791458,31.46,11652.0,3
2024-05-11,788,Pomegranate_0,Fruit and vegetable,1.79,11.68,0.0,49.150001525878906,0.06477999687194824,21.58,10003.0,3
2024-05-12,788,Pomegranate_0,Fruit and vegetable,20.89,33.58,0.0,49.150001525878906,0.12383999675512314,8.89,10440.0,3
2024-05-13,788,Pomegranate_0,Fruit and vegetable,41.48,31.69,0.0,49.150001525878906,0.033730000257492065,18.68,11028.0,3
2024-05-14,788,Pomegranate_0,Fruit and vegetable,31.81,35.41,0.0,49.150001525878906,0.0072200000286102295,15.08,10321.0,3
2024-05-15,788,Pomegranate_0,Fruit and vegetable,9.43,24.51,0.0,49.150001525878906,0.0,0.0,10680.0,3
2024-05-16,788,Pomegranate_0,Fruit and vegetable,35.53,32.83,0.0,49.150001525878906,0.0,2.7,11596.0,3
2024-05-17,788,Pomegranate_0,Fruit and vegetable,33.23,34.45,0.0,49.150001525878906,0.0,1.49,12674.0,3
2024-05-18,788,Pomegranate_0,Fruit and vegetable,22.78,24.27,0.0,49.150001525878906,0.05417000129818916,0.0,9978.0,3
2024-05-19,788,Pomegranate_0,Fruit and vegetable,39.52,20.51,0.0,49.150001525878906,0.08412999659776688,19.01,10078.0,3
2024-05-06,791,Arugula_1,Fruit and vegetable,70.52,85.35,0.0,32.33000183105469,0.0,13.38,11010.0,3
2024-05-08,791,Arugula_1,Fruit and vegetable,115.25,49.8,0.0,32.33000183105469,0.0,78.83,10976.0,3
2024-05-09,791,Arugula_1,Fruit and vegetable,27.78,66.35,0.0,32.33000183105469,0.0,40.26,10844.0,3
2024-05-10,791,Arugula_1,Fruit and vegetable,113.07,81.14,0.0,32.33000183105469,0.0,72.19,11652.0,3
2024-05-11,791,Arugula_1,Fruit and vegetable,30.83,72.59,0.0,32.33000183105469,0.0,30.43,10003.0,3
2024-05-12,791,Arugula_1,Fruit and vegetable,68.91,86.11,0.0,32.33000183105469,0.0,13.22,10440.0,3
2024-05-13,791,Arugula_1,Fruit and vegetable,77.38,74.88,0.0,32.33000183105469,0.0,15.72,11028.0,3
2024-05-14,791,Arugula_1,Fruit and vegetable,85.93,77.47,0.0,32.33000183105469,0.0,24.18,10321.0,3
2024-05-15,791,Arugula_1,Fruit and vegetable,65.1,89.28,0.0,32.33000183105469,0.0,0.0,10680.0,3
2024-05-16,791,Arugula_1,Fruit and vegetable,86.38,86.38,0.0,32.33000183105469,0.0,0.0,11596.0,3
2024-05-17,791,Arugula_1,Fruit and vegetable,89.31,69.93,0.0,32.33000183105469,0.0,19.38,12674.0,3
2024-05-18,791,Arugula_1,Fruit and vegetable,63.01,77.94,0.0,32.33000183105469,0.0,4.45,9978.0,3
2024-05-19,791,Arugula_1,Fruit and vegetable,90.74,74.26,0.0,32.33000183105469,0.0,20.93,10078.0,3
2024-05-06,844,Chive_1,Fruit and vegetable,106.56,155.02,0.0,40.540000915527344,0.0,34.09,11010.0,3
2024-05-07,844,Chive_1,Fruit and vegetable,159.91,168.37,0.0,40.540000915527344,0.0,25.62,13639.0,3
2024-05-09,844,Chive_1,Fruit and vegetable,134.78,148.51,0.0,40.540000915527344,0.0,11.89,10844.0,3
2024-05-10,844,Chive_1,Fruit and vegetable,185.51,152.03,0.0,40.540000915527344,0.0,45.36,11652.0,3
2024-05-11,844,Chive_1,Fruit and vegetable,175.7,134.55,0.0,40.540000915527344,0.0,86.51,10003.0,3
2024-05-12,844,Chive_1,Fruit and vegetable,132.71,135.31,0.0,40.540000915527344,0.0,83.91,10440.0,3
2024-05-13,844,Chive_1,Fruit and vegetable,83.26,167.17,0.0,40.540000915527344,0.0,0.0,11028.0,3
2024-05-14,844,Chive_1,Fruit and vegetable,172.36,165.5,0.0,40.540000915527344,0.0,6.86,10321.0,3
2024-05-15,844,Chive_1,Fruit and vegetable,180.12,127.79,0.0,40.540000915527344,0.0,59.19,10680.0,3
2024-05-16,844,Chive_1,Fruit and vegetable,109.13,158.94,0.0,40.540000915527344,0.0,9.38,11596.0,3
2024-05-17,844,Chive_1,Fruit and vegetable,198.7,208.08,0.0,40.540000915527344,0.0,0.0,12674.0,3
2024-05-18,844,Chive_1,Fruit and vegetable,177.13,177.13,0.0,40.540000915527344,0.0,0.0,9978.0,3
2024-05-19,844,Chive_1,Fruit and vegetable,169.49,152.05,0.0,40.540000915527344,0.0,17.44,10078.0,3
2024-05-06,865,Bread_69,Bakery,28.27,33.09,0.0,40.56999969482422,0.0,10.6,11010.0,2
2024-05-07,865,Bread_69,Bakery,38.25,42.23,0.0,40.56999969482422,0.0,6.62,13639.0,2
2024-05-08,865,Bread_69,Bakery,26.4,24.39,0.0,40.56999969482422,0.0,8.63,10976.0,2
2024-05-09,865,Bread_69,Bakery,35.82,22.7,0.0,40.56999969482422,0.0,21.75,10844.0,2
2024-05-10,865,Bread_69,Bakery,24.13,34.53,0.0,40.56999969482422,0.0,11.35,11652.0,2
2024-05-11,865,Bread_69,Bakery,16.12,24.79,0.0,40.56999969482422,0.0,2.67,10003.0,2
2024-05-12,865,Bread_69,Bakery,30.72,33.39,0.0,40.56999969482422,0.0,0.0,10440.0,2
2024-05-13,865,Bread_69,Bakery,42.13,24.38,0.0,40.56999969482422,0.0,17.75,11028.0,2
2024-05-14,865,Bread_69,Bakery,33.87,35.21,0.0,40.56999969482422,0.0,16.41,10321.0,2
2024-05-15,865,Bread_69,Bakery,18.6,35.01,0.0,40.56999969482422,0.0,0.0,10680.0,2
2024-05-16,865,Bread_69,Bakery,32.83,32.83,0.0,40.56999969482422,0.0,0.0,11596.0,2
2024-05-17,865,Bread_69,Bakery,42.64,42.64,0.0,40.56999969482422,0.0,0.0,12674.0,2
2024-05-18,865,Bread_69,Bakery,32.93,19.48,0.0,40.56999969482422,0.0,13.45,9978.0,2
2024-05-19,865,Bread_69,Bakery,29.71,15.91,0.0,40.56999969482422,0.0,27.25,10078.0,2
2024-05-06,883,Bread_70,Bakery,321.11,366.55,0.0,66.19999694824219,0.1500999927520752,110.45,10489.0,2
2024-05-07,883,Bread_70,Bakery,399.54,353.56,0.0,66.19999694824219,0.1500999927520752,156.42,11934.0,2
2024-05-08,883,Bread_70,Bakery,358.75,0.0,0.0,66.19999694824219,0.1500999927520752,515.17,13129.0,2
2024-05-09,883,Bread_70,Bakery,235.54,410.57,156.42,66.19999694824219,0.1500999927520752,183.72,9788.0,2
2024-05-10,883,Bread_70,Bakery,603.19,584.05,0.0,66.19999694824219,0.1500999927520752,202.87,11812.0,2
2024-05-11,883,Bread_70,Bakery,458.02,408.5,0.0,66.19999694824219,0.1500999927520752,252.39,10380.0,2
2024-05-12,883,Bread_70,Bakery,323.08,424.01,0.0,66.19999694824219,0.1500999927520752,151.46,11137.0,2
2024-05-13,883,Bread_70,Bakery,442.14,364.76,0.0,66.19999694824219,0.1500999927520752,228.84,10741.0,2
2024-05-14,883,Bread_70,Bakery,351.77,357.38,0.0,66.19999694824219,0.1500999927520752,223.22,10134.0,2
2024-05-15,883,Bread_70,Bakery,155.77,378.99,0.0,66.19999694824219,0.1500999927520752,0.0,10531.0,2
2024-05-16,883,Bread_70,Bakery,509.42,430.79,0.0,66.19999694824219,0.1500999927520752,78.63,10656.0,2
2024-05-17,883,Bread_70,Bakery,604.32,642.49,0.0,66.19999694824219,0.1500999927520752,40.46,12751.0,2
2024-05-18,883,Bread_70,Bakery,493.65,388.22,0.0,66.19999694824219,0.1500999927520752,145.89,11083.0,2
2024-05-19,883,Bread_70,Bakery,405.03,420.36,0.0,66.19999694824219,0.1500999927520752,130.57,10476.0,2
2024-05-06,910,Pear_16,Fruit and vegetable,48.18,67.72,0.0,90.41999816894531,0.0,11.3,11010.0,3
2024-05-07,910,Pear_16,Fruit and vegetable,59.55,70.85,0.0,90.41999816894531,0.0,0.0,13639.0,3
2024-05-08,910,Pear_16,Fruit and vegetable,70.44,50.67,0.0,90.41999816894531,0.0,19.77,10976.0,3
2024-05-09,910,Pear_16,Fruit and vegetable,42.6,60.15,0.0,90.41999816894531,0.0,2.23,10844.0,3
2024-05-10,910,Pear_16,Fruit and vegetable,99.08,101.31,0.0,90.41999816894531,0.0,0.0,11652.0,3
2024-05-11,910,Pear_16,Fruit and vegetable,77.96,50.78,0.0,90.41999816894531,0.0,27.18,10003.0,3
2024-05-12,910,Pear_16,Fruit and vegetable,43.34,66.62,0.0,90.41999816894531,0.0,3.9,10440.0,3
2024-05-13,910,Pear_16,Fruit and vegetable,85.8,74.58,0.0,90.41000366210938,0.0,15.12,11028.0,3
2024-05-15,910,Pear_16,Fruit and vegetable,78.03,55.84,0.0,90.41999816894531,0.0,37.31,10680.0,3
2024-05-16,910,Pear_16,Fruit and vegetable,36.28,57.74,0.0,90.41999816894531,0.0,15.85,11596.0,3
2024-05-17,910,Pear_16,Fruit and vegetable,66.19,61.59,0.0,90.41999816894531,0.0,20.45,12674.0,3
2024-05-18,910,Pear_16,Fruit and vegetable,102.64,52.22,0.0,90.41000366210938,0.0,70.87,9978.0,3
2024-05-19,910,Pear_16,Fruit and vegetable,0.0,51.11,0.0,90.41999816894531,0.0,19.76,10078.0,3
2024-05-06,928,Pastry_76,Bakery,49.02,17.56,0.0,32.88999938964844,0.0,31.46,10489.0,2
2024-05-07,928,Pastry_76,Bakery,27.82,54.28,0.0,32.88999938964844,0.0,4.99,11934.0,2
2024-05-08,928,Pastry_76,Bakery,49.47,39.04,0.0,32.88999938964844,0.0,15.43,13129.0,2
2024-05-09,928,Pastry_76,Bakery,31.03,46.46,0.0,32.88999938964844,0.0,0.0,9788.0,2
2024-05-10,928,Pastry_76,Bakery,63.33,49.81,0.0,32.88999938964844,0.0,13.52,11812.0,2
2024-05-11,928,Pastry_76,Bakery,63.71,44.17,0.0,32.88999938964844,0.0,33.06,10380.0,2
2024-05-12,928,Pastry_76,Bakery,22.68,34.77,0.0,32.88999938964844,0.0,20.97,11137.0,2
2024-05-13,928,Pastry_76,Bakery,12.14,27.98,0.0,32.88999938964844,0.0,5.13,10741.0,2
2024-05-14,928,Pastry_76,Bakery,60.75,31.8,0.0,32.88999938964844,0.0,34.08,10134.0,2
2024-05-15,928,Pastry_76,Bakery,15.28,14.04,0.0,32.88999938964844,0.0,35.32,10531.0,2
2024-05-16,928,Pastry_76,Bakery,47.13,29.77,20.04,32.88999938964844,0.0,32.64,10656.0,2
2024-05-17,928,Pastry_76,Bakery,32.02,49.01,0.0,32.88999938964844,0.0,15.64,12751.0,2
2024-05-18,928,Pastry_76,Bakery,43.13,45.24,0.0,32.88999938964844,0.0,13.53,11083.0,2
2024-05-19,928,Pastry_76,Bakery,36.07,42.15,0.0,32.88999938964844,0.0,7.45,10476.0,2
2024-05-06,935,Tomato_38,Fruit and vegetable,180.32,144.57,0.0,53.709999084472656,0.0,53.9,11010.0,3
2024-05-07,935,Tomato_38,Fruit and vegetable,99.97,121.63,0.0,53.709999084472656,0.0,32.23,13639.0,3
2024-05-08,935,Tomato_38,Fruit and vegetable,94.97,127.2,0.0,53.709999084472656,0.0,0.0,10976.0,3
2024-05-09,935,Tomato_38,Fruit and vegetable,159.6,125.71,0.0,53.709999084472656,0.0,33.89,10844.0,3
2024-05-10,935,Tomato_38,Fruit and vegetable,125.77,117.4,0.0,53.709999084472656,0.0,42.26,11652.0,3
2024-05-11,935,Tomato_38,Fruit and vegetable,97.6,139.86,0.0,53.709999084472656,0.0,0.0,10003.0,3
2024-05-12,935,Tomato_38,Fruit and vegetable,134.98,112.47,0.0,53.709999084472656,0.0,22.51,10440.0,3
2024-05-13,935,Tomato_38,Fruit and vegetable,136.92,158.46,0.0,53.709999084472656,0.0,0.96,11028.0,3
2024-05-14,935,Tomato_38,Fruit and vegetable,140.65,112.68,0.0,53.709999084472656,0.0,28.93,10321.0,3
2024-05-15,935,Tomato_38,Fruit and vegetable,119.57,77.02,0.0,53.709999084472656,0.0,71.48,10680.0,3
2024-05-16,935,Tomato_38,Fruit and vegetable,86.73,115.75,0.0,53.709999084472656,0.0,42.46,11596.0,3
2024-05-17,935,Tomato_38,Fruit and vegetable,109.33,151.79,0.0,53.709999084472656,0.0,0.0,12674.0,3
2024-05-18,935,Tomato_38,Fruit and vegetable,175.87,72.63,0.0,53.709999084472656,0.0,103.24,9978.0,3
2024-05-19,935,Tomato_38,Fruit and vegetable,51.33,130.84,0.0,53.709999084472656,0.0,23.73,10078.0,3
2024-05-06,936,Pastry_77,Bakery,14.68,16.87,0.0,46.209999084472656,0.0,20.97,10489.0,2
2024-05-07,936,Pastry_77,Bakery,26.42,41.1,6.29,46.209999084472656,0.0,0.0,11934.0,2
2024-05-08,936,Pastry_77,Bakery,35.62,15.14,0.0,46.209999084472656,0.0,20.48,13129.0,2
2024-05-09,936,Pastry_77,Bakery,19.28,31.99,0.0,46.209999084472656,0.0,7.77,9788.0,2
2024-05-10,936,Pastry_77,Bakery,39.38,44.79,0.0,46.209999084472656,0.0,2.36,11812.0,2
2024-05-11,936,Pastry_77,Bakery,49.31,21.5,0.0,46.209999084472656,0.0,30.17,10380.0,2
2024-05-12,936,Pastry_77,Bakery,3.6,25.76,0.0,46.209999084472656,0.0,8.01,11137.0,2
2024-05-13,936,Pastry_77,Bakery,28.1,22.73,4.41,46.209999084472656,0.0,8.97,10741.0,2
2024-05-14,936,Pastry_77,Bakery,45.98,49.44,0.0,46.209999084472656,0.0,5.51,10134.0,2
2024-05-15,936,Pastry_77,Bakery,35.53,41.04,0.0,46.209999084472656,0.10000000149011612,0.0,10531.0,2
2024-05-16,936,Pastry_77,Bakery,90.87,90.87,0.0,46.209999084472656,0.10000000149011612,0.0,10656.0,2
2024-05-17,936,Pastry_77,Bakery,75.74,66.81,0.0,46.209999084472656,0.10000000149011612,8.93,12751.0,2
2024-05-18,936,Pastry_77,Bakery,45.76,29.58,0.0,46.209999084472656,0.10000000149011612,25.1,11083.0,2
2024-05-19,936,Pastry_77,Bakery,53.42,78.52,0.0,46.209999084472656,0.10000000149011612,0.0,10476.0,2
2024-05-06,980,Potato_36,Fruit and vegetable,147.58,118.5,0.0,69.27999877929688,0.0,41.17,11010.0,3
2024-05-09,980,Potato_36,Fruit and vegetable,173.44,124.62,41.17,69.27999877929688,0.0,48.82,10844.0,3
2024-05-10,980,Potato_36,Fruit and vegetable,91.02,139.84,0.0,69.27999877929688,0.0,0.0,11652.0,3
2024-05-11,980,Potato_36,Fruit and vegetable,144.28,95.6,0.0,69.27999877929688,0.0,48.68,10003.0,3
2024-05-12,980,Potato_36,Fruit and vegetable,156.97,105.44,0.0,69.27999877929688,0.0,100.21,10440.0,3
2024-05-13,980,Potato_36,Fruit and vegetable,39.48,134.08,0.0,69.27999877929688,0.0,5.61,11028.0,3
2024-05-14,980,Potato_36,Fruit and vegetable,121.31,105.64,0.0,69.27999877929688,0.0,21.28,10321.0,3
2024-05-15,980,Potato_36,Fruit and vegetable,118.06,106.78,0.0,69.27999877929688,0.0,32.56,10680.0,3
2024-05-16,980,Potato_36,Fruit and vegetable,138.48,171.04,0.0,69.27999877929688,0.0,0.0,11596.0,3
2024-05-17,980,Potato_36,Fruit and vegetable,174.25,170.56,0.0,69.27999877929688,0.0,3.69,12674.0,3
2024-05-06,982,Beef_10,Meat and fish,55.11,65.35,0.0,346.2200012207031,0.0,27.75,11010.0,4
2024-05-07,982,Beef_10,Meat and fish,51.46,79.21,0.0,346.2200012207031,0.0,0.0,13639.0,4
2024-05-08,982,Beef_10,Meat and fish,59.93,45.79,0.0,346.2200012207031,0.0,14.14,10976.0,4
2024-05-09,982,Beef_10,Meat and fish,60.46,51.02,0.0,346.2200012207031,0.0,23.58,10844.0,4
2024-05-10,982,Beef_10,Meat and fish,63.35,62.72,0.0,346.2200012207031,0.0,24.22,11652.0,4
2024-05-11,982,Beef_10,Meat and fish,42.61,46.05,0.0,346.2200012207031,0.0,20.78,10003.0,4
2024-05-12,982,Beef_10,Meat and fish,42.66,63.44,0.0,346.2200012207031,0.0,0.0,10440.0,4
2024-05-13,982,Beef_10,Meat and fish,80.92,63.65,0.0,346.2099914550781,0.0,17.27,11028.0,4
2024-05-14,982,Beef_10,Meat and fish,77.34,32.82,0.0,346.2200012207031,0.0,61.8,10321.0,4
2024-05-15,982,Beef_10,Meat and fish,0.0,60.01,0.0,346.2200012207031,0.0,1.79,10680.0,4
2024-05-16,982,Beef_10,Meat and fish,68.18,69.97,0.0,346.2200012207031,0.0,0.0,11596.0,4
2024-05-17,982,Beef_10,Meat and fish,79.25,73.37,0.0,346.2200012207031,0.0,5.88,12674.0,4
2024-05-18,982,Beef_10,Meat and fish,58.43,59.98,0.0,346.2200012207031,0.0,4.32,9978.0,4
2024-05-19,982,Beef_10,Meat and fish,75.97,55.27,0.0,346.2200012207031,0.0,25.03,10078.0,4
2024-05-06,984,Bread_78,Bakery,15.8,20.03,9.71,42.36000061035156,0.5824199914932251,3.38,11010.0,2
2024-05-07,984,Bread_78,Bakery,25.17,26.69,0.0,42.36000061035156,0.4167900085449219,1.87,13639.0,2
2024-05-08,984,Bread_78,Bakery,22.13,20.91,0.0,42.36000061035156,0.0,3.09,10976.0,2
2024-05-09,984,Bread_78,Bakery,35.69,6.98,0.0,42.36000061035156,0.0,31.8,10844.0,2
2024-05-10,984,Bread_78,Bakery,14.34,29.35,0.0,42.36000061035156,0.0,16.79,11652.0,2
2024-05-11,984,Bread_78,Bakery,5.84,20.18,2.45,42.36000061035156,0.15344999730587006,0.0,10003.0,2
2024-05-12,984,Bread_78,Bakery,18.27,4.39,0.0,42.36000061035156,0.08764000236988068,13.88,10440.0,2
2024-05-13,984,Bread_78,Bakery,18.15,7.31,0.0,42.36000061035156,0.14319999516010284,24.72,11028.0,2
2024-05-14,984,Bread_78,Bakery,21.59,4.4,6.57,42.36000061035156,0.17901000380516052,35.34,10321.0,2
2024-05-15,984,Bread_78,Bakery,12.09,9.45,13.75,42.36000061035156,0.3622699975967407,24.23,10680.0,2
2024-05-16,984,Bread_78,Bakery,7.43,19.52,12.14,42.36000061035156,0.14880000054836273,0.0,11596.0,2
2024-05-17,984,Bread_78,Bakery,49.58,49.58,0.0,42.36000061035156,0.0,0.0,12674.0,2
2024-05-18,984,Bread_78,Bakery,40.71,15.41,0.0,42.36000061035156,0.0,25.3,9978.0,2
2024-05-19,984,Bread_78,Bakery,0.0,9.32,0.0,42.36000061035156,0.0,15.98,10078.0,2
