date,product_id,product_name,category,units_received,units_sold,units_wasted,price,discount,stock_end,customers,shelf_life_days
2024-05-20,1032,Chicken_45,Meat and fish,30.8,20.85,0.0,201.5,0.023560000583529472,19.2,10579.0,4
2024-05-21,1032,Chicken_45,Meat and fish,15.92,35.12,0.0,201.5,0.0,0.0,10104.0,4
2024-05-22,1032,Chicken_45,Meat and fish,39.79,37.73,0.0,201.5,0.0,2.06,10640.0,4
2024-05-23,1032,Chicken_45,Meat and fish,34.77,31.29,0.0,201.5,0.0,5.54,10812.0,4
2024-05-24,1032,Chicken_45,Meat and fish,78.35,62.03,0.0,201.5,0.0,21.86,11776.0,4
2024-05-25,1032,Chicken_45,Meat and fish,59.76,81.62,0.0,201.5,0.08748999983072281,0.0,9685.0,4
2024-05-26,1032,Chicken_45,Meat and fish,68.22,18.11,0.0,201.5,0.0,50.11,9864.0,4
2024-05-27,1032,Chicken_45,Meat and fish,0.12,20.24,0.0,201.5,0.07680000364780426,29.99,10334.0,4
2024-05-28,1032,Chicken_45,Meat and fish,34.63,28.32,0.0,201.5,0.3973099887371063,36.3,10336.0,4
2024-05-29,1032,Chicken_45,Meat and fish,31.47,8.51,0.0,201.5,0.019950000569224358,59.26,10298.0,4
2024-05-30,1032,Chicken_45,Meat and fish,5.75,58.6,0.0,201.5,0.11930999904870987,6.41,11266.0,4
2024-05-31,1032,Chicken_45,Meat and fish,90.91,51.87,0.0,201.5,0.0,45.45,12061.0,4
2024-06-01,1032,Chicken_45,Meat and fish,70.01,33.78,0.0,201.5,0.059039998799562454,81.68,10308.0,4
2024-06-02,1032,Chicken_45,Meat and fish,0.0,32.47,0.0,201.5,0.036809999495744705,49.21,9940.0,4
2024-05-20,106,Pear_4,Fruit and vegetable,23.16,20.57,0.0,111.0199966430664,0.0,5.97,10579.0,3
2024-05-21,106,Pear_4,Fruit and vegetable,32.85,12.74,0.0,111.0199966430664,0.0,26.07,10104.0,3
2024-05-22,106,Pear_4,Fruit and vegetable,0.0,16.62,0.0,111.0199966430664,0.0,9.45,10640.0,3
2024-05-23,106,Pear_4,Fruit and vegetable,8.48,16.67,0.0,111.0199966430664,0.0,1.26,10812.0,3
2024-05-24,106,Pear_4,Fruit and vegetable,26.2,20.61,0.0,111.0199966430664,0.0,6.85,11776.0,3
2024-05-25,106,Pear_4,Fruit and vegetable,18.19,8.28,0.0,111.01000213623047,0.0,16.77,9685.0,3
2024-05-26,106,Pear_4,Fruit and vegetable,9.17,13.49,0.0,111.0199966430664,0.0,12.44,9864.0,3
2024-05-27,106,Pear_4,Fruit and vegetable,13.81,13.8,0.0,111.01000213623047,0.0,12.45,10334.0,3
2024-05-28,106,Pear_4,Fruit and vegetable,6.54,18.99,0.0,111.0199966430664,0.0,0.0,10336.0,3
2024-05-29,106,Pear_4,Fruit and vegetable,21.84,11.32,0.0,111.01000213623047,0.0,10.52,10298.0,3
2024-05-30,106,Pear_4,Fruit and vegetable,11.68,13.38,0.0,111.0199966430664,0.0,8.82,11266.0,3
2024-05-31,106,Pear_4,Fruit and vegetable,17.23,24.56,0.0,111.0199966430664,0.0,1.5,12061.0,3
2024-06-01,106,Pear_4,Fruit and vegetable,13.64,8.22,0.0,111.0199966430664,0.0,6.92,10308.0,3
2024-06-02,106,Pear_4,Fruit and vegetable,13.45,14.45,0.0,111.0199966430664,0.0,5.91,9940.0,3
2024-05-20,1075,Croissant_15,Bakery,107.96,75.39,0.0,17.65999984741211,0.0,100.81,10579.0,2
2024-05-21,1075,Croissant_15,Bakery,45.88,146.69,0.0,17.65999984741211,0.0,0.0,10104.0,2
2024-05-22,1075,Croissant_15,Bakery,129.84,71.81,0.0,17.65999984741211,0.0,58.03,10640.0,2
2024-05-23,1075,Croissant_15,Bakery,64.26,122.29,0.0,17.65999984741211,0.0,0.0,10812.0,2
2024-05-24,1075,Croissant_15,Bakery,133.9,65.5,0.0,17.65999984741211,0.0,68.4,11776.0,2
2024-05-25,1075,Croissant_15,Bakery,18.3,62.33,0.0,17.65999984741211,0.0,24.37,9685.0,2
2024-05-26,1075,Croissant_15,Bakery,81.06,67.45,6.07,17.65999984741211,0.0,31.9,9864.0,2
2024-05-27,1075,Croissant_15,Bakery,86.02,73.93,0.0,17.65999984741211,0.0,44.0,10334.0,2
2024-05-28,1075,Croissant_15,Bakery,145.35,160.18,0.0,17.65999984741211,0.0,29.16,10336.0,2
2024-05-29,1075,Croissant_15,Bakery,95.89,125.05,0.0,17.65999984741211,0.0,0.0,10298.0,2
2024-05-30,1075,Croissant_15,Bakery,171.91,100.65,0.0,17.65999984741211,0.0,71.26,11266.0,2
2024-05-31,1075,Croissant_15,Bakery,41.87,53.25,0.0,17.65999984741211,0.0,59.89,12061.0,2
2024-06-01,1075,Croissant_15,Bakery,70.38,52.83,18.01,17.65999984741211,0.0,59.42,10308.0,2
2024-06-02,1075,Croissant_15,Bakery,59.67,58.49,0.0,17.65999984741211,0.0,60.6,9940.0,2
2024-05-20,1078,Avocado_3,Fruit and vegetable,133.25,133.25,0.0,50.220001220703125,0.0,0.0,10579.0,3
2024-05-21,1078,Avocado_3,Fruit and vegetable,112.06,91.9,0.0,50.220001220703125,0.0,20.16,10104.0,3
2024-05-22,1078,Avocado_3,Fruit and vegetable,95.44,115.6,0.0,50.220001220703125,0.0,0.0,10640.0,3
2024-05-23,1078,Avocado_3,Fruit and vegetable,110.47,82.11,0.0,50.220001220703125,0.0,28.36,10812.0,3
2024-05-24,1078,Avocado_3,Fruit and vegetable,114.37,108.59,0.0,50.220001220703125,0.0,34.14,11776.0,3
2024-05-25,1078,Avocado_3,Fruit and vegetable,103.2,87.27,0.0,50.220001220703125,0.0,50.07,9685.0,3
2024-05-26,1078,Avocado_3,Fruit and vegetable,98.63,147.33,0.0,50.220001220703125,0.0,1.37,9864.0,3
2024-05-27,1078,Avocado_3,Fruit and vegetable,163.18,86.25,0.0,50.220001220703125,0.0,78.3,10334.0,3
2024-05-28,1078,Avocado_3,Fruit and vegetable,43.36,84.49,0.0,50.220001220703125,0.0,37.16,10336.0,3
2024-05-29,1078,Avocado_3,Fruit and vegetable,109.13,91.58,0.0,50.220001220703125,0.0,54.71,10298.0,3
2024-05-30,1078,Avocado_3,Fruit and vegetable,57.3,109.33,0.0,50.220001220703125,0.0,2.68,11266.0,3
2024-05-31,1078,Avocado_3,Fruit and vegetable,134.68,89.32,0.0,50.220001220703125,0.0,48.04,12061.0,3
2024-06-01,1078,Avocado_3,Fruit and vegetable,68.33,82.77,0.0,50.220001220703125,0.0,33.6,10308.0,3
2024-06-02,1078,Avocado_3,Fruit and vegetable,143.42,90.4,0.0,50.220001220703125,0.0,86.62,9940.0,3
2024-05-20,1086,Roll_20,Bakery,599.8,640.9,0.0,4.699999809265137,0.0,316.86,10316.0,2
2024-05-21,1086,Roll_20,Bakery,592.02,692.86,0.0,4.699999809265137,0.0,216.02,10219.0,2
2024-05-22,1086,Roll_20,Bakery,772.07,636.79,0.0,4.699999809265137,0.0,351.3,10056.0,2
2024-05-23,1086,Roll_20,Bakery,674.59,654.55,0.0,4.699999809265137,0.0,371.34,10362.0,2
2024-05-24,1086,Roll_20,Bakery,870.81,1054.83,0.0,4.699999809265137,0.0,187.32,11906.0,2
2024-05-25,1086,Roll_20,Bakery,710.75,681.49,0.0,4.699999809265137,0.0,216.59,10470.0,2
2024-05-26,1086,Roll_20,Bakery,737.76,954.35,0.0,4.699999809265137,0.0,0.0,10540.0,2
2024-05-27,1086,Roll_20,Bakery,860.03,657.19,0.0,4.699999809265137,0.0,202.84,9973.0,2
2024-05-28,1086,Roll_20,Bakery,706.87,850.58,0.0,4.699999809265137,0.0,59.14,10150.0,2
2024-05-29,1086,Roll_20,Bakery,794.26,839.4,0.0,4.699999809265137,0.0,13.99,9874.0,2
2024-05-30,1086,Roll_20,Bakery,841.08,707.24,0.0,4.699999809265137,0.0,147.83,10458.0,2
2024-05-31,1086,Roll_20,Bakery,1097.51,927.23,0.0,4.699999809265137,0.0,318.11,12090.0,2
2024-06-01,1086,Roll_20,Bakery,654.67,972.78,0.0,4.699999809265137,0.0,0.0,11066.0,2
2024-06-02,1086,Roll_20,Bakery,1110.55,839.42,0.0,4.699999809265137,0.0,271.13,10604.0,2
2024-05-20,1112,Croissant_16,Bakery,897.9,853.82,0.0,8.350000381469727,0.0,399.21,10579.0,2
2024-05-21,1112,Croissant_16,Bakery,936.74,901.35,0.0,8.350000381469727,0.0,434.59,10104.0,2
2024-05-22,1112,Croissant_16,Bakery,928.96,873.97,0.0,8.350000381469727,0.0,489.58,10640.0,2
2024-05-23,1112,Croissant_16,Bakery,943.3,953.85,0.0,8.350000381469727,0.0,479.03,10812.0,2
2024-05-24,1112,Croissant_16,Bakery,1280.46,1216.9,0.0,8.350000381469727,0.0,542.58,11776.0,2
2024-05-25,1112,Croissant_16,Bakery,523.21,792.54,0.0,8.350000381469727,0.0,273.25,9685.0,2
2024-05-26,1112,Croissant_16,Bakery,987.04,1260.29,0.0,8.350000381469727,0.0,0.0,9864.0,2
2024-05-27,1112,Croissant_16,Bakery,1089.75,952.26,0.0,8.350000381469727,0.0,137.49,10334.0,2
2024-05-28,1112,Croissant_16,Bakery,990.14,1017.41,0.0,8.350000381469727,0.0,110.23,10336.0,2
2024-05-29,1112,Croissant_16,Bakery,984.08,824.26,0.0,8.350000381469727,0.0,270.04,10298.0,2
2024-05-30,1112,Croissant_16,Bakery,915.22,1185.26,0.0,8.350000381469727,0.0,0.0,11266.0,2
2024-05-31,1112,Croissant_16,Bakery,1460.2,1317.4,0.0,8.539999961853027,0.0,142.8,12061.0,2
2024-06-01,1112,Croissant_16,Bakery,975.53,1118.33,0.0,8.539999961853027,0.0,0.0,10308.0,2
2024-06-02,1112,Croissant_16,Bakery,1485.14,1028.03,0.0,8.539999961853027,0.0,457.11,9940.0,2
2024-05-20,1124,Pastry_92,Bakery,52.01,41.01,0.0,41.349998474121094,0.1500999927520752,11.0,10316.0,2
2024-05-21,1124,Pastry_92,Bakery,51.36,31.34,0.0,41.349998474121094,0.1500999927520752,31.02,10219.0,2
2024-05-22,1124,Pastry_92,Bakery,26.46,51.63,0.0,41.349998474121094,0.1500999927520752,5.86,10056.0,2
2024-05-23,1124,Pastry_92,Bakery,46.41,36.9,0.0,41.349998474121094,0.1500999927520752,15.36,10362.0,2
2024-05-24,1124,Pastry_92,Bakery,63.76,62.05,0.0,41.349998474121094,0.1500999927520752,17.07,11906.0,2
2024-05-25,1124,Pastry_92,Bakery,86.93,50.94,0.0,41.349998474121094,0.1500999927520752,53.06,10470.0,2
2024-05-26,1124,Pastry_92,Bakery,17.46,54.38,0.0,41.349998474121094,0.1500999927520752,16.14,10540.0,2
2024-05-27,1124,Pastry_92,Bakery,38.71,26.39,0.0,41.349998474121094,0.1500999927520752,28.46,9973.0,2
2024-05-28,1124,Pastry_92,Bakery,19.87,38.16,0.0,41.349998474121094,0.1500999927520752,10.16,10150.0,2
2024-05-29,1124,Pastry_92,Bakery,57.25,31.06,0.0,41.349998474121094,0.1500999927520752,36.35,9874.0,2
2024-05-30,1124,Pastry_92,Bakery,17.35,50.95,0.0,41.349998474121094,0.1500999927520752,2.76,10458.0,2
2024-05-31,1124,Pastry_92,Bakery,76.12,48.08,0.0,41.349998474121094,0.1500999927520752,30.79,12090.0,2
2024-06-01,1124,Pastry_92,Bakery,34.2,36.54,0.0,41.349998474121094,0.1500999927520752,28.45,11066.0,2
2024-06-02,1124,Pastry_92,Bakery,39.43,49.07,0.0,41.349998474121094,0.1500999927520752,18.82,10604.0,2
2024-05-20,1131,Toust_16,Bakery,266.54,205.13,0.0,55.04999923706055,0.0,97.88,10579.0,2
2024-05-21,1131,Toust_16,Bakery,243.07,236.83,0.0,55.04999923706055,0.0,104.12,10104.0,2
2024-05-22,1131,Toust_16,Bakery,172.61,276.73,0.0,55.04999923706055,0.0,0.0,10640.0,2
2024-05-23,1131,Toust_16,Bakery,343.49,262.05,0.0,55.04999923706055,0.0,81.44,10812.0,2
2024-05-24,1131,Toust_16,Bakery,291.69,289.57,0.0,55.04999923706055,0.0,83.56,11776.0,2
2024-05-25,1131,Toust_16,Bakery,221.6,242.21,0.0,55.04999923706055,0.0,62.95,9685.0,2
2024-05-26,1131,Toust_16,Bakery,230.94,248.51,0.0,55.04999923706055,0.0,45.37,9864.0,2
2024-05-27,1131,Toust_16,Bakery,195.42,214.74,0.0,55.04999923706055,0.0,26.05,10334.0,2
2024-05-28,1131,Toust_16,Bakery,243.18,256.99,0.0,55.04999923706055,0.0,12.24,10336.0,2
2024-05-29,1131,Toust_16,Bakery,295.59,257.14,0.0,55.04999923706055,0.0,50.69,10298.0,2
2024-05-30,1131,Toust_16,Bakery,259.94,310.63,0.0,55.04999923706055,0.0,0.0,11266.0,2
2024-05-31,1131,Toust_16,Bakery,329.88,267.95,0.0,55.04999923706055,0.0,61.93,12061.0,2
2024-06-01,1131,Toust_16,Bakery,217.49,267.69,0.0,55.04999923706055,0.0,11.74,10308.0,2
2024-06-02,1131,Toust_16,Bakery,273.28,226.88,0.0,55.04999923706055,0.0,58.14,9940.0,2
2024-05-20,1164,Physalis_1,Fruit and vegetable,67.13,29.8,0.0,88.37000274658203,0.0,37.33,10579.0,3
2024-05-21,1164,Physalis_1,Fruit and vegetable,8.45,24.74,0.0,88.37000274658203,0.0,21.04,10104.0,3
2024-05-22,1164,Physalis_1,Fruit and vegetable,24.44,36.78,0.0,88.37000274658203,0.0,8.7,10640.0,3
2024-05-23,1164,Physalis_1,Fruit and vegetable,40.22,48.92,0.0,88.37000274658203,0.0,0.0,10812.0,3
2024-05-24,1164,Physalis_1,Fruit and vegetable,47.88,25.85,0.0,88.37000274658203,0.0,22.03,11776.0,3
2024-05-25,1164,Physalis_1,Fruit and vegetable,26.39,17.81,0.0,88.37000274658203,0.0,30.61,9685.0,3
2024-05-26,1164,Physalis_1,Fruit and vegetable,46.05,30.18,0.0,88.37000274658203,0.0,46.49,9864.0,3
2024-05-27,1164,Physalis_1,Fruit and vegetable,0.0,19.36,0.0,88.37000274658203,0.0,27.13,10334.0,3
2024-05-28,1164,Physalis_1,Fruit and vegetable,11.48,33.44,0.0,88.37000274658203,0.0,5.17,10336.0,3
2024-05-29,1164,Physalis_1,Fruit and vegetable,45.37,15.85,0.0,88.37000274658203,0.0,34.7,10298.0,3
2024-05-30,1164,Physalis_1,Fruit and vegetable,29.0,27.77,0.0,88.37000274658203,0.0,35.93,11266.0,3
2024-05-31,1164,Physalis_1,Fruit and vegetable,0.0,22.33,0.0,88.37000274658203,0.0,13.6,12061.0,3
2024-06-01,1164,Physalis_1,Fruit and vegetable,12.8,15.85,0.0,88.37000274658203,0.0,10.55,10308.0,3
2024-06-02,1164,Physalis_1,Fruit and vegetable,28.64,26.59,0.0,88.37000274658203,0.0,12.6,9940.0,3
2024-05-20,1169,Pastry_98,Bakery,30.59,15.08,0.0,37.72999954223633,0.1193000003695488,16.86,10579.0,2
2024-05-21,1169,Pastry_98,Bakery,11.0,16.61,0.0,37.72999954223633,0.07139000296592712,11.25,10104.0,2
2024-05-22,1169,Pastry_98,Bakery,27.37,21.72,0.25,37.72999954223633,0.05942000076174736,16.65,10640.0,2
2024-05-23,1169,Pastry_98,Bakery,31.32,23.23,0.0,37.72999954223633,0.057670000940561295,24.74,10812.0,2
2024-05-24,1169,Pastry_98,Bakery,6.39,8.79,0.0,37.72999954223633,0.04552000015974045,22.33,11776.0,2
2024-05-25,1169,Pastry_98,Bakery,21.89,21.37,15.95,37.72999954223633,0.10642000287771225,6.91,9685.0,2
2024-05-26,1169,Pastry_98,Bakery,25.25,20.24,0.0,37.72999954223633,0.3931399881839752,11.92,9864.0,2
2024-05-27,1169,Pastry_98,Bakery,15.89,27.81,0.0,37.72999954223633,0.12150999903678894,0.0,10334.0,2
2024-05-28,1169,Pastry_98,Bakery,35.03,35.03,0.0,37.72999954223633,0.089649997651577,0.0,10336.0,2
2024-05-29,1169,Pastry_98,Bakery,31.91,11.45,0.0,37.72999954223633,0.0660099983215332,20.46,10298.0,2
2024-05-30,1169,Pastry_98,Bakery,14.32,26.72,0.0,37.72999954223633,0.07244999706745148,8.07,11266.0,2
2024-05-31,1169,Pastry_98,Bakery,37.96,46.03,0.0,37.72999954223633,0.05940999835729599,0.0,12061.0,2
2024-06-01,1169,Pastry_98,Bakery,35.65,25.01,0.0,37.72999954223633,0.017309999093413353,10.64,10308.0,2
2024-06-02,1169,Pastry_98,Bakery,23.6,19.85,0.0,37.72999954223633,0.0695900022983551,14.39,9940.0,2
2024-05-20,1188,Tomato_48,Fruit and vegetable,575.02,68.66,0.0,108.93000030517578,0.0,506.36,10579.0,3
2024-05-21,1188,Tomato_48,Fruit and vegetable,159.31,60.3,0.0,108.93000030517578,0.0,605.37,10104.0,3
2024-05-22,1188,Tomato_48,Fruit and vegetable,192.8,233.75,0.0,108.93000030517578,0.19072000682353973,564.42,10640.0,3
2024-05-23,1188,Tomato_48,Fruit and vegetable,423.22,349.06,212.31,108.93000030517578,0.35005998611450195,426.27,10812.0,3
2024-05-24,1188,Tomato_48,Fruit and vegetable,406.41,376.33,0.0,108.93000030517578,0.35005998611450195,456.35,11776.0,3
2024-05-25,1188,Tomato_48,Fruit and vegetable,198.15,99.91,0.0,108.93000030517578,0.0,554.59,9685.0,3
2024-05-26,1188,Tomato_48,Fruit and vegetable,146.45,104.55,0.0,108.93000030517578,0.0,596.49,9864.0,3
2024-05-27,1188,Tomato_48,Fruit and vegetable,0.0,81.18,251.89,108.93000030517578,0.0,263.42,10334.0,3
2024-05-28,1188,Tomato_48,Fruit and vegetable,83.92,63.97,116.97,108.93000030517578,0.0,166.4,10336.0,3
2024-05-29,1188,Tomato_48,Fruit and vegetable,319.16,57.29,82.48,108.93000030517578,0.0,345.8,10298.0,3
2024-05-30,1188,Tomato_48,Fruit and vegetable,180.62,75.45,0.0,108.93000030517578,0.0,450.96,11266.0,3
2024-05-31,1188,Tomato_48,Fruit and vegetable,70.24,59.77,0.0,108.93000030517578,0.0,461.43,12061.0,3
2024-06-01,1188,Tomato_48,Fruit and vegetable,0.0,54.31,210.58,108.93000030517578,0.0,196.55,10308.0,3
2024-06-02,1188,Tomato_48,Fruit and vegetable,57.04,66.34,126.31,108.93000030517578,0.0,60.93,9940.0,3
2024-05-20,1196,Pumpkin_9,Fruit and vegetable,10.39,17.34,0.0,149.0800018310547,0.0,7.78,10579.0,3
2024-05-21,1196,Pumpkin_9,Fruit and vegetable,16.25,10.69,0.0,149.0800018310547,0.0,13.34,10104.0,3
2024-05-22,1196,Pumpkin_9,Fruit and vegetable,8.87,22.21,0.0,149.07000732421875,0.0,0.0,10640.0,3
2024-05-23,1196,Pumpkin_9,Fruit and vegetable,29.56,29.56,0.0,149.07000732421875,0.0,0.0,10812.0,3
2024-05-24,1196,Pumpkin_9,Fruit and vegetable,28.07,10.96,0.0,149.07000732421875,0.0,17.11,11776.0,3
2024-05-25,1196,Pumpkin_9,Fruit and vegetable,22.57,5.59,0.0,149.0800018310547,0.0,34.1,9685.0,3
2024-05-26,1196,Pumpkin_9,Fruit and vegetable,0.0,3.44,0.0,149.07000732421875,0.0,30.66,9864.0,3
2024-05-27,1196,Pumpkin_9,Fruit and vegetable,6.71,2.13,8.08,149.07000732421875,0.0,27.16,10334.0,3
2024-05-28,1196,Pumpkin_9,Fruit and vegetable,17.06,14.28,20.44,149.07000732421875,0.0,9.5,10336.0,3
2024-05-29,1196,Pumpkin_9,Fruit and vegetable,25.81,5.07,0.0,149.07000732421875,0.0,30.24,10298.0,3
2024-05-30,1196,Pumpkin_9,Fruit and vegetable,11.58,5.69,0.0,149.07000732421875,0.0,36.13,11266.0,3
2024-05-31,1196,Pumpkin_9,Fruit and vegetable,0.0,19.48,0.0,149.07000732421875,0.0,16.65,12061.0,3
2024-06-01,1196,Pumpkin_9,Fruit and vegetable,2.21,4.72,5.07,149.07000732421875,0.0,9.07,10308.0,3
2024-06-02,1196,Pumpkin_9,Fruit and vegetable,15.25,17.46,6.86,149.07000732421875,0.0,0.0,9940.0,3
2024-05-20,1232,Blueberry_17,Fruit and vegetable,1096.68,1132.59,0.0,47.7599983215332,0.0,216.72,10579.0,3
2024-05-21,1232,Blueberry_17,Fruit and vegetable,845.46,1062.18,0.0,47.7599983215332,0.0,0.0,10104.0,3
2024-05-22,1232,Blueberry_17,Fruit and vegetable,1150.52,1080.64,0.0,47.7599983215332,0.0,69.88,10640.0,3
2024-05-23,1232,Blueberry_17,Fruit and vegetable,1169.27,1079.63,0.0,47.7599983215332,0.0,159.53,10812.0,3
2024-05-24,1232,Blueberry_17,Fruit and vegetable,1237.29,1125.55,0.0,47.7599983215332,0.0,271.27,11776.0,3
2024-05-25,1232,Blueberry_17,Fruit and vegetable,757.38,902.96,0.0,47.7599983215332,0.0,125.68,9685.0,3
2024-05-26,1232,Blueberry_17,Fruit and vegetable,1022.31,1088.11,0.0,47.7599983215332,0.0,59.88,9864.0,3
2024-05-27,1232,Blueberry_17,Fruit and vegetable,1171.1,1075.47,0.0,47.7599983215332,0.0,155.51,10334.0,3
2024-05-28,1232,Blueberry_17,Fruit and vegetable,998.38,823.1,0.0,47.7599983215332,0.0,330.79,10336.0,3
2024-05-29,1232,Blueberry_17,Fruit and vegetable,896.15,927.42,0.0,47.7599983215332,0.0,299.52,10298.0,3
2024-05-30,1232,Blueberry_17,Fruit and vegetable,929.27,1140.14,0.0,47.7599983215332,0.0,88.64,11266.0,3
2024-05-31,1232,Blueberry_17,Fruit and vegetable,1197.0,1214.34,0.0,47.7599983215332,0.0,71.3,12061.0,3
2024-06-01,1232,Blueberry_17,Fruit and vegetable,1013.29,801.32,0.0,47.7599983215332,0.0,283.27,10308.0,3
2024-06-02,1232,Blueberry_17,Fruit and vegetable,1010.15,1043.98,0.0,47.7599983215332,0.0,249.45,9940.0,3
2024-05-20,1262,Pastry_110,Bakery,21.56,13.94,7.13,46.47999954223633,0.0,10.71,10316.0,2
2024-05-21,1262,Pastry_110,Bakery,25.48,10.58,0.0,46.47999954223633,0.0,25.61,10219.0,2
2024-05-22,1262,Pastry_110,Bakery,0.0,15.9,0.13,46.47999954223633,0.0,9.58,10056.0,2
2024-05-23,1262,Pastry_110,Bakery,18.18,11.37,9.58,46.47999954223633,0.0,6.81,10362.0,2
2024-05-24,1262,Pastry_110,Bakery,19.82,10.32,0.0,46.47999954223633,0.0,16.32,11906.0,2
2024-05-25,1262,Pastry_110,Bakery,2.36,10.54,0.0,46.47999954223633,0.0,8.14,10470.0,2
2024-05-26,1262,Pastry_110,Bakery,4.08,0.0,5.78,46.47999954223633,0.0,6.44,10540.0,2
2024-05-27,1262,Pastry_110,Bakery,16.3,10.63,2.36,46.47999954223633,0.0,9.75,9973.0,2
2024-05-28,1262,Pastry_110,Bakery,17.96,27.71,0.0,46.47999954223633,0.0,0.0,10150.0,2
2024-05-29,1262,Pastry_110,Bakery,26.51,12.42,0.0,46.47999954223633,0.0,14.09,9874.0,2
2024-05-30,1262,Pastry_110,Bakery,7.7,10.54,0.0,46.47999954223633,0.0,11.26,10458.0,2
2024-05-31,1262,Pastry_110,Bakery,13.06,15.45,3.55,46.47999954223633,0.0,5.31,12090.0,2
2024-06-01,1262,Pastry_110,Bakery,15.77,5.22,0.0,46.47999954223633,0.0,15.87,11066.0,2
2024-06-02,1262,Pastry_110,Bakery,0.0,0.0,0.09,46.47999954223633,0.0,15.77,10604.0,2
2024-05-20,1270,Baguette_19,Bakery,157.76,107.4,0.0,32.119998931884766,0.0,50.36,10316.0,2
2024-05-21,1270,Baguette_19,Bakery,146.12,123.46,0.0,32.119998931884766,0.0,73.02,10219.0,2
2024-05-22,1270,Baguette_19,Bakery,120.96,95.52,0.0,32.119998931884766,0.0,98.46,10056.0,2
2024-05-23,1270,Baguette_19,Bakery,109.48,170.69,0.0,32.119998931884766,0.0,37.25,10362.0,2
2024-05-24,1270,Baguette_19,Bakery,174.31,151.43,0.0,32.119998931884766,0.0,60.13,11906.0,2
2024-05-25,1270,Baguette_19,Bakery,170.5,135.24,0.0,32.119998931884766,0.0,95.38,10470.0,2
2024-05-26,1270,Baguette_19,Bakery,76.15,129.82,0.0,32.119998931884766,0.0,41.72,10540.0,2
2024-05-27,1270,Baguette_19,Bakery,98.25,95.66,0.0,32.119998931884766,0.0,44.3,9973.0,2
2024-05-28,1270,Baguette_19,Bakery,114.38,137.73,0.0,32.119998931884766,0.0,20.95,10150.0,2
2024-05-29,1270,Baguette_19,Bakery,130.19,151.14,0.0,32.119998931884766,0.0,0.0,9874.0,2
2024-05-30,1270,Baguette_19,Bakery,200.64,177.01,0.0,32.119998931884766,0.0,23.63,10458.0,2
2024-05-31,1270,Baguette_19,Bakery,159.68,149.39,0.0,32.119998931884766,0.0,33.92,12090.0,2
2024-06-01,1270,Baguette_19,Bakery,133.01,85.27,0.0,32.119998931884766,0.0,81.66,11066.0,2
2024-06-02,1270,Baguette_19,Bakery,89.43,115.66,0.0,32.119998931884766,0.0,55.43,10604.0,2
2024-05-20,1278,Cucumber_18,Fruit and vegetable,291.55,284.16,0.0,81.62000274658203,0.0,122.56,10579.0,3
2024-05-21,1278,Cucumber_18,Fruit and vegetable,260.14,306.69,0.0,81.62000274658203,0.0,76.0,10104.0,3
2024-05-22,1278,Cucumber_18,Fruit and vegetable,326.23,344.74,0.0,81.62000274658203,0.0,57.49,10640.0,3
2024-05-23,1278,Cucumber_18,Fruit and vegetable,377.19,395.71,0.0,81.62000274658203,0.0,38.97,10812.0,3
2024-05-24,1278,Cucumber_18,Fruit and vegetable,378.17,417.14,0.0,81.62000274658203,0.0,0.0,11776.0,3
2024-05-25,1278,Cucumber_18,Fruit and vegetable,357.0,310.71,0.0,81.62000274658203,0.0,46.29,9685.0,3
2024-05-26,1278,Cucumber_18,Fruit and vegetable,311.64,286.16,0.0,81.5999984741211,0.0,71.77,9864.0,3
2024-05-27,1278,Cucumber_18,Fruit and vegetable,280.3,300.81,0.0,81.62000274658203,0.0,51.26,10334.0,3
2024-05-29,1278,Cucumber_18,Fruit and vegetable,320.35,348.37,0.0,81.62000274658203,0.0,23.24,10298.0,3
2024-05-30,1278,Cucumber_18,Fruit and vegetable,384.12,327.64,0.0,81.62000274658203,0.0,79.72,11266.0,3
2024-05-31,1278,Cucumber_18,Fruit and vegetable,379.05,257.12,0.0,81.62000274658203,0.0,201.65,12061.0,3
2024-06-01,1278,Cucumber_18,Fruit and vegetable,281.26,279.42,0.0,81.62000274658203,0.0,203.5,10308.0,3
2024-06-02,1278,Cucumber_18,Fruit and vegetable,146.52,285.74,0.0,81.5999984741211,0.0,64.28,9940.0,3
2024-05-20,1280,Orange_14,Fruit and vegetable,569.54,682.59,0.0,49.29999923706055,0.0,408.37,10579.0,3
2024-05-21,1280,Orange_14,Fruit and vegetable,650.91,418.95,0.0,49.310001373291016,0.0,640.33,10104.0,3
2024-05-22,1280,Orange_14,Fruit and vegetable,508.36,374.93,0.0,49.310001373291016,0.0,773.75,10640.0,3
2024-05-23,1280,Orange_14,Fruit and vegetable,845.49,478.46,0.0,49.310001373291016,0.0,1140.78,10812.0,3
2024-05-24,1280,Orange_14,Fruit and vegetable,815.68,723.57,0.0,49.310001373291016,0.0,1232.9,11776.0,3
2024-05-25,1280,Orange_14,Fruit and vegetable,0.0,521.31,0.0,49.29999923706055,0.0,711.59,9685.0,3
2024-05-26,1280,Orange_14,Fruit and vegetable,0.0,533.41,0.0,49.29999923706055,0.0,178.18,9864.0,3
2024-05-27,1280,Orange_14,Fruit and vegetable,847.67,667.11,178.18,49.29999923706055,0.0,180.56,10334.0,3
2024-05-28,1280,Orange_14,Fruit and vegetable,399.78,474.45,0.0,49.310001373291016,0.0,105.89,10336.0,3
2024-05-29,1280,Orange_14,Fruit and vegetable,421.91,356.69,0.0,49.310001373291016,0.0,171.1,10298.0,3
2024-05-30,1280,Orange_14,Fruit and vegetable,465.72,480.16,0.0,49.310001373291016,0.0,156.67,11266.0,3
2024-05-31,1280,Orange_14,Fruit and vegetable,725.1,772.51,0.0,49.29999923706055,0.0,109.26,12061.0,3
2024-06-01,1280,Orange_14,Fruit and vegetable,586.93,503.46,0.0,49.310001373291016,0.0,192.73,10308.0,3
2024-06-02,1280,Orange_14,Fruit and vegetable,516.39,509.6,0.0,49.29999923706055,0.0,199.52,9940.0,3
2024-05-20,13,Melon_0,Fruit and vegetable,44.27,26.09,0.0,89.0999984741211,0.0,18.18,10579.0,3
2024-05-21,13,Melon_0,Fruit and vegetable,37.86,19.25,0.0,89.0999984741211,0.0,36.79,10104.0,3
2024-05-22,13,Melon_0,Fruit and vegetable,16.41,23.03,0.0,89.0999984741211,0.0,30.16,10640.0,3
2024-05-23,13,Melon_0,Fruit and vegetable,21.21,37.73,0.0,89.0999984741211,0.0,13.64,10812.0,3
2024-05-24,13,Melon_0,Fruit and vegetable,35.97,18.44,0.0,89.0999984741211,0.0,31.17,11776.0,3
2024-05-25,13,Melon_0,Fruit and vegetable,28.66,14.69,0.0,89.0999984741211,0.0,45.14,9685.0,3
2024-05-26,13,Melon_0,Fruit and vegetable,37.98,28.72,0.0,89.0999984741211,0.0,54.4,9864.0,3
2024-05-27,13,Melon_0,Fruit and vegetable,137.56,191.96,0.0,89.0999984741211,0.2669999897480011,0.0,10334.0,3
2024-05-28,13,Melon_0,Fruit and vegetable,116.21,116.21,0.0,89.0999984741211,0.2669999897480011,0.0,10336.0,3
2024-05-29,13,Melon_0,Fruit and vegetable,157.1,157.1,0.0,89.0999984741211,0.2669999897480011,0.0,10298.0,3
2024-05-30,13,Melon_0,Fruit and vegetable,131.59,119.76,0.0,89.0999984741211,0.2669999897480011,11.83,11266.0,3
2024-05-31,13,Melon_0,Fruit and vegetable,183.75,195.58,0.0,89.0999984741211,0.2669999897480011,0.0,12061.0,3
2024-06-01,13,Melon_0,Fruit and vegetable,124.06,124.06,0.0,89.0999984741211,0.2669999897480011,0.0,10308.0,3
2024-06-02,13,Melon_0,Fruit and vegetable,113.92,113.92,0.0,89.0999984741211,0.2669999897480011,0.0,9940.0,3
2024-05-20,1336,Onion_25,Fruit and vegetable,23.36,101.69,0.0,34.689998626708984,0.0,13.32,10579.0,3
2024-05-21,1336,Onion_25,Fruit and vegetable,96.7,108.87,0.0,34.689998626708984,0.0,1.15,10104.0,3
2024-05-22,1336,Onion_25,Fruit and vegetable,116.47,114.75,0.0,34.689998626708984,0.0,2.87,10640.0,3
2024-05-23,1336,Onion_25,Fruit and vegetable,161.78,132.0,0.0,34.689998626708984,0.0,32.65,10812.0,3
2024-05-24,1336,Onion_25,Fruit and vegetable,149.92,158.58,0.0,34.689998626708984,0.0,23.99,11776.0,3
2024-05-25,1336,Onion_25,Fruit and vegetable,109.03,122.26,0.0,34.689998626708984,0.0,10.76,9685.0,3
2024-05-26,1336,Onion_25,Fruit and vegetable,109.67,84.44,0.0,34.689998626708984,0.0,35.99,9864.0,3
2024-05-27,1336,Onion_25,Fruit and vegetable,95.92,113.16,0.0,34.689998626708984,0.0,18.75,10334.0,3
2024-05-29,1336,Onion_25,Fruit and vegetable,119.19,126.28,0.0,34.689998626708984,0.0,11.66,10298.0,3
2024-05-30,1336,Onion_25,Fruit and vegetable,139.32,150.98,0.0,34.689998626708984,0.0,0.0,11266.0,3
2024-05-31,1336,Onion_25,Fruit and vegetable,164.31,164.31,0.0,34.689998626708984,0.0,0.0,12061.0,3
2024-06-02,1336,Onion_25,Fruit and vegetable,194.98,136.98,0.0,34.689998626708984,0.0,58.0,9940.0,3
2024-05-20,1365,Bread_103,Bakery,231.16,244.05,0.0,38.95000076293945,0.1501699984073639,41.26,10316.0,2
2024-05-21,1365,Bread_103,Bakery,208.24,249.5,0.0,38.95000076293945,0.1501699984073639,0.0,10219.0,2
2024-05-22,1365,Bread_103,Bakery,239.16,201.3,0.0,38.95000076293945,0.1501699984073639,37.86,10056.0,2
2024-05-23,1365,Bread_103,Bakery,178.55,185.7,0.0,38.95000076293945,0.1501699984073639,30.72,10362.0,2
2024-05-24,1365,Bread_103,Bakery,230.84,213.51,0.0,38.95000076293945,0.1501699984073639,48.05,11906.0,2
2024-05-25,1365,Bread_103,Bakery,235.04,229.51,0.0,38.95000076293945,0.1501699984073639,53.58,10470.0,2
2024-05-26,1365,Bread_103,Bakery,183.48,212.69,0.0,38.95000076293945,0.1501699984073639,24.38,10540.0,2
2024-05-27,1365,Bread_103,Bakery,249.04,223.71,0.0,38.95000076293945,0.1501699984073639,49.71,9973.0,2
2024-05-28,1365,Bread_103,Bakery,225.99,253.71,0.0,38.95000076293945,0.1501699984073639,21.99,10150.0,2
2024-05-29,1365,Bread_103,Bakery,206.99,189.97,0.0,38.95000076293945,0.1501699984073639,39.01,9874.0,2
2024-05-30,1365,Bread_103,Bakery,199.7,238.71,0.0,38.95000076293945,0.1501699984073639,0.0,10458.0,2
2024-05-31,1365,Bread_103,Bakery,239.74,204.47,0.0,38.95000076293945,0.1501699984073639,35.27,12090.0,2
2024-06-01,1365,Bread_103,Bakery,221.71,234.2,0.0,38.95000076293945,0.1501699984073639,22.78,11066.0,2
2024-06-02,1365,Bread_103,Bakery,231.22,254.0,0.0,38.95000076293945,0.1501699984073639,0.0,10604.0,2
2024-05-20,1411,Bell Pepper_10,Fruit and vegetable,220.56,182.34,0.0,42.90999984741211,0.0,82.25,10579.0,3
2024-05-21,1411,Bell Pepper_10,Fruit and vegetable,128.25,174.97,0.0,42.90999984741211,0.0,35.54,10104.0,3
2024-05-22,1411,Bell Pepper_10,Fruit and vegetable,202.06,187.4,0.0,42.90999984741211,0.0,50.19,10640.0,3
2024-05-23,1411,Bell Pepper_10,Fruit and vegetable,194.56,221.87,0.0,42.90999984741211,0.0,22.88,10812.0,3
2024-05-24,1411,Bell Pepper_10,Fruit and vegetable,282.2,236.14,0.0,42.90999984741211,0.0,68.94,11776.0,3
2024-05-25,1411,Bell Pepper_10,Fruit and vegetable,142.94,169.19,0.0,42.90999984741211,0.0,42.69,9685.0,3
2024-05-26,1411,Bell Pepper_10,Fruit and vegetable,181.83,173.96,0.0,42.90999984741211,0.0,50.57,9864.0,3
2024-05-27,1411,Bell Pepper_10,Fruit and vegetable,165.19,202.42,0.0,42.90999984741211,0.0,13.34,10334.0,3
2024-05-28,1411,Bell Pepper_10,Fruit and vegetable,194.83,163.7,0.0,42.90999984741211,0.0,44.47,10336.0,3
2024-05-29,1411,Bell Pepper_10,Fruit and vegetable,178.37,167.32,0.0,42.90999984741211,0.0,55.52,10298.0,3
2024-05-30,1411,Bell Pepper_10,Fruit and vegetable,204.0,201.3,0.0,42.90999984741211,0.0,58.22,11266.0,3
2024-05-31,1411,Bell Pepper_10,Fruit and vegetable,212.07,257.64,0.0,42.90999984741211,0.0,12.65,12061.0,3
2024-06-01,1411,Bell Pepper_10,Fruit and vegetable,199.47,158.5,0.0,42.90999984741211,0.0,53.62,10308.0,3
2024-06-02,1411,Bell Pepper_10,Fruit and vegetable,165.01,186.11,0.0,42.90999984741211,0.0,32.52,9940.0,3
2024-05-20,1449,Croissant_21,Bakery,11.94,8.77,0.23,28.760000228881836,0.0,13.6,10579.0,2
2024-05-21,1449,Croissant_21,Bakery,12.45,7.07,1.66,28.760000228881836,0.0,17.33,10104.0,2
2024-05-22,1449,Croissant_21,Bakery,28.03,7.01,4.87,28.760000228881836,0.0,33.48,10640.0,2
2024-05-23,1449,Croissant_21,Bakery,0.0,10.48,5.44,28.760000228881836,0.0,17.55,10812.0,2
2024-05-24,1449,Croissant_21,Bakery,17.7,6.89,17.55,28.760000228881836,0.0,10.81,11776.0,2
2024-05-25,1449,Croissant_21,Bakery,23.25,7.12,0.0,28.760000228881836,0.0,26.94,9685.0,2
2024-05-26,1449,Croissant_21,Bakery,0.0,15.98,3.69,28.760000228881836,0.0,7.27,9864.0,2
2024-05-27,1449,Croissant_21,Bakery,14.08,14.08,7.27,28.760000228881836,0.0,0.0,10334.0,2
2024-05-28,1449,Croissant_21,Bakery,14.08,14.08,0.0,28.760000228881836,0.0,0.0,10336.0,2
2024-05-29,1449,Croissant_21,Bakery,12.01,1.76,0.0,28.760000228881836,0.0,10.25,10298.0,2
2024-05-30,1449,Croissant_21,Bakery,6.74,0.0,0.0,28.760000228881836,0.0,16.99,11266.0,2
2024-05-31,1449,Croissant_21,Bakery,17.31,24.05,10.25,28.760000228881836,0.0,0.0,12061.0,2
2024-06-01,1449,Croissant_21,Bakery,18.03,5.28,0.0,28.760000228881836,0.0,12.75,10308.0,2
2024-06-02,1449,Croissant_21,Bakery,14.35,17.72,0.0,28.760000228881836,0.0,9.38,9940.0,2
2024-05-20,1453,Salmon_9,Meat and fish,22.42,15.78,0.0,180.5399932861328,0.0,24.35,10579.0,4
2024-05-21,1453,Salmon_9,Meat and fish,53.89,8.84,0.0,180.5399932861328,0.0,69.4,10104.0,4
2024-05-22,1453,Salmon_9,Meat and fish,0.0,17.51,0.0,180.5399932861328,0.0,51.89,10640.0,4
2024-05-23,1453,Salmon_9,Meat and fish,0.0,24.46,0.0,180.5399932861328,0.0,27.43,10812.0,4
2024-05-24,1453,Salmon_9,Meat and fish,6.56,17.24,0.0,180.5399932861328,0.0,16.75,11776.0,4
2024-05-25,1453,Salmon_9,Meat and fish,11.9,14.6,10.19,180.5399932861328,0.024310000240802765,3.86,9685.0,4
2024-05-26,1453,Salmon_9,Meat and fish,28.04,14.2,0.0,180.5399932861328,0.0,17.7,9864.0,4
2024-05-27,1453,Salmon_9,Meat and fish,4.08,15.4,0.0,180.5399932861328,0.0,6.38,10334.0,4
2024-05-28,1453,Salmon_9,Meat and fish,18.26,24.64,0.0,180.5399932861328,0.0,0.0,10336.0,4
2024-05-29,1453,Salmon_9,Meat and fish,24.66,24.66,0.0,180.5399932861328,0.0,0.0,10298.0,4
2024-05-30,1453,Salmon_9,Meat and fish,30.89,3.47,0.0,180.5399932861328,0.0,27.42,11266.0,4
2024-05-31,1453,Salmon_9,Meat and fish,0.0,18.89,0.0,180.5399932861328,0.0,8.53,12061.0,4
2024-06-01,1453,Salmon_9,Meat and fish,15.39,22.89,0.0,180.5399932861328,0.0,1.03,10308.0,4
2024-06-02,1453,Salmon_9,Meat and fish,22.87,19.66,0.0,180.5399932861328,0.0,4.25,9940.0,4
2024-05-20,1463,Potato_49,Fruit and vegetable,0.0,32.15,0.0,12.680000305175781,0.0,24.18,10579.0,3
2024-05-21,1463,Potato_49,Fruit and vegetable,26.53,31.81,0.0,12.680000305175781,0.0,18.9,10104.0,3
2024-05-22,1463,Potato_49,Fruit and vegetable,48.23,19.27,0.0,12.680000305175781,0.0,47.86,10640.0,3
2024-05-23,1463,Potato_49,Fruit and vegetable,2.86,27.43,0.0,12.680000305175781,0.04552999883890152,23.29,10812.0,3
2024-05-24,1463,Potato_49,Fruit and vegetable,46.46,39.99,0.0,12.680000305175781,0.0,29.76,11776.0,3
2024-05-25,1463,Potato_49,Fruit and vegetable,20.46,50.22,0.0,12.680000305175781,0.020430000498890877,0.0,9685.0,3
2024-05-26,1463,Potato_49,Fruit and vegetable,50.3,17.75,0.0,12.680000305175781,0.0,32.55,9864.0,3
2024-05-27,1463,Potato_49,Fruit and vegetable,14.18,26.93,0.0,12.680000305175781,0.09483999758958817,19.79,10334.0,3
2024-05-28,1463,Potato_49,Fruit and vegetable,26.72,23.76,0.0,12.680000305175781,0.030409999191761017,22.75,10336.0,3
2024-05-29,1463,Potato_49,Fruit and vegetable,11.53,12.33,0.0,12.680000305175781,0.2803100049495697,21.96,10298.0,3
2024-05-30,1463,Potato_49,Fruit and vegetable,22.05,26.2,0.0,12.680000305175781,0.10159999877214432,17.81,11266.0,3
2024-05-31,1463,Potato_49,Fruit and vegetable,38.79,31.96,0.0,12.680000305175781,0.02250000089406967,24.64,12061.0,3
2024-06-01,1463,Potato_49,Fruit and vegetable,41.04,47.55,0.0,12.680000305175781,0.4000000059604645,18.13,10308.0,3
2024-06-02,1463,Potato_49,Fruit and vegetable,20.86,38.99,0.0,12.680000305175781,0.0,0.0,9940.0,3
2024-05-20,1469,Pomegranate_3,Fruit and vegetable,18.84,43.83,0.0,71.31999969482422,0.0,8.53,10579.0,3
2024-05-21,1469,Pomegranate_3,Fruit and vegetable,44.49,53.02,0.0,71.31999969482422,0.0,0.0,10104.0,3
2024-05-22,1469,Pomegranate_3,Fruit and vegetable,46.6,17.51,0.0,71.31999969482422,0.0,29.09,10640.0,3
2024-05-23,1469,Pomegranate_3,Fruit and vegetable,38.42,27.95,0.0,71.31999969482422,0.0,39.56,10812.0,3
2024-05-24,1469,Pomegranate_3,Fruit and vegetable,37.33,18.96,0.0,71.31999969482422,0.0,57.93,11776.0,3
2024-05-25,1469,Pomegranate_3,Fruit and vegetable,0.0,26.71,0.0,71.31999969482422,0.0,31.22,9685.0,3
2024-05-26,1469,Pomegranate_3,Fruit and vegetable,13.69,10.65,0.0,71.31999969482422,0.0,34.26,9864.0,3
2024-05-27,1469,Pomegranate_3,Fruit and vegetable,49.48,31.68,20.57,71.31999969482422,0.0,31.49,10334.0,3
2024-05-28,1469,Pomegranate_3,Fruit and vegetable,39.02,21.12,0.0,71.31999969482422,0.0,49.4,10336.0,3
2024-05-29,1469,Pomegranate_3,Fruit and vegetable,0.0,28.18,0.0,71.31999969482422,0.0,21.22,10298.0,3
2024-05-30,1469,Pomegranate_3,Fruit and vegetable,34.31,55.53,0.0,71.31999969482422,0.0,0.0,11266.0,3
2024-05-31,1469,Pomegranate_3,Fruit and vegetable,37.08,27.48,0.0,71.31999969482422,0.0,9.6,12061.0,3
2024-06-01,1469,Pomegranate_3,Fruit and vegetable,34.58,42.27,0.0,71.31999969482422,0.0,1.91,10308.0,3
2024-06-02,1469,Pomegranate_3,Fruit and vegetable,27.3,26.59,0.0,71.31999969482422,0.0,2.62,9940.0,3
2024-05-20,1474,Mushroom_15,Fruit and vegetable,42.64,36.82,0.0,42.369998931884766,0.0,7.53,10579.0,3
2024-05-21,1474,Mushroom_15,Fruit and vegetable,31.97,30.05,0.0,42.369998931884766,0.0,9.45,10104.0,3
2024-05-22,1474,Mushroom_15,Fruit and vegetable,23.86,24.49,0.0,42.369998931884766,0.0,8.82,10640.0,3
2024-05-23,1474,Mushroom_15,Fruit and vegetable,44.08,20.96,0.0,42.369998931884766,0.0,31.94,10812.0,3
2024-05-24,1474,Mushroom_15,Fruit and vegetable,10.56,29.3,0.0,42.369998931884766,0.0,13.19,11776.0,3
2024-05-25,1474,Mushroom_15,Fruit and vegetable,23.46,32.25,0.0,42.369998931884766,0.0,4.4,9685.0,3
2024-05-26,1474,Mushroom_15,Fruit and vegetable,34.14,29.64,0.0,42.369998931884766,0.060419999063014984,8.9,9864.0,3
2024-05-27,1474,Mushroom_15,Fruit and vegetable,34.49,29.92,0.0,42.369998931884766,0.09927000105381012,13.47,10334.0,3
2024-05-28,1474,Mushroom_15,Fruit and vegetable,21.73,35.2,0.0,42.369998931884766,0.23026999831199646,0.0,10336.0,3
2024-05-29,1474,Mushroom_15,Fruit and vegetable,31.53,31.53,0.0,42.369998931884766,0.30000001192092896,0.0,10298.0,3
2024-05-30,1474,Mushroom_15,Fruit and vegetable,38.18,38.18,0.0,42.369998931884766,0.0,0.0,11266.0,3
2024-05-31,1474,Mushroom_15,Fruit and vegetable,41.22,41.22,0.0,42.369998931884766,0.0,0.0,12061.0,3
2024-06-01,1474,Mushroom_15,Fruit and vegetable,37.87,26.59,0.0,42.369998931884766,0.0,11.28,10308.0,3
2024-06-02,1474,Mushroom_15,Fruit and vegetable,25.03,31.21,0.0,42.369998931884766,0.051270000636577606,5.1,9940.0,3
2024-05-21,1479,Cracker_2,Bakery,46.52,15.25,19.91,15.779999732971191,0.15025000274181366,31.27,10104.0,2
2024-05-22,1479,Cracker_2,Bakery,89.02,57.8,0.0,15.779999732971191,0.15025000274181366,62.49,10640.0,2
2024-05-23,1479,Cracker_2,Bakery,0.0,48.92,0.0,15.779999732971191,0.15025000274181366,13.57,10812.0,2
2024-05-24,1479,Cracker_2,Bakery,90.37,31.03,13.57,15.779999732971191,0.15025000274181366,59.34,11776.0,2
2024-05-25,1479,Cracker_2,Bakery,0.0,40.96,0.0,15.779999732971191,0.15025000274181366,18.38,9685.0,2
2024-05-26,1479,Cracker_2,Bakery,61.72,55.03,18.38,15.779999732971191,0.15025000274181366,6.69,9864.0,2
2024-05-27,1479,Cracker_2,Bakery,49.37,44.0,0.0,15.779999732971191,0.15025000274181366,12.06,10334.0,2
2024-05-28,1479,Cracker_2,Bakery,40.75,52.81,0.0,15.779999732971191,0.15025000274181366,0.0,10336.0,2
2024-05-29,1479,Cracker_2,Bakery,69.7,31.7,0.0,15.779999732971191,0.15025000274181366,38.0,10298.0,2
2024-05-30,1479,Cracker_2,Bakery,27.94,65.94,0.0,15.779999732971191,0.15025000274181366,0.0,11266.0,2
2024-05-31,1479,Cracker_2,Bakery,47.42,44.66,0.0,15.779999732971191,0.15025000274181366,2.76,12061.0,2
2024-06-01,1479,Cracker_2,Bakery,52.39,19.37,0.0,15.779999732971191,0.15025000274181366,35.77,10308.0,2
2024-06-02,1479,Cracker_2,Bakery,39.05,21.27,0.0,15.779999732971191,0.15025000274181366,53.55,9940.0,2
2024-05-20,1481,Cake_5,Bakery,17.2,14.94,7.32,82.33999633789062,0.15000000596046448,2.26,10579.0,2
2024-05-21,1481,Cake_5,Bakery,11.88,14.14,0.0,82.33999633789062,0.15000000596046448,0.0,10104.0,2
2024-05-22,1481,Cake_5,Bakery,17.55,8.23,0.0,82.33999633789062,0.15000000596046448,9.32,10640.0,2
2024-05-23,1481,Cake_5,Bakery,15.31,24.63,0.0,82.33999633789062,0.15000000596046448,0.0,10812.0,2
2024-05-24,1481,Cake_5,Bakery,19.2,19.2,0.0,82.33999633789062,0.15000000596046448,0.0,11776.0,2
2024-05-25,1481,Cake_5,Bakery,22.23,17.81,0.0,82.33999633789062,0.15000000596046448,4.42,9685.0,2
2024-05-26,1481,Cake_5,Bakery,18.28,22.7,0.0,82.33999633789062,0.15000000596046448,0.0,9864.0,2
2024-05-27,1481,Cake_5,Bakery,22.04,12.94,0.0,82.33999633789062,0.15000000596046448,9.1,10334.0,2
2024-05-28,1481,Cake_5,Bakery,12.39,10.35,0.0,82.33999633789062,0.16485999524593353,11.14,10336.0,2
2024-05-29,1481,Cake_5,Bakery,5.06,3.7,0.0,82.33999633789062,0.15000000596046448,12.5,10298.0,2
2024-05-30,1481,Cake_5,Bakery,29.0,13.54,7.44,82.33999633789062,0.15000000596046448,20.52,11266.0,2
2024-05-31,1481,Cake_5,Bakery,6.73,10.31,0.0,82.33999633789062,0.15000000596046448,16.94,12061.0,2
2024-06-01,1481,Cake_5,Bakery,40.43,47.16,10.21,82.33999633789062,0.15000000596046448,0.0,10308.0,2
2024-06-02,1481,Cake_5,Bakery,41.07,3.72,0.0,82.33999633789062,0.15000000596046448,37.35,9940.0,2
2024-05-20,1486,Watermelon_16,Fruit and vegetable,50.81,75.56,0.0,46.59000015258789,0.039400000125169754,36.93,10579.0,3
2024-05-21,1486,Watermelon_16,Fruit and vegetable,73.28,47.37,0.0,46.59000015258789,0.0552700012922287,62.84,10104.0,3
2024-05-22,1486,Watermelon_16,Fruit and vegetable,90.11,95.63,0.0,46.59000015258789,0.030150000005960464,57.32,10640.0,3
2024-05-23,1486,Watermelon_16,Fruit and vegetable,100.22,64.81,0.0,46.59000015258789,0.15103000402450562,92.73,10812.0,3
2024-05-24,1486,Watermelon_16,Fruit and vegetable,0.0,56.38,0.0,46.59000015258789,0.05194000154733658,36.35,11776.0,3
2024-05-25,1486,Watermelon_16,Fruit and vegetable,53.71,60.55,0.0,46.59000015258789,0.05875999853014946,29.52,9685.0,3
2024-05-26,1486,Watermelon_16,Fruit and vegetable,41.34,52.36,0.0,46.59000015258789,0.066880002617836,18.49,9864.0,3
2024-05-27,1486,Watermelon_16,Fruit and vegetable,78.06,66.71,0.0,46.59000015258789,0.05370999872684479,29.84,10334.0,3
2024-05-28,1486,Watermelon_16,Fruit and vegetable,37.69,47.17,0.0,46.59000015258789,0.033629998564720154,20.36,10336.0,3
2024-05-29,1486,Watermelon_16,Fruit and vegetable,95.47,72.39,0.0,46.59000015258789,0.053279999643564224,43.44,10298.0,3
2024-05-30,1486,Watermelon_16,Fruit and vegetable,32.55,61.97,0.0,46.59000015258789,0.07111000269651413,14.02,11266.0,3
2024-05-31,1486,Watermelon_16,Fruit and vegetable,53.29,63.21,0.0,46.59000015258789,0.06505999714136124,4.11,12061.0,3
2024-06-01,1486,Watermelon_16,Fruit and vegetable,67.32,20.61,0.0,46.59000015258789,0.033479999750852585,50.82,10308.0,3
2024-06-02,1486,Watermelon_16,Fruit and vegetable,23.75,48.57,0.0,46.59000015258789,0.05460000038146973,26.0,9940.0,3
2024-05-21,1487,Salmon_10,Meat and fish,96.92,59.52,2.82,118.11000061035156,0.0,37.4,10104.0,4
2024-05-22,1487,Salmon_10,Meat and fish,35.57,59.55,0.0,118.11000061035156,0.0,13.42,10640.0,4
2024-05-23,1487,Salmon_10,Meat and fish,80.27,73.37,0.0,118.11000061035156,0.0,20.32,10812.0,4
2024-05-24,1487,Salmon_10,Meat and fish,57.19,53.43,0.0,118.11000061035156,0.0,24.08,11776.0,4
2024-05-25,1487,Salmon_10,Meat and fish,98.14,60.55,0.0,118.11000061035156,0.0,61.68,9685.0,4
2024-05-26,1487,Salmon_10,Meat and fish,40.45,51.48,0.0,118.11000061035156,0.0,50.65,9864.0,4
2024-05-28,1487,Salmon_10,Meat and fish,46.16,96.81,0.0,118.11000061035156,0.0,0.0,10336.0,4
2024-05-29,1487,Salmon_10,Meat and fish,79.61,79.26,0.0,118.11000061035156,0.0,0.35,10298.0,4
2024-05-30,1487,Salmon_10,Meat and fish,105.51,105.86,0.0,118.11000061035156,0.0,0.0,11266.0,4
2024-05-31,1487,Salmon_10,Meat and fish,175.2,175.2,0.0,118.11000061035156,0.183569997549057,0.0,12061.0,4
2024-06-01,1487,Salmon_10,Meat and fish,110.44,110.44,0.0,118.11000061035156,0.22965000569820404,0.0,10308.0,4
2024-05-20,1513,Salad_33,Fruit and vegetable,56.74,54.35,0.0,42.040000915527344,0.0,33.39,10579.0,3
2024-05-21,1513,Salad_33,Fruit and vegetable,43.13,33.58,0.0,42.040000915527344,0.0,42.95,10104.0,3
2024-05-22,1513,Salad_33,Fruit and vegetable,56.02,47.29,0.0,42.040000915527344,0.0,51.68,10640.0,3
2024-05-23,1513,Salad_33,Fruit and vegetable,45.98,38.43,0.0,42.040000915527344,0.0,59.23,10812.0,3
2024-05-24,1513,Salad_33,Fruit and vegetable,30.42,53.43,0.0,42.040000915527344,0.0,36.23,11776.0,3
2024-05-25,1513,Salad_33,Fruit and vegetable,21.42,53.43,0.0,42.040000915527344,0.0,4.22,9685.0,3
2024-05-26,1513,Salad_33,Fruit and vegetable,63.23,67.45,0.0,42.040000915527344,0.0,0.0,9864.0,3
2024-05-27,1513,Salad_33,Fruit and vegetable,68.73,47.52,0.0,42.040000915527344,0.0,21.21,10334.0,3
2024-05-28,1513,Salad_33,Fruit and vegetable,40.4,61.61,0.0,42.040000915527344,0.0,0.0,10336.0,3
2024-05-29,1513,Salad_33,Fruit and vegetable,59.63,52.84,0.0,42.040000915527344,0.0,6.79,10298.0,3
2024-05-30,1513,Salad_33,Fruit and vegetable,64.36,71.15,0.0,42.040000915527344,0.0,0.0,11266.0,3
2024-05-31,1513,Salad_33,Fruit and vegetable,64.55,51.53,0.0,42.040000915527344,0.0,13.02,12061.0,3
2024-06-01,1513,Salad_33,Fruit and vegetable,51.79,38.75,0.0,42.040000915527344,0.0,26.06,10308.0,3
2024-06-02,1513,Salad_33,Fruit and vegetable,56.09,60.26,0.0,42.040000915527344,0.0,21.89,9940.0,3
2024-05-20,1517,Shallot_1,Fruit and vegetable,68.44,71.88,0.0,26.93000030517578,0.0,0.0,10579.0,3
2024-05-21,1517,Shallot_1,Fruit and vegetable,42.44,42.28,0.0,26.93000030517578,0.0,0.16,10104.0,3
2024-05-22,1517,Shallot_1,Fruit and vegetable,44.0,39.18,0.0,26.93000030517578,0.0,4.97,10640.0,3
2024-05-23,1517,Shallot_1,Fruit and vegetable,47.44,52.41,0.0,26.93000030517578,0.0,0.0,10812.0,3
2024-05-24,1517,Shallot_1,Fruit and vegetable,97.68,97.68,0.0,26.93000030517578,0.0,0.0,11776.0,3
2024-05-27,1517,Shallot_1,Fruit and vegetable,61.28,44.0,0.0,26.93000030517578,0.0,17.28,10334.0,3
2024-05-28,1517,Shallot_1,Fruit and vegetable,45.42,34.01,0.0,26.93000030517578,0.0,28.69,10336.0,3
2024-05-29,1517,Shallot_1,Fruit and vegetable,72.22,19.37,0.0,26.93000030517578,0.0,81.53,10298.0,3
2024-05-30,1517,Shallot_1,Fruit and vegetable,0.0,36.44,0.0,26.93000030517578,0.0,45.09,11266.0,3
2024-05-31,1517,Shallot_1,Fruit and vegetable,25.9,60.12,0.0,26.93000030517578,0.0,10.87,12061.0,3
2024-06-01,1517,Shallot_1,Fruit and vegetable,73.71,61.36,0.0,26.93000030517578,0.0,23.22,10308.0,3
2024-06-02,1517,Shallot_1,Fruit and vegetable,107.16,32.24,0.0,26.93000030517578,0.0,98.15,9940.0,3
2024-05-20,152,Donut_1,Bakery,166.72,144.17,0.0,18.299999237060547,0.0,37.02,10316.0,2
2024-05-21,152,Donut_1,Bakery,132.3,169.32,0.0,18.299999237060547,0.0,0.0,10219.0,2
2024-05-22,152,Donut_1,Bakery,177.82,166.27,0.0,18.299999237060547,0.0,11.55,10056.0,2
2024-05-23,152,Donut_1,Bakery,183.07,180.27,0.0,18.299999237060547,0.0,14.36,10362.0,2
2024-05-24,152,Donut_1,Bakery,178.52,192.88,0.0,18.299999237060547,0.0,0.0,11906.0,2
2024-05-25,152,Donut_1,Bakery,186.75,183.7,0.0,18.299999237060547,0.0,3.05,10470.0,2
2024-05-26,152,Donut_1,Bakery,176.92,176.78,0.0,18.299999237060547,0.0,3.18,10540.0,2
2024-05-27,152,Donut_1,Bakery,160.99,141.71,0.0,18.299999237060547,0.0,22.47,9973.0,2
2024-05-28,152,Donut_1,Bakery,167.85,178.26,0.0,18.299999237060547,0.0,12.06,10150.0,2
2024-05-29,152,Donut_1,Bakery,175.23,167.28,0.0,18.299999237060547,0.0,20.01,9874.0,2
2024-05-30,152,Donut_1,Bakery,181.18,165.14,0.0,18.299999237060547,0.0,36.05,10458.0,2
2024-05-31,152,Donut_1,Bakery,177.87,178.58,0.0,18.299999237060547,0.0,35.34,12090.0,2
2024-06-01,152,Donut_1,Bakery,166.51,179.24,0.0,18.299999237060547,0.0,22.61,11066.0,2
2024-06-02,152,Donut_1,Bakery,171.53,184.01,0.0,18.299999237060547,0.0,10.13,10604.0,2
2024-05-20,1549,Pineapple_4,Fruit and vegetable,85.02,58.91,0.0,37.720001220703125,0.028030000627040863,26.11,10579.0,3
2024-05-21,1549,Pineapple_4,Fruit and vegetable,36.31,42.42,0.0,37.720001220703125,0.0,20.0,10104.0,3
2024-05-22,1549,Pineapple_4,Fruit and vegetable,57.24,77.24,0.0,37.720001220703125,0.0,0.0,10640.0,3
2024-05-23,1549,Pineapple_4,Fruit and vegetable,82.41,68.13,0.0,37.720001220703125,0.0,14.28,10812.0,3
2024-05-24,1549,Pineapple_4,Fruit and vegetable,88.34,62.05,0.0,37.720001220703125,0.0,40.57,11776.0,3
2024-05-25,1549,Pineapple_4,Fruit and vegetable,38.38,29.58,0.0,37.720001220703125,0.03838000074028969,49.37,9685.0,3
2024-05-26,1549,Pineapple_4,Fruit and vegetable,57.89,56.98,0.0,37.720001220703125,0.0,50.27,9864.0,3
2024-05-27,1549,Pineapple_4,Fruit and vegetable,29.04,75.16,0.0,37.720001220703125,0.1014999970793724,4.16,10334.0,3
2024-05-28,1549,Pineapple_4,Fruit and vegetable,60.62,52.63,0.0,37.720001220703125,0.15964999794960022,12.15,10336.0,3
2024-05-29,1549,Pineapple_4,Fruit and vegetable,85.9,52.84,0.0,37.720001220703125,0.30000001192092896,45.21,10298.0,3
2024-05-30,1549,Pineapple_4,Fruit and vegetable,47.63,92.84,0.0,37.720001220703125,0.06403999775648117,0.0,11266.0,3
2024-05-31,1549,Pineapple_4,Fruit and vegetable,87.39,78.67,0.0,37.720001220703125,0.11025000363588333,8.72,12061.0,3
2024-06-01,1549,Pineapple_4,Fruit and vegetable,47.74,44.03,0.0,37.720001220703125,0.25,12.43,10308.0,3
2024-06-02,1549,Pineapple_4,Fruit and vegetable,67.14,62.04,0.0,37.720001220703125,0.0,17.53,9940.0,3
2024-05-20,1580,Beef_17,Meat and fish,382.37,17.5,333.58,204.77000427246094,0.0,420.62,10579.0,4
2024-05-21,1580,Beef_17,Meat and fish,37.27,15.43,38.25,204.77000427246094,0.0,404.21,10104.0,4
2024-05-22,1580,Beef_17,Meat and fish,0.0,7.44,0.0,204.77000427246094,0.0,396.77,10640.0,4
2024-05-23,1580,Beef_17,Meat and fish,0.0,11.86,0.0,204.77000427246094,0.0,384.91,10812.0,4
2024-05-24,1580,Beef_17,Meat and fish,3.03,25.37,347.64,204.77000427246094,0.0,14.93,11776.0,4
2024-05-25,1580,Beef_17,Meat and fish,61.36,7.87,11.9,204.77000427246094,0.0,56.52,9685.0,4
2024-05-26,1580,Beef_17,Meat and fish,15.02,12.41,0.0,204.77999877929688,0.0,59.13,9864.0,4
2024-05-27,1580,Beef_17,Meat and fish,0.0,9.1,0.0,204.77999877929688,0.0,50.03,10334.0,4
2024-05-28,1580,Beef_17,Meat and fish,0.0,8.54,0.0,204.77999877929688,0.0,41.49,10336.0,4
2024-05-29,1580,Beef_17,Meat and fish,0.46,14.25,26.47,204.77000427246094,0.0,1.23,10298.0,4
2024-05-30,1580,Beef_17,Meat and fish,19.1,13.67,0.77,204.77999877929688,0.0,5.89,11266.0,4
2024-05-31,1580,Beef_17,Meat and fish,27.17,20.35,0.0,204.77000427246094,0.0,12.71,12061.0,4
2024-06-01,1580,Beef_17,Meat and fish,13.95,26.66,0.0,204.77000427246094,0.0,0.0,10308.0,4
2024-06-02,1580,Beef_17,Meat and fish,20.67,8.79,0.0,204.77000427246094,0.0,11.88,9940.0,4
2024-05-20,1592,Tomato_66,Fruit and vegetable,196.86,211.91,0.0,399.489990234375,0.2581399977207184,0.0,10579.0,3
2024-05-21,1592,Tomato_66,Fruit and vegetable,181.37,181.37,0.0,399.489990234375,0.2581399977207184,0.0,10104.0,3
2024-05-22,1592,Tomato_66,Fruit and vegetable,198.79,198.79,0.0,399.489990234375,0.2581399977207184,0.0,10640.0,3
2024-05-23,1592,Tomato_66,Fruit and vegetable,232.21,232.21,0.0,399.489990234375,0.2581399977207184,0.0,10812.0,3
2024-05-24,1592,Tomato_66,Fruit and vegetable,231.83,231.83,0.0,399.489990234375,0.2581399977207184,0.0,11776.0,3
2024-05-25,1592,Tomato_66,Fruit and vegetable,201.32,201.32,0.0,399.489990234375,0.2581399977207184,0.0,9685.0,3
2024-05-26,1592,Tomato_66,Fruit and vegetable,203.99,203.99,0.0,399.489990234375,0.2581399977207184,0.0,9864.0,3
2024-05-27,1592,Tomato_66,Fruit and vegetable,235.39,49.69,0.0,399.489990234375,0.0,185.7,10334.0,3
2024-05-28,1592,Tomato_66,Fruit and vegetable,75.87,49.37,0.0,399.489990234375,0.0,212.21,10336.0,3
2024-05-29,1592,Tomato_66,Fruit and vegetable,90.58,47.92,0.0,399.489990234375,0.0,254.87,10298.0,3
2024-05-30,1592,Tomato_66,Fruit and vegetable,181.96,55.95,88.41,399.489990234375,0.0,292.46,11266.0,3
2024-05-31,1592,Tomato_66,Fruit and vegetable,70.63,58.43,19.92,399.489990234375,0.0,284.75,12061.0,3
2024-06-01,1592,Tomato_66,Fruit and vegetable,42.78,54.93,32.15,399.489990234375,0.0,240.44,10308.0,3
2024-06-02,1592,Tomato_66,Fruit and vegetable,163.93,79.58,127.03,399.5,0.0,197.77,9940.0,3
2024-05-20,1635,Blueberry_25,Fruit and vegetable,162.31,82.4,0.0,173.3800048828125,0.0,114.78,10579.0,3
2024-05-21,1635,Blueberry_25,Fruit and vegetable,20.61,85.13,0.0,173.3800048828125,0.0,50.26,10104.0,3
2024-05-23,1635,Blueberry_25,Fruit and vegetable,112.42,133.03,29.65,173.3800048828125,0.0,0.0,10812.0,3
2024-05-24,1635,Blueberry_25,Fruit and vegetable,182.17,74.12,0.0,173.3800048828125,0.0,108.05,11776.0,3
2024-05-25,1635,Blueberry_25,Fruit and vegetable,4.09,76.58,0.0,173.3800048828125,0.0,35.57,9685.0,3
2024-05-26,1635,Blueberry_25,Fruit and vegetable,133.21,79.88,0.0,173.3800048828125,0.0,88.9,9864.0,3
2024-05-27,1635,Blueberry_25,Fruit and vegetable,25.39,80.97,0.0,173.3800048828125,0.0,33.32,10334.0,3
2024-05-28,1635,Blueberry_25,Fruit and vegetable,188.56,221.88,0.0,173.3800048828125,0.0,0.0,10336.0,3
2024-05-30,1635,Blueberry_25,Fruit and vegetable,154.79,132.15,0.0,173.3800048828125,0.0,22.64,11266.0,3
2024-05-31,1635,Blueberry_25,Fruit and vegetable,179.66,91.03,0.0,173.3800048828125,0.0,111.28,12061.0,3
2024-06-01,1635,Blueberry_25,Fruit and vegetable,31.96,98.62,0.0,173.3800048828125,0.0,44.62,10308.0,3
2024-06-02,1635,Blueberry_25,Fruit and vegetable,98.77,70.9,0.0,173.3800048828125,0.0,72.49,9940.0,3
2024-05-20,1639,Sprout_3,Fruit and vegetable,41.96,28.05,0.0,38.310001373291016,0.0,22.61,10579.0,3
2024-05-21,1639,Sprout_3,Fruit and vegetable,38.24,42.42,0.0,38.310001373291016,0.0,18.43,10104.0,3
2024-05-22,1639,Sprout_3,Fruit and vegetable,19.67,21.02,0.0,38.310001373291016,0.0,17.08,10640.0,3
2024-05-23,1639,Sprout_3,Fruit and vegetable,28.64,29.7,0.0,38.310001373291016,0.0,16.02,10812.0,3
2024-05-24,1639,Sprout_3,Fruit and vegetable,25.84,31.03,0.0,38.310001373291016,0.0,10.83,11776.0,3
2024-05-25,1639,Sprout_3,Fruit and vegetable,39.39,32.06,0.0,38.310001373291016,0.0,18.16,9685.0,3
2024-05-26,1639,Sprout_3,Fruit and vegetable,23.66,23.08,0.0,38.310001373291016,0.0,18.74,9864.0,3
2024-05-27,1639,Sprout_3,Fruit and vegetable,27.02,45.76,0.0,38.310001373291016,0.0,0.0,10334.0,3
2024-05-28,1639,Sprout_3,Fruit and vegetable,54.15,28.16,0.0,38.310001373291016,0.0,25.99,10336.0,3
2024-05-29,1639,Sprout_3,Fruit and vegetable,7.47,33.46,0.0,38.310001373291016,0.0,0.0,10298.0,3
2024-05-30,1639,Sprout_3,Fruit and vegetable,38.63,38.18,0.0,38.310001373291016,0.0,0.45,11266.0,3
2024-05-31,1639,Sprout_3,Fruit and vegetable,39.88,29.2,0.0,38.310001373291016,0.0,11.12,12061.0,3
2024-06-01,1639,Sprout_3,Fruit and vegetable,30.38,29.94,0.0,38.310001373291016,0.0,11.57,10308.0,3
2024-06-02,1639,Sprout_3,Fruit and vegetable,25.65,37.22,0.0,38.310001373291016,0.0,0.0,9940.0,3
2024-05-20,165,Tortilla_0,Bakery,28.24,19.29,0.0,60.66999816894531,0.0,8.95,10579.0,2
2024-05-21,165,Tortilla_0,Bakery,35.23,44.18,0.0,60.66999816894531,0.0,0.0,10104.0,2
2024-05-22,165,Tortilla_0,Bakery,30.38,17.51,0.0,60.66999816894531,0.0,12.87,10640.0,2
2024-05-23,165,Tortilla_0,Bakery,18.81,15.72,0.0,60.66999816894531,0.0,15.95,10812.0,2
2024-05-24,165,Tortilla_0,Bakery,23.69,39.64,0.0,60.66999816894531,0.0,0.0,11776.0,2
2024-05-25,165,Tortilla_0,Bakery,31.82,8.9,0.0,60.66999816894531,0.0,22.92,9685.0,2
2024-05-26,165,Tortilla_0,Bakery,29.92,14.2,0.0,60.66999816894531,0.0,38.64,9864.0,2
2024-05-27,165,Tortilla_0,Bakery,6.69,14.08,8.72,60.66999816894531,0.0,22.53,10334.0,2
2024-05-28,165,Tortilla_0,Bakery,55.27,8.8,15.84,60.66999816894531,0.0,53.16,10336.0,2
2024-05-29,165,Tortilla_0,Bakery,0.0,8.81,0.0,60.66999816894531,0.0,44.35,10298.0,2
2024-05-30,165,Tortilla_0,Bakery,29.73,10.41,44.35,60.66999816894531,0.0,19.32,11266.0,2
2024-05-31,165,Tortilla_0,Bakery,34.57,12.02,0.0,60.66999816894531,0.0,41.87,12061.0,2
2024-06-01,165,Tortilla_0,Bakery,95.75,130.32,7.3,60.66999816894531,0.3310999870300293,0.0,10308.0,2
2024-06-02,165,Tortilla_0,Bakery,164.84,164.84,0.0,60.66999816894531,0.3310999870300293,0.0,9940.0,2
2024-05-20,1656,Snack_5,Bakery,53.14,53.14,5.01,25.200000762939453,0.10000000149011612,0.0,10579.0,2
2024-05-21,1656,Snack_5,Bakery,43.35,40.65,0.0,25.200000762939453,0.10000000149011612,2.7,10104.0,2
2024-05-22,1656,Snack_5,Bakery,30.03,31.53,0.0,25.200000762939453,0.10000000149011612,1.2,10640.0,2
2024-05-23,1656,Snack_5,Bakery,57.39,10.48,0.0,25.200000762939453,0.10000000149011612,48.11,10812.0,2
2024-05-24,1656,Snack_5,Bakery,0.0,36.2,0.0,25.200000762939453,0.10000000149011612,11.91,11776.0,2
2024-05-25,1656,Snack_5,Bakery,54.06,7.12,11.91,25.200000762939453,0.10000000149011612,46.94,9685.0,2
2024-05-26,1656,Snack_5,Bakery,4.03,23.08,0.0,25.200000762939453,0.10000000149011612,27.89,9864.0,2
2024-05-27,1656,Snack_5,Bakery,70.23,42.24,23.86,25.200000762939453,0.10000000149011612,32.02,10334.0,2
2024-05-28,1656,Snack_5,Bakery,26.78,26.4,0.0,25.200000762939453,0.10000000149011612,32.4,10336.0,2
2024-05-29,1656,Snack_5,Bakery,21.28,21.13,5.62,25.200000762939453,0.10000000149011612,26.93,10298.0,2
2024-05-30,1656,Snack_5,Bakery,11.69,32.97,5.65,25.200000762939453,0.10000000149011612,0.0,11266.0,2
2024-05-31,1656,Snack_5,Bakery,50.96,36.07,0.0,25.200000762939453,0.10000000149011612,14.89,12061.0,2
2024-06-01,1656,Snack_5,Bakery,27.38,42.27,0.0,25.200000762939453,0.10000000149011612,0.0,10308.0,2
2024-06-02,1656,Snack_5,Bakery,34.25,31.9,0.0,25.200000762939453,0.10000000149011612,2.35,9940.0,2
2024-05-20,1691,Apple_93,Fruit and vegetable,324.11,257.99,0.0,38.33000183105469,0.0,105.05,10579.0,3
2024-05-21,1691,Apple_93,Fruit and vegetable,265.62,251.11,0.0,38.33000183105469,0.0,119.56,10104.0,3
2024-05-22,1691,Apple_93,Fruit and vegetable,207.59,210.05,0.0,38.33000183105469,0.0,117.1,10640.0,3
2024-05-23,1691,Apple_93,Fruit and vegetable,266.27,264.19,0.0,38.33000183105469,0.0,119.18,10812.0,3
2024-05-24,1691,Apple_93,Fruit and vegetable,286.65,283.85,0.0,38.33000183105469,0.0,121.98,11776.0,3
2024-05-25,1691,Apple_93,Fruit and vegetable,152.7,172.6,0.0,38.33000183105469,0.0,102.08,9685.0,3
2024-05-26,1691,Apple_93,Fruit and vegetable,239.2,239.83,0.0,38.31999969482422,0.0,101.45,9864.0,3
2024-05-27,1691,Apple_93,Fruit and vegetable,204.42,275.89,0.0,38.33000183105469,0.0,29.98,10334.0,3
2024-05-28,1691,Apple_93,Fruit and vegetable,271.57,266.11,0.0,38.33000183105469,0.0,35.44,10336.0,3
2024-05-29,1691,Apple_93,Fruit and vegetable,226.26,203.42,0.0,38.33000183105469,0.0,58.27,10298.0,3
2024-05-30,1691,Apple_93,Fruit and vegetable,258.86,209.82,0.0,38.33000183105469,0.0,107.31,11266.0,3
2024-05-31,1691,Apple_93,Fruit and vegetable,230.26,301.39,0.0,38.33000183105469,0.0,36.18,12061.0,3
2024-06-01,1691,Apple_93,Fruit and vegetable,199.34,235.52,0.0,38.33000183105469,0.0,0.0,10308.0,3
2024-06-02,1691,Apple_93,Fruit and vegetable,285.45,260.13,0.0,38.33000183105469,0.0,25.32,9940.0,3
2024-05-20,1713,Baguette_25,Bakery,195.03,213.89,0.0,14.930000305175781,0.0,22.67,10579.0,2
2024-05-21,1713,Baguette_25,Bakery,203.8,153.76,0.0,14.930000305175781,0.0,72.71,10104.0,2
2024-05-22,1713,Baguette_25,Bakery,169.62,161.13,0.0,14.930000305175781,0.0,81.21,10640.0,2
2024-05-23,1713,Baguette_25,Bakery,229.75,192.17,0.0,14.930000305175781,0.0,118.79,10812.0,2
2024-05-24,1713,Baguette_25,Bakery,215.37,232.69,0.0,14.930000305175781,0.0,101.47,11776.0,2
2024-05-25,1713,Baguette_25,Bakery,137.18,238.65,0.0,14.930000305175781,0.0,0.0,9685.0,2
2024-05-26,1713,Baguette_25,Bakery,217.02,200.58,0.0,14.930000305175781,0.0,16.44,9864.0,2
2024-05-27,1713,Baguette_25,Bakery,239.44,140.81,0.0,14.930000305175781,0.0,115.08,10334.0,2
2024-05-28,1713,Baguette_25,Bakery,87.86,128.5,0.0,14.930000305175781,0.0,74.44,10336.0,2
2024-05-29,1713,Baguette_25,Bakery,141.9,112.72,0.0,14.930000305175781,0.0,103.62,10298.0,2
2024-05-30,1713,Baguette_25,Bakery,200.07,303.69,0.0,14.930000305175781,0.0,0.0,11266.0,2
2024-05-31,1713,Baguette_25,Bakery,322.12,250.77,0.0,14.930000305175781,0.0,71.35,12061.0,2
2024-06-01,1713,Baguette_25,Bakery,259.26,181.4,0.0,14.930000305175781,0.0,149.22,10308.0,2
2024-06-02,1713,Baguette_25,Bakery,140.29,136.48,0.0,14.930000305175781,0.0,153.03,9940.0,2
2024-05-20,1716,Spinach_9,Fruit and vegetable,26.61,23.97,0.0,95.38999938964844,0.0,18.13,10579.0,3
2024-05-22,1716,Spinach_9,Fruit and vegetable,32.53,7.51,0.0,95.38999938964844,0.0,43.15,10640.0,3
2024-05-23,1716,Spinach_9,Fruit and vegetable,2.41,34.94,10.62,95.38999938964844,0.0,0.0,10812.0,3
2024-05-24,1716,Spinach_9,Fruit and vegetable,45.17,39.64,0.0,95.38999938964844,0.0,5.53,11776.0,3
2024-05-25,1716,Spinach_9,Fruit and vegetable,45.88,28.5,0.0,95.38999938964844,0.0,22.9,9685.0,3
2024-05-26,1716,Spinach_9,Fruit and vegetable,13.58,28.4,0.0,95.38999938964844,0.0,8.08,9864.0,3
2024-05-27,1716,Spinach_9,Fruit and vegetable,23.8,21.12,0.0,95.38999938964844,0.0,10.76,10334.0,3
2024-05-28,1716,Spinach_9,Fruit and vegetable,26.5,19.36,0.0,95.38999938964844,0.0,17.9,10336.0,3
2024-05-29,1716,Spinach_9,Fruit and vegetable,3.3,17.61,0.0,95.38999938964844,0.0,3.6,10298.0,3
2024-05-30,1716,Spinach_9,Fruit and vegetable,41.9,20.82,0.0,95.38999938964844,0.0,24.68,11266.0,3
2024-05-31,1716,Spinach_9,Fruit and vegetable,24.84,18.89,0.0,95.38999938964844,0.0,30.62,12061.0,3
2024-06-01,1716,Spinach_9,Fruit and vegetable,3.63,22.89,0.0,95.38999938964844,0.0,11.36,10308.0,3
2024-06-02,1716,Spinach_9,Fruit and vegetable,21.6,30.13,0.0,95.38999938964844,0.0,2.84,9940.0,3
2024-05-20,1722,Bagel_8,Bakery,22.63,28.05,0.0,21.270000457763672,0.0,9.82,10579.0,2
2024-05-21,1722,Bagel_8,Bakery,34.28,30.05,0.0,21.270000457763672,0.0,14.05,10104.0,2
2024-05-22,1722,Bagel_8,Bakery,34.71,28.02,0.0,21.270000457763672,0.0,20.73,10640.0,2
2024-05-23,1722,Bagel_8,Bakery,38.46,48.92,0.0,21.270000457763672,0.0,10.27,10812.0,2
2024-05-24,1722,Bagel_8,Bakery,39.1,41.37,0.0,21.270000457763672,0.0,8.0,11776.0,2
2024-05-25,1722,Bagel_8,Bakery,28.04,1.78,0.0,21.270000457763672,0.0,34.26,9685.0,2
2024-05-26,1722,Bagel_8,Bakery,38.29,30.18,6.22,21.270000457763672,0.0,36.15,9864.0,2
2024-05-27,1722,Bagel_8,Bakery,10.68,26.4,0.0,21.270000457763672,0.0,20.43,10334.0,2
2024-05-28,1722,Bagel_8,Bakery,38.21,29.92,9.75,21.270000457763672,0.0,18.96,10336.0,2
2024-05-29,1722,Bagel_8,Bakery,27.89,26.42,0.0,21.270000457763672,0.0,20.43,10298.0,2
2024-05-30,1722,Bagel_8,Bakery,47.37,62.47,0.0,21.270000457763672,0.0,5.33,11266.0,2
2024-05-31,1722,Bagel_8,Bakery,59.38,58.9,0.0,21.270000457763672,0.0,5.81,12061.0,2
2024-06-01,1722,Bagel_8,Bakery,32.94,38.75,0.0,21.270000457763672,0.0,0.0,10308.0,2
2024-06-02,1722,Bagel_8,Bakery,49.9,23.04,0.0,21.270000457763672,0.0,26.86,9940.0,2
2024-05-20,1726,Lemon_9,Fruit and vegetable,203.52,161.3,0.0,42.83000183105469,0.0,793.46,10579.0,3
2024-05-21,1726,Lemon_9,Fruit and vegetable,292.74,100.74,338.89,42.83000183105469,0.0,646.56,10104.0,3
2024-05-22,1726,Lemon_9,Fruit and vegetable,0.0,68.31,150.3,42.83000183105469,0.0,427.95,10640.0,3
2024-05-23,1726,Lemon_9,Fruit and vegetable,0.0,92.59,135.21,42.83000183105469,0.0,200.15,10812.0,3
2024-05-24,1726,Lemon_9,Fruit and vegetable,182.77,93.08,200.15,42.83000183105469,0.0,89.69,11776.0,3
2024-05-25,1726,Lemon_9,Fruit and vegetable,72.05,74.8,0.0,42.83000183105469,0.0,86.94,9685.0,3
2024-05-26,1726,Lemon_9,Fruit and vegetable,23.27,67.45,0.0,42.83000183105469,0.0,42.76,9864.0,3
2024-05-27,1726,Lemon_9,Fruit and vegetable,160.06,70.41,0.0,42.83000183105469,0.0,132.4,10334.0,3
2024-05-28,1726,Lemon_9,Fruit and vegetable,0.0,65.13,0.0,42.83000183105469,0.0,67.27,10336.0,3
2024-05-29,1726,Lemon_9,Fruit and vegetable,16.27,66.93,0.0,42.83000183105469,0.0,16.62,10298.0,3
2024-05-30,1726,Lemon_9,Fruit and vegetable,91.76,71.15,0.34,42.83000183105469,0.0,36.88,11266.0,3
2024-05-31,1726,Lemon_9,Fruit and vegetable,68.41,99.62,0.0,42.83000183105469,0.0,5.67,12061.0,3
2024-06-01,1726,Lemon_9,Fruit and vegetable,84.36,66.92,0.0,42.83000183105469,0.0,23.1,10308.0,3
2024-06-02,1726,Lemon_9,Fruit and vegetable,61.98,85.08,0.0,42.83000183105469,0.0,0.0,9940.0,3
2024-05-20,1743,Pastry_132,Bakery,28.06,26.64,0.0,20.760000228881836,0.15025000274181366,6.15,10316.0,2
2024-05-21,1743,Pastry_132,Bakery,43.23,49.38,0.0,20.760000228881836,0.15025000274181366,0.0,10219.0,2
2024-05-22,1743,Pastry_132,Bakery,50.08,50.08,0.0,20.760000228881836,0.15025000274181366,0.0,10056.0,2
2024-05-23,1743,Pastry_132,Bakery,60.19,60.19,0.0,20.760000228881836,0.15025000274181366,0.0,10362.0,2
2024-05-24,1743,Pastry_132,Bakery,59.07,59.07,0.0,20.760000228881836,0.15025000274181366,0.0,11906.0,2
2024-05-25,1743,Pastry_132,Bakery,55.17,55.17,0.0,20.760000228881836,0.15025000274181366,0.0,10470.0,2
2024-05-26,1743,Pastry_132,Bakery,48.7,48.7,0.0,20.760000228881836,0.15025000274181366,0.0,10540.0,2
2024-05-27,1743,Pastry_132,Bakery,46.06,46.06,0.0,20.760000228881836,0.15025000274181366,0.0,9973.0,2
2024-05-28,1743,Pastry_132,Bakery,58.27,58.27,0.0,20.760000228881836,0.15025000274181366,0.0,10150.0,2
2024-05-29,1743,Pastry_132,Bakery,69.21,69.21,0.0,20.760000228881836,0.15025000274181366,0.0,9874.0,2
2024-05-30,1743,Pastry_132,Bakery,70.05,65.0,0.0,20.760000228881836,0.15025000274181366,5.05,10458.0,2
2024-05-31,1743,Pastry_132,Bakery,67.07,72.12,0.0,20.760000228881836,0.15025000274181366,0.0,12090.0,2
2024-06-01,1743,Pastry_132,Bakery,71.05,71.05,0.0,20.760000228881836,0.15025000274181366,0.0,11066.0,2
2024-06-02,1743,Pastry_132,Bakery,64.17,64.17,0.0,20.760000228881836,0.15025000274181366,0.0,10604.0,2
2024-05-20,1821,Pastry_139,Bakery,61.44,26.3,14.2,25.520000457763672,0.0,35.14,10579.0,2
2024-05-21,1821,Pastry_139,Bakery,1.97,37.11,0.0,25.520000457763672,0.0,0.0,10104.0,2
2024-05-22,1821,Pastry_139,Bakery,44.35,21.02,0.0,25.520000457763672,0.0,23.33,10640.0,2
2024-05-23,1821,Pastry_139,Bakery,19.31,12.23,0.0,25.520000457763672,0.0,30.41,10812.0,2
2024-05-24,1821,Pastry_139,Bakery,55.22,44.81,11.1,25.520000457763672,0.0,29.72,11776.0,2
2024-05-25,1821,Pastry_139,Bakery,0.0,12.47,0.0,25.520000457763672,0.0,17.25,9685.0,2
2024-05-26,1821,Pastry_139,Bakery,38.48,15.98,17.25,25.520000457763672,0.0,22.5,9864.0,2
2024-05-27,1821,Pastry_139,Bakery,28.55,51.05,0.0,25.520000457763672,0.0,0.0,10334.0,2
2024-05-28,1821,Pastry_139,Bakery,57.88,29.92,0.0,25.520000457763672,0.0,27.96,10336.0,2
2024-05-29,1821,Pastry_139,Bakery,13.23,15.85,0.0,25.520000457763672,0.0,25.34,10298.0,2
2024-05-30,1821,Pastry_139,Bakery,19.72,10.41,12.11,25.520000457763672,0.0,22.54,11266.0,2
2024-05-31,1821,Pastry_139,Bakery,46.16,29.2,2.82,25.520000457763672,0.0,36.68,12061.0,2
2024-06-01,1821,Pastry_139,Bakery,0.0,17.61,0.0,25.520000457763672,0.0,19.07,10308.0,2
2024-06-02,1821,Pastry_139,Bakery,33.7,26.59,19.07,25.520000457763672,0.0,7.11,9940.0,2
2024-05-20,1828,Cake_8,Bakery,7.06,2.86,8.65,67.20999908447266,0.025100000202655792,16.99,10579.0,2
2024-05-21,1828,Cake_8,Bakery,49.64,56.7,9.93,67.20999908447266,0.0,0.0,10104.0,2
2024-05-23,1828,Cake_8,Bakery,63.42,12.4,0.0,67.20999908447266,0.0,51.02,10812.0,2
2024-05-24,1828,Cake_8,Bakery,0.0,10.91,0.0,67.20999908447266,0.14339999854564667,40.11,11776.0,2
2024-05-25,1828,Cake_8,Bakery,35.1,10.69,40.11,67.20999908447266,0.0,24.41,9685.0,2
2024-05-26,1828,Cake_8,Bakery,13.16,5.86,0.0,67.20999908447266,0.029990000650286674,31.71,9864.0,2
2024-05-27,1828,Cake_8,Bakery,17.71,10.79,18.55,67.20999908447266,0.0,20.08,10334.0,2
2024-05-28,1828,Cake_8,Bakery,8.67,17.95,2.37,67.20999908447266,0.14805999398231506,8.43,10336.0,2
2024-05-29,1828,Cake_8,Bakery,70.64,10.22,0.0,67.20999908447266,0.022110000252723694,68.85,10298.0,2
2024-05-30,1828,Cake_8,Bakery,0.0,1.46,0.0,67.20999908447266,0.021330000832676888,67.39,11266.0,2
2024-05-31,1828,Cake_8,Bakery,17.41,10.31,67.39,67.20999908447266,0.0,7.1,12061.0,2
2024-06-01,1828,Cake_8,Bakery,10.07,13.68,0.0,67.20999908447266,0.08972000330686569,3.48,10308.0,2
2024-06-02,1828,Cake_8,Bakery,9.14,1.77,0.0,67.20999908447266,0.012590000405907631,10.85,9940.0,2
2024-05-20,1843,Tomato_83,Fruit and vegetable,43.24,17.53,0.0,100.22000122070312,0.0,25.71,10579.0,3
2024-05-21,1843,Tomato_83,Fruit and vegetable,31.46,24.74,0.0,100.22000122070312,0.0,32.44,10104.0,3
2024-05-22,1843,Tomato_83,Fruit and vegetable,10.63,36.78,0.0,100.22000122070312,0.0,6.29,10640.0,3
2024-05-23,1843,Tomato_83,Fruit and vegetable,36.67,30.57,0.0,100.22000122070312,0.0,12.39,10812.0,3
2024-05-24,1843,Tomato_83,Fruit and vegetable,43.57,29.3,0.0,100.22000122070312,0.0,26.66,11776.0,3
2024-05-25,1843,Tomato_83,Fruit and vegetable,28.89,14.25,0.0,100.22000122070312,0.0,41.29,9685.0,3
2024-05-26,1843,Tomato_83,Fruit and vegetable,28.33,31.95,0.0,100.22000122070312,0.0,37.67,9864.0,3
2024-05-27,1843,Tomato_83,Fruit and vegetable,0.0,31.68,0.0,100.22000122070312,0.0,5.99,10334.0,3
2024-05-28,1843,Tomato_83,Fruit and vegetable,27.99,33.44,0.0,100.22000122070312,0.0,0.54,10336.0,3
2024-05-29,1843,Tomato_83,Fruit and vegetable,45.48,15.85,0.0,100.22000122070312,0.0,30.17,10298.0,3
2024-05-30,1843,Tomato_83,Fruit and vegetable,10.75,32.97,0.0,100.22000122070312,0.0,7.95,11266.0,3
2024-05-31,1843,Tomato_83,Fruit and vegetable,32.0,36.07,0.0,100.22000122070312,0.0,3.88,12061.0,3
2024-06-01,1843,Tomato_83,Fruit and vegetable,26.06,29.94,0.0,100.22000122070312,0.0,0.0,10308.0,3
2024-06-02,1843,Tomato_83,Fruit and vegetable,40.44,30.13,0.0,100.22000122070312,0.0,10.31,9940.0,3
2024-05-20,1878,Celery_13,Fruit and vegetable,28.36,42.08,0.0,54.0099983215332,0.0,27.33,10579.0,3
2024-05-21,1878,Celery_13,Fruit and vegetable,80.48,107.81,0.0,54.0099983215332,0.0,0.0,10104.0,3
2024-05-22,1878,Celery_13,Fruit and vegetable,133.11,133.11,0.0,54.0099983215332,0.0,0.0,10640.0,3
2024-05-23,1878,Celery_13,Fruit and vegetable,111.81,111.81,0.0,54.0099983215332,0.0,0.0,10812.0,3
2024-05-24,1878,Celery_13,Fruit and vegetable,132.86,75.84,0.0,54.0099983215332,0.0,57.02,11776.0,3
2024-05-25,1878,Celery_13,Fruit and vegetable,38.34,58.13,0.0,54.0099983215332,0.0,37.23,9685.0,3
2024-05-26,1878,Celery_13,Fruit and vegetable,70.94,108.17,0.0,54.0099983215332,0.0,0.0,9864.0,3
2024-05-27,1878,Celery_13,Fruit and vegetable,84.17,45.89,0.0,54.0099983215332,0.0,38.28,10334.0,3
2024-05-28,1878,Celery_13,Fruit and vegetable,110.43,91.94,0.0,54.0099983215332,0.0,56.77,10336.0,3
2024-05-29,1878,Celery_13,Fruit and vegetable,116.22,65.84,0.0,54.0099983215332,0.0,107.16,10298.0,3
2024-05-30,1878,Celery_13,Fruit and vegetable,36.89,64.21,0.0,54.0099983215332,0.0,79.84,11266.0,3
2024-05-31,1878,Celery_13,Fruit and vegetable,26.65,106.49,0.0,54.0099983215332,0.0,0.0,12061.0,3
2024-06-01,1878,Celery_13,Fruit and vegetable,89.81,55.67,0.0,54.0099983215332,0.0,34.14,10308.0,3
2024-06-02,1878,Celery_13,Fruit and vegetable,106.13,50.8,0.0,54.0099983215332,0.0,89.48,9940.0,3
2024-05-20,1884,Bread_153,Bakery,12.04,13.15,0.0,36.310001373291016,0.16403000056743622,0.77,10579.0,2
2024-05-21,1884,Bread_153,Bakery,13.12,9.72,0.0,36.310001373291016,0.18440000712871552,4.16,10104.0,2
2024-05-22,1884,Bread_153,Bakery,17.01,7.72,0.0,36.310001373291016,0.16122999787330627,13.45,10640.0,2
2024-05-23,1884,Bread_153,Bakery,10.84,15.72,0.0,36.310001373291016,0.18243999779224396,8.57,10812.0,2
2024-05-24,1884,Bread_153,Bakery,9.23,7.93,0.0,36.310001373291016,0.1567700058221817,9.87,11776.0,2
2024-05-25,1884,Bread_153,Bakery,6.58,7.48,0.64,36.310001373291016,0.161530002951622,8.33,9685.0,2
2024-05-26,1884,Bread_153,Bakery,10.1,12.6,1.75,36.310001373291016,0.26673999428749084,4.08,9864.0,2
2024-05-27,1884,Bread_153,Bakery,13.21,9.33,0.0,36.310001373291016,0.18019999563694,7.96,10334.0,2
2024-05-28,1884,Bread_153,Bakery,5.67,9.15,0.0,36.310001373291016,0.3052099943161011,4.47,10336.0,2
2024-05-29,1884,Bread_153,Bakery,10.68,15.15,0.0,36.310001373291016,0.35102999210357666,0.0,10298.0,2
2024-05-30,1884,Bread_153,Bakery,20.09,19.09,0.0,36.310001373291016,0.4222300052642822,1.0,11266.0,2
2024-05-31,1884,Bread_153,Bakery,15.49,16.49,0.0,36.310001373291016,0.16189999878406525,0.0,12061.0,2
2024-06-01,1884,Bread_153,Bakery,16.4,16.4,0.0,36.310001373291016,0.16978000104427338,0.0,10308.0,2
2024-06-02,1884,Bread_153,Bakery,17.46,5.49,0.0,36.310001373291016,0.047929998487234116,11.97,9940.0,2
2024-05-20,1944,Kiwi_19,Fruit and vegetable,126.3,136.75,0.0,25.979999542236328,0.0,12.0,10579.0,3
2024-05-21,1944,Kiwi_19,Fruit and vegetable,163.93,113.11,0.0,25.979999542236328,0.0,62.82,10104.0,3
2024-05-22,1944,Kiwi_19,Fruit and vegetable,92.89,114.68,0.0,25.979999542236328,0.0,41.03,10640.0,3
2024-05-24,1944,Kiwi_19,Fruit and vegetable,145.55,89.16,0.0,25.979999542236328,0.0,97.42,11776.0,3
2024-05-25,1944,Kiwi_19,Fruit and vegetable,109.03,115.76,0.0,25.979999542236328,0.0,90.7,9685.0,3
2024-05-26,1944,Kiwi_19,Fruit and vegetable,108.06,127.8,0.0,25.979999542236328,0.0,70.96,9864.0,3
2024-05-27,1944,Kiwi_19,Fruit and vegetable,95.18,163.19,0.0,25.979999542236328,0.0,2.95,10334.0,3
2024-05-29,1944,Kiwi_19,Fruit and vegetable,163.33,137.22,0.0,25.979999542236328,0.0,29.05,10298.0,3
2024-05-20,1998,Bread_167,Bakery,59.15,45.29,17.18,63.630001068115234,0.0,24.97,10316.0,2
2024-05-21,1998,Bread_167,Bakery,50.04,47.81,0.0,63.630001068115234,0.0,27.2,10219.0,2
2024-05-22,1998,Bread_167,Bakery,53.91,38.92,0.0,63.630001068115234,0.0,42.19,10056.0,2
2024-05-23,1998,Bread_167,Bakery,31.89,50.85,0.0,63.630001068115234,0.0,23.23,10362.0,2
2024-05-24,1998,Bread_167,Bakery,78.99,66.47,0.0,63.630001068115234,0.0,35.75,11906.0,2
2024-05-25,1998,Bread_167,Bakery,32.1,40.4,0.0,63.630001068115234,0.0,27.46,10470.0,2
2024-05-26,1998,Bread_167,Bakery,0.0,0.0,0.0,63.630001068115234,0.0,27.46,10540.0,2
2024-05-27,1998,Bread_167,Bakery,71.39,48.11,27.46,63.630001068115234,0.0,23.28,9973.0,2
2024-05-28,1998,Bread_167,Bakery,50.78,67.56,0.0,63.630001068115234,0.0,6.5,10150.0,2
2024-05-29,1998,Bread_167,Bakery,61.49,42.59,0.0,63.630001068115234,0.0,25.41,9874.0,2
2024-05-30,1998,Bread_167,Bakery,54.38,43.92,0.0,63.630001068115234,0.0,35.86,10458.0,2
2024-05-31,1998,Bread_167,Bakery,59.36,51.74,0.0,63.630001068115234,0.0,43.48,12090.0,2
2024-06-01,1998,Bread_167,Bakery,23.34,44.53,0.0,63.630001068115234,0.0,22.29,11066.0,2
2024-06-02,1998,Bread_167,Bakery,4.14,0.0,0.0,63.630001068115234,0.0,26.42,10604.0,2
2024-05-20,2038,Bread_171,Bakery,17.53,28.05,0.0,59.939998626708984,0.0,6.39,10579.0,2
2024-05-21,2038,Bread_171,Bakery,24.19,12.37,0.0,59.939998626708984,0.0,18.22,10104.0,2
2024-05-22,2038,Bread_171,Bakery,14.4,14.01,0.0,59.939998626708984,0.0,18.61,10640.0,2
2024-05-23,2038,Bread_171,Bakery,30.42,31.45,4.21,59.939998626708984,0.0,13.38,10812.0,2
2024-05-24,2038,Bread_171,Bakery,56.87,62.05,0.0,59.939998626708984,0.0,8.2,11776.0,2
2024-05-25,2038,Bread_171,Bakery,39.66,46.31,0.0,59.939998626708984,0.0,1.55,9685.0,2
2024-05-26,2038,Bread_171,Bakery,42.68,42.6,0.0,59.939998626708984,0.0,1.63,9864.0,2
2024-05-27,2038,Bread_171,Bakery,49.33,10.56,0.0,59.939998626708984,0.0,40.4,10334.0,2
2024-05-28,2038,Bread_171,Bakery,0.0,12.32,0.0,59.939998626708984,0.0,28.08,10336.0,2
2024-05-29,2038,Bread_171,Bakery,39.55,17.61,28.08,59.939998626708984,0.0,21.94,10298.0,2
2024-05-30,2038,Bread_171,Bakery,34.44,36.44,0.0,59.939998626708984,0.0,19.93,11266.0,2
2024-05-31,2038,Bread_171,Bakery,67.14,27.48,0.0,59.939998626708984,0.0,59.59,12061.0,2
2024-06-01,2038,Bread_171,Bakery,5.4,29.94,0.0,59.939998626708984,0.0,35.04,10308.0,2
2024-06-02,2038,Bread_171,Bakery,52.83,26.59,29.65,59.939998626708984,0.0,31.64,9940.0,2
2024-05-20,2054,Chicken_77,Meat and fish,27.44,16.99,0.0,196.50999450683594,0.0,17.57,10579.0,4
2024-05-21,2054,Chicken_77,Meat and fish,1.84,19.3,0.0,196.50999450683594,0.021369999274611473,0.11,10104.0,4
2024-05-22,2054,Chicken_77,Meat and fish,10.96,11.07,0.0,196.50999450683594,0.0,0.0,10640.0,4
2024-05-23,2054,Chicken_77,Meat and fish,18.75,13.5,0.0,196.50999450683594,0.0,5.25,10812.0,4
2024-05-24,2054,Chicken_77,Meat and fish,13.07,16.24,0.0,196.50999450683594,0.0,2.08,11776.0,4
2024-05-25,2054,Chicken_77,Meat and fish,18.73,1.96,0.0,196.5,0.024900000542402267,18.85,9685.0,4
2024-05-26,2054,Chicken_77,Meat and fish,0.0,13.54,0.0,196.5,0.0630199983716011,5.31,9864.0,4
2024-05-27,2054,Chicken_77,Meat and fish,18.91,6.72,0.0,196.5,0.13865000009536743,17.51,10334.0,4
2024-05-28,2054,Chicken_77,Meat and fish,9.27,10.86,0.0,196.50999450683594,0.09982000291347504,15.92,10336.0,4
2024-05-29,2054,Chicken_77,Meat and fish,1.3,12.95,0.0,196.50999450683594,0.30000001192092896,4.28,10298.0,4
2024-05-30,2054,Chicken_77,Meat and fish,23.78,28.06,0.0,196.50999450683594,0.0,0.0,11266.0,4
2024-05-31,2054,Chicken_77,Meat and fish,26.74,25.66,0.0,196.50999450683594,0.0,1.08,12061.0,4
2024-06-01,2054,Chicken_77,Meat and fish,13.05,13.58,0.0,196.50999450683594,0.0,0.55,10308.0,4
2024-06-02,2054,Chicken_77,Meat and fish,23.08,18.49,0.0,196.50999450683594,0.04174000024795532,5.13,9940.0,4
2024-05-20,2084,Radish_13,Fruit and vegetable,863.24,752.14,0.0,18.440000534057617,0.0,379.03,10579.0,3
2024-05-21,2084,Radish_13,Fruit and vegetable,686.68,864.24,0.0,18.440000534057617,0.0,201.48,10104.0,3
2024-05-22,2084,Radish_13,Fruit and vegetable,740.2,872.22,0.0,18.440000534057617,0.0,69.46,10640.0,3
2024-05-23,2084,Radish_13,Fruit and vegetable,1114.55,918.91,0.0,18.440000534057617,0.0,265.1,10812.0,3
2024-05-24,2084,Radish_13,Fruit and vegetable,1040.07,1020.4,0.0,18.440000534057617,0.0,284.77,11776.0,3
2024-05-25,2084,Radish_13,Fruit and vegetable,588.61,797.88,0.0,18.440000534057617,0.0,75.49,9685.0,3
2024-05-26,2084,Radish_13,Fruit and vegetable,868.59,805.88,0.0,18.440000534057617,0.0,138.21,9864.0,3
2024-05-27,2084,Radish_13,Fruit and vegetable,728.14,712.87,0.0,18.440000534057617,0.0,153.48,10334.0,3
2024-05-28,2084,Radish_13,Fruit and vegetable,836.27,626.64,0.0,18.440000534057617,0.0,363.11,10336.0,3
2024-05-29,2084,Radish_13,Fruit and vegetable,676.15,790.8,0.0,18.440000534057617,0.0,248.47,10298.0,3
2024-05-30,2084,Radish_13,Fruit and vegetable,835.45,753.15,0.0,18.440000534057617,0.0,330.77,11266.0,3
2024-05-31,2084,Radish_13,Fruit and vegetable,844.04,863.95,0.0,18.440000534057617,0.0,310.87,12061.0,3
2024-06-01,2084,Radish_13,Fruit and vegetable,585.07,706.22,0.0,18.440000534057617,0.0,189.71,10308.0,3
2024-06-02,2084,Radish_13,Fruit and vegetable,715.7,682.4,0.0,18.440000534057617,0.0,223.02,9940.0,3
2024-05-20,2107,Herb_15,Fruit and vegetable,0.0,21.04,0.0,21.229999542236328,0.0,10.43,10579.0,3
2024-05-21,2107,Herb_15,Fruit and vegetable,6.95,7.07,0.0,21.229999542236328,0.0,10.31,10104.0,3
2024-05-22,2107,Herb_15,Fruit and vegetable,19.38,12.26,3.36,21.229999542236328,0.0,14.07,10640.0,3
2024-05-23,2107,Herb_15,Fruit and vegetable,8.96,12.23,0.0,21.229999542236328,0.0,10.8,10812.0,3
2024-05-24,2107,Herb_15,Fruit and vegetable,21.7,12.07,0.0,21.229999542236328,0.0,20.43,11776.0,3
2024-05-25,2107,Herb_15,Fruit and vegetable,3.65,16.63,0.0,21.229999542236328,0.0,7.46,9685.0,3
2024-05-26,2107,Herb_15,Fruit and vegetable,18.24,5.24,0.0,21.229999542236328,0.0,20.46,9864.0,3
2024-05-27,2107,Herb_15,Fruit and vegetable,7.44,10.56,0.0,21.229999542236328,0.0,17.34,10334.0,3
2024-05-28,2107,Herb_15,Fruit and vegetable,3.78,21.12,0.0,21.229999542236328,0.0,0.0,10336.0,3
2024-05-29,2107,Herb_15,Fruit and vegetable,18.6,12.33,0.0,21.229999542236328,0.0,6.27,10298.0,3
2024-05-30,2107,Herb_15,Fruit and vegetable,12.3,13.88,0.0,21.229999542236328,0.0,4.69,11266.0,3
2024-05-31,2107,Herb_15,Fruit and vegetable,13.72,15.17,0.0,21.229999542236328,0.0,3.24,12061.0,3
2024-06-01,2107,Herb_15,Fruit and vegetable,19.77,16.45,0.0,21.229999542236328,0.0,6.56,10308.0,3
2024-05-20,2128,Chicken_80,Meat and fish,326.12,256.02,0.0,157.89999389648438,0.1526000052690506,128.43,10579.0,4
2024-05-21,2128,Chicken_80,Meat and fish,228.89,253.6,0.0,157.89999389648438,0.018629999831318855,103.72,10104.0,4
2024-05-22,2128,Chicken_80,Meat and fish,289.84,296.89,0.0,157.89999389648438,0.15261000394821167,96.66,10640.0,4
2024-05-23,2128,Chicken_80,Meat and fish,337.8,295.2,0.0,157.89999389648438,0.0,139.26,10812.0,4
2024-05-24,2128,Chicken_80,Meat and fish,425.18,372.38,0.0,157.89999389648438,0.0,192.07,11776.0,4
2024-05-25,2128,Chicken_80,Meat and fish,187.49,234.36,0.0,157.89999389648438,0.0,145.19,9685.0,4
2024-05-26,2128,Chicken_80,Meat and fish,217.61,226.2,0.0,157.89999389648438,0.0,136.6,9864.0,4
2024-05-27,2128,Chicken_80,Meat and fish,183.86,318.96,0.0,157.89999389648438,0.0,1.5,10334.0,4
2024-05-28,2128,Chicken_80,Meat and fish,318.28,248.53,0.0,157.89999389648438,0.0,71.25,10336.0,4
2024-05-29,2128,Chicken_80,Meat and fish,292.53,224.03,0.0,157.89999389648438,0.0,139.75,10298.0,4
2024-05-30,2128,Chicken_80,Meat and fish,227.77,335.39,0.0,157.89999389648438,0.0,32.13,11266.0,4
2024-05-31,2128,Chicken_80,Meat and fish,418.15,333.09,0.0,157.89999389648438,0.0,117.19,12061.0,4
2024-06-01,2128,Chicken_80,Meat and fish,183.86,294.18,0.0,157.89999389648438,0.0,6.86,10308.0,4
2024-06-02,2128,Chicken_80,Meat and fish,292.7,299.56,0.0,157.89999389648438,0.00877000018954277,0.0,9940.0,4
2024-05-20,2165,Herb_17,Fruit and vegetable,72.7,87.66,0.0,29.510000228881836,0.0,27.85,10579.0,3
2024-05-21,2165,Herb_17,Fruit and vegetable,75.02,95.44,0.0,29.510000228881836,0.0,7.44,10104.0,3
2024-05-22,2165,Herb_17,Fruit and vegetable,126.29,120.85,0.0,29.510000228881836,0.0,12.88,10640.0,3
2024-05-23,2165,Herb_17,Fruit and vegetable,132.59,92.59,0.0,29.510000228881836,0.0,52.88,10812.0,3
2024-05-24,2165,Herb_17,Fruit and vegetable,95.04,117.21,0.0,29.510000228881836,0.0,30.71,11776.0,3
2024-05-25,2165,Herb_17,Fruit and vegetable,100.21,122.6,0.0,29.510000228881836,0.0,8.32,9685.0,3
2024-05-26,2165,Herb_17,Fruit and vegetable,96.33,81.71,0.0,29.510000228881836,0.0,22.94,9864.0,3
2024-05-27,2165,Herb_17,Fruit and vegetable,86.62,107.37,0.0,29.510000228881836,0.0,2.2,10334.0,3
2024-05-28,2165,Herb_17,Fruit and vegetable,113.5,102.09,0.0,29.510000228881836,0.0,13.6,10336.0,3
2024-05-29,2165,Herb_17,Fruit and vegetable,126.85,79.26,0.0,29.510000228881836,0.0,61.2,10298.0,3
2024-05-30,2165,Herb_17,Fruit and vegetable,52.84,111.06,0.0,29.510000228881836,0.0,2.97,11266.0,3
2024-05-31,2165,Herb_17,Fruit and vegetable,135.7,116.8,0.0,29.510000228881836,0.0,21.88,12061.0,3
2024-06-01,2165,Herb_17,Fruit and vegetable,124.3,146.18,0.0,29.510000228881836,0.0,0.0,10308.0,3
2024-06-02,2165,Herb_17,Fruit and vegetable,110.7,99.26,0.0,29.510000228881836,0.0,11.44,9940.0,3
2024-05-20,2174,Chicken_85,Meat and fish,90.42,64.97,0.0,405.55999755859375,0.06712999939918518,72.85,10579.0,4
2024-05-21,2174,Chicken_85,Meat and fish,0.0,36.64,0.0,405.55999755859375,0.09752000123262405,36.21,10104.0,4
2024-05-22,2174,Chicken_85,Meat and fish,10.81,42.96,0.0,405.55999755859375,0.25,4.06,10640.0,4
2024-05-23,2174,Chicken_85,Meat and fish,37.72,34.36,0.0,405.55999755859375,0.0,7.42,10812.0,4
2024-05-24,2174,Chicken_85,Meat and fish,52.82,41.99,0.0,405.55999755859375,0.0,18.25,11776.0,4
2024-05-25,2174,Chicken_85,Meat and fish,57.5,75.75,0.0,405.55999755859375,0.09869000315666199,0.0,9685.0,4
2024-05-26,2174,Chicken_85,Meat and fish,53.17,40.22,0.0,405.55999755859375,0.0,12.95,9864.0,4
2024-05-27,2174,Chicken_85,Meat and fish,72.22,84.73,0.0,405.55999755859375,0.05925999954342842,0.45,10334.0,4
2024-05-28,2174,Chicken_85,Meat and fish,62.3,42.47,0.0,405.55999755859375,0.05747000128030777,20.27,10336.0,4
2024-05-29,2174,Chicken_85,Meat and fish,48.06,26.1,0.0,405.55999755859375,0.17000000178813934,42.23,10298.0,4
2024-05-30,2174,Chicken_85,Meat and fish,20.26,32.61,0.0,405.55999755859375,0.0,29.88,11266.0,4
2024-05-31,2174,Chicken_85,Meat and fish,40.51,35.19,0.0,405.55999755859375,0.0,35.2,12061.0,4
2024-06-01,2174,Chicken_85,Meat and fish,69.6,43.31,0.0,405.55999755859375,0.07784999907016754,61.49,10308.0,4
2024-06-02,2174,Chicken_85,Meat and fish,3.25,35.68,0.0,405.55999755859375,0.07913000136613846,29.06,9940.0,4
2024-05-20,2227,Parsley_11,Fruit and vegetable,64.44,41.03,0.0,127.70999908447266,0.0,32.47,10579.0,3
2024-05-21,2227,Parsley_11,Fruit and vegetable,41.66,44.87,0.0,127.70999908447266,0.0,29.26,10104.0,3
2024-05-22,2227,Parsley_11,Fruit and vegetable,46.65,47.5,0.0,127.70999908447266,0.0,28.41,10640.0,3
2024-05-23,2227,Parsley_11,Fruit and vegetable,69.11,75.36,0.0,127.70999908447266,0.0,22.16,10812.0,3
2024-05-24,2227,Parsley_11,Fruit and vegetable,77.99,75.55,0.0,127.70999908447266,0.0,24.6,11776.0,3
2024-05-25,2227,Parsley_11,Fruit and vegetable,57.61,53.45,0.0,127.70999908447266,0.0,28.76,9685.0,3
2024-05-26,2227,Parsley_11,Fruit and vegetable,44.6,61.97,0.0,127.70999908447266,0.0,11.39,9864.0,3
2024-05-28,2227,Parsley_11,Fruit and vegetable,47.82,42.33,0.0,127.70999908447266,0.0,16.88,10336.0,3
2024-05-29,2227,Parsley_11,Fruit and vegetable,45.86,44.4,0.0,127.70999908447266,0.0,18.35,10298.0,3
2024-05-30,2227,Parsley_11,Fruit and vegetable,53.08,71.43,0.0,127.70999908447266,0.0,0.0,11266.0,3
2024-05-31,2227,Parsley_11,Fruit and vegetable,93.52,61.22,0.0,127.70999908447266,0.0,32.3,12061.0,3
2024-06-01,2227,Parsley_11,Fruit and vegetable,59.46,63.98,0.0,127.69000244140625,0.0,27.79,10308.0,3
2024-06-02,2227,Parsley_11,Fruit and vegetable,39.35,52.54,0.0,127.70999908447266,0.0,14.6,9940.0,3
2024-05-20,2236,Beet_5,Fruit and vegetable,74.92,98.18,0.0,19.049999237060547,0.0,5.41,10579.0,3
2024-05-21,2236,Beet_5,Fruit and vegetable,107.36,74.23,0.0,19.049999237060547,0.0,38.54,10104.0,3
2024-05-22,2236,Beet_5,Fruit and vegetable,101.83,66.55,0.0,19.049999237060547,0.0,73.82,10640.0,3
2024-05-23,2236,Beet_5,Fruit and vegetable,63.34,108.31,0.0,19.049999237060547,0.0,28.85,10812.0,3
2024-05-24,2236,Beet_5,Fruit and vegetable,136.04,117.21,0.0,19.049999237060547,0.0,47.68,11776.0,3
2024-05-25,2236,Beet_5,Fruit and vegetable,69.6,80.14,0.0,19.049999237060547,0.0,37.14,9685.0,3
2024-05-26,2236,Beet_5,Fruit and vegetable,104.09,133.13,0.0,19.049999237060547,0.0,8.1,9864.0,3
2024-05-27,2236,Beet_5,Fruit and vegetable,121.32,84.49,0.0,19.049999237060547,0.0,44.92,10334.0,3
2024-05-28,2236,Beet_5,Fruit and vegetable,61.08,93.29,0.0,19.049999237060547,0.0,12.71,10336.0,3
2024-05-29,2236,Beet_5,Fruit and vegetable,83.5,82.78,0.0,19.049999237060547,0.0,13.43,10298.0,3
2024-05-30,2236,Beet_5,Fruit and vegetable,120.69,93.71,0.0,19.049999237060547,0.0,40.41,11266.0,3
2024-05-31,2236,Beet_5,Fruit and vegetable,102.28,104.77,0.0,19.049999237060547,0.0,37.92,12061.0,3
2024-06-01,2236,Beet_5,Fruit and vegetable,65.99,103.91,0.0,19.049999237060547,0.0,0.0,10308.0,3
2024-06-02,2236,Beet_5,Fruit and vegetable,155.02,81.53,0.0,19.049999237060547,0.0,73.49,9940.0,3
2024-05-20,2248,Mango_9,Fruit and vegetable,0.0,21.04,12.09,68.2300033569336,0.0,16.79,10579.0,3
2024-05-21,2248,Mango_9,Fruit and vegetable,18.58,8.84,0.0,68.2300033569336,0.0,26.53,10104.0,3
2024-05-22,2248,Mango_9,Fruit and vegetable,6.47,12.26,7.95,68.2300033569336,0.0,12.79,10640.0,3
2024-05-23,2248,Mango_9,Fruit and vegetable,10.89,13.98,0.0,68.2300033569336,0.0,9.7,10812.0,3
2024-05-24,2248,Mango_9,Fruit and vegetable,19.06,12.07,0.0,68.2300033569336,0.0,16.69,11776.0,3
2024-05-25,2248,Mango_9,Fruit and vegetable,7.13,14.25,0.0,68.2300033569336,0.0,9.58,9685.0,3
2024-05-26,2248,Mango_9,Fruit and vegetable,17.62,3.55,0.0,68.2300033569336,0.0,23.64,9864.0,3
2024-05-27,2248,Mango_9,Fruit and vegetable,4.24,15.84,0.0,68.2300033569336,0.0,12.05,10334.0,3
2024-05-28,2248,Mango_9,Fruit and vegetable,5.55,17.6,0.0,68.2300033569336,0.0,0.0,10336.0,3
2024-05-29,2248,Mango_9,Fruit and vegetable,22.9,22.9,0.0,68.2300033569336,0.0,0.0,10298.0,3
2024-05-30,2248,Mango_9,Fruit and vegetable,21.51,8.68,0.0,68.2300033569336,0.0,12.83,11266.0,3
2024-05-31,2248,Mango_9,Fruit and vegetable,16.37,29.2,0.0,68.2300033569336,0.0,0.0,12061.0,3
2024-06-01,2248,Mango_9,Fruit and vegetable,25.16,22.89,0.0,68.2300033569336,0.0,2.27,10308.0,3
2024-06-02,2248,Mango_9,Fruit and vegetable,17.23,19.5,0.0,68.2300033569336,0.0,0.0,9940.0,3
2024-05-20,2312,Bread_198,Bakery,304.17,213.89,0.0,10.029999732971191,0.0,93.78,10579.0,2
2024-05-21,2312,Bread_198,Bakery,280.95,197.94,0.0,10.029999732971191,0.0,176.8,10104.0,2
2024-05-22,2312,Bread_198,Bakery,163.05,294.24,0.0,10.029999732971191,0.0,45.6,10640.0,2
2024-05-23,2312,Bread_198,Bakery,330.86,230.6,0.0,10.029999732971191,0.0,145.86,10812.0,2
2024-05-24,2312,Bread_198,Bakery,163.97,294.74,0.0,10.029999732971191,0.0,15.08,11776.0,2
2024-05-25,2312,Bread_198,Bakery,208.14,170.97,0.0,10.029999732971191,0.0,52.25,9685.0,2
2024-05-26,2312,Bread_198,Bakery,307.49,323.06,0.0,10.029999732971191,0.0,36.68,9864.0,2
2024-05-27,2312,Bread_198,Bakery,250.83,232.34,0.0,10.029999732971191,0.0,55.17,10334.0,2
2024-05-28,2312,Bread_198,Bakery,214.68,246.43,0.0,10.029999732971191,0.0,23.42,10336.0,2
2024-05-29,2312,Bread_198,Bakery,336.89,179.65,0.0,10.029999732971191,0.0,180.66,10298.0,2
2024-05-30,2312,Bread_198,Bakery,121.0,258.57,0.0,10.029999732971191,0.0,43.09,11266.0,2
2024-05-31,2312,Bread_198,Bakery,323.02,316.04,0.0,10.029999732971191,0.0,50.07,12061.0,2
2024-06-01,2312,Bread_198,Bakery,197.02,213.1,0.0,10.029999732971191,0.0,33.99,10308.0,2
2024-06-02,2312,Bread_198,Bakery,355.9,251.69,0.0,10.029999732971191,0.0,138.2,9940.0,2
2024-05-20,2314,Parsley_12,Fruit and vegetable,90.57,71.88,0.0,55.959999084472656,0.0,38.93,10579.0,3
2024-05-21,2314,Parsley_12,Fruit and vegetable,67.14,91.9,0.0,55.959999084472656,0.0,14.17,10104.0,3
2024-05-22,2314,Parsley_12,Fruit and vegetable,63.51,67.73,0.0,55.959999084472656,0.0,9.96,10640.0,3
2024-05-23,2314,Parsley_12,Fruit and vegetable,108.35,74.42,0.0,55.959999084472656,0.0,43.89,10812.0,3
2024-05-24,2314,Parsley_12,Fruit and vegetable,122.5,94.8,0.0,55.959999084472656,0.0,71.59,11776.0,3
2024-05-25,2314,Parsley_12,Fruit and vegetable,64.74,78.36,0.0,55.959999084472656,0.0,57.97,9685.0,3
2024-05-26,2314,Parsley_12,Fruit and vegetable,75.16,133.13,0.0,55.959999084472656,0.0,0.0,9864.0,3
2024-05-27,2314,Parsley_12,Fruit and vegetable,149.62,149.62,0.0,55.959999084472656,0.0,0.0,10334.0,3
2024-05-28,2314,Parsley_12,Fruit and vegetable,131.7,89.77,0.0,55.959999084472656,0.0,41.93,10336.0,3
2024-05-29,2314,Parsley_12,Fruit and vegetable,65.71,79.26,0.0,55.959999084472656,0.0,28.38,10298.0,3
2024-05-30,2314,Parsley_12,Fruit and vegetable,83.88,102.39,0.0,55.959999084472656,0.0,9.87,11266.0,3
2024-05-31,2314,Parsley_12,Fruit and vegetable,119.94,120.23,0.0,55.959999084472656,0.0,9.58,12061.0,3
2024-06-01,2314,Parsley_12,Fruit and vegetable,129.55,139.13,0.0,55.959999084472656,0.0,0.0,10308.0,3
2024-06-02,2314,Parsley_12,Fruit and vegetable,166.99,72.67,0.0,55.959999084472656,0.0,94.32,9940.0,3
2024-05-20,2328,Bread_200,Bakery,0.0,338.06,0.0,22.940000534057617,0.15023000538349152,253.62,10316.0,2
2024-05-21,2328,Bread_200,Bakery,515.9,284.28,253.62,22.940000534057617,0.15023000538349152,231.62,10219.0,2
2024-05-22,2328,Bread_200,Bakery,415.25,413.91,0.0,22.940000534057617,0.1502400040626526,232.96,10056.0,2
2024-05-23,2328,Bread_200,Bakery,204.95,385.36,0.0,22.940000534057617,0.1502400040626526,52.55,10362.0,2
2024-05-24,2328,Bread_200,Bakery,636.77,601.63,0.0,22.940000534057617,0.1502400040626526,87.69,11906.0,2
2024-05-25,2328,Bread_200,Bakery,678.92,766.61,0.0,22.940000534057617,0.1502400040626526,0.0,10470.0,2
2024-05-26,2328,Bread_200,Bakery,665.87,490.11,0.0,22.940000534057617,0.15023000538349152,175.76,10540.0,2
2024-05-27,2328,Bread_200,Bakery,376.42,343.16,0.0,22.940000534057617,0.15023000538349152,209.02,9973.0,2
2024-05-28,2328,Bread_200,Bakery,288.54,316.08,0.0,22.940000534057617,0.15023000538349152,181.49,10150.0,2
2024-05-29,2328,Bread_200,Bakery,438.61,319.43,0.0,22.940000534057617,0.15023000538349152,300.67,9874.0,2
2024-05-30,2328,Bread_200,Bakery,303.08,472.57,0.0,22.940000534057617,0.15023000538349152,131.19,10458.0,2
2024-05-31,2328,Bread_200,Bakery,684.7,678.25,0.0,22.940000534057617,0.15023000538349152,137.64,12090.0,2
2024-06-01,2328,Bread_200,Bakery,858.47,592.61,0.0,22.940000534057617,0.1502400040626526,403.5,11066.0,2
2024-06-02,2328,Bread_200,Bakery,267.93,573.56,0.0,22.940000534057617,0.15023000538349152,97.87,10604.0,2
2024-05-20,2343,Bread_201,Bakery,40.89,64.87,0.0,89.33000183105469,0.0,6.75,10579.0,2
2024-05-21,2343,Bread_201,Bakery,51.18,44.18,0.0,89.33000183105469,0.0,13.76,10104.0,2
2024-05-22,2343,Bread_201,Bakery,40.4,19.27,0.0,89.33000183105469,0.0,34.89,10640.0,2
2024-05-23,2343,Bread_201,Bakery,24.95,50.66,0.0,89.33000183105469,0.0,9.18,10812.0,2
2024-05-24,2343,Bread_201,Bakery,75.39,53.43,0.0,89.33000183105469,0.0,31.15,11776.0,2
2024-05-25,2343,Bread_201,Bakery,36.29,32.06,0.0,89.33000183105469,0.0,35.37,9685.0,2
2024-05-26,2343,Bread_201,Bakery,40.96,76.33,0.0,89.33000183105469,0.0,0.0,9864.0,2
2024-05-27,2343,Bread_201,Bakery,89.46,44.0,0.0,89.33000183105469,0.0,45.46,10334.0,2
2024-05-28,2343,Bread_201,Bakery,21.57,42.25,0.0,89.33000183105469,0.0,24.78,10336.0,2
2024-05-29,2343,Bread_201,Bakery,20.61,38.75,3.21,89.33000183105469,0.0,3.43,10298.0,2
2024-05-30,2343,Bread_201,Bakery,65.54,53.8,0.0,89.33000183105469,0.0,15.17,11266.0,2
2024-05-31,2343,Bread_201,Bakery,56.75,60.12,0.0,89.33000183105469,0.0,11.8,12061.0,2
2024-06-01,2343,Bread_201,Bakery,48.08,59.88,0.0,89.33000183105469,0.0,0.0,10308.0,2
2024-06-02,2343,Bread_201,Bakery,93.18,56.72,0.0,89.33000183105469,0.0,36.46,9940.0,2
2024-05-20,2349,Roll_53,Bakery,48.4,67.47,0.0,13.130000114440918,0.0,2.54,10316.0,2
2024-05-21,2349,Roll_53,Bakery,55.92,46.99,0.0,13.130000114440918,0.0,11.46,10219.0,2
2024-05-22,2349,Roll_53,Bakery,64.39,52.5,0.0,13.130000114440918,0.0,23.35,10056.0,2
2024-05-23,2349,Roll_53,Bakery,32.96,56.31,0.0,13.130000114440918,0.0,0.0,10362.0,2
2024-05-24,2349,Roll_53,Bakery,65.52,55.06,0.0,13.130000114440918,0.0,10.46,11906.0,2
2024-05-25,2349,Roll_53,Bakery,51.08,57.96,0.0,13.130000114440918,0.0,3.58,10470.0,2
2024-05-26,2349,Roll_53,Bakery,51.46,53.26,0.0,13.130000114440918,0.0,1.78,10540.0,2
2024-05-27,2349,Roll_53,Bakery,73.72,60.23,0.0,13.130000114440918,0.0,15.28,9973.0,2
2024-05-28,2349,Roll_53,Bakery,37.2,30.02,0.0,13.130000114440918,0.0,22.46,10150.0,2
2024-05-29,2349,Roll_53,Bakery,43.01,44.21,0.0,13.130000114440918,0.0,21.26,9874.0,2
2024-05-30,2349,Roll_53,Bakery,48.57,36.89,0.0,13.130000114440918,0.0,32.94,10458.0,2
2024-05-31,2349,Roll_53,Bakery,46.73,79.67,0.0,13.130000114440918,0.0,0.0,12090.0,2
2024-06-01,2349,Roll_53,Bakery,79.14,34.8,0.0,13.130000114440918,0.0,44.34,11066.0,2
2024-06-02,2349,Roll_53,Bakery,31.18,43.81,0.0,13.130000114440918,0.0,31.71,10604.0,2
2024-05-20,2365,Croissant_34,Bakery,56.74,40.32,0.0,28.280000686645508,0.0,49.15,10579.0,2
2024-05-21,2365,Croissant_34,Bakery,0.0,10.6,0.0,28.280000686645508,0.0,38.55,10104.0,2
2024-05-22,2365,Croissant_34,Bakery,33.76,26.27,38.55,28.280000686645508,0.0,7.49,10640.0,2
2024-05-23,2365,Croissant_34,Bakery,55.43,15.72,0.0,28.280000686645508,0.0,47.19,10812.0,2
2024-05-24,2365,Croissant_34,Bakery,0.0,31.03,0.0,28.280000686645508,0.0,16.16,11776.0,2
2024-05-25,2365,Croissant_34,Bakery,28.11,1.78,16.16,28.280000686645508,0.0,26.33,9685.0,2
2024-05-26,2365,Croissant_34,Bakery,0.0,17.75,0.0,28.280000686645508,0.0,8.58,9864.0,2
2024-05-27,2365,Croissant_34,Bakery,56.98,3.52,8.58,28.280000686645508,0.0,53.46,10334.0,2
2024-05-28,2365,Croissant_34,Bakery,0.0,31.68,0.0,28.280000686645508,0.0,21.78,10336.0,2
2024-05-29,2365,Croissant_34,Bakery,41.97,1.76,21.78,28.280000686645508,0.0,40.21,10298.0,2
2024-05-30,2365,Croissant_34,Bakery,0.0,17.35,0.0,28.280000686645508,0.0,22.86,11266.0,2
2024-05-31,2365,Croissant_34,Bakery,47.8,22.33,22.86,28.280000686645508,0.0,25.47,12061.0,2
2024-06-01,2365,Croissant_34,Bakery,0.0,14.09,0.0,28.280000686645508,0.0,11.38,10308.0,2
2024-06-02,2365,Croissant_34,Bakery,31.09,7.09,11.38,28.280000686645508,0.0,24.0,9940.0,2
2024-05-20,2366,Chicken_92,Meat and fish,37.0,39.18,0.0,155.41000366210938,0.0,18.83,10579.0,4
2024-05-21,2366,Chicken_92,Meat and fish,39.63,30.29,0.0,155.41000366210938,0.03675999864935875,28.17,10104.0,4
2024-05-22,2366,Chicken_92,Meat and fish,28.84,49.46,0.0,155.41000366210938,0.0,7.55,10640.0,4
2024-05-23,2366,Chicken_92,Meat and fish,63.16,51.71,0.0,155.41000366210938,0.0,19.0,10812.0,4
2024-05-24,2366,Chicken_92,Meat and fish,64.81,59.57,0.0,155.41000366210938,0.0,24.24,11776.0,4
2024-05-25,2366,Chicken_92,Meat and fish,28.41,52.65,0.0,155.41000366210938,0.0,0.0,9685.0,4
2024-05-26,2366,Chicken_92,Meat and fish,50.8,35.66,0.0,155.41000366210938,0.0,15.14,9864.0,4
2024-05-27,2366,Chicken_92,Meat and fish,37.58,32.21,0.0,155.41000366210938,0.0,20.51,10334.0,4
2024-05-28,2366,Chicken_92,Meat and fish,26.12,46.63,0.0,155.41000366210938,0.08016999810934067,0.0,10336.0,4
2024-05-29,2366,Chicken_92,Meat and fish,61.89,41.27,0.0,155.41000366210938,0.013620000332593918,20.62,10298.0,4
2024-05-30,2366,Chicken_92,Meat and fish,43.68,37.12,0.0,155.41000366210938,0.15312999486923218,27.18,11266.0,4
2024-05-31,2366,Chicken_92,Meat and fish,45.05,62.59,0.0,155.41000366210938,0.15312999486923218,9.63,12061.0,4
2024-06-01,2366,Chicken_92,Meat and fish,59.51,69.14,0.0,155.41000366210938,0.0,0.0,10308.0,4
2024-06-02,2366,Chicken_92,Meat and fish,57.39,57.39,0.0,155.41000366210938,0.0,0.0,9940.0,4
2024-05-20,2368,Bread_203,Bakery,48.21,35.21,0.0,89.44000244140625,0.15006999671459198,16.84,10316.0,2
2024-05-21,2368,Bread_203,Bakery,29.18,38.71,0.0,89.44000244140625,0.15006999671459198,7.31,10219.0,2
2024-05-22,2368,Bread_203,Bakery,42.21,17.69,0.0,89.44000244140625,0.15006999671459198,31.83,10056.0,2
2024-05-23,2368,Bread_203,Bakery,16.75,38.8,0.0,89.44000244140625,0.15006999671459198,9.78,10362.0,2
2024-05-24,2368,Bread_203,Bakery,57.88,43.47,0.0,89.44000244140625,0.15006999671459198,24.2,11906.0,2
2024-05-25,2368,Bread_203,Bakery,24.16,33.37,0.0,89.44000244140625,0.15006999671459198,14.99,10470.0,2
2024-05-26,2368,Bread_203,Bakery,32.42,31.58,0.0,89.44000244140625,0.15006999671459198,15.83,10540.0,2
2024-05-27,2368,Bread_203,Bakery,29.95,23.03,0.0,89.44000244140625,0.15006999671459198,22.74,9973.0,2
2024-05-28,2368,Bread_203,Bakery,27.76,40.26,0.0,89.44000244140625,0.15006999671459198,10.24,10150.0,2
2024-05-29,2368,Bread_203,Bakery,22.91,33.15,0.0,89.44000244140625,0.15006999671459198,0.0,9874.0,2
2024-05-30,2368,Bread_203,Bakery,47.46,15.81,0.0,89.44000244140625,0.15006999671459198,31.65,10458.0,2
2024-05-31,2368,Bread_203,Bakery,27.59,59.24,0.0,89.44000244140625,0.15006999671459198,0.0,12090.0,2
2024-06-01,2368,Bread_203,Bakery,50.97,50.54,0.0,89.44000244140625,0.15006999671459198,0.43,11066.0,2
2024-06-02,2368,Bread_203,Bakery,50.51,24.53,0.0,89.44000244140625,0.15006999671459198,26.41,10604.0,2
2024-05-20,2385,Celery_16,Fruit and vegetable,45.37,21.04,0.0,71.87000274658203,0.0,24.33,10579.0,3
2024-05-21,2385,Celery_16,Fruit and vegetable,48.75,26.51,0.0,71.87000274658203,0.0,46.57,10104.0,3
2024-05-22,2385,Celery_16,Fruit and vegetable,36.78,38.53,0.0,71.87000274658203,0.0,44.82,10640.0,3
2024-05-23,2385,Celery_16,Fruit and vegetable,8.29,34.94,0.0,71.87000274658203,0.0,18.17,10812.0,3
2024-05-24,2385,Celery_16,Fruit and vegetable,52.94,22.41,0.0,71.87000274658203,0.0,48.7,11776.0,3
2024-05-25,2385,Celery_16,Fruit and vegetable,16.43,37.4,0.0,71.87000274658203,0.0,27.73,9685.0,3
2024-05-26,2385,Celery_16,Fruit and vegetable,67.17,55.03,0.0,71.87000274658203,0.0,39.87,9864.0,3
2024-05-27,2385,Celery_16,Fruit and vegetable,5.89,45.76,0.0,71.87000274658203,0.0,0.0,10334.0,3
2024-05-28,2385,Celery_16,Fruit and vegetable,40.64,31.68,0.0,71.87000274658203,0.0,8.96,10336.0,3
2024-05-29,2385,Celery_16,Fruit and vegetable,42.82,29.94,0.0,71.87000274658203,0.0,21.84,10298.0,3
2024-05-30,2385,Celery_16,Fruit and vegetable,33.69,55.53,0.0,71.87000274658203,0.0,0.0,11266.0,3
2024-05-31,2385,Celery_16,Fruit and vegetable,54.96,54.96,0.0,71.87000274658203,0.0,0.0,12061.0,3
2024-06-01,2385,Celery_16,Fruit and vegetable,51.9,26.42,0.0,71.87000274658203,0.0,25.48,10308.0,3
2024-06-02,2385,Celery_16,Fruit and vegetable,46.28,70.9,0.0,71.87000274658203,0.0,0.86,9940.0,3
2024-05-20,2392,Roll_56,Bakery,1655.91,2084.68,0.0,7.079999923706055,0.15000000596046448,150.53,10316.0,2
2024-05-21,2392,Roll_56,Bakery,2221.11,1846.62,0.0,7.079999923706055,0.15000000596046448,525.01,10219.0,2
2024-05-22,2392,Roll_56,Bakery,1865.77,2093.15,0.0,7.079999923706055,0.15000000596046448,297.63,10056.0,2
2024-05-23,2392,Roll_56,Bakery,2238.34,1737.65,0.0,7.079999923706055,0.15000000596046448,798.32,10362.0,2
2024-05-24,2392,Roll_56,Bakery,2407.18,2147.52,0.0,7.079999923706055,0.15000000596046448,1057.98,11906.0,2
2024-05-25,2392,Roll_56,Bakery,2132.89,2207.82,0.0,7.079999923706055,0.15000000596046448,983.06,10470.0,2
2024-05-26,2392,Roll_56,Bakery,1522.62,2280.78,0.0,7.079999923706055,0.15000000596046448,224.9,10540.0,2
2024-05-27,2392,Roll_56,Bakery,2110.03,1695.23,0.0,7.079999923706055,0.15000000596046448,639.7,9973.0,2
2024-05-28,2392,Roll_56,Bakery,1623.32,2263.02,0.0,7.079999923706055,0.15000000596046448,0.0,10150.0,2
2024-05-29,2392,Roll_56,Bakery,2405.61,1732.03,0.0,7.079999923706055,0.15000000596046448,673.58,9874.0,2
2024-05-30,2392,Roll_56,Bakery,1413.01,1861.92,0.0,7.079999923706055,0.15000000596046448,224.67,10458.0,2
2024-05-31,2392,Roll_56,Bakery,2326.92,2551.59,0.0,7.079999923706055,0.15000000596046448,0.0,12090.0,2
2024-06-01,2392,Roll_56,Bakery,2622.29,2451.96,0.0,7.079999923706055,0.15000000596046448,170.33,11066.0,2
2024-06-02,2392,Roll_56,Bakery,2560.07,2137.76,0.0,7.079999923706055,0.15000000596046448,592.64,10604.0,2
2024-05-20,2396,Roll_57,Bakery,8945.78,8655.65,0.0,2.3499999046325684,0.0,2565.94,10316.0,2
2024-05-21,2396,Roll_57,Bakery,7675.89,8836.24,0.0,2.3499999046325684,0.0,1405.58,10219.0,2
2024-05-22,2396,Roll_57,Bakery,9364.81,8511.78,0.0,2.3499999046325684,0.0,2258.62,10056.0,2
2024-05-23,2396,Roll_57,Bakery,8985.7,8898.05,0.0,2.3499999046325684,0.0,2346.26,10362.0,2
2024-05-24,2396,Roll_57,Bakery,12467.69,11909.44,0.0,2.3499999046325684,0.0,2904.51,11906.0,2
2024-05-25,2396,Roll_57,Bakery,8964.88,10784.4,0.0,2.3499999046325684,0.0,1084.99,10470.0,2
2024-05-26,2396,Roll_57,Bakery,9673.43,10110.19,0.0,2.3499999046325684,0.0,648.23,10540.0,2
2024-05-27,2396,Roll_57,Bakery,9669.13,7935.89,0.0,2.3499999046325684,0.0,2381.47,9973.0,2
2024-05-28,2396,Roll_57,Bakery,8266.44,8935.11,0.0,2.3499999046325684,0.0,1712.8,10150.0,2
2024-05-29,2396,Roll_57,Bakery,8600.33,8117.12,0.0,2.3499999046325684,0.0,2196.01,9874.0,2
2024-05-30,2396,Roll_57,Bakery,8576.16,9107.05,0.0,2.3499999046325684,0.0,1665.12,10458.0,2
2024-05-31,2396,Roll_57,Bakery,12101.94,11518.21,0.0,2.3499999046325684,0.0,2248.85,12090.0,2
2024-06-01,2396,Roll_57,Bakery,10262.96,10578.74,0.0,2.3499999046325684,0.0,1933.07,11066.0,2
2024-06-02,2396,Roll_57,Bakery,9865.23,9787.36,0.0,2.3499999046325684,0.0,2010.94,10604.0,2
2024-05-20,2426,Herb_19,Fruit and vegetable,48.97,13.34,76.57,56.41999816894531,0.0,35.63,10579.0,3
2024-05-21,2426,Herb_19,Fruit and vegetable,0.0,19.44,0.0,56.41999816894531,0.0,16.19,10104.0,3
2024-05-22,2426,Herb_19,Fruit and vegetable,0.0,7.01,0.0,56.41999816894531,0.0,9.18,10640.0,3
2024-05-23,2426,Herb_19,Fruit and vegetable,23.1,12.23,9.18,56.41999816894531,0.0,10.87,10812.0,3
2024-05-24,2426,Herb_19,Fruit and vegetable,11.54,22.41,0.0,56.41999816894531,0.0,0.0,11776.0,3
2024-05-25,2426,Herb_19,Fruit and vegetable,26.46,8.9,0.0,56.41999816894531,0.0,17.56,9685.0,3
2024-05-26,2426,Herb_19,Fruit and vegetable,11.26,17.75,0.0,56.41999816894531,0.0,11.07,9864.0,3
2024-05-27,2426,Herb_19,Fruit and vegetable,9.5,12.15,0.0,56.41999816894531,0.0,8.42,10334.0,3
2024-05-28,2426,Herb_19,Fruit and vegetable,18.32,17.6,0.0,56.41999816894531,0.0,9.14,10336.0,3
2024-05-29,2426,Herb_19,Fruit and vegetable,8.47,17.61,0.0,56.41999816894531,0.0,0.0,10298.0,3
2024-05-30,2426,Herb_19,Fruit and vegetable,22.56,22.56,0.0,56.41999816894531,0.0,0.0,11266.0,3
2024-05-31,2426,Herb_19,Fruit and vegetable,29.2,29.2,0.0,56.41999816894531,0.0,0.0,12061.0,3
2024-06-01,2426,Herb_19,Fruit and vegetable,17.38,12.33,0.0,56.41999816894531,0.0,5.05,10308.0,3
2024-06-02,2426,Herb_19,Fruit and vegetable,20.3,23.04,0.0,56.41999816894531,0.0,2.31,9940.0,3
2024-05-20,2436,Pastry_181,Bakery,111.94,117.47,0.0,15.699999809265137,0.0,56.09,10579.0,2
2024-05-21,2436,Pastry_181,Bakery,93.62,107.81,0.0,15.699999809265137,0.0,41.9,10104.0,2
2024-05-22,2436,Pastry_181,Bakery,162.81,131.36,0.0,15.699999809265137,0.0,73.35,10640.0,2
2024-05-23,2436,Pastry_181,Bakery,165.08,151.99,0.0,15.699999809265137,0.0,86.44,10812.0,2
2024-05-24,2436,Pastry_181,Bakery,90.13,156.85,0.0,15.699999809265137,0.0,19.72,11776.0,2
2024-05-25,2436,Pastry_181,Bakery,112.84,131.79,0.0,15.699999809265137,0.0,0.77,9685.0,2
2024-05-26,2436,Pastry_181,Bakery,139.49,131.35,0.0,15.699999809265137,0.0,8.91,9864.0,2
2024-05-27,2436,Pastry_181,Bakery,130.8,139.05,0.0,15.699999809265137,0.0,0.66,10334.0,2
2024-05-28,2436,Pastry_181,Bakery,127.76,88.01,0.0,15.699999809265137,0.0,40.4,10336.0,2
2024-05-29,2436,Pastry_181,Bakery,119.56,96.87,0.0,15.699999809265137,0.0,63.1,10298.0,2
2024-05-30,2436,Pastry_181,Bakery,159.03,222.13,0.0,15.699999809265137,0.0,0.0,11266.0,2
2024-05-31,2436,Pastry_181,Bakery,213.39,190.65,0.0,15.699999809265137,0.0,22.74,12061.0,2
2024-06-01,2436,Pastry_181,Bakery,170.79,61.64,0.0,15.699999809265137,0.0,131.89,10308.0,2
2024-06-02,2436,Pastry_181,Bakery,72.85,116.98,0.0,15.699999809265137,0.0,87.77,9940.0,2
2024-05-20,2438,Cabbage_22,Fruit and vegetable,4.78,33.49,0.0,27.239999771118164,0.0,14.42,10579.0,3
2024-05-21,2438,Cabbage_22,Fruit and vegetable,44.78,21.72,0.0,27.239999771118164,0.0,37.48,10104.0,3
2024-05-22,2438,Cabbage_22,Fruit and vegetable,18.31,31.67,0.0,27.239999771118164,0.0,24.12,10640.0,3
2024-05-23,2438,Cabbage_22,Fruit and vegetable,52.45,42.0,0.0,27.239999771118164,0.0,34.57,10812.0,3
2024-05-27,2438,Cabbage_22,Fruit and vegetable,35.73,35.73,34.57,27.239999771118164,0.0,0.0,10334.0,3
2024-05-28,2438,Cabbage_22,Fruit and vegetable,37.53,18.31,0.0,27.239999771118164,0.0,19.22,10336.0,3
2024-05-29,2438,Cabbage_22,Fruit and vegetable,15.34,25.5,0.0,27.239999771118164,0.0,9.07,10298.0,3
2024-05-30,2438,Cabbage_22,Fruit and vegetable,35.09,42.97,0.0,27.239999771118164,0.0,1.19,11266.0,3
2024-05-31,2438,Cabbage_22,Fruit and vegetable,32.94,23.38,0.0,27.239999771118164,0.0,10.75,12061.0,3
2024-06-01,2438,Cabbage_22,Fruit and vegetable,33.01,16.48,0.0,27.239999771118164,0.0,27.28,10308.0,3
2024-06-02,2438,Cabbage_22,Fruit and vegetable,28.78,24.81,0.0,27.25,0.0,31.25,9940.0,3
2024-05-20,2488,Onion_46,Fruit and vegetable,14.38,14.34,0.0,71.19999694824219,0.0,9.4,10579.0,3
2024-05-21,2488,Onion_46,Fruit and vegetable,10.02,19.42,0.0,71.19999694824219,0.0,0.0,10104.0,3
2024-05-22,2488,Onion_46,Fruit and vegetable,32.77,19.0,0.0,71.19999694824219,0.0,13.77,10640.0,3
2024-05-23,2488,Onion_46,Fruit and vegetable,9.55,13.08,0.0,71.19999694824219,0.0,10.24,10812.0,3
2024-05-24,2488,Onion_46,Fruit and vegetable,13.59,15.39,0.0,71.19999694824219,0.0,8.44,11776.0,3
2024-05-25,2488,Onion_46,Fruit and vegetable,17.46,17.79,0.0,71.19999694824219,0.0,8.11,9685.0,3
2024-05-26,2488,Onion_46,Fruit and vegetable,3.37,11.48,0.0,71.19999694824219,0.0,0.0,9864.0,3
2024-05-27,2488,Onion_46,Fruit and vegetable,19.66,19.66,0.0,71.19999694824219,0.0,0.0,10334.0,3
2024-05-28,2488,Onion_46,Fruit and vegetable,23.62,15.35,0.0,71.19999694824219,0.0,8.27,10336.0,3
2024-05-29,2488,Onion_46,Fruit and vegetable,14.62,12.4,0.0,71.19999694824219,0.0,10.49,10298.0,3
2024-05-30,2488,Onion_46,Fruit and vegetable,6.69,17.18,0.0,71.19999694824219,0.0,0.0,11266.0,3
2024-05-31,2488,Onion_46,Fruit and vegetable,19.13,17.67,0.0,71.19999694824219,0.0,1.46,12061.0,3
2024-06-01,2488,Onion_46,Fruit and vegetable,20.19,17.59,0.0,71.19999694824219,0.0,4.06,10308.0,3
2024-06-02,2488,Onion_46,Fruit and vegetable,14.57,18.63,0.0,71.19999694824219,0.0,0.0,9940.0,3
2024-05-20,2521,Apple_132,Fruit and vegetable,210.8,137.16,0.0,30.65999984741211,0.0,91.52,10579.0,3
2024-05-21,2521,Apple_132,Fruit and vegetable,90.44,150.46,0.0,30.65999984741211,0.0,31.5,10104.0,3
2024-05-22,2521,Apple_132,Fruit and vegetable,155.25,147.61,0.0,30.65999984741211,0.0,39.14,10640.0,3
2024-05-23,2521,Apple_132,Fruit and vegetable,136.94,141.73,0.0,30.649999618530273,0.0,34.35,10812.0,3
2024-05-24,2521,Apple_132,Fruit and vegetable,173.54,203.58,0.0,30.639999389648438,0.0,4.31,11776.0,3
2024-05-25,2521,Apple_132,Fruit and vegetable,157.09,108.09,0.0,30.65999984741211,0.0,53.31,9685.0,3
2024-05-26,2521,Apple_132,Fruit and vegetable,158.24,166.62,0.0,30.649999618530273,0.0,44.93,9864.0,3
2024-05-27,2521,Apple_132,Fruit and vegetable,136.97,181.9,0.0,30.65999984741211,0.0,0.0,10334.0,3
2024-05-28,2521,Apple_132,Fruit and vegetable,189.7,158.88,0.0,30.65999984741211,0.0,30.82,10336.0,3
2024-05-29,2521,Apple_132,Fruit and vegetable,155.85,144.26,0.0,30.65999984741211,0.0,42.41,10298.0,3
2024-05-30,2521,Apple_132,Fruit and vegetable,138.66,146.34,0.0,30.649999618530273,0.0,34.73,11266.0,3
2024-05-31,2521,Apple_132,Fruit and vegetable,207.73,178.41,0.0,30.65999984741211,0.0,64.06,12061.0,3
2024-06-01,2521,Apple_132,Fruit and vegetable,76.3,108.52,0.0,30.65999984741211,0.0,31.84,10308.0,3
2024-06-02,2521,Apple_132,Fruit and vegetable,166.88,183.31,0.0,30.65999984741211,0.0,15.41,9940.0,3
2024-05-20,2524,Lemon_16,Fruit and vegetable,282.97,417.53,0.0,44.529998779296875,0.0,0.0,10579.0,3
2024-05-21,2524,Lemon_16,Fruit and vegetable,313.0,313.0,0.0,44.529998779296875,0.0,0.0,10104.0,3
2024-05-22,2524,Lemon_16,Fruit and vegetable,306.34,210.38,0.0,44.529998779296875,0.0,95.96,10640.0,3
2024-05-23,2524,Lemon_16,Fruit and vegetable,272.57,215.96,0.0,44.540000915527344,0.0,152.57,10812.0,3
2024-05-24,2524,Lemon_16,Fruit and vegetable,183.79,289.09,0.0,44.529998779296875,0.0,47.26,11776.0,3
2024-05-25,2524,Lemon_16,Fruit and vegetable,244.3,217.97,0.0,44.529998779296875,0.0,73.6,9685.0,3
2024-05-26,2524,Lemon_16,Fruit and vegetable,217.06,213.38,0.0,44.540000915527344,0.0,77.27,9864.0,3
2024-05-27,2524,Lemon_16,Fruit and vegetable,439.88,266.74,0.0,44.529998779296875,0.0,250.41,10334.0,3
2024-05-28,2524,Lemon_16,Fruit and vegetable,116.88,205.65,0.0,44.529998779296875,0.0,161.64,10336.0,3
2024-05-29,2524,Lemon_16,Fruit and vegetable,92.37,254.01,0.0,44.529998779296875,0.0,0.0,10298.0,3
2024-05-30,2524,Lemon_16,Fruit and vegetable,264.89,264.89,0.0,44.540000915527344,0.0,0.0,11266.0,3
2024-05-31,2524,Lemon_16,Fruit and vegetable,330.14,306.15,0.0,44.529998779296875,0.0,23.99,12061.0,3
2024-06-01,2524,Lemon_16,Fruit and vegetable,253.99,277.98,0.0,44.540000915527344,0.0,0.0,10308.0,3
2024-06-02,2524,Lemon_16,Fruit and vegetable,284.5,284.5,0.0,44.529998779296875,0.0,0.0,9940.0,3
2024-05-20,2551,Chicken_98,Meat and fish,26.53,29.3,0.0,141.0,0.0,0.0,10579.0,4
2024-05-21,2551,Chicken_98,Meat and fish,49.12,25.17,0.0,141.00999450683594,0.018719999119639397,23.95,10104.0,4
2024-05-22,2551,Chicken_98,Meat and fish,6.67,22.42,0.0,141.0,0.053769998252391815,8.2,10640.0,4
2024-05-23,2551,Chicken_98,Meat and fish,42.83,51.03,0.0,141.00999450683594,0.11855000257492065,0.0,10812.0,4
2024-05-24,2551,Chicken_98,Meat and fish,61.12,31.7,0.0,141.0,0.09143999963998795,29.42,11776.0,4
2024-05-25,2551,Chicken_98,Meat and fish,37.16,30.76,0.0,141.00999450683594,0.05181000009179115,35.82,9685.0,4
2024-05-26,2551,Chicken_98,Meat and fish,6.68,7.99,0.0,141.0,0.14441999793052673,34.51,9864.0,4
2024-05-27,2551,Chicken_98,Meat and fish,11.25,13.41,0.0,141.0,0.0,32.35,10334.0,4
2024-05-28,2551,Chicken_98,Meat and fish,10.76,32.05,0.0,141.00999450683594,0.05764999985694885,11.06,10336.0,4
2024-05-29,2551,Chicken_98,Meat and fish,29.51,32.28,0.0,141.0,0.15852999687194824,8.29,10298.0,4
2024-05-30,2551,Chicken_98,Meat and fish,60.83,43.02,0.0,141.0,0.07673999667167664,26.1,11266.0,4
2024-05-31,2551,Chicken_98,Meat and fish,34.12,60.22,0.0,141.00999450683594,0.20000000298023224,0.0,12061.0,4
2024-05-20,2563,Pumpkin_21,Fruit and vegetable,13.06,19.44,0.0,122.11000061035156,0.0,17.85,10579.0,3
2024-05-21,2563,Pumpkin_21,Fruit and vegetable,27.69,45.54,0.0,122.11000061035156,0.0,0.0,10104.0,3
2024-05-22,2563,Pumpkin_21,Fruit and vegetable,43.22,17.78,0.0,120.83000183105469,0.0,25.44,10640.0,3
2024-05-23,2563,Pumpkin_21,Fruit and vegetable,39.47,39.94,0.0,120.83000183105469,0.0,24.97,10812.0,3
2024-05-24,2563,Pumpkin_21,Fruit and vegetable,24.23,26.7,0.0,120.83000183105469,0.0,22.49,11776.0,3
2024-05-25,2563,Pumpkin_21,Fruit and vegetable,19.1,30.03,0.0,120.83000183105469,0.0,11.56,9685.0,3
2024-05-26,2563,Pumpkin_21,Fruit and vegetable,21.35,31.28,0.0,120.83000183105469,0.0,1.63,9864.0,3
2024-05-27,2563,Pumpkin_21,Fruit and vegetable,30.75,14.43,0.0,120.83000183105469,0.0,17.95,10334.0,3
2024-05-28,2563,Pumpkin_21,Fruit and vegetable,41.82,20.15,0.0,120.83999633789062,0.0,39.62,10336.0,3
2024-05-29,2563,Pumpkin_21,Fruit and vegetable,0.0,10.23,0.0,120.83000183105469,0.0,29.39,10298.0,3
2024-05-30,2563,Pumpkin_21,Fruit and vegetable,23.8,20.34,0.0,120.83000183105469,0.0,32.86,11266.0,3
2024-05-31,2563,Pumpkin_21,Fruit and vegetable,20.41,44.21,9.05,120.83999633789062,0.0,0.0,12061.0,3
2024-06-01,2563,Pumpkin_21,Fruit and vegetable,44.87,40.75,0.0,120.83999633789062,0.0,4.12,10308.0,3
2024-06-02,2563,Pumpkin_21,Fruit and vegetable,43.9,13.68,0.0,120.83000183105469,0.0,34.34,9940.0,3
2024-05-20,2584,Roll_60,Bakery,11.45,77.47,0.0,13.25,0.0,3.92,10316.0,2
2024-05-21,2584,Roll_60,Bakery,92.25,62.77,0.0,13.25,0.0,33.41,10219.0,2
2024-05-22,2584,Roll_60,Bakery,93.05,30.07,0.0,13.25,0.0,96.38,10056.0,2
2024-05-23,2584,Roll_60,Bakery,7.33,77.56,3.34,13.25,0.0,22.82,10362.0,2
2024-05-24,2584,Roll_60,Bakery,146.15,77.43,15.49,13.25,0.0,76.05,11906.0,2
2024-05-25,2584,Roll_60,Bakery,32.96,75.91,0.0,13.25,0.0,33.11,10470.0,2
2024-05-26,2584,Roll_60,Bakery,74.23,107.19,0.14,13.25,0.0,0.0,10540.0,2
2024-05-27,2584,Roll_60,Bakery,106.96,63.77,0.0,13.25,0.0,43.19,9973.0,2
2024-05-28,2584,Roll_60,Bakery,49.2,62.78,0.0,13.25,0.0,29.61,10150.0,2
2024-05-29,2584,Roll_60,Bakery,30.08,26.62,0.0,13.25,0.0,33.07,9874.0,2
2024-05-30,2584,Roll_60,Bakery,78.41,87.14,2.99,13.25,0.0,21.35,10458.0,2
2024-05-31,2584,Roll_60,Bakery,87.97,87.74,0.0,13.25,0.0,21.57,12090.0,2
2024-06-01,2584,Roll_60,Bakery,87.12,75.68,0.0,13.25,0.0,33.01,11066.0,2
2024-06-02,2584,Roll_60,Bakery,106.95,59.58,0.0,13.25,0.0,80.39,10604.0,2
2024-05-20,2643,Pastry_201,Bakery,465.59,545.82,0.0,5.239999771118164,0.0,63.64,10316.0,2
2024-05-21,2643,Pastry_201,Bakery,569.45,442.69,0.0,5.239999771118164,0.0,190.41,10219.0,2
2024-05-22,2643,Pastry_201,Bakery,571.79,512.72,0.0,5.239999771118164,0.0,249.47,10056.0,2
2024-05-23,2643,Pastry_201,Bakery,420.29,428.01,0.0,5.239999771118164,0.0,241.76,10362.0,2
2024-05-24,2643,Pastry_201,Bakery,460.09,561.83,0.0,5.239999771118164,0.0,140.02,11906.0,2
2024-05-25,2643,Pastry_201,Bakery,592.21,379.35,0.0,5.239999771118164,0.0,352.88,10470.0,2
2024-05-26,2643,Pastry_201,Bakery,195.83,467.83,0.0,5.239999771118164,0.0,80.88,10540.0,2
2024-05-27,2643,Pastry_201,Bakery,549.85,359.45,0.0,5.239999771118164,0.0,271.28,9973.0,2
2024-05-28,2643,Pastry_201,Bakery,273.53,544.81,0.0,5.239999771118164,0.0,0.0,10150.0,2
2024-05-29,2643,Pastry_201,Bakery,614.42,322.98,0.0,5.239999771118164,0.0,291.44,9874.0,2
2024-05-30,2643,Pastry_201,Bakery,254.08,508.72,0.0,5.239999771118164,0.0,36.8,10458.0,2
2024-05-31,2643,Pastry_201,Bakery,647.11,499.67,0.0,5.239999771118164,0.0,184.24,12090.0,2
2024-06-01,2643,Pastry_201,Bakery,304.6,442.01,0.0,5.239999771118164,0.0,46.83,11066.0,2
2024-06-02,2643,Pastry_201,Bakery,542.71,589.54,0.0,5.239999771118164,0.0,0.0,10604.0,2
2024-05-20,2662,Raspberry_12,Fruit and vegetable,65.42,182.93,0.0,120.36000061035156,0.0,0.0,10579.0,3
2024-05-23,2662,Raspberry_12,Fruit and vegetable,192.46,185.14,0.0,120.36000061035156,0.0,7.32,10812.0,3
2024-05-24,2662,Raspberry_12,Fruit and vegetable,126.23,89.63,0.0,120.36000061035156,0.0,43.92,11776.0,3
2024-05-25,2662,Raspberry_12,Fruit and vegetable,177.65,115.76,0.0,120.36000061035156,0.0,105.81,9685.0,3
2024-05-26,2662,Raspberry_12,Fruit and vegetable,84.65,76.33,0.0,120.36000061035156,0.0,114.13,9864.0,3
2024-05-27,2662,Raspberry_12,Fruit and vegetable,76.36,183.66,0.0,120.36000061035156,0.0,6.83,10334.0,3
2024-05-30,2662,Raspberry_12,Fruit and vegetable,202.73,183.91,6.83,120.36000061035156,0.0,18.82,11266.0,3
2024-05-31,2662,Raspberry_12,Fruit and vegetable,227.45,87.6,0.0,120.36000061035156,0.0,158.67,12061.0,3
2024-06-01,2662,Raspberry_12,Fruit and vegetable,91.14,82.77,0.0,120.36000061035156,0.0,167.04,10308.0,3
2024-06-02,2662,Raspberry_12,Fruit and vegetable,0.0,69.13,0.0,120.36000061035156,0.0,97.91,9940.0,3
2024-05-20,271,Roll_8,Bakery,1488.24,1433.22,0.0,4.510000228881836,0.0,621.4,10316.0,2
2024-05-21,271,Roll_8,Bakery,1328.18,1792.52,0.0,4.510000228881836,0.0,157.06,10219.0,2
2024-05-22,271,Roll_8,Bakery,1944.1,1393.87,0.0,4.510000228881836,0.0,707.29,10056.0,2
2024-05-23,271,Roll_8,Bakery,1362.13,1488.51,0.0,4.510000228881836,0.0,580.91,10362.0,2
2024-05-24,271,Roll_8,Bakery,1973.26,1761.64,0.0,4.510000228881836,0.0,792.53,11906.0,2
2024-05-25,271,Roll_8,Bakery,1269.02,1835.42,0.0,4.510000228881836,0.0,226.13,10470.0,2
2024-05-26,271,Roll_8,Bakery,1575.15,1635.03,0.0,4.510000228881836,0.0,166.24,10540.0,2
2024-05-27,271,Roll_8,Bakery,1500.54,1557.06,0.0,4.510000228881836,0.0,109.72,9973.0,2
2024-05-28,271,Roll_8,Bakery,1896.12,1621.03,0.0,4.510000228881836,0.0,384.81,10150.0,2
2024-05-29,271,Roll_8,Bakery,1203.72,1520.85,0.0,4.510000228881836,0.0,67.67,9874.0,2
2024-05-30,271,Roll_8,Bakery,1583.48,1338.41,0.0,4.510000228881836,0.0,312.74,10458.0,2
2024-05-31,271,Roll_8,Bakery,1657.31,1899.1,0.0,4.510000228881836,0.0,70.95,12090.0,2
2024-06-01,271,Roll_8,Bakery,2007.88,1659.57,0.0,4.510000228881836,0.0,419.26,11066.0,2
2024-06-02,271,Roll_8,Bakery,1431.91,1559.42,0.0,4.510000228881836,0.0,291.75,10604.0,2
2024-05-20,298,Tortilla_1,Bakery,0.0,56.1,6.58,59.099998474121094,0.0,51.03,10579.0,2
2024-05-21,298,Tortilla_1,Bakery,60.09,60.09,51.03,59.099998474121094,0.0,0.0,10104.0,2
2024-05-22,298,Tortilla_1,Bakery,76.44,70.06,0.0,59.099998474121094,0.0,6.38,10640.0,2
2024-05-23,298,Tortilla_1,Bakery,75.13,54.16,0.0,59.099998474121094,0.0,27.35,10812.0,2
2024-05-24,298,Tortilla_1,Bakery,70.6,79.29,0.0,59.099998474121094,0.0,18.65,11776.0,2
2024-05-25,298,Tortilla_1,Bakery,50.81,69.46,0.0,59.099998474121094,0.0,0.0,9685.0,2
2024-05-26,298,Tortilla_1,Bakery,68.6,44.38,0.0,59.099998474121094,0.0,24.22,9864.0,2
2024-05-27,298,Tortilla_1,Bakery,46.93,56.33,0.0,59.099998474121094,0.0,14.82,10334.0,2
2024-05-28,298,Tortilla_1,Bakery,60.3,58.09,0.0,59.099998474121094,0.0,17.03,10336.0,2
2024-05-29,298,Tortilla_1,Bakery,68.16,36.99,0.0,59.099998474121094,0.0,48.2,10298.0,2
2024-05-30,298,Tortilla_1,Bakery,29.89,78.09,0.0,59.099998474121094,0.0,0.0,11266.0,2
2024-05-31,298,Tortilla_1,Bakery,100.05,70.42,0.0,59.099998474121094,0.0,29.63,12061.0,2
2024-06-01,298,Tortilla_1,Bakery,58.74,72.21,0.0,59.099998474121094,0.0,16.17,10308.0,2
2024-06-02,298,Tortilla_1,Bakery,47.58,47.86,0.0,59.099998474121094,0.0,15.89,9940.0,2
2024-05-20,306,Celery_4,Fruit and vegetable,185.04,208.79,0.0,23.690000534057617,0.0,44.41,10579.0,3
2024-05-21,306,Celery_4,Fruit and vegetable,232.67,241.88,0.0,23.690000534057617,0.0,35.19,10104.0,3
2024-05-23,306,Celery_4,Fruit and vegetable,221.95,184.83,0.0,23.690000534057617,0.0,72.32,10812.0,3
2024-05-24,306,Celery_4,Fruit and vegetable,260.29,295.14,0.0,23.690000534057617,0.0,37.47,11776.0,3
2024-05-25,306,Celery_4,Fruit and vegetable,397.67,171.15,0.0,23.690000534057617,0.0,263.99,9685.0,3
2024-05-28,306,Celery_4,Fruit and vegetable,300.92,240.9,263.99,23.690000534057617,0.0,60.02,10336.0,3
2024-05-29,306,Celery_4,Fruit and vegetable,210.67,233.07,0.0,23.690000534057617,0.0,37.62,10298.0,3
2024-05-30,306,Celery_4,Fruit and vegetable,286.88,324.5,0.0,28.690000534057617,0.0,0.0,11266.0,3
2024-05-31,306,Celery_4,Fruit and vegetable,311.99,272.34,0.0,28.690000534057617,0.0,39.65,12061.0,3
2024-06-01,306,Celery_4,Fruit and vegetable,216.85,233.48,0.0,28.690000534057617,0.0,23.02,10308.0,3
2024-06-02,306,Celery_4,Fruit and vegetable,335.88,178.56,0.0,28.690000534057617,0.0,180.34,9940.0,3
2024-05-20,328,Pastry_27,Bakery,30.61,31.56,0.0,42.04999923706055,0.15000000596046448,13.92,10579.0,2
2024-05-21,328,Pastry_27,Bakery,18.03,31.95,0.0,42.04999923706055,0.15000000596046448,0.0,10104.0,2
2024-05-22,328,Pastry_27,Bakery,21.72,21.19,0.0,42.04999923706055,0.15000000596046448,0.53,10640.0,2
2024-05-23,328,Pastry_27,Bakery,40.42,27.58,0.0,42.04999923706055,0.15000000596046448,13.36,10812.0,2
2024-05-24,328,Pastry_27,Bakery,28.3,15.51,0.0,42.04999923706055,0.15000000596046448,26.16,11776.0,2
2024-05-25,328,Pastry_27,Bakery,0.0,16.39,0.0,42.04999923706055,0.15000000596046448,9.77,9685.0,2
2024-05-26,328,Pastry_27,Bakery,28.33,6.75,9.77,42.04999923706055,0.15000000596046448,21.58,9864.0,2
2024-05-27,328,Pastry_27,Bakery,21.97,8.98,0.0,42.04999923706055,0.15000000596046448,34.58,10334.0,2
2024-05-28,328,Pastry_27,Bakery,21.81,17.95,12.6,42.04999923706055,0.15000000596046448,25.83,10336.0,2
2024-05-29,328,Pastry_27,Bakery,12.18,33.99,4.02,42.04999923706055,0.15000000596046448,0.0,10298.0,2
2024-05-30,328,Pastry_27,Bakery,39.99,13.88,0.0,42.04999923706055,0.15000000596046448,26.11,11266.0,2
2024-05-31,328,Pastry_27,Bakery,2.42,28.53,0.0,42.04999923706055,0.15000000596046448,0.0,12061.0,2
2024-06-01,328,Pastry_27,Bakery,29.13,19.55,0.0,42.04999923706055,0.15000000596046448,9.58,10308.0,2
2024-06-02,328,Pastry_27,Bakery,9.89,11.17,0.0,42.04999923706055,0.15000000596046448,8.29,9940.0,2
2024-05-20,33,Chicken_2,Meat and fish,43.99,33.61,0.0,166.24000549316406,0.049800001084804535,26.1,10579.0,4
2024-05-21,33,Chicken_2,Meat and fish,31.07,29.67,0.0,166.24000549316406,0.1520400047302246,27.5,10104.0,4
2024-05-22,33,Chicken_2,Meat and fish,21.31,44.92,0.0,166.24000549316406,0.054099999368190765,3.89,10640.0,4
2024-05-23,33,Chicken_2,Meat and fish,63.9,44.06,0.0,166.24000549316406,0.0,23.73,10812.0,4
2024-05-24,33,Chicken_2,Meat and fish,51.7,45.85,0.0,166.24000549316406,0.0,29.58,11776.0,4
2024-05-25,33,Chicken_2,Meat and fish,14.97,40.11,0.0,166.24000549316406,0.0,4.44,9685.0,4
2024-05-26,33,Chicken_2,Meat and fish,36.34,33.26,0.0,166.24000549316406,0.025350000709295273,7.51,9864.0,4
2024-05-27,33,Chicken_2,Meat and fish,40.38,47.89,0.0,166.24000549316406,0.0,0.0,10334.0,4
2024-05-28,33,Chicken_2,Meat and fish,50.91,50.91,0.0,166.24000549316406,0.06032000109553337,0.0,10336.0,4
2024-05-29,33,Chicken_2,Meat and fish,52.26,35.93,0.0,166.24000549316406,0.0,16.33,10298.0,4
2024-05-30,33,Chicken_2,Meat and fish,41.84,58.17,0.0,166.24000549316406,0.0,0.0,11266.0,4
2024-05-31,33,Chicken_2,Meat and fish,59.09,59.09,0.0,166.24000549316406,0.0,0.0,12061.0,4
2024-06-01,33,Chicken_2,Meat and fish,53.37,51.65,0.0,166.24000549316406,0.0,1.72,10308.0,4
2024-06-02,33,Chicken_2,Meat and fish,44.46,44.65,0.0,166.24000549316406,0.0,1.53,9940.0,4
2024-05-20,34,Pork_0,Meat and fish,17.87,15.85,0.0,219.63999938964844,0.0,11.84,10579.0,4
2024-05-21,34,Pork_0,Meat and fish,16.18,13.94,0.0,219.63999938964844,0.0,14.08,10104.0,4
2024-05-22,34,Pork_0,Meat and fish,9.84,23.92,0.0,219.64999389648438,0.0,0.0,10640.0,4
2024-05-23,34,Pork_0,Meat and fish,26.39,10.08,0.0,219.63999938964844,0.0,16.31,10812.0,4
2024-05-24,34,Pork_0,Meat and fish,20.55,31.65,0.0,219.64999389648438,0.0,5.21,11776.0,4
2024-05-25,34,Pork_0,Meat and fish,38.38,8.44,0.0,219.64999389648438,0.0,35.15,9685.0,4
2024-05-26,34,Pork_0,Meat and fish,0.0,15.57,0.0,219.64999389648438,0.0053900000639259815,19.58,9864.0,4
2024-05-27,34,Pork_0,Meat and fish,6.67,15.08,0.0,219.64999389648438,0.0,11.17,10334.0,4
2024-05-28,34,Pork_0,Meat and fish,13.2,10.35,0.0,219.64999389648438,0.0,14.02,10336.0,4
2024-05-29,34,Pork_0,Meat and fish,20.75,11.47,0.0,219.64999389648438,0.0,23.3,10298.0,4
2024-05-30,34,Pork_0,Meat and fish,8.11,31.41,0.0,219.64999389648438,0.0,0.0,11266.0,4
2024-05-31,34,Pork_0,Meat and fish,44.15,19.86,0.0,219.63999938964844,0.0,24.29,12061.0,4
2024-06-01,34,Pork_0,Meat and fish,0.0,24.23,0.0,219.64999389648438,0.0,0.06,10308.0,4
2024-06-02,34,Pork_0,Meat and fish,25.1,15.31,0.0,219.63999938964844,0.0,9.85,9940.0,4
2024-05-26,42,Pepper_0,Fruit and vegetable,350.71,62.78,0.0,69.61000061035156,0.0,287.93,9864.0,3
2024-05-27,42,Pepper_0,Fruit and vegetable,85.57,68.65,0.0,69.61000061035156,0.0,304.85,10334.0,3
2024-05-28,42,Pepper_0,Fruit and vegetable,31.63,79.21,0.0,69.61000061035156,0.0,257.27,10336.0,3
2024-05-29,42,Pepper_0,Fruit and vegetable,336.61,75.73,140.07,69.61000061035156,0.0,378.08,10298.0,3
2024-05-30,42,Pepper_0,Fruit and vegetable,244.39,98.92,9.84,63.4900016784668,0.0,513.71,11266.0,3
2024-05-31,42,Pepper_0,Fruit and vegetable,173.33,103.06,0.0,63.4900016784668,0.0,583.98,12061.0,3
2024-06-01,42,Pepper_0,Fruit and vegetable,216.77,63.4,166.26,63.4900016784668,0.0,571.09,10308.0,3
2024-06-02,42,Pepper_0,Fruit and vegetable,0.0,101.03,180.99,63.4900016784668,0.0,289.07,9940.0,3
2024-05-20,426,Apple_19,Fruit and vegetable,70.03,28.05,0.0,63.650001525878906,0.0,79.55,10579.0,3
2024-05-21,426,Apple_19,Fruit and vegetable,0.0,44.59,0.0,63.650001525878906,0.0,34.96,10104.0,3
2024-05-22,426,Apple_19,Fruit and vegetable,37.46,48.55,0.0,63.650001525878906,0.0,23.87,10640.0,3
2024-05-23,426,Apple_19,Fruit and vegetable,25.9,49.77,0.0,63.650001525878906,0.0,0.0,10812.0,3
2024-05-24,426,Apple_19,Fruit and vegetable,52.62,52.62,0.0,63.650001525878906,0.0,0.0,11776.0,3
2024-05-25,426,Apple_19,Fruit and vegetable,37.01,33.23,0.0,63.650001525878906,0.0,3.78,9685.0,3
2024-05-26,426,Apple_19,Fruit and vegetable,43.32,42.71,0.0,63.650001525878906,0.0,4.39,9864.0,3
2024-05-27,426,Apple_19,Fruit and vegetable,35.23,29.39,0.0,63.650001525878906,0.0,10.23,10334.0,3
2024-05-28,426,Apple_19,Fruit and vegetable,45.47,24.85,0.0,63.650001525878906,0.0,30.86,10336.0,3
2024-05-29,426,Apple_19,Fruit and vegetable,31.74,44.19,0.0,63.650001525878906,0.0,18.41,10298.0,3
2024-05-30,426,Apple_19,Fruit and vegetable,54.58,72.99,0.0,63.650001525878906,0.0,0.0,11266.0,3
2024-05-31,426,Apple_19,Fruit and vegetable,73.54,46.82,0.0,63.650001525878906,0.0,26.72,12061.0,3
2024-06-01,426,Apple_19,Fruit and vegetable,26.87,40.63,0.0,63.650001525878906,0.0,12.97,10308.0,3
2024-06-02,426,Apple_19,Fruit and vegetable,64.38,77.35,0.0,63.650001525878906,0.0,0.0,9940.0,3
2024-05-20,433,Tomato_16,Fruit and vegetable,85.01,43.83,0.0,35.77000045776367,0.0,42.85,10579.0,3
2024-05-21,433,Tomato_16,Fruit and vegetable,75.91,60.09,0.0,35.77000045776367,0.0,58.67,10104.0,3
2024-05-22,433,Tomato_16,Fruit and vegetable,66.98,54.29,0.0,35.77000045776367,0.0,71.36,10640.0,3
2024-05-23,433,Tomato_16,Fruit and vegetable,77.94,85.6,0.0,35.77000045776367,0.0,63.7,10812.0,3
2024-05-24,433,Tomato_16,Fruit and vegetable,18.53,63.78,0.0,35.77000045776367,0.0,18.45,11776.0,3
2024-05-25,433,Tomato_16,Fruit and vegetable,54.21,62.33,0.0,35.77000045776367,0.0,10.34,9685.0,3
2024-05-26,433,Tomato_16,Fruit and vegetable,89.72,83.43,0.0,35.77000045776367,0.0,16.63,9864.0,3
2024-05-27,433,Tomato_16,Fruit and vegetable,64.34,80.97,0.0,35.77000045776367,0.0,0.0,10334.0,3
2024-05-28,433,Tomato_16,Fruit and vegetable,76.5,61.61,0.0,35.77000045776367,0.0,14.89,10336.0,3
2024-05-29,433,Tomato_16,Fruit and vegetable,55.57,45.79,0.0,35.77000045776367,0.0,24.68,10298.0,3
2024-05-30,433,Tomato_16,Fruit and vegetable,79.71,64.21,0.0,35.77000045776367,0.0,40.17,11266.0,3
2024-05-31,433,Tomato_16,Fruit and vegetable,39.94,70.42,0.0,35.77000045776367,0.0,9.7,12061.0,3
2024-06-01,433,Tomato_16,Fruit and vegetable,69.04,61.64,0.0,35.77000045776367,0.0,17.09,10308.0,3
2024-06-02,433,Tomato_16,Fruit and vegetable,82.8,56.72,0.0,35.77000045776367,0.0,43.17,9940.0,3
2024-05-20,453,Soup_1,Fruit and vegetable,26.01,22.27,0.0,26.579999923706055,0.052880000323057175,13.52,10579.0,3
2024-05-21,453,Soup_1,Fruit and vegetable,12.75,17.34,0.0,26.579999923706055,0.13736000657081604,8.93,10104.0,3
2024-05-22,453,Soup_1,Fruit and vegetable,34.83,40.28,0.0,26.579999923706055,0.15041999518871307,3.48,10640.0,3
2024-05-23,453,Soup_1,Fruit and vegetable,30.92,22.54,0.0,26.579999923706055,0.04726000130176544,11.86,10812.0,3
2024-05-24,453,Soup_1,Fruit and vegetable,34.72,27.77,0.0,26.579999923706055,0.008229999803006649,18.81,11776.0,3
2024-05-25,453,Soup_1,Fruit and vegetable,18.93,36.51,0.0,26.579999923706055,0.04871999844908714,1.23,9685.0,3
2024-05-26,453,Soup_1,Fruit and vegetable,39.33,29.29,0.0,26.579999923706055,0.06650000065565109,11.27,9864.0,3
2024-05-27,453,Soup_1,Fruit and vegetable,21.47,26.75,0.0,26.579999923706055,0.051899999380111694,5.99,10334.0,3
2024-05-28,453,Soup_1,Fruit and vegetable,41.01,47.0,0.0,26.579999923706055,0.08590999990701675,0.0,10336.0,3
2024-05-29,453,Soup_1,Fruit and vegetable,51.38,42.27,0.0,26.579999923706055,0.15041999518871307,9.11,10298.0,3
2024-05-30,453,Soup_1,Fruit and vegetable,30.98,40.09,0.0,26.579999923706055,0.0,0.0,11266.0,3
2024-05-31,453,Soup_1,Fruit and vegetable,37.89,32.82,0.0,26.579999923706055,0.0,5.07,12061.0,3
2024-06-01,453,Soup_1,Fruit and vegetable,44.59,49.66,0.0,26.579999923706055,0.0,0.0,10308.0,3
2024-06-02,453,Soup_1,Fruit and vegetable,40.6,32.54,0.0,26.579999923706055,0.0,8.06,9940.0,3
2024-05-20,47,Bread_2,Bakery,68.44,66.62,0.0,30.299999237060547,0.0,24.1,10579.0,2
2024-05-21,47,Bread_2,Bakery,76.1,84.83,0.0,30.299999237060547,0.0,15.36,10104.0,2
2024-05-22,47,Bread_2,Bakery,64.53,54.29,0.0,30.299999237060547,0.0,25.6,10640.0,2
2024-05-23,47,Bread_2,Bakery,57.41,62.89,0.0,30.299999237060547,0.0,20.12,10812.0,2
2024-05-24,47,Bread_2,Bakery,96.11,49.99,0.0,30.299999237060547,0.0,66.24,11776.0,2
2024-05-25,47,Bread_2,Bakery,13.9,80.14,0.0,30.299999237060547,0.0,0.0,9685.0,2
2024-05-26,47,Bread_2,Bakery,70.46,69.23,0.0,30.299999237060547,0.0,1.23,9864.0,2
2024-05-27,47,Bread_2,Bakery,81.61,79.21,0.0,30.299999237060547,0.0,3.63,10334.0,2
2024-05-28,47,Bread_2,Bakery,98.48,79.21,0.0,30.299999237060547,0.0,22.9,10336.0,2
2024-05-29,47,Bread_2,Bakery,47.4,58.12,0.0,30.299999237060547,0.0,12.18,10298.0,2
2024-05-30,47,Bread_2,Bakery,65.92,38.18,0.0,30.299999237060547,0.0,39.92,11266.0,2
2024-05-31,47,Bread_2,Bakery,40.81,80.73,0.0,30.299999237060547,0.0,0.0,12061.0,2
2024-06-01,47,Bread_2,Bakery,100.63,45.79,0.0,30.299999237060547,0.0,54.84,10308.0,2
2024-06-02,47,Bread_2,Bakery,36.57,62.04,0.0,30.299999237060547,0.0,29.37,9940.0,2
2024-05-20,486,Pork_9,Meat and fish,77.65,30.65,0.0,196.22000122070312,0.0,47.0,10579.0,4
2024-05-21,486,Pork_9,Meat and fish,21.55,54.08,0.0,196.22999572753906,0.0,14.47,10104.0,4
2024-05-22,486,Pork_9,Meat and fish,59.35,33.87,0.0,196.22999572753906,0.0,39.95,10640.0,4
2024-05-23,486,Pork_9,Meat and fish,45.81,54.14,0.0,196.22999572753906,0.0,31.62,10812.0,4
2024-05-24,486,Pork_9,Meat and fish,57.39,61.64,0.0,196.22999572753906,0.0,27.38,11776.0,4
2024-05-25,486,Pork_9,Meat and fish,65.57,46.89,0.0,196.22999572753906,0.0,46.06,9685.0,4
2024-05-26,486,Pork_9,Meat and fish,107.11,38.45,0.0,196.22000122070312,0.0,114.72,9864.0,4
2024-05-27,486,Pork_9,Meat and fish,0.0,31.98,0.0,196.22000122070312,0.0,82.74,10334.0,4
2024-05-28,486,Pork_9,Meat and fish,0.0,78.68,0.0,196.22000122070312,0.16732999682426453,4.06,10336.0,4
2024-05-29,486,Pork_9,Meat and fish,100.72,104.78,0.0,196.22000122070312,0.19999000430107117,0.0,10298.0,4
2024-05-30,486,Pork_9,Meat and fish,135.05,135.05,0.0,196.22000122070312,0.19999000430107117,0.0,11266.0,4
2024-05-31,486,Pork_9,Meat and fish,109.97,61.06,0.0,196.22000122070312,0.0005699999746866524,48.91,12061.0,4
2024-06-01,486,Pork_9,Meat and fish,46.34,40.12,0.0,196.22000122070312,0.20002000033855438,55.13,10308.0,4
2024-05-20,506,Toust_8,Bakery,158.79,158.79,57.31,39.029998779296875,0.1503800004720688,0.0,10579.0,2
2024-05-21,506,Toust_8,Bakery,118.39,107.81,0.0,39.029998779296875,0.1503800004720688,10.58,10104.0,2
2024-05-22,506,Toust_8,Bakery,147.23,99.83,0.0,39.029998779296875,0.1503800004720688,57.99,10640.0,2
2024-05-23,506,Toust_8,Bakery,93.77,122.29,0.0,39.029998779296875,0.1503800004720688,29.47,10812.0,2
2024-05-24,506,Toust_8,Bakery,93.17,114.92,0.0,39.029998779296875,0.1503800004720688,7.72,11776.0,2
2024-05-27,506,Toust_8,Bakery,130.09,100.35,7.72,39.029998779296875,0.1503800004720688,29.74,10334.0,2
2024-05-28,506,Toust_8,Bakery,117.04,119.69,0.0,39.029998779296875,0.1503800004720688,27.09,10336.0,2
2024-05-29,506,Toust_8,Bakery,157.51,119.76,0.0,39.029998779296875,0.1503800004720688,64.84,10298.0,2
2024-05-30,506,Toust_8,Bakery,55.06,105.86,0.0,39.029998779296875,0.1503800004720688,14.04,11266.0,2
2024-05-31,506,Toust_8,Bakery,98.1,85.88,0.0,39.029998779296875,0.0,26.26,12061.0,2
2024-06-01,506,Toust_8,Bakery,113.01,63.33,0.0,39.029998779296875,0.0,75.94,10308.0,2
2024-05-20,529,Bread_43,Bakery,4.71,47.34,0.0,13.6899995803833,0.0,17.49,10579.0,2
2024-05-21,529,Bread_43,Bakery,107.91,60.09,12.79,13.6899995803833,0.0,52.53,10104.0,2
2024-05-22,529,Bread_43,Bakery,13.29,38.53,0.0,12.789999961853027,0.0,27.29,10640.0,2
2024-05-23,529,Bread_43,Bakery,68.47,61.14,14.0,12.789999961853027,0.0,20.63,10812.0,2
2024-05-24,529,Bread_43,Bakery,94.61,70.67,0.0,12.789999961853027,0.0,44.56,11776.0,2
2024-05-25,529,Bread_43,Bakery,11.17,46.31,0.0,12.789999961853027,0.0,9.42,9685.0,2
2024-05-26,529,Bread_43,Bakery,59.31,44.38,0.0,12.789999961853027,0.0,24.35,9864.0,2
2024-05-27,529,Bread_43,Bakery,37.66,21.12,0.0,12.789999961853027,0.0,40.89,10334.0,2
2024-05-28,529,Bread_43,Bakery,43.69,40.49,3.23,12.789999961853027,0.0,40.86,10336.0,2
2024-05-29,529,Bread_43,Bakery,18.21,36.99,0.0,12.789999961853027,0.0,22.08,10298.0,2
2024-05-30,529,Bread_43,Bakery,63.64,41.65,3.87,12.789999961853027,0.0,40.2,11266.0,2
2024-05-31,529,Bread_43,Bakery,49.32,65.27,0.0,12.789999961853027,0.0,24.25,12061.0,2
2024-06-01,529,Bread_43,Bakery,38.82,56.36,0.0,12.789999961853027,0.0,6.71,10308.0,2
2024-06-02,529,Bread_43,Bakery,55.74,28.36,0.0,12.789999961853027,0.0,34.09,9940.0,2
2024-05-20,558,Chicken_25,Meat and fish,13.97,26.96,0.0,78.80000305175781,0.0,22.57,10579.0,4
2024-05-21,558,Chicken_25,Meat and fish,1.51,17.41,0.0,78.80000305175781,0.0,6.66,10104.0,4
2024-05-22,558,Chicken_25,Meat and fish,23.89,30.55,0.0,78.80000305175781,0.0,0.0,10640.0,4
2024-05-23,558,Chicken_25,Meat and fish,29.1,29.1,0.0,78.80000305175781,0.0,0.0,10812.0,4
2024-05-24,558,Chicken_25,Meat and fish,39.76,39.76,0.0,78.80000305175781,0.0,0.0,11776.0,4
2024-05-25,558,Chicken_25,Meat and fish,44.89,28.3,0.0,78.80000305175781,0.0,16.59,9685.0,4
2024-05-26,558,Chicken_25,Meat and fish,9.52,26.11,0.0,78.80000305175781,0.0,0.0,9864.0,4
2024-05-27,558,Chicken_25,Meat and fish,35.42,18.06,0.0,78.80000305175781,0.0,17.36,10334.0,4
2024-05-28,558,Chicken_25,Meat and fish,9.88,19.63,0.0,78.80000305175781,0.10249000042676926,7.61,10336.0,4
2024-05-29,558,Chicken_25,Meat and fish,32.22,19.62,0.0,78.80000305175781,0.07447999715805054,20.21,10298.0,4
2024-05-30,558,Chicken_25,Meat and fish,18.64,18.24,0.0,78.80000305175781,0.1521800011396408,20.61,11266.0,4
2024-05-31,558,Chicken_25,Meat and fish,29.3,23.86,0.0,78.80000305175781,0.1521800011396408,26.05,12061.0,4
2024-06-01,558,Chicken_25,Meat and fish,35.98,62.03,0.0,78.80000305175781,0.0,0.0,10308.0,4
2024-06-02,558,Chicken_25,Meat and fish,46.37,17.81,0.0,78.80000305175781,0.0,28.56,9940.0,4
2024-05-20,562,Beef_7,Meat and fish,96.9,101.6,0.0,208.19000244140625,0.20000000298023224,0.0,10579.0,4
2024-05-21,562,Beef_7,Meat and fish,64.27,55.51,0.0,208.19000244140625,0.20000000298023224,8.76,10104.0,4
2024-05-22,562,Beef_7,Meat and fish,95.94,104.7,0.0,208.0500030517578,0.29750001430511475,0.0,10640.0,4
2024-05-23,562,Beef_7,Meat and fish,157.66,157.66,0.0,208.0500030517578,0.33344000577926636,0.0,10812.0,4
2024-05-24,562,Beef_7,Meat and fish,197.41,197.41,0.0,208.19000244140625,0.33344000577926636,0.0,11776.0,4
2024-05-25,562,Beef_7,Meat and fish,165.42,165.42,0.0,208.19000244140625,0.33344000577926636,0.0,9685.0,4
2024-05-26,562,Beef_7,Meat and fish,125.07,125.07,0.0,208.0500030517578,0.3412399888038635,0.0,9864.0,4
2024-05-27,562,Beef_7,Meat and fish,162.5,29.52,0.0,208.19000244140625,0.33344000577926636,132.98,10334.0,4
2024-05-28,562,Beef_7,Meat and fish,0.17,56.33,0.0,208.0500030517578,0.25102001428604126,76.82,10336.0,4
2024-05-29,562,Beef_7,Meat and fish,105.34,126.25,0.0,208.19000244140625,0.30000001192092896,55.91,10298.0,4
2024-05-30,562,Beef_7,Meat and fish,178.79,33.44,0.0,208.0500030517578,0.017969999462366104,201.26,11266.0,4
2024-05-31,562,Beef_7,Meat and fish,80.79,29.53,0.0,208.0500030517578,0.08958999812602997,252.51,12061.0,4
2024-06-01,562,Beef_7,Meat and fish,0.0,33.3,0.0,208.0500030517578,0.17483000457286835,219.21,10308.0,4
2024-06-02,562,Beef_7,Meat and fish,0.0,25.1,0.0,208.0500030517578,0.12058000266551971,194.11,9940.0,4
2024-05-20,651,Tomato_28,Fruit and vegetable,0.0,52.67,192.62,219.49000549316406,0.0,124.35,10579.0,3
2024-05-21,651,Tomato_28,Fruit and vegetable,27.44,36.21,62.8,219.49000549316406,0.0,52.79,10104.0,3
2024-05-22,651,Tomato_28,Fruit and vegetable,52.53,43.21,25.34,219.49000549316406,0.0,36.76,10640.0,3
2024-05-23,651,Tomato_28,Fruit and vegetable,95.01,48.48,0.0,219.49000549316406,0.0,83.3,10812.0,3
2024-05-24,651,Tomato_28,Fruit and vegetable,19.24,56.28,0.0,219.49000549316406,0.0,46.26,11776.0,3
2024-05-25,651,Tomato_28,Fruit and vegetable,34.09,46.22,0.0,219.49000549316406,0.0,34.13,9685.0,3
2024-05-26,651,Tomato_28,Fruit and vegetable,57.68,55.35,0.0,219.49000549316406,0.0,36.46,9864.0,3
2024-05-27,651,Tomato_28,Fruit and vegetable,25.39,55.27,0.0,219.49000549316406,0.0,6.58,10334.0,3
2024-05-28,651,Tomato_28,Fruit and vegetable,39.22,45.52,0.0,219.49000549316406,0.0,0.29,10336.0,3
2024-05-29,651,Tomato_28,Fruit and vegetable,49.91,43.45,0.0,219.49000549316406,0.0,6.74,10298.0,3
2024-05-30,651,Tomato_28,Fruit and vegetable,48.66,53.78,0.0,219.49000549316406,0.0,1.62,11266.0,3
2024-05-31,651,Tomato_28,Fruit and vegetable,69.73,71.35,0.0,219.49000549316406,0.0,0.0,12061.0,3
2024-06-01,651,Tomato_28,Fruit and vegetable,58.38,54.72,0.0,219.49000549316406,0.0,3.66,10308.0,3
2024-06-02,651,Tomato_28,Fruit and vegetable,67.63,71.29,0.0,219.49000549316406,0.0,0.0,9940.0,3
2024-05-20,656,Bread_54,Bakery,32.13,25.42,0.0,33.849998474121094,0.23943999409675598,14.97,10579.0,2
2024-05-21,656,Bread_54,Bakery,39.9,31.46,0.0,33.849998474121094,0.13955999910831451,23.41,10104.0,2
2024-05-22,656,Bread_54,Bakery,16.17,39.58,0.0,33.849998474121094,0.05421999841928482,0.0,10640.0,2
2024-05-23,656,Bread_54,Bakery,50.84,41.93,0.0,33.849998474121094,0.0,8.91,10812.0,2
2024-05-24,656,Bread_54,Bakery,43.17,44.64,0.0,33.849998474121094,0.16455000638961792,7.44,11776.0,2
2024-05-25,656,Bread_54,Bakery,30.58,37.22,0.0,33.849998474121094,0.24548999965190887,0.81,9685.0,2
2024-05-26,656,Bread_54,Bakery,29.07,16.69,0.0,33.849998474121094,0.26822999119758606,13.18,9864.0,2
2024-05-27,656,Bread_54,Bakery,25.01,28.51,0.0,33.849998474121094,0.07173000276088715,9.68,10334.0,2
2024-05-28,656,Bread_54,Bakery,34.07,35.4,0.0,33.849998474121094,0.0,8.35,10336.0,2
2024-05-29,656,Bread_54,Bakery,43.42,43.5,0.0,33.849998474121094,0.03587000072002411,8.27,10298.0,2
2024-05-30,656,Bread_54,Bakery,46.4,28.63,0.0,33.849998474121094,0.17114000022411346,26.04,11266.0,2
2024-05-31,656,Bread_54,Bakery,31.1,44.66,0.0,33.849998474121094,0.18711000680923462,12.49,12061.0,2
2024-06-01,656,Bread_54,Bakery,37.24,22.37,0.0,33.849998474121094,0.22246000170707703,27.36,10308.0,2
2024-06-02,656,Bread_54,Bakery,2.67,11.52,0.0,33.849998474121094,0.2714200019836426,18.52,9940.0,2
2024-05-20,672,Pastry_58,Bakery,40.12,26.3,0.0,28.770000457763672,0.0,29.7,10579.0,2
2024-05-21,672,Pastry_58,Bakery,39.21,38.88,0.0,28.770000457763672,0.0,30.03,10104.0,2
2024-05-22,672,Pastry_58,Bakery,29.52,59.55,0.0,28.770000457763672,0.0,0.0,10640.0,2
2024-05-23,672,Pastry_58,Bakery,85.36,61.14,0.0,28.770000457763672,0.0,24.22,10812.0,2
2024-05-24,672,Pastry_58,Bakery,43.07,44.81,0.0,28.770000457763672,0.0,22.49,11776.0,2
2024-05-25,672,Pastry_58,Bakery,34.03,32.06,0.0,28.770000457763672,0.0,24.46,9685.0,2
2024-05-26,672,Pastry_58,Bakery,31.28,39.05,0.0,28.770000457763672,0.0,16.69,9864.0,2
2024-05-27,672,Pastry_58,Bakery,44.92,61.61,0.0,28.770000457763672,0.0,0.0,10334.0,2
2024-05-28,672,Pastry_58,Bakery,59.85,59.85,0.0,28.770000457763672,0.0,0.0,10336.0,2
2024-05-29,672,Pastry_58,Bakery,75.28,65.17,0.0,28.770000457763672,0.0,10.11,10298.0,2
2024-05-30,672,Pastry_58,Bakery,67.78,32.97,0.0,28.770000457763672,0.0,44.92,11266.0,2
2024-05-31,672,Pastry_58,Bakery,17.92,51.53,0.0,28.770000457763672,0.0,11.31,12061.0,2
2024-06-01,672,Pastry_58,Bakery,38.76,26.42,0.0,28.770000457763672,0.0,23.65,10308.0,2
2024-06-02,672,Pastry_58,Bakery,34.99,33.68,0.0,28.770000457763672,0.0,24.95,9940.0,2
2024-05-20,697,Melon_5,Fruit and vegetable,20.04,3.96,0.0,125.37000274658203,0.0,17.62,10579.0,3
2024-05-21,697,Melon_5,Fruit and vegetable,0.0,0.0,0.0,125.37000274658203,0.0,17.62,10104.0,3
2024-05-22,697,Melon_5,Fruit and vegetable,0.0,14.13,0.0,125.37000274658203,0.0,3.49,10640.0,3
2024-05-23,697,Melon_5,Fruit and vegetable,24.47,14.55,3.49,125.37000274658203,0.0,9.92,10812.0,3
2024-05-24,697,Melon_5,Fruit and vegetable,1.36,9.76,0.0,125.37000274658203,0.0,1.51,11776.0,3
2024-05-25,697,Melon_5,Fruit and vegetable,21.42,0.0,0.0,149.24000549316406,0.0,22.94,9685.0,3
2024-05-26,697,Melon_5,Fruit and vegetable,3.47,26.25,0.16,125.37000274658203,0.0,0.0,9864.0,3
2024-05-27,697,Melon_5,Fruit and vegetable,16.08,0.0,0.0,149.24000549316406,0.0,16.08,10334.0,3
2024-05-28,697,Melon_5,Fruit and vegetable,0.0,0.0,0.0,149.24000549316406,0.0,16.08,10336.0,3
2024-05-29,697,Melon_5,Fruit and vegetable,10.83,0.0,0.0,149.24000549316406,0.0,26.91,10298.0,3
2024-05-30,697,Melon_5,Fruit and vegetable,16.85,8.71,16.08,125.37000274658203,0.0,18.96,11266.0,3
2024-05-31,697,Melon_5,Fruit and vegetable,3.32,6.32,0.0,125.37000274658203,0.0,15.96,12061.0,3
2024-06-01,697,Melon_5,Fruit and vegetable,0.0,0.0,0.0,149.24000549316406,0.0,15.96,10308.0,3
2024-06-02,697,Melon_5,Fruit and vegetable,35.31,10.58,12.64,125.37000274658203,0.0,28.05,9940.0,3
2024-05-20,708,Roll_12,Bakery,570.22,699.0,0.0,5.159999847412109,0.0,107.29,10316.0,2
2024-05-21,708,Roll_12,Bakery,746.43,721.56,0.0,5.159999847412109,0.0,132.16,10219.0,2
2024-05-22,708,Roll_12,Bakery,789.0,580.19,0.0,5.159999847412109,0.0,340.97,10056.0,2
2024-05-23,708,Roll_12,Bakery,570.64,744.66,0.0,5.159999847412109,0.0,166.95,10362.0,2
2024-05-24,708,Roll_12,Bakery,985.08,1071.68,0.0,5.159999847412109,0.0,80.35,11906.0,2
2024-05-25,708,Roll_12,Bakery,1072.53,1017.47,0.0,5.159999847412109,0.0,135.41,10470.0,2
2024-05-26,708,Roll_12,Bakery,807.39,740.33,0.0,5.159999847412109,0.0,202.47,10540.0,2
2024-05-27,708,Roll_12,Bakery,725.69,719.19,0.0,5.159999847412109,0.0,208.97,9973.0,2
2024-05-28,708,Roll_12,Bakery,739.6,675.48,0.0,5.159999847412109,0.0,273.09,10150.0,2
2024-05-29,708,Roll_12,Bakery,539.45,530.61,0.0,5.159999847412109,0.0,281.93,9874.0,2
2024-05-30,708,Roll_12,Bakery,708.32,658.79,0.0,5.159999847412109,0.0,331.47,10458.0,2
2024-05-31,708,Roll_12,Bakery,993.13,1162.47,0.0,5.159999847412109,0.0,162.12,12090.0,2
2024-06-01,708,Roll_12,Bakery,1139.4,832.6,0.0,5.159999847412109,0.0,468.92,11066.0,2
2024-06-02,708,Roll_12,Bakery,527.04,757.79,0.0,5.159999847412109,0.0,238.17,10604.0,2
2024-05-20,741,Chicken_31,Meat and fish,270.77,216.49,0.0,167.75,0.047109998762607574,94.04,10579.0,4
2024-05-21,741,Chicken_31,Meat and fish,190.39,192.17,0.0,167.75,0.1525699943304062,92.26,10104.0,4
2024-05-22,741,Chicken_31,Meat and fish,183.25,222.24,0.0,167.75,0.2177799940109253,53.27,10640.0,4
2024-05-23,741,Chicken_31,Meat and fish,302.23,260.02,0.0,167.75,0.006550000049173832,95.48,10812.0,4
2024-05-24,741,Chicken_31,Meat and fish,272.55,297.93,0.0,167.75,0.1524599939584732,70.1,11776.0,4
2024-05-25,741,Chicken_31,Meat and fish,217.18,208.59,0.0,167.75,0.0,78.69,9685.0,4
2024-05-26,741,Chicken_31,Meat and fish,210.57,197.26,0.0,167.75,0.0,92.0,9864.0,4
2024-05-27,741,Chicken_31,Meat and fish,175.32,267.32,0.0,167.75,0.0,0.0,10334.0,4
2024-05-28,741,Chicken_31,Meat and fish,243.77,199.75,0.0,167.75,0.0,44.02,10336.0,4
2024-05-29,741,Chicken_31,Meat and fish,228.2,199.92,0.0,167.75,0.010110000148415565,72.3,10298.0,4
2024-05-30,741,Chicken_31,Meat and fish,240.49,265.2,0.0,167.75,0.0,47.59,11266.0,4
2024-05-31,741,Chicken_31,Meat and fish,303.89,314.25,0.0,167.75,0.0,37.23,12061.0,4
2024-06-01,741,Chicken_31,Meat and fish,230.54,251.88,0.0,167.75,0.0,15.89,10308.0,4
2024-06-02,741,Chicken_31,Meat and fish,238.74,228.72,0.0,167.75,0.0,25.91,9940.0,4
2024-05-20,788,Pomegranate_0,Fruit and vegetable,20.2,29.63,0.0,49.150001525878906,0.08066999912261963,9.58,10579.0,3
2024-05-21,788,Pomegranate_0,Fruit and vegetable,33.22,30.75,0.0,49.150001525878906,0.013240000233054161,12.05,10104.0,3
2024-05-22,788,Pomegranate_0,Fruit and vegetable,24.45,36.5,0.0,49.150001525878906,0.25,0.0,10640.0,3
2024-05-23,788,Pomegranate_0,Fruit and vegetable,40.1,33.89,0.0,49.150001525878906,0.011819999665021896,6.21,10812.0,3
2024-05-24,788,Pomegranate_0,Fruit and vegetable,35.65,32.75,0.0,49.150001525878906,0.0,9.1,11776.0,3
2024-05-25,788,Pomegranate_0,Fruit and vegetable,22.33,13.36,0.0,49.150001525878906,0.05277999863028526,18.08,9685.0,3
2024-05-26,788,Pomegranate_0,Fruit and vegetable,13.01,18.99,0.0,49.150001525878906,0.05846000090241432,12.1,9864.0,3
2024-05-27,788,Pomegranate_0,Fruit and vegetable,28.43,33.27,0.0,49.150001525878906,0.10885000228881836,7.26,10334.0,3
2024-05-28,788,Pomegranate_0,Fruit and vegetable,34.68,37.32,0.0,49.150001525878906,0.1700499951839447,4.62,10336.0,3
2024-05-29,788,Pomegranate_0,Fruit and vegetable,43.85,16.03,0.0,49.150001525878906,0.01711999997496605,32.44,10298.0,3
2024-05-30,788,Pomegranate_0,Fruit and vegetable,14.19,43.38,0.0,49.150001525878906,0.0,3.26,11266.0,3
2024-05-31,788,Pomegranate_0,Fruit and vegetable,44.39,19.07,0.0,49.150001525878906,0.07207000255584717,28.57,12061.0,3
2024-06-01,788,Pomegranate_0,Fruit and vegetable,3.13,31.7,0.0,49.150001525878906,0.0,0.0,10308.0,3
2024-06-02,788,Pomegranate_0,Fruit and vegetable,32.49,30.13,0.0,49.150001525878906,0.0,2.36,9940.0,3
2024-05-20,791,Arugula_1,Fruit and vegetable,62.76,57.86,0.0,32.33000183105469,0.0,25.83,10579.0,3
2024-05-21,791,Arugula_1,Fruit and vegetable,65.05,56.56,0.0,32.33000183105469,0.0,34.32,10104.0,3
2024-05-22,791,Arugula_1,Fruit and vegetable,71.31,61.3,0.0,32.33000183105469,0.0,44.33,10640.0,3
2024-05-23,791,Arugula_1,Fruit and vegetable,56.35,59.4,0.0,32.33000183105469,0.0,41.28,10812.0,3
2024-05-24,791,Arugula_1,Fruit and vegetable,39.67,58.6,0.0,32.33000183105469,0.0,22.34,11776.0,3
2024-05-25,791,Arugula_1,Fruit and vegetable,66.68,53.43,0.0,32.33000183105469,0.0,35.59,9685.0,3
2024-05-26,791,Arugula_1,Fruit and vegetable,47.2,62.13,0.0,32.33000183105469,0.0,20.66,9864.0,3
2024-05-27,791,Arugula_1,Fruit and vegetable,72.63,93.29,0.0,32.33000183105469,0.0,0.0,10334.0,3
2024-05-28,791,Arugula_1,Fruit and vegetable,139.06,139.06,0.0,32.33000183105469,0.0,0.0,10336.0,3
2024-05-29,791,Arugula_1,Fruit and vegetable,169.08,169.08,0.0,32.33000183105469,0.0,0.0,10298.0,3
2024-05-30,791,Arugula_1,Fruit and vegetable,118.3,77.81,0.0,32.33000183105469,0.0,40.49,11266.0,3
2024-05-30,816,Grape_10,Fruit and vegetable,212.4,185.02,41.64,56.349998474121094,0.0,27.38,11266.0,3
2024-05-31,816,Grape_10,Fruit and vegetable,242.28,269.66,0.0,56.349998474121094,0.0,0.0,12061.0,3
2024-06-01,816,Grape_10,Fruit and vegetable,189.98,181.4,0.0,56.349998474121094,0.0,8.58,10308.0,3
2024-06-02,816,Grape_10,Fruit and vegetable,544.43,553.01,0.0,56.349998474121094,0.14797000586986542,0.0,9940.0,3
2024-05-20,844,Chive_1,Fruit and vegetable,181.07,147.27,0.0,40.540000915527344,0.0,51.24,10579.0,3
2024-05-21,844,Chive_1,Fruit and vegetable,146.72,118.41,0.0,40.540000915527344,0.0,79.55,10104.0,3
2024-05-22,844,Chive_1,Fruit and vegetable,86.88,119.1,0.0,40.540000915527344,0.0,47.33,10640.0,3
2024-05-23,844,Chive_1,Fruit and vegetable,152.14,138.01,0.0,40.540000915527344,0.0,61.46,10812.0,3
2024-05-24,844,Chive_1,Fruit and vegetable,187.77,158.58,0.0,40.540000915527344,0.0,90.66,11776.0,3
2024-05-25,844,Chive_1,Fruit and vegetable,113.6,128.23,0.0,40.540000915527344,0.0,76.03,9685.0,3
2024-05-26,844,Chive_1,Fruit and vegetable,96.53,126.53,0.0,40.540000915527344,0.0,46.03,9864.0,3
2024-05-27,844,Chive_1,Fruit and vegetable,120.44,161.94,0.0,40.540000915527344,0.0,4.53,10334.0,3
2024-05-28,844,Chive_1,Fruit and vegetable,136.85,130.26,0.0,40.540000915527344,0.0,11.12,10336.0,3
2024-05-29,844,Chive_1,Fruit and vegetable,135.06,146.18,0.0,40.540000915527344,0.0,0.0,10298.0,3
2024-05-30,844,Chive_1,Fruit and vegetable,156.63,145.77,0.0,40.540000915527344,0.0,10.86,11266.0,3
2024-05-31,844,Chive_1,Fruit and vegetable,172.92,183.78,0.0,40.540000915527344,0.0,0.0,12061.0,3
2024-06-01,844,Chive_1,Fruit and vegetable,170.83,170.83,0.0,40.540000915527344,0.0,0.0,10308.0,3
2024-06-02,844,Chive_1,Fruit and vegetable,173.7,173.7,0.0,40.540000915527344,0.0,0.0,9940.0,3
2024-05-20,865,Bread_69,Bakery,9.57,36.82,0.0,40.56999969482422,0.0,0.0,10579.0,2
2024-05-21,865,Bread_69,Bakery,47.65,28.28,0.0,40.56999969482422,0.0,19.37,10104.0,2
2024-05-22,865,Bread_69,Bakery,27.91,33.28,0.0,39.88999938964844,0.0,14.0,10640.0,2
2024-05-23,865,Bread_69,Bakery,30.94,34.94,0.0,39.88999938964844,0.0,10.0,10812.0,2
2024-05-24,865,Bread_69,Bakery,44.93,34.47,0.0,39.88999938964844,0.0,20.46,11776.0,2
2024-05-25,865,Bread_69,Bakery,9.56,26.71,0.0,39.88999938964844,0.0,3.31,9685.0,2
2024-05-26,865,Bread_69,Bakery,21.85,23.08,0.0,39.88999938964844,0.0,2.09,9864.0,2
2024-05-27,865,Bread_69,Bakery,41.24,24.64,0.0,39.88999938964844,0.0,18.69,10334.0,2
2024-05-28,865,Bread_69,Bakery,15.83,29.92,0.0,39.88999938964844,0.0,4.6,10336.0,2
2024-05-29,865,Bread_69,Bakery,34.89,36.99,0.0,39.88999938964844,0.0,2.5,10298.0,2
2024-05-30,865,Bread_69,Bakery,39.46,27.77,0.0,39.88999938964844,0.0,14.19,11266.0,2
2024-05-31,865,Bread_69,Bakery,26.79,34.35,0.0,39.88999938964844,0.0,6.63,12061.0,2
2024-06-01,865,Bread_69,Bakery,30.35,36.98,0.0,39.88999938964844,0.0,0.0,10308.0,2
2024-06-02,865,Bread_69,Bakery,31.9,31.9,0.0,39.88999938964844,0.0,0.0,9940.0,2
2024-05-20,883,Bread_70,Bakery,361.14,309.88,0.0,66.19999694824219,0.1500999927520752,181.83,10316.0,2
2024-05-21,883,Bread_70,Bakery,312.16,326.13,0.0,66.19999694824219,0.1500999927520752,167.85,10219.0,2
2024-05-22,883,Bread_70,Bakery,352.31,277.71,0.0,66.19999694824219,0.1500999927520752,242.45,10056.0,2
2024-05-23,883,Bread_70,Bakery,344.09,450.45,0.0,66.19999694824219,0.1500999927520752,136.09,10362.0,2
2024-05-24,883,Bread_70,Bakery,663.52,514.65,0.0,66.19999694824219,0.1500999927520752,284.96,11906.0,2
2024-05-25,883,Bread_70,Bakery,211.58,424.07,0.0,66.19999694824219,0.1500999927520752,72.47,10470.0,2
2024-05-26,883,Bread_70,Bakery,457.97,384.41,0.0,66.19999694824219,0.1500999927520752,146.03,10540.0,2
2024-05-27,883,Bread_70,Bakery,272.5,340.11,0.0,66.19999694824219,0.1500999927520752,78.42,9973.0,2
2024-05-28,883,Bread_70,Bakery,351.62,359.68,0.0,66.19999694824219,0.1500999927520752,70.36,10150.0,2
2024-05-29,883,Bread_70,Bakery,306.96,346.05,0.0,66.19999694824219,0.1500999927520752,31.27,9874.0,2
2024-05-30,883,Bread_70,Bakery,501.11,444.46,0.0,66.19999694824219,0.1500999927520752,87.92,10458.0,2
2024-05-31,883,Bread_70,Bakery,507.75,578.92,0.0,66.19999694824219,0.1500999927520752,16.75,12090.0,2
2024-06-01,883,Bread_70,Bakery,514.5,442.43,0.0,66.19999694824219,0.1500999927520752,88.82,11066.0,2
2024-06-02,883,Bread_70,Bakery,403.74,373.92,0.0,66.19999694824219,0.1500999927520752,118.64,10604.0,2
2024-05-20,910,Pear_16,Fruit and vegetable,57.58,51.46,0.0,90.41999816894531,0.0,25.88,10579.0,3
2024-05-21,910,Pear_16,Fruit and vegetable,59.36,46.73,0.0,90.41999816894531,0.0,38.51,10104.0,3
2024-05-22,910,Pear_16,Fruit and vegetable,23.64,52.26,0.0,90.41999816894531,0.0,9.88,10640.0,3
2024-05-23,910,Pear_16,Fruit and vegetable,55.14,65.02,0.0,90.41999816894531,0.0,0.0,10812.0,3
2024-05-24,910,Pear_16,Fruit and vegetable,76.39,76.39,0.0,90.41999816894531,0.0,0.0,11776.0,3
2024-05-25,910,Pear_16,Fruit and vegetable,65.59,38.72,0.0,90.41999816894531,0.0,26.87,9685.0,3
2024-05-26,910,Pear_16,Fruit and vegetable,40.14,39.67,0.0,90.41999816894531,0.0,27.33,9864.0,3
2024-05-27,910,Pear_16,Fruit and vegetable,41.58,55.46,0.0,90.41999816894531,0.0,13.45,10334.0,3
2024-05-28,910,Pear_16,Fruit and vegetable,52.03,65.48,0.0,90.41999816894531,0.0,0.0,10336.0,3
2024-05-29,910,Pear_16,Fruit and vegetable,70.11,58.17,0.0,90.41999816894531,0.0,11.94,10298.0,3
2024-05-30,910,Pear_16,Fruit and vegetable,70.81,55.13,0.0,90.41999816894531,0.0,27.61,11266.0,3
2024-05-31,910,Pear_16,Fruit and vegetable,65.91,82.1,0.0,90.41999816894531,0.0,11.43,12061.0,3
2024-06-01,910,Pear_16,Fruit and vegetable,46.43,35.03,0.0,90.41999816894531,0.0,22.83,10308.0,3
2024-06-02,910,Pear_16,Fruit and vegetable,36.97,44.58,0.0,90.41999816894531,0.0,15.21,9940.0,3
2024-05-20,928,Pastry_76,Bakery,41.44,48.89,0.0,32.88999938964844,0.0,0.0,10316.0,2
2024-05-21,928,Pastry_76,Bakery,48.21,35.27,0.0,32.88999938964844,0.0,12.94,10219.0,2
2024-05-22,928,Pastry_76,Bakery,23.91,36.85,0.0,32.88999938964844,0.0,0.0,10056.0,2
2024-05-23,928,Pastry_76,Bakery,45.99,45.99,0.0,32.88999938964844,0.0,0.0,10362.0,2
2024-05-24,928,Pastry_76,Bakery,71.86,71.86,0.0,32.88999938964844,0.0,0.0,11906.0,2
2024-05-25,928,Pastry_76,Bakery,60.82,57.0,0.0,32.88999938964844,0.0,3.82,10470.0,2
2024-05-26,928,Pastry_76,Bakery,54.65,33.33,0.0,32.88999938964844,0.0,25.14,10540.0,2
2024-05-27,928,Pastry_76,Bakery,41.47,48.24,0.0,32.88999938964844,0.0,18.37,9973.0,2
2024-05-28,928,Pastry_76,Bakery,34.6,30.02,0.0,32.88999938964844,0.0,22.96,10150.0,2
2024-05-29,928,Pastry_76,Bakery,32.69,28.39,0.0,32.88999938964844,0.0,27.26,9874.0,2
2024-05-30,928,Pastry_76,Bakery,39.06,40.65,0.0,32.88999938964844,0.0,25.67,10458.0,2
2024-05-31,928,Pastry_76,Bakery,66.61,61.25,0.0,32.88999938964844,0.0,31.03,12090.0,2
2024-06-01,928,Pastry_76,Bakery,42.8,50.99,0.0,32.88999938964844,0.0,22.84,11066.0,2
2024-06-02,928,Pastry_76,Bakery,26.13,29.79,0.0,32.88999938964844,0.0,19.18,10604.0,2
2024-05-20,935,Tomato_38,Fruit and vegetable,177.53,138.51,0.0,53.709999084472656,0.0,62.75,10579.0,3
2024-05-21,935,Tomato_38,Fruit and vegetable,88.32,77.76,0.0,53.709999084472656,0.0,73.31,10104.0,3
2024-05-22,935,Tomato_38,Fruit and vegetable,45.99,82.32,0.0,53.709999084472656,0.0,36.98,10640.0,3
2024-05-23,935,Tomato_38,Fruit and vegetable,120.01,148.49,0.0,53.709999084472656,0.0,8.5,10812.0,3
2024-05-24,935,Tomato_38,Fruit and vegetable,188.63,132.72,0.0,53.709999084472656,0.0,64.41,11776.0,3
2024-05-25,935,Tomato_38,Fruit and vegetable,50.1,106.86,0.0,53.709999084472656,0.0,7.65,9685.0,3
2024-05-26,935,Tomato_38,Fruit and vegetable,159.16,115.38,0.0,53.709999084472656,0.0,51.43,9864.0,3
2024-05-27,935,Tomato_38,Fruit and vegetable,131.63,183.06,0.0,53.709999084472656,0.0,0.0,10334.0,3
2024-05-28,935,Tomato_38,Fruit and vegetable,125.49,70.41,0.0,53.709999084472656,0.0,55.08,10336.0,3
2024-05-29,935,Tomato_38,Fruit and vegetable,76.88,130.33,0.0,53.709999084472656,0.0,1.63,10298.0,3
2024-05-30,935,Tomato_38,Fruit and vegetable,191.79,156.18,0.0,53.709999084472656,0.0,37.23,11266.0,3
2024-05-31,935,Tomato_38,Fruit and vegetable,141.57,156.3,0.0,53.709999084472656,0.0,22.5,12061.0,3
2024-06-01,935,Tomato_38,Fruit and vegetable,132.49,128.56,0.0,53.709999084472656,0.0,26.43,10308.0,3
2024-06-02,935,Tomato_38,Fruit and vegetable,135.19,120.53,0.0,53.709999084472656,0.0,41.09,9940.0,3
2024-05-20,936,Pastry_77,Bakery,97.61,97.61,0.0,46.209999084472656,0.10000000149011612,0.0,10316.0,2
2024-05-21,936,Pastry_77,Bakery,82.45,24.16,0.0,46.209999084472656,0.10000000149011612,58.29,10219.0,2
2024-05-22,936,Pastry_77,Bakery,20.85,27.97,0.0,46.209999084472656,0.10000000149011612,51.17,10056.0,2
2024-05-23,936,Pastry_77,Bakery,110.46,52.61,30.32,46.209999084472656,0.10000000149011612,78.7,10362.0,2
2024-05-24,936,Pastry_77,Bakery,24.44,34.42,0.0,46.209999084472656,0.10000000149011612,68.72,11906.0,2
2024-05-25,936,Pastry_77,Bakery,41.71,39.87,44.28,46.209999084472656,0.10000000149011612,26.27,10470.0,2
2024-05-26,936,Pastry_77,Bakery,87.62,34.38,0.0,46.209999084472656,0.10000000149011612,79.51,10540.0,2
2024-05-27,936,Pastry_77,Bakery,50.31,33.66,0.0,46.209999084472656,0.10000000149011612,96.16,9973.0,2
2024-05-28,936,Pastry_77,Bakery,0.0,27.92,45.85,46.209999084472656,0.10000000149011612,22.39,10150.0,2
2024-05-29,936,Pastry_77,Bakery,58.56,58.56,22.39,46.209999084472656,0.10000000149011612,0.0,9874.0,2
2024-05-30,936,Pastry_77,Bakery,66.94,28.81,0.0,46.209999084472656,0.10000000149011612,38.13,10458.0,2
2024-05-31,936,Pastry_77,Bakery,9.58,25.58,0.0,46.209999084472656,0.10000000149011612,22.13,12090.0,2
2024-06-01,936,Pastry_77,Bakery,66.68,76.26,12.55,46.209999084472656,0.10000000149011612,0.0,11066.0,2
2024-06-02,936,Pastry_77,Bakery,58.93,27.16,0.0,46.209999084472656,0.10000000149011612,31.77,10604.0,2
2024-05-20,982,Beef_10,Meat and fish,55.55,43.67,0.0,346.2200012207031,0.0,36.91,10579.0,4
2024-05-21,982,Beef_10,Meat and fish,16.75,53.66,0.0,346.2200012207031,0.055720001459121704,0.0,10104.0,4
2024-05-22,982,Beef_10,Meat and fish,72.86,38.67,0.0,346.2200012207031,0.04145999997854233,34.19,10640.0,4
2024-05-23,982,Beef_10,Meat and fish,52.05,49.68,0.0,346.2200012207031,0.1526699960231781,36.57,10812.0,4
2024-05-24,982,Beef_10,Meat and fish,51.31,72.79,0.0,346.2200012207031,0.0,15.09,11776.0,4
2024-05-25,982,Beef_10,Meat and fish,59.18,54.8,0.0,346.2200012207031,0.08315999805927277,19.47,9685.0,4
2024-05-26,982,Beef_10,Meat and fish,49.65,39.58,0.0,346.2200012207031,0.06159000098705292,29.55,9864.0,4
2024-05-27,982,Beef_10,Meat and fish,31.11,60.66,0.0,346.2200012207031,0.05634000152349472,0.0,10334.0,4
2024-05-28,982,Beef_10,Meat and fish,68.9,32.12,0.0,346.2200012207031,0.09160999953746796,36.78,10336.0,4
2024-05-29,982,Beef_10,Meat and fish,20.09,51.13,0.0,346.2200012207031,0.05708000063896179,5.74,10298.0,4
2024-05-30,982,Beef_10,Meat and fish,65.13,70.87,0.0,346.2200012207031,0.18000000715255737,0.0,11266.0,4
2024-05-31,982,Beef_10,Meat and fish,92.17,73.48,0.0,346.2200012207031,0.0,18.69,12061.0,4
2024-06-01,982,Beef_10,Meat and fish,55.67,55.79,0.0,346.2200012207031,0.0,18.57,10308.0,4
2024-06-02,982,Beef_10,Meat and fish,40.58,53.92,0.0,346.2200012207031,0.0,5.23,9940.0,4
2024-05-20,984,Bread_78,Bakery,27.12,18.57,15.98,42.36000061035156,0.0,8.55,10579.0,2
2024-05-21,984,Bread_78,Bakery,14.98,7.3,0.0,42.36000061035156,0.0,16.23,10104.0,2
2024-05-22,984,Bread_78,Bakery,13.08,24.52,1.25,39.400001525878906,0.0,3.54,10640.0,2
2024-05-23,984,Bread_78,Bakery,46.67,50.21,0.0,39.400001525878906,0.0,0.0,10812.0,2
2024-05-24,984,Bread_78,Bakery,72.55,35.54,0.0,39.400001525878906,0.0,37.01,11776.0,2
2024-05-25,984,Bread_78,Bakery,0.0,21.37,0.0,39.400001525878906,0.0,15.64,9685.0,2
2024-05-26,984,Bread_78,Bakery,28.53,8.88,15.64,39.400001525878906,0.0,19.65,9864.0,2
2024-05-27,984,Bread_78,Bakery,18.22,5.46,0.0,39.400001525878906,0.0,32.41,10334.0,2
2024-05-28,984,Bread_78,Bakery,10.29,25.17,14.19,39.400001525878906,0.18300999701023102,3.34,10336.0,2
2024-05-29,984,Bread_78,Bakery,40.73,30.35,0.0,39.400001525878906,0.21839000284671783,13.72,10298.0,2
2024-05-30,984,Bread_78,Bakery,56.25,37.52,0.0,39.400001525878906,0.0,32.45,11266.0,2
2024-05-31,984,Bread_78,Bakery,19.07,19.49,0.0,39.400001525878906,0.0,32.03,12061.0,2
2024-06-01,984,Bread_78,Bakery,16.78,19.37,12.96,39.400001525878906,0.0,16.48,10308.0,2
2024-06-02,984,Bread_78,Bakery,6.91,2.3,0.0,39.400001525878906,0.1783200055360794,21.09,9940.0,2
