batch_id,product_id,product_name,category,received_date,quantity,expiry_date,sold,wasted
P1-1032-0301,1032,Chicken_45,Meat and fish,2024-03-01,319.71,2024-03-04,319.71,0.0
P1-1032-0304,1032,Chicken_45,Meat and fish,2024-03-04,319.71,2024-03-07,105.08,214.63
P1-1032-0305,1032,Chicken_45,Meat and fish,2024-03-05,290.17,2024-03-08,45.45,244.72
P1-1032-0308,1032,Chicken_45,Meat and fish,2024-03-08,198.09,2024-03-11,90.26,107.83
P1-1032-0309,1032,Chicken_45,Meat and fish,2024-03-09,273.78,2024-03-12,13.96,259.82
P1-1032-0310,1032,Chicken_45,Meat and fish,2024-03-10,8.0,2024-03-13,8.0,0.0
P1-1032-0313,1032,Chicken_45,Meat and fish,2024-03-13,110.12,2024-03-16,110.12,0.0
P1-1032-0314,1032,Chicken_45,Meat and fish,2024-03-14,194.99,2024-03-17,194.99,0.0
P1-1032-0315,1032,Chicken_45,Meat and fish,2024-03-15,417.85,2024-03-18,417.85,0.0
P1-1032-0316,1032,Chicken_45,Meat and fish,2024-03-16,345.05,2024-03-19,345.05,0.0
P1-1032-0317,1032,Chicken_45,Meat and fish,2024-03-17,252.93,2024-03-20,106.8,146.13
P1-1032-0318,1032,Chicken_45,Meat and fish,2024-03-18,22.33,2024-03-21,22.33,0.0
P1-1032-0319,1032,Chicken_45,Meat and fish,2024-03-19,22.23,2024-03-22,22.23,0.0
P1-1032-0320,1032,Chicken_45,Meat and fish,2024-03-20,119.93,2024-03-23,119.93,0.0
P1-1032-0321,1032,Chicken_45,Meat and fish,2024-03-21,248.01,2024-03-24,33.81,214.2
P1-1032-0322,1032,Chicken_45,Meat and fish,2024-03-22,253.44,2024-03-25,74.49,178.95
P1-1032-0326,1032,Chicken_45,Meat and fish,2024-03-26,54.74,2024-03-29,54.74,0.0
P1-1032-0327,1032,Chicken_45,Meat and fish,2024-03-27,68.02,2024-03-30,68.02,0.0
P1-1032-0328,1032,Chicken_45,Meat and fish,2024-03-28,170.35,2024-03-31,170.35,0.0
P1-1032-0329,1032,Chicken_45,Meat and fish,2024-03-29,146.43,2024-04-01,146.43,0.0
P1-1032-0330,1032,Chicken_45,Meat and fish,2024-03-30,25.32,2024-04-02,12.45,12.87
P1-1032-0331,1032,Chicken_45,Meat and fish,2024-03-31,36.97,2024-04-03,29.62,7.35
P1-1032-0403,1032,Chicken_45,Meat and fish,2024-04-03,94.77,2024-04-06,94.77,0.0
P1-1032-0404,1032,Chicken_45,Meat and fish,2024-04-04,9.65,2024-04-07,9.65,0.0
P1-1032-0405,1032,Chicken_45,Meat and fish,2024-04-05,88.01,2024-04-08,88.01,0.0
P1-1032-0406,1032,Chicken_45,Meat and fish,2024-04-06,145.14,2024-04-09,55.04,90.1
P1-1032-0410,1032,Chicken_45,Meat and fish,2024-04-10,45.02,2024-04-13,45.02,0.0
P1-1032-0411,1032,Chicken_45,Meat and fish,2024-04-11,46.9,2024-04-14,46.9,0.0
P1-1032-0412,1032,Chicken_45,Meat and fish,2024-04-12,25.73,2024-04-15,25.73,0.0
P1-1032-0413,1032,Chicken_45,Meat and fish,2024-04-13,23.49,2024-04-16,23.49,0.0
P1-1032-0414,1032,Chicken_45,Meat and fish,2024-04-14,42.1,2024-04-17,42.1,0.0
P1-1032-0415,1032,Chicken_45,Meat and fish,2024-04-15,21.23,2024-04-18,21.23,0.0
P1-1032-0416,1032,Chicken_45,Meat and fish,2024-04-16,32.4,2024-04-19,32.4,0.0
P1-1032-0417,1032,Chicken_45,Meat and fish,2024-04-17,4.5,2024-04-20,4.5,0.0
P1-1032-0418,1032,Chicken_45,Meat and fish,2024-04-18,25.49,2024-04-21,25.49,0.0
P1-1032-0419,1032,Chicken_45,Meat and fish,2024-04-19,44.95,2024-04-22,44.95,0.0
P1-1032-0420,1032,Chicken_45,Meat and fish,2024-04-20,32.43,2024-04-23,32.43,0.0
P1-1032-0421,1032,Chicken_45,Meat and fish,2024-04-21,28.76,2024-04-24,28.76,0.0
P1-1032-0422,1032,Chicken_45,Meat and fish,2024-04-22,31.53,2024-04-25,31.53,0.0
P1-1032-0423,1032,Chicken_45,Meat and fish,2024-04-23,37.65,2024-04-26,37.65,0.0
P1-1032-0424,1032,Chicken_45,Meat and fish,2024-04-24,35.76,2024-04-27,35.76,0.0
P1-1032-0425,1032,Chicken_45,Meat and fish,2024-04-25,36.06,2024-04-28,36.06,0.0
P1-1032-0426,1032,Chicken_45,Meat and fish,2024-04-26,36.55,2024-04-29,36.55,0.0
P1-1032-0427,1032,Chicken_45,Meat and fish,2024-04-27,21.34,2024-04-30,21.34,0.0
P1-1032-0428,1032,Chicken_45,Meat and fish,2024-04-28,57.4,2024-05-01,57.4,0.0
P1-1032-0429,1032,Chicken_45,Meat and fish,2024-04-29,38.3,2024-05-02,38.3,0.0
P1-1032-0430,1032,Chicken_45,Meat and fish,2024-04-30,23.04,2024-05-03,23.04,0.0
P1-1032-0501,1032,Chicken_45,Meat and fish,2024-05-01,45.37,2024-05-04,45.37,0.0
P1-1032-0502,1032,Chicken_45,Meat and fish,2024-05-02,32.52,2024-05-05,32.52,0.0
P1-1032-0503,1032,Chicken_45,Meat and fish,2024-05-03,22.32,2024-05-06,22.32,0.0
P1-1032-0504,1032,Chicken_45,Meat and fish,2024-05-04,49.12,2024-05-07,49.12,0.0
P1-1032-0505,1032,Chicken_45,Meat and fish,2024-05-05,42.82,2024-05-08,42.82,0.0
P1-1032-0506,1032,Chicken_45,Meat and fish,2024-05-06,2.95,2024-05-09,2.95,0.0
P1-1032-0507,1032,Chicken_45,Meat and fish,2024-05-07,55.71,2024-05-10,55.71,0.0
P1-1032-0508,1032,Chicken_45,Meat and fish,2024-05-08,16.18,2024-05-11,16.18,0.0
P1-1032-0509,1032,Chicken_45,Meat and fish,2024-05-09,30.41,2024-05-12,30.41,0.0
P1-1032-0510,1032,Chicken_45,Meat and fish,2024-05-10,48.27,2024-05-13,48.27,0.0
P1-1032-0511,1032,Chicken_45,Meat and fish,2024-05-11,25.06,2024-05-14,25.06,0.0
P1-1032-0512,1032,Chicken_45,Meat and fish,2024-05-12,42.04,2024-05-15,42.04,0.0
P1-1032-0513,1032,Chicken_45,Meat and fish,2024-05-13,20.11,2024-05-16,20.11,0.0
P1-1032-0514,1032,Chicken_45,Meat and fish,2024-05-14,24.73,2024-05-17,24.73,0.0
P1-1032-0515,1032,Chicken_45,Meat and fish,2024-05-15,16.25,2024-05-18,16.25,0.0
P1-1032-0517,1032,Chicken_45,Meat and fish,2024-05-17,35.66,2024-05-20,35.66,0.0
P1-1032-0518,1032,Chicken_45,Meat and fish,2024-05-18,71.83,2024-05-21,71.83,0.0
P1-1032-0519,1032,Chicken_45,Meat and fish,2024-05-19,24.4,2024-05-22,24.4,0.0
P1-1032-0520,1032,Chicken_45,Meat and fish,2024-05-20,30.8,2024-05-23,30.8,0.0
P1-1032-0521,1032,Chicken_45,Meat and fish,2024-05-21,15.92,2024-05-24,15.92,0.0
P1-1032-0522,1032,Chicken_45,Meat and fish,2024-05-22,39.79,2024-05-25,39.79,0.0
P1-1032-0523,1032,Chicken_45,Meat and fish,2024-05-23,34.77,2024-05-26,34.77,0.0
P1-1032-0524,1032,Chicken_45,Meat and fish,2024-05-24,78.35,2024-05-27,78.35,0.0
P1-1032-0525,1032,Chicken_45,Meat and fish,2024-05-25,59.76,2024-05-28,59.76,0.0
P1-1032-0526,1032,Chicken_45,Meat and fish,2024-05-26,68.22,2024-05-29,68.22,0.0
P1-1032-0527,1032,Chicken_45,Meat and fish,2024-05-27,0.12,2024-05-30,0.12,0.0
P1-1032-0528,1032,Chicken_45,Meat and fish,2024-05-28,34.63,2024-05-31,34.63,0.0
P1-1032-0529,1032,Chicken_45,Meat and fish,2024-05-29,31.47,2024-06-01,31.47,0.0
P1-1032-0530,1032,Chicken_45,Meat and fish,2024-05-30,5.75,2024-06-02,5.75,0.0
P1-1032-0531,1032,Chicken_45,Meat and fish,2024-05-31,90.91,2024-06-03,90.91,0.0
P1-1032-0601,1032,Chicken_45,Meat and fish,2024-06-01,70.01,2024-06-04,20.8,
P1-106-0328,106,Pear_4,Fruit and vegetable,2024-03-28,17.79,2024-03-30,17.79,0.0
P1-106-0329,106,Pear_4,Fruit and vegetable,2024-03-29,17.89,2024-03-31,17.89,0.0
P1-106-0330,106,Pear_4,Fruit and vegetable,2024-03-30,17.88,2024-04-01,17.88,0.0
P1-106-0331,106,Pear_4,Fruit and vegetable,2024-03-31,14.93,2024-04-02,14.93,0.0
P1-106-0401,106,Pear_4,Fruit and vegetable,2024-04-01,104.19,2024-04-03,104.19,0.0
P1-106-0402,106,Pear_4,Fruit and vegetable,2024-04-02,161.72,2024-04-04,161.72,0.0
P1-106-0403,106,Pear_4,Fruit and vegetable,2024-04-03,154.04,2024-04-05,154.04,0.0
P1-106-0404,106,Pear_4,Fruit and vegetable,2024-04-04,143.12,2024-04-06,143.12,0.0
P1-106-0405,106,Pear_4,Fruit and vegetable,2024-04-05,205.29,2024-04-07,205.29,0.0
P1-106-0406,106,Pear_4,Fruit and vegetable,2024-04-06,179.5,2024-04-08,179.5,0.0
P1-106-0407,106,Pear_4,Fruit and vegetable,2024-04-07,210.42,2024-04-09,210.42,0.0
P1-106-0408,106,Pear_4,Fruit and vegetable,2024-04-08,163.76,2024-04-10,64.47,99.29
P1-106-0409,106,Pear_4,Fruit and vegetable,2024-04-09,103.31,2024-04-11,26.08,77.23
P1-106-0410,106,Pear_4,Fruit and vegetable,2024-04-10,30.77,2024-04-12,23.72,7.05
P1-106-0411,106,Pear_4,Fruit and vegetable,2024-04-11,124.16,2024-04-13,17.14,107.02
P1-106-0412,106,Pear_4,Fruit and vegetable,2024-04-12,171.36,2024-04-14,13.64,157.72
P1-106-0414,106,Pear_4,Fruit and vegetable,2024-04-14,130.47,2024-04-16,25.82,104.65
P1-106-0419,106,Pear_4,Fruit and vegetable,2024-04-19,24.05,2024-04-21,24.05,0.0
P1-106-0420,106,Pear_4,Fruit and vegetable,2024-04-20,30.78,2024-04-22,30.78,0.0
P1-106-0421,106,Pear_4,Fruit and vegetable,2024-04-21,19.74,2024-04-23,19.74,0.0
P1-106-0422,106,Pear_4,Fruit and vegetable,2024-04-22,12.59,2024-04-24,12.59,0.0
P1-106-0423,106,Pear_4,Fruit and vegetable,2024-04-23,10.45,2024-04-25,10.45,0.0
P1-106-0424,106,Pear_4,Fruit and vegetable,2024-04-24,16.94,2024-04-26,16.94,0.0
P1-106-0425,106,Pear_4,Fruit and vegetable,2024-04-25,25.06,2024-04-27,25.06,0.0
P1-106-0426,106,Pear_4,Fruit and vegetable,2024-04-26,16.12,2024-04-28,16.12,0.0
P1-106-0427,106,Pear_4,Fruit and vegetable,2024-04-27,10.37,2024-04-29,10.37,0.0
P1-106-0428,106,Pear_4,Fruit and vegetable,2024-04-28,12.62,2024-04-30,12.62,0.0
P1-106-0429,106,Pear_4,Fruit and vegetable,2024-04-29,21.9,2024-05-01,21.9,0.0
P1-106-0430,106,Pear_4,Fruit and vegetable,2024-04-30,24.73,2024-05-02,24.73,0.0
P1-106-0501,106,Pear_4,Fruit and vegetable,2024-05-01,7.12,2024-05-03,7.12,0.0
P1-106-0502,106,Pear_4,Fruit and vegetable,2024-05-02,19.22,2024-05-04,19.22,0.0
P1-106-0503,106,Pear_4,Fruit and vegetable,2024-05-03,23.48,2024-05-05,23.48,0.0
P1-106-0504,106,Pear_4,Fruit and vegetable,2024-05-04,21.79,2024-05-06,21.79,0.0
P1-106-0505,106,Pear_4,Fruit and vegetable,2024-05-05,12.31,2024-05-07,12.31,0.0
P1-106-0506,106,Pear_4,Fruit and vegetable,2024-05-06,26.57,2024-05-08,26.57,0.0
P1-106-0507,106,Pear_4,Fruit and vegetable,2024-05-07,4.6,2024-05-09,4.6,0.0
P1-106-0508,106,Pear_4,Fruit and vegetable,2024-05-08,17.88,2024-05-10,17.88,0.0
P1-106-0509,106,Pear_4,Fruit and vegetable,2024-05-09,26.1,2024-05-11,26.1,0.0
P1-106-0510,106,Pear_4,Fruit and vegetable,2024-05-10,10.92,2024-05-12,10.92,0.0
P1-106-0511,106,Pear_4,Fruit and vegetable,2024-05-11,12.07,2024-05-13,12.07,0.0
P1-106-0512,106,Pear_4,Fruit and vegetable,2024-05-12,27.27,2024-05-14,27.27,0.0
P1-106-0513,106,Pear_4,Fruit and vegetable,2024-05-13,7.61,2024-05-15,7.61,0.0
P1-106-0514,106,Pear_4,Fruit and vegetable,2024-05-14,31.55,2024-05-16,31.55,0.0
P1-106-0515,106,Pear_4,Fruit and vegetable,2024-05-15,24.02,2024-05-17,24.02,0.0
P1-106-0516,106,Pear_4,Fruit and vegetable,2024-05-16,14.37,2024-05-18,14.37,0.0
P1-106-0517,106,Pear_4,Fruit and vegetable,2024-05-17,26.46,2024-05-19,26.46,0.0
P1-106-0518,106,Pear_4,Fruit and vegetable,2024-05-18,14.09,2024-05-20,14.09,0.0
P1-106-0519,106,Pear_4,Fruit and vegetable,2024-05-19,19.61,2024-05-21,19.61,0.0
P1-106-0520,106,Pear_4,Fruit and vegetable,2024-05-20,23.16,2024-05-22,23.16,0.0
P1-106-0521,106,Pear_4,Fruit and vegetable,2024-05-21,32.85,2024-05-23,32.85,0.0
P1-106-0523,106,Pear_4,Fruit and vegetable,2024-05-23,8.48,2024-05-25,8.48,0.0
P1-106-0524,106,Pear_4,Fruit and vegetable,2024-05-24,26.2,2024-05-26,26.2,0.0
P1-106-0525,106,Pear_4,Fruit and vegetable,2024-05-25,18.19,2024-05-27,18.19,0.0
P1-106-0526,106,Pear_4,Fruit and vegetable,2024-05-26,9.17,2024-05-28,9.17,0.0
P1-106-0527,106,Pear_4,Fruit and vegetable,2024-05-27,13.81,2024-05-29,13.81,0.0
P1-106-0528,106,Pear_4,Fruit and vegetable,2024-05-28,6.54,2024-05-30,6.54,0.0
P1-106-0529,106,Pear_4,Fruit and vegetable,2024-05-29,21.84,2024-05-31,21.84,0.0
P1-106-0530,106,Pear_4,Fruit and vegetable,2024-05-30,11.68,2024-06-01,11.68,0.0
P1-106-0531,106,Pear_4,Fruit and vegetable,2024-05-31,17.23,2024-06-02,17.23,0.0
P1-106-0601,106,Pear_4,Fruit and vegetable,2024-06-01,13.64,2024-06-03,13.64,0.0
P1-106-0602,106,Pear_4,Fruit and vegetable,2024-06-02,13.45,2024-06-04,7.53,
P1-1075-0301,1075,Croissant_15,Bakery,2024-03-01,217.08,2024-03-02,217.08,0.0
P1-1075-0302,1075,Croissant_15,Bakery,2024-03-02,217.08,2024-03-03,217.08,0.0
P1-1075-0303,1075,Croissant_15,Bakery,2024-03-03,213.1,2024-03-04,213.1,0.0
P1-1075-0304,1075,Croissant_15,Bakery,2024-03-04,163.77,2024-03-05,129.4,34.37
P1-1075-0305,1075,Croissant_15,Bakery,2024-03-05,140.55,2024-03-06,44.45,96.1
P1-1075-0306,1075,Croissant_15,Bakery,2024-03-06,138.96,2024-03-07,34.77,104.19
P1-1075-0307,1075,Croissant_15,Bakery,2024-03-07,158.59,2024-03-08,91.25,67.34
P1-1075-0308,1075,Croissant_15,Bakery,2024-03-08,147.01,2024-03-09,49.51,97.5
P1-1075-0309,1075,Croissant_15,Bakery,2024-03-09,99.0,2024-03-10,70.66,28.34
P1-1075-0310,1075,Croissant_15,Bakery,2024-03-10,130.79,2024-03-11,60.07,70.72
P1-1075-0311,1075,Croissant_15,Bakery,2024-03-11,39.0,2024-03-12,39.0,0.0
P1-1075-0312,1075,Croissant_15,Bakery,2024-03-12,77.89,2024-03-13,66.78,11.11
P1-1075-0313,1075,Croissant_15,Bakery,2024-03-13,7.71,2024-03-14,7.71,0.0
P1-1075-0314,1075,Croissant_15,Bakery,2024-03-14,73.83,2024-03-15,73.83,0.0
P1-1075-0315,1075,Croissant_15,Bakery,2024-03-15,111.99,2024-03-16,111.99,0.0
P1-1075-0316,1075,Croissant_15,Bakery,2024-03-16,35.76,2024-03-17,35.76,0.0
P1-1075-0317,1075,Croissant_15,Bakery,2024-03-17,69.29,2024-03-18,69.29,0.0
P1-1075-0318,1075,Croissant_15,Bakery,2024-03-18,54.32,2024-03-19,54.32,0.0
P1-1075-0319,1075,Croissant_15,Bakery,2024-03-19,70.96,2024-03-20,70.96,0.0
P1-1075-0320,1075,Croissant_15,Bakery,2024-03-20,52.85,2024-03-21,52.85,0.0
P1-1075-0321,1075,Croissant_15,Bakery,2024-03-21,103.24,2024-03-22,93.46,9.78
P1-1075-0322,1075,Croissant_15,Bakery,2024-03-22,33.9,2024-03-23,33.9,0.0
P1-1075-0323,1075,Croissant_15,Bakery,2024-03-23,38.38,2024-03-24,38.38,0.0
P1-1075-0324,1075,Croissant_15,Bakery,2024-03-24,65.25,2024-03-25,65.25,0.0
P1-1075-0325,1075,Croissant_15,Bakery,2024-03-25,99.79,2024-03-26,99.79,0.0
P1-1075-0326,1075,Croissant_15,Bakery,2024-03-26,29.17,2024-03-27,29.17,0.0
P1-1075-0327,1075,Croissant_15,Bakery,2024-03-27,99.82,2024-03-28,99.82,0.0
P1-1075-0328,1075,Croissant_15,Bakery,2024-03-28,19.01,2024-03-29,19.01,0.0
P1-1075-0329,1075,Croissant_15,Bakery,2024-03-29,79.2,2024-03-30,72.14,7.06
P1-1075-0330,1075,Croissant_15,Bakery,2024-03-30,22.24,2024-03-31,22.24,0.0
P1-1075-0331,1075,Croissant_15,Bakery,2024-03-31,88.36,2024-04-01,68.56,19.8
P1-1075-0401,1075,Croissant_15,Bakery,2024-04-01,9.63,2024-04-02,9.63,0.0
P1-1075-0402,1075,Croissant_15,Bakery,2024-04-02,76.73,2024-04-03,76.73,0.0
P1-1075-0403,1075,Croissant_15,Bakery,2024-04-03,85.86,2024-04-04,85.86,0.0
P1-1075-0404,1075,Croissant_15,Bakery,2024-04-04,46.03,2024-04-05,46.03,0.0
P1-1075-0405,1075,Croissant_15,Bakery,2024-04-05,137.84,2024-04-06,137.84,0.0
P1-1075-0406,1075,Croissant_15,Bakery,2024-04-06,93.86,2024-04-07,92.61,1.25
P1-1075-0407,1075,Croissant_15,Bakery,2024-04-07,40.12,2024-04-08,40.12,0.0
P1-1075-0408,1075,Croissant_15,Bakery,2024-04-08,61.87,2024-04-09,61.87,0.0
P1-1075-0409,1075,Croissant_15,Bakery,2024-04-09,89.27,2024-04-10,89.27,0.0
P1-1075-0410,1075,Croissant_15,Bakery,2024-04-10,61.69,2024-04-11,61.69,0.0
P1-1075-0411,1075,Croissant_15,Bakery,2024-04-11,130.6,2024-04-12,130.6,0.0
P1-1075-0412,1075,Croissant_15,Bakery,2024-04-12,179.45,2024-04-13,90.03,89.42
P1-1075-0414,1075,Croissant_15,Bakery,2024-04-14,95.32,2024-04-15,95.32,0.0
P1-1075-0415,1075,Croissant_15,Bakery,2024-04-15,214.94,2024-04-16,214.94,0.0
P1-1075-0416,1075,Croissant_15,Bakery,2024-04-16,252.78,2024-04-17,252.78,0.0
P1-1075-0417,1075,Croissant_15,Bakery,2024-04-17,261.27,2024-04-18,261.27,0.0
P1-1075-0418,1075,Croissant_15,Bakery,2024-04-18,286.44,2024-04-19,286.44,0.0
P1-1075-0419,1075,Croissant_15,Bakery,2024-04-19,258.76,2024-04-20,258.76,0.0
P1-1075-0420,1075,Croissant_15,Bakery,2024-04-20,259.12,2024-04-21,259.12,0.0
P1-1075-0421,1075,Croissant_15,Bakery,2024-04-21,267.67,2024-04-22,267.67,0.0
P1-1075-0422,1075,Croissant_15,Bakery,2024-04-22,262.85,2024-04-23,124.99,137.86
P1-1075-0423,1075,Croissant_15,Bakery,2024-04-23,148.68,2024-04-24,51.12,97.56
P1-1075-0424,1075,Croissant_15,Bakery,2024-04-24,240.73,2024-04-25,92.02,148.71
P1-1075-0425,1075,Croissant_15,Bakery,2024-04-25,189.51,2024-04-26,75.64,113.87
P1-1075-0426,1075,Croissant_15,Bakery,2024-04-26,203.57,2024-04-27,52.14,151.43
P1-1075-0427,1075,Croissant_15,Bakery,2024-04-27,178.3,2024-04-28,51.21,127.09
P1-1075-0428,1075,Croissant_15,Bakery,2024-04-28,188.68,2024-04-29,83.6,105.08
P1-1075-0430,1075,Croissant_15,Bakery,2024-04-30,88.57,2024-05-01,88.57,0.0
P1-1075-0501,1075,Croissant_15,Bakery,2024-05-01,36.04,2024-05-02,36.04,0.0
P1-1075-0502,1075,Croissant_15,Bakery,2024-05-02,101.76,2024-05-03,101.76,0.0
P1-1075-0503,1075,Croissant_15,Bakery,2024-05-03,95.35,2024-05-04,95.35,0.0
P1-1075-0504,1075,Croissant_15,Bakery,2024-05-04,63.75,2024-05-05,63.75,0.0
P1-1075-0505,1075,Croissant_15,Bakery,2024-05-05,50.73,2024-05-06,50.73,0.0
P1-1075-0506,1075,Croissant_15,Bakery,2024-05-06,86.62,2024-05-07,86.62,0.0
P1-1075-0507,1075,Croissant_15,Bakery,2024-05-07,32.31,2024-05-08,32.31,0.0
P1-1075-0508,1075,Croissant_15,Bakery,2024-05-08,89.94,2024-05-09,89.94,0.0
P1-1075-0509,1075,Croissant_15,Bakery,2024-05-09,98.09,2024-05-10,94.4,3.69
P1-1075-0510,1075,Croissant_15,Bakery,2024-05-10,48.93,2024-05-11,31.87,17.06
P1-1075-0511,1075,Croissant_15,Bakery,2024-05-11,21.77,2024-05-12,21.77,0.0
P1-1075-0512,1075,Croissant_15,Bakery,2024-05-12,62.58,2024-05-13,62.58,0.0
P1-1075-0513,1075,Croissant_15,Bakery,2024-05-13,135.83,2024-05-14,135.83,0.0
P1-1075-0514,1075,Croissant_15,Bakery,2024-05-14,132.52,2024-05-15,132.52,0.0
P1-1075-0515,1075,Croissant_15,Bakery,2024-05-15,23.93,2024-05-16,23.93,0.0
P1-1075-0516,1075,Croissant_15,Bakery,2024-05-16,109.35,2024-05-17,109.35,0.0
P1-1075-0517,1075,Croissant_15,Bakery,2024-05-17,47.66,2024-05-18,47.66,0.0
P1-1075-0518,1075,Croissant_15,Bakery,2024-05-18,60.56,2024-05-19,60.56,0.0
P1-1075-0519,1075,Croissant_15,Bakery,2024-05-19,88.02,2024-05-20,88.02,0.0
P1-1075-0520,1075,Croissant_15,Bakery,2024-05-20,107.96,2024-05-21,107.96,0.0
P1-1075-0521,1075,Croissant_15,Bakery,2024-05-21,45.88,2024-05-22,45.88,0.0
P1-1075-0522,1075,Croissant_15,Bakery,2024-05-22,129.84,2024-05-23,129.84,0.0
P1-1075-0523,1075,Croissant_15,Bakery,2024-05-23,64.26,2024-05-24,64.26,0.0
P1-1075-0524,1075,Croissant_15,Bakery,2024-05-24,133.9,2024-05-25,127.83,6.07
P1-1075-0525,1075,Croissant_15,Bakery,2024-05-25,18.3,2024-05-26,18.3,0.0
P1-1075-0526,1075,Croissant_15,Bakery,2024-05-26,81.06,2024-05-27,81.06,0.0
P1-1075-0527,1075,Croissant_15,Bakery,2024-05-27,86.02,2024-05-28,86.02,0.0
P1-1075-0528,1075,Croissant_15,Bakery,2024-05-28,145.35,2024-05-29,145.35,0.0
P1-1075-0529,1075,Croissant_15,Bakery,2024-05-29,95.89,2024-05-30,95.89,0.0
P1-1075-0530,1075,Croissant_15,Bakery,2024-05-30,171.91,2024-05-31,153.9,18.01
P1-1075-0531,1075,Croissant_15,Bakery,2024-05-31,41.87,2024-06-01,41.87,0.0
P1-1075-0601,1075,Croissant_15,Bakery,2024-06-01,70.38,2024-06-02,69.45,
P1-1075-0602,1075,Croissant_15,Bakery,2024-06-02,59.67,2024-06-03,0.0,
P1-1078-0301,1078,Avocado_3,Fruit and vegetable,2024-03-01,134.38,2024-03-03,134.38,0.0
P1-1078-0302,1078,Avocado_3,Fruit and vegetable,2024-03-02,155.66,2024-03-04,155.66,0.0
P1-1078-0303,1078,Avocado_3,Fruit and vegetable,2024-03-03,153.64,2024-03-05,153.64,0.0
P1-1078-0304,1078,Avocado_3,Fruit and vegetable,2024-03-04,124.23,2024-03-06,124.23,0.0
P1-1078-0305,1078,Avocado_3,Fruit and vegetable,2024-03-05,108.28,2024-03-07,108.28,0.0
P1-1078-0306,1078,Avocado_3,Fruit and vegetable,2024-03-06,103.0,2024-03-08,103.0,0.0
P1-1078-0307,1078,Avocado_3,Fruit and vegetable,2024-03-07,117.86,2024-03-09,117.86,0.0
P1-1078-0308,1078,Avocado_3,Fruit and vegetable,2024-03-08,121.16,2024-03-10,121.16,0.0
P1-1078-0309,1078,Avocado_3,Fruit and vegetable,2024-03-09,163.56,2024-03-11,163.56,0.0
P1-1078-0310,1078,Avocado_3,Fruit and vegetable,2024-03-10,54.17,2024-03-12,54.17,0.0
P1-1078-0311,1078,Avocado_3,Fruit and vegetable,2024-03-11,138.92,2024-03-13,138.92,0.0
P1-1078-0312,1078,Avocado_3,Fruit and vegetable,2024-03-12,128.58,2024-03-14,128.58,0.0
P1-1078-0313,1078,Avocado_3,Fruit and vegetable,2024-03-13,127.65,2024-03-15,127.65,0.0
P1-1078-0314,1078,Avocado_3,Fruit and vegetable,2024-03-14,117.6,2024-03-16,117.6,0.0
P1-1078-0315,1078,Avocado_3,Fruit and vegetable,2024-03-15,114.08,2024-03-17,114.08,0.0
P1-1078-0316,1078,Avocado_3,Fruit and vegetable,2024-03-16,103.26,2024-03-18,103.26,0.0
P1-1078-0317,1078,Avocado_3,Fruit and vegetable,2024-03-17,162.03,2024-03-19,162.03,0.0
P1-1078-0318,1078,Avocado_3,Fruit and vegetable,2024-03-18,124.2,2024-03-20,124.2,0.0
P1-1078-0319,1078,Avocado_3,Fruit and vegetable,2024-03-19,110.66,2024-03-21,110.66,0.0
P1-1078-0320,1078,Avocado_3,Fruit and vegetable,2024-03-20,115.14,2024-03-22,115.14,0.0
P1-1078-0321,1078,Avocado_3,Fruit and vegetable,2024-03-21,78.57,2024-03-23,78.57,0.0
P1-1078-0322,1078,Avocado_3,Fruit and vegetable,2024-03-22,147.42,2024-03-24,147.42,0.0
P1-1078-0323,1078,Avocado_3,Fruit and vegetable,2024-03-23,68.59,2024-03-25,68.59,0.0
P1-1078-0324,1078,Avocado_3,Fruit and vegetable,2024-03-24,138.05,2024-03-26,138.05,0.0
P1-1078-0325,1078,Avocado_3,Fruit and vegetable,2024-03-25,156.49,2024-03-27,156.49,0.0
P1-1078-0326,1078,Avocado_3,Fruit and vegetable,2024-03-26,77.35,2024-03-28,77.35,0.0
P1-1078-0327,1078,Avocado_3,Fruit and vegetable,2024-03-27,107.77,2024-03-29,107.77,0.0
P1-1078-0328,1078,Avocado_3,Fruit and vegetable,2024-03-28,132.02,2024-03-30,132.02,0.0
P1-1078-0329,1078,Avocado_3,Fruit and vegetable,2024-03-29,118.57,2024-03-31,118.57,0.0
P1-1078-0330,1078,Avocado_3,Fruit and vegetable,2024-03-30,155.55,2024-04-01,155.55,0.0
P1-1078-0331,1078,Avocado_3,Fruit and vegetable,2024-03-31,71.47,2024-04-02,71.47,0.0
P1-1078-0401,1078,Avocado_3,Fruit and vegetable,2024-04-01,76.09,2024-04-03,76.09,0.0
P1-1078-0402,1078,Avocado_3,Fruit and vegetable,2024-04-02,130.98,2024-04-04,130.98,0.0
P1-1078-0404,1078,Avocado_3,Fruit and vegetable,2024-04-04,82.0,2024-04-06,82.0,0.0
P1-1078-0405,1078,Avocado_3,Fruit and vegetable,2024-04-05,153.45,2024-04-07,153.45,0.0
P1-1078-0406,1078,Avocado_3,Fruit and vegetable,2024-04-06,53.15,2024-04-08,53.15,0.0
P1-1078-0407,1078,Avocado_3,Fruit and vegetable,2024-04-07,175.92,2024-04-09,175.92,0.0
P1-1078-0408,1078,Avocado_3,Fruit and vegetable,2024-04-08,124.94,2024-04-10,124.94,0.0
P1-1078-0409,1078,Avocado_3,Fruit and vegetable,2024-04-09,155.75,2024-04-11,155.75,0.0
P1-1078-0410,1078,Avocado_3,Fruit and vegetable,2024-04-10,101.37,2024-04-12,101.37,0.0
P1-1078-0411,1078,Avocado_3,Fruit and vegetable,2024-04-11,108.62,2024-04-13,108.62,0.0
P1-1078-0412,1078,Avocado_3,Fruit and vegetable,2024-04-12,132.31,2024-04-14,132.31,0.0
P1-1078-0413,1078,Avocado_3,Fruit and vegetable,2024-04-13,114.87,2024-04-15,114.87,0.0
P1-1078-0414,1078,Avocado_3,Fruit and vegetable,2024-04-14,173.91,2024-04-16,173.91,0.0
P1-1078-0415,1078,Avocado_3,Fruit and vegetable,2024-04-15,42.51,2024-04-17,42.51,0.0
P1-1078-0416,1078,Avocado_3,Fruit and vegetable,2024-04-16,137.26,2024-04-18,137.26,0.0
P1-1078-0417,1078,Avocado_3,Fruit and vegetable,2024-04-17,96.77,2024-04-19,96.77,0.0
P1-1078-0418,1078,Avocado_3,Fruit and vegetable,2024-04-18,96.81,2024-04-20,96.81,0.0
P1-1078-0419,1078,Avocado_3,Fruit and vegetable,2024-04-19,123.65,2024-04-21,123.65,0.0
P1-1078-0420,1078,Avocado_3,Fruit and vegetable,2024-04-20,150.62,2024-04-22,150.62,0.0
P1-1078-0421,1078,Avocado_3,Fruit and vegetable,2024-04-21,109.32,2024-04-23,109.32,0.0
P1-1078-0422,1078,Avocado_3,Fruit and vegetable,2024-04-22,692.45,2024-04-24,692.45,0.0
P1-1078-0423,1078,Avocado_3,Fruit and vegetable,2024-04-23,700.49,2024-04-25,700.49,0.0
P1-1078-0424,1078,Avocado_3,Fruit and vegetable,2024-04-24,477.59,2024-04-26,477.59,0.0
P1-1078-0425,1078,Avocado_3,Fruit and vegetable,2024-04-25,647.58,2024-04-27,647.58,0.0
P1-1078-0426,1078,Avocado_3,Fruit and vegetable,2024-04-26,694.56,2024-04-28,694.56,0.0
P1-1078-0427,1078,Avocado_3,Fruit and vegetable,2024-04-27,587.9,2024-04-29,587.9,0.0
P1-1078-0428,1078,Avocado_3,Fruit and vegetable,2024-04-28,689.58,2024-04-30,689.58,0.0
P1-1078-0429,1078,Avocado_3,Fruit and vegetable,2024-04-29,811.58,2024-05-01,254.09,557.49
P1-1078-0430,1078,Avocado_3,Fruit and vegetable,2024-04-30,244.48,2024-05-02,85.62,158.86
P1-1078-0502,1078,Avocado_3,Fruit and vegetable,2024-05-02,796.33,2024-05-04,144.85,651.48
P1-1078-0503,1078,Avocado_3,Fruit and vegetable,2024-05-03,292.94,2024-05-05,113.24,179.7
P1-1078-0505,1078,Avocado_3,Fruit and vegetable,2024-05-05,692.11,2024-05-07,178.31,513.8
P1-1078-0508,1078,Avocado_3,Fruit and vegetable,2024-05-08,138.9,2024-05-10,138.9,0.0
P1-1078-0509,1078,Avocado_3,Fruit and vegetable,2024-05-09,52.98,2024-05-11,52.98,0.0
P1-1078-0510,1078,Avocado_3,Fruit and vegetable,2024-05-10,86.06,2024-05-12,86.06,0.0
P1-1078-0511,1078,Avocado_3,Fruit and vegetable,2024-05-11,57.75,2024-05-13,57.75,0.0
P1-1078-0512,1078,Avocado_3,Fruit and vegetable,2024-05-12,111.93,2024-05-14,111.93,0.0
P1-1078-0513,1078,Avocado_3,Fruit and vegetable,2024-05-13,57.25,2024-05-15,57.25,0.0
P1-1078-0514,1078,Avocado_3,Fruit and vegetable,2024-05-14,97.03,2024-05-16,97.03,0.0
P1-1078-0515,1078,Avocado_3,Fruit and vegetable,2024-05-15,79.84,2024-05-17,79.84,0.0
P1-1078-0516,1078,Avocado_3,Fruit and vegetable,2024-05-16,80.59,2024-05-18,80.59,0.0
P1-1078-0517,1078,Avocado_3,Fruit and vegetable,2024-05-17,106.32,2024-05-19,106.32,0.0
P1-1078-0518,1078,Avocado_3,Fruit and vegetable,2024-05-18,114.62,2024-05-20,114.62,0.0
P1-1078-0519,1078,Avocado_3,Fruit and vegetable,2024-05-19,123.76,2024-05-21,123.76,0.0
P1-1078-0520,1078,Avocado_3,Fruit and vegetable,2024-05-20,133.25,2024-05-22,133.25,0.0
P1-1078-0521,1078,Avocado_3,Fruit and vegetable,2024-05-21,112.06,2024-05-23,112.06,0.0
P1-1078-0522,1078,Avocado_3,Fruit and vegetable,2024-05-22,95.44,2024-05-24,95.44,0.0
P1-1078-0523,1078,Avocado_3,Fruit and vegetable,2024-05-23,110.47,2024-05-25,110.47,0.0
P1-1078-0524,1078,Avocado_3,Fruit and vegetable,2024-05-24,114.37,2024-05-26,114.37,0.0
P1-1078-0525,1078,Avocado_3,Fruit and vegetable,2024-05-25,103.2,2024-05-27,103.2,0.0
P1-1078-0526,1078,Avocado_3,Fruit and vegetable,2024-05-26,98.63,2024-05-28,98.63,0.0
P1-1078-0527,1078,Avocado_3,Fruit and vegetable,2024-05-27,163.18,2024-05-29,163.18,0.0
P1-1078-0528,1078,Avocado_3,Fruit and vegetable,2024-05-28,43.36,2024-05-30,43.36,0.0
P1-1078-0529,1078,Avocado_3,Fruit and vegetable,2024-05-29,109.13,2024-05-31,109.13,0.0
P1-1078-0530,1078,Avocado_3,Fruit and vegetable,2024-05-30,57.3,2024-06-01,57.3,0.0
P1-1078-0531,1078,Avocado_3,Fruit and vegetable,2024-05-31,134.68,2024-06-02,134.68,0.0
P1-1078-0601,1078,Avocado_3,Fruit and vegetable,2024-06-01,68.33,2024-06-03,68.33,0.0
P1-1078-0602,1078,Avocado_3,Fruit and vegetable,2024-06-02,143.42,2024-06-04,56.8,
P1-1086-0301,1086,Roll_20,Bakery,2024-03-01,1037.61,2024-03-02,1037.61,0.0
P1-1086-0302,1086,Roll_20,Bakery,2024-03-02,1037.61,2024-03-03,1037.61,0.0
P1-1086-0303,1086,Roll_20,Bakery,2024-03-03,1003.36,2024-03-04,1003.36,0.0
P1-1086-0304,1086,Roll_20,Bakery,2024-03-04,701.04,2024-03-05,701.04,0.0
P1-1086-0305,1086,Roll_20,Bakery,2024-03-05,665.04,2024-03-06,665.04,0.0
P1-1086-0306,1086,Roll_20,Bakery,2024-03-06,720.68,2024-03-07,720.68,0.0
P1-1086-0307,1086,Roll_20,Bakery,2024-03-07,626.66,2024-03-08,626.66,0.0
P1-1086-0308,1086,Roll_20,Bakery,2024-03-08,853.46,2024-03-09,853.46,0.0
P1-1086-0309,1086,Roll_20,Bakery,2024-03-09,420.23,2024-03-10,420.23,0.0
P1-1086-0310,1086,Roll_20,Bakery,2024-03-10,884.94,2024-03-11,884.94,0.0
P1-1086-0311,1086,Roll_20,Bakery,2024-03-11,558.57,2024-03-12,558.57,0.0
P1-1086-0312,1086,Roll_20,Bakery,2024-03-12,811.92,2024-03-13,811.92,0.0
P1-1086-0313,1086,Roll_20,Bakery,2024-03-13,612.71,2024-03-14,612.71,0.0
P1-1086-0314,1086,Roll_20,Bakery,2024-03-14,926.42,2024-03-15,926.42,0.0
P1-1086-0315,1086,Roll_20,Bakery,2024-03-15,744.77,2024-03-16,744.77,0.0
P1-1086-0316,1086,Roll_20,Bakery,2024-03-16,962.11,2024-03-17,962.11,0.0
P1-1086-0317,1086,Roll_20,Bakery,2024-03-17,678.88,2024-03-18,678.88,0.0
P1-1086-0318,1086,Roll_20,Bakery,2024-03-18,865.24,2024-03-19,865.24,0.0
P1-1086-0319,1086,Roll_20,Bakery,2024-03-19,732.51,2024-03-20,732.51,0.0
P1-1086-0320,1086,Roll_20,Bakery,2024-03-20,688.25,2024-03-21,688.25,0.0
P1-1086-0321,1086,Roll_20,Bakery,2024-03-21,547.23,2024-03-22,547.23,0.0
P1-1086-0322,1086,Roll_20,Bakery,2024-03-22,1135.98,2024-03-23,1135.98,0.0
P1-1086-0323,1086,Roll_20,Bakery,2024-03-23,723.27,2024-03-24,723.27,0.0
P1-1086-0324,1086,Roll_20,Bakery,2024-03-24,679.84,2024-03-25,679.84,0.0
P1-1086-0325,1086,Roll_20,Bakery,2024-03-25,933.38,2024-03-26,933.38,0.0
P1-1086-0326,1086,Roll_20,Bakery,2024-03-26,907.83,2024-03-27,907.83,0.0
P1-1086-0327,1086,Roll_20,Bakery,2024-03-27,635.83,2024-03-28,635.83,0.0
P1-1086-0328,1086,Roll_20,Bakery,2024-03-28,1237.42,2024-03-29,1237.42,0.0
P1-1086-0329,1086,Roll_20,Bakery,2024-03-29,1259.82,2024-03-30,1259.82,0.0
P1-1086-0330,1086,Roll_20,Bakery,2024-03-30,714.31,2024-03-31,714.31,0.0
P1-1086-0331,1086,Roll_20,Bakery,2024-03-31,1111.01,2024-04-01,1111.01,0.0
P1-1086-0401,1086,Roll_20,Bakery,2024-04-01,827.54,2024-04-02,827.54,0.0
P1-1086-0402,1086,Roll_20,Bakery,2024-04-02,742.11,2024-04-03,742.11,0.0
P1-1086-0403,1086,Roll_20,Bakery,2024-04-03,1057.72,2024-04-04,1057.72,0.0
P1-1086-0404,1086,Roll_20,Bakery,2024-04-04,1111.77,2024-04-05,1111.77,0.0
P1-1086-0405,1086,Roll_20,Bakery,2024-04-05,356.72,2024-04-06,356.72,0.0
P1-1086-0406,1086,Roll_20,Bakery,2024-04-06,954.8,2024-04-07,954.8,0.0
P1-1086-0407,1086,Roll_20,Bakery,2024-04-07,602.86,2024-04-08,602.86,0.0
P1-1086-0408,1086,Roll_20,Bakery,2024-04-08,734.52,2024-04-09,734.52,0.0
P1-1086-0409,1086,Roll_20,Bakery,2024-04-09,863.05,2024-04-10,863.05,0.0
P1-1086-0410,1086,Roll_20,Bakery,2024-04-10,359.15,2024-04-11,359.15,0.0
P1-1086-0411,1086,Roll_20,Bakery,2024-04-11,620.83,2024-04-12,620.83,0.0
P1-1086-0412,1086,Roll_20,Bakery,2024-04-12,1183.45,2024-04-13,1183.45,0.0
P1-1086-0413,1086,Roll_20,Bakery,2024-04-13,666.59,2024-04-14,666.59,0.0
P1-1086-0414,1086,Roll_20,Bakery,2024-04-14,851.98,2024-04-15,851.98,0.0
P1-1086-0415,1086,Roll_20,Bakery,2024-04-15,873.98,2024-04-16,873.98,0.0
P1-1086-0416,1086,Roll_20,Bakery,2024-04-16,804.11,2024-04-17,804.11,0.0
P1-1086-0417,1086,Roll_20,Bakery,2024-04-17,891.55,2024-04-18,891.55,0.0
P1-1086-0418,1086,Roll_20,Bakery,2024-04-18,643.64,2024-04-19,643.64,0.0
P1-1086-0419,1086,Roll_20,Bakery,2024-04-19,1046.65,2024-04-20,1046.65,0.0
P1-1086-0420,1086,Roll_20,Bakery,2024-04-20,1093.76,2024-04-21,1093.76,0.0
P1-1086-0421,1086,Roll_20,Bakery,2024-04-21,843.51,2024-04-22,843.51,0.0
P1-1086-0422,1086,Roll_20,Bakery,2024-04-22,797.48,2024-04-23,797.48,0.0
P1-1086-0423,1086,Roll_20,Bakery,2024-04-23,805.45,2024-04-24,805.45,0.0
P1-1086-0424,1086,Roll_20,Bakery,2024-04-24,359.83,2024-04-25,359.83,0.0
P1-1086-0425,1086,Roll_20,Bakery,2024-04-25,828.68,2024-04-26,828.68,0.0
P1-1086-0426,1086,Roll_20,Bakery,2024-04-26,1397.95,2024-04-27,1397.95,0.0
P1-1086-0427,1086,Roll_20,Bakery,2024-04-27,425.88,2024-04-28,425.88,0.0
P1-1086-0428,1086,Roll_20,Bakery,2024-04-28,934.66,2024-04-29,934.66,0.0
P1-1086-0429,1086,Roll_20,Bakery,2024-04-29,598.2,2024-04-30,598.2,0.0
P1-1086-0430,1086,Roll_20,Bakery,2024-04-30,578.48,2024-05-01,578.48,0.0
P1-1086-0501,1086,Roll_20,Bakery,2024-05-01,985.67,2024-05-02,985.67,0.0
P1-1086-0502,1086,Roll_20,Bakery,2024-05-02,939.24,2024-05-03,939.24,0.0
P1-1086-0503,1086,Roll_20,Bakery,2024-05-03,927.32,2024-05-04,927.32,0.0
P1-1086-0504,1086,Roll_20,Bakery,2024-05-04,749.98,2024-05-05,749.98,0.0
P1-1086-0505,1086,Roll_20,Bakery,2024-05-05,722.77,2024-05-06,722.77,0.0
P1-1086-0506,1086,Roll_20,Bakery,2024-05-06,733.91,2024-05-07,733.91,0.0
P1-1086-0507,1086,Roll_20,Bakery,2024-05-07,875.78,2024-05-08,875.78,0.0
P1-1086-0508,1086,Roll_20,Bakery,2024-05-08,1137.31,2024-05-09,1137.31,0.0
P1-1086-0509,1086,Roll_20,Bakery,2024-05-09,896.31,2024-05-10,896.31,0.0
P1-1086-0510,1086,Roll_20,Bakery,2024-05-10,1165.6,2024-05-11,1165.6,0.0
P1-1086-0511,1086,Roll_20,Bakery,2024-05-11,709.69,2024-05-12,709.69,0.0
P1-1086-0512,1086,Roll_20,Bakery,2024-05-12,867.3,2024-05-13,867.3,0.0
P1-1086-0513,1086,Roll_20,Bakery,2024-05-13,770.98,2024-05-14,770.98,0.0
P1-1086-0514,1086,Roll_20,Bakery,2024-05-14,954.87,2024-05-15,954.87,0.0
P1-1086-0515,1086,Roll_20,Bakery,2024-05-15,1111.04,2024-05-16,1111.04,0.0
P1-1086-0516,1086,Roll_20,Bakery,2024-05-16,286.91,2024-05-17,286.91,0.0
P1-1086-0517,1086,Roll_20,Bakery,2024-05-17,994.92,2024-05-18,994.92,0.0
P1-1086-0518,1086,Roll_20,Bakery,2024-05-18,800.37,2024-05-19,800.37,0.0
P1-1086-0519,1086,Roll_20,Bakery,2024-05-19,928.08,2024-05-20,928.08,0.0
P1-1086-0520,1086,Roll_20,Bakery,2024-05-20,599.8,2024-05-21,599.8,0.0
P1-1086-0521,1086,Roll_20,Bakery,2024-05-21,592.02,2024-05-22,592.02,0.0
P1-1086-0522,1086,Roll_20,Bakery,2024-05-22,772.07,2024-05-23,772.07,0.0
P1-1086-0523,1086,Roll_20,Bakery,2024-05-23,674.59,2024-05-24,674.59,0.0
P1-1086-0524,1086,Roll_20,Bakery,2024-05-24,870.81,2024-05-25,870.81,0.0
P1-1086-0525,1086,Roll_20,Bakery,2024-05-25,710.75,2024-05-26,710.75,0.0
P1-1086-0526,1086,Roll_20,Bakery,2024-05-26,737.76,2024-05-27,737.76,0.0
P1-1086-0527,1086,Roll_20,Bakery,2024-05-27,860.03,2024-05-28,860.03,0.0
P1-1086-0528,1086,Roll_20,Bakery,2024-05-28,706.87,2024-05-29,706.87,0.0
P1-1086-0529,1086,Roll_20,Bakery,2024-05-29,794.26,2024-05-30,794.26,0.0
P1-1086-0530,1086,Roll_20,Bakery,2024-05-30,841.08,2024-05-31,841.08,0.0
P1-1086-0531,1086,Roll_20,Bakery,2024-05-31,1097.51,2024-06-01,1097.51,0.0
P1-1086-0601,1086,Roll_20,Bakery,2024-06-01,654.67,2024-06-02,654.67,0.0
P1-1086-0602,1086,Roll_20,Bakery,2024-06-02,1110.55,2024-06-03,839.42,
P1-1112-0301,1112,Croissant_16,Bakery,2024-03-01,1404.14,2024-03-02,1404.14,0.0
P1-1112-0302,1112,Croissant_16,Bakery,2024-03-02,1404.14,2024-03-03,1404.14,0.0
P1-1112-0303,1112,Croissant_16,Bakery,2024-03-03,1353.31,2024-03-04,1353.31,0.0
P1-1112-0304,1112,Croissant_16,Bakery,2024-03-04,868.7,2024-03-05,868.7,0.0
P1-1112-0305,1112,Croissant_16,Bakery,2024-03-05,922.81,2024-03-06,922.81,0.0
P1-1112-0306,1112,Croissant_16,Bakery,2024-03-06,986.87,2024-03-07,986.87,0.0
P1-1112-0307,1112,Croissant_16,Bakery,2024-03-07,937.76,2024-03-08,937.76,0.0
P1-1112-0308,1112,Croissant_16,Bakery,2024-03-08,1034.6,2024-03-09,1034.6,0.0
P1-1112-0309,1112,Croissant_16,Bakery,2024-03-09,545.22,2024-03-10,545.22,0.0
P1-1112-0310,1112,Croissant_16,Bakery,2024-03-10,1132.45,2024-03-11,1132.45,0.0
P1-1112-0311,1112,Croissant_16,Bakery,2024-03-11,1126.86,2024-03-12,1126.86,0.0
P1-1112-0312,1112,Croissant_16,Bakery,2024-03-12,1039.09,2024-03-13,1039.09,0.0
P1-1112-0313,1112,Croissant_16,Bakery,2024-03-13,1029.11,2024-03-14,1029.11,0.0
P1-1112-0314,1112,Croissant_16,Bakery,2024-03-14,1057.35,2024-03-15,1057.35,0.0
P1-1112-0315,1112,Croissant_16,Bakery,2024-03-15,1474.66,2024-03-16,1474.66,0.0
P1-1112-0316,1112,Croissant_16,Bakery,2024-03-16,1160.06,2024-03-17,1160.06,0.0
P1-1112-0317,1112,Croissant_16,Bakery,2024-03-17,1327.17,2024-03-18,1327.17,0.0
P1-1112-0318,1112,Croissant_16,Bakery,2024-03-18,762.47,2024-03-19,762.47,0.0
P1-1112-0319,1112,Croissant_16,Bakery,2024-03-19,1199.52,2024-03-20,1199.52,0.0
P1-1112-0320,1112,Croissant_16,Bakery,2024-03-20,780.49,2024-03-21,780.49,0.0
P1-1112-0321,1112,Croissant_16,Bakery,2024-03-21,1326.62,2024-03-22,1326.62,0.0
P1-1112-0322,1112,Croissant_16,Bakery,2024-03-22,1296.95,2024-03-23,1296.95,0.0
P1-1112-0323,1112,Croissant_16,Bakery,2024-03-23,497.5,2024-03-24,497.5,0.0
P1-1112-0324,1112,Croissant_16,Bakery,2024-03-24,833.48,2024-03-25,833.48,0.0
P1-1112-0325,1112,Croissant_16,Bakery,2024-03-25,1178.67,2024-03-26,1178.67,0.0
P1-1112-0326,1112,Croissant_16,Bakery,2024-03-26,612.47,2024-03-27,612.47,0.0
P1-1112-0327,1112,Croissant_16,Bakery,2024-03-27,1207.04,2024-03-28,1207.04,0.0
P1-1112-0328,1112,Croissant_16,Bakery,2024-03-28,889.19,2024-03-29,889.19,0.0
P1-1112-0329,1112,Croissant_16,Bakery,2024-03-29,1034.52,2024-03-30,1034.52,0.0
P1-1112-0330,1112,Croissant_16,Bakery,2024-03-30,530.0,2024-03-31,530.0,0.0
P1-1112-0331,1112,Croissant_16,Bakery,2024-03-31,780.59,2024-04-01,780.59,0.0
P1-1112-0401,1112,Croissant_16,Bakery,2024-04-01,450.31,2024-04-02,450.31,0.0
P1-1112-0402,1112,Croissant_16,Bakery,2024-04-02,1200.28,2024-04-03,1200.28,0.0
P1-1112-0403,1112,Croissant_16,Bakery,2024-04-03,919.37,2024-04-04,919.37,0.0
P1-1112-0404,1112,Croissant_16,Bakery,2024-04-04,953.98,2024-04-05,953.98,0.0
P1-1112-0405,1112,Croissant_16,Bakery,2024-04-05,941.71,2024-04-06,941.71,0.0
P1-1112-0406,1112,Croissant_16,Bakery,2024-04-06,854.84,2024-04-07,854.84,0.0
P1-1112-0407,1112,Croissant_16,Bakery,2024-04-07,1132.8,2024-04-08,1132.8,0.0
P1-1112-0408,1112,Croissant_16,Bakery,2024-04-08,1160.09,2024-04-09,1160.09,0.0
P1-1112-0409,1112,Croissant_16,Bakery,2024-04-09,1032.98,2024-04-10,1032.98,0.0
P1-1112-0410,1112,Croissant_16,Bakery,2024-04-10,829.36,2024-04-11,829.36,0.0
P1-1112-0411,1112,Croissant_16,Bakery,2024-04-11,998.83,2024-04-12,998.83,0.0
P1-1112-0412,1112,Croissant_16,Bakery,2024-04-12,1536.67,2024-04-13,1536.67,0.0
P1-1112-0413,1112,Croissant_16,Bakery,2024-04-13,878.2,2024-04-14,878.2,0.0
P1-1112-0414,1112,Croissant_16,Bakery,2024-04-14,1233.41,2024-04-15,1233.41,0.0
P1-1112-0415,1112,Croissant_16,Bakery,2024-04-15,755.64,2024-04-16,755.64,0.0
P1-1112-0416,1112,Croissant_16,Bakery,2024-04-16,1144.02,2024-04-17,1144.02,0.0
P1-1112-0417,1112,Croissant_16,Bakery,2024-04-17,812.93,2024-04-18,812.93,0.0
P1-1112-0418,1112,Croissant_16,Bakery,2024-04-18,1219.63,2024-04-19,1219.63,0.0
P1-1112-0419,1112,Croissant_16,Bakery,2024-04-19,1441.59,2024-04-20,1441.59,0.0
P1-1112-0420,1112,Croissant_16,Bakery,2024-04-20,1178.92,2024-04-21,1178.92,0.0
P1-1112-0421,1112,Croissant_16,Bakery,2024-04-21,1128.87,2024-04-22,1128.87,0.0
P1-1112-0422,1112,Croissant_16,Bakery,2024-04-22,1112.07,2024-04-23,1112.07,0.0
P1-1112-0423,1112,Croissant_16,Bakery,2024-04-23,816.76,2024-04-24,816.76,0.0
P1-1112-0424,1112,Croissant_16,Bakery,2024-04-24,1202.31,2024-04-25,1202.31,0.0
P1-1112-0425,1112,Croissant_16,Bakery,2024-04-25,1162.69,2024-04-26,1162.69,0.0
P1-1112-0426,1112,Croissant_16,Bakery,2024-04-26,1300.12,2024-04-27,1300.12,0.0
P1-1112-0427,1112,Croissant_16,Bakery,2024-04-27,768.79,2024-04-28,768.79,0.0
P1-1112-0428,1112,Croissant_16,Bakery,2024-04-28,807.69,2024-04-29,807.69,0.0
P1-1112-0429,1112,Croissant_16,Bakery,2024-04-29,1127.81,2024-04-30,1127.81,0.0
P1-1112-0430,1112,Croissant_16,Bakery,2024-04-30,875.67,2024-05-01,875.67,0.0
P1-1112-0501,1112,Croissant_16,Bakery,2024-05-01,917.84,2024-05-02,917.84,0.0
P1-1112-0502,1112,Croissant_16,Bakery,2024-05-02,867.1,2024-05-03,867.1,0.0
P1-1112-0503,1112,Croissant_16,Bakery,2024-05-03,1348.52,2024-05-04,1348.52,0.0
P1-1112-0504,1112,Croissant_16,Bakery,2024-05-04,1112.06,2024-05-05,1112.06,0.0
P1-1112-0505,1112,Croissant_16,Bakery,2024-05-05,1142.69,2024-05-06,1142.69,0.0
P1-1112-0506,1112,Croissant_16,Bakery,2024-05-06,621.7,2024-05-07,621.7,0.0
P1-1112-0507,1112,Croissant_16,Bakery,2024-05-07,1243.74,2024-05-08,1243.74,0.0
P1-1112-0508,1112,Croissant_16,Bakery,2024-05-08,1163.76,2024-05-09,1163.76,0.0
P1-1112-0509,1112,Croissant_16,Bakery,2024-05-09,1118.31,2024-05-10,1118.31,0.0
P1-1112-0510,1112,Croissant_16,Bakery,2024-05-10,1312.41,2024-05-11,1312.41,0.0
P1-1112-0511,1112,Croissant_16,Bakery,2024-05-11,551.29,2024-05-12,551.29,0.0
P1-1112-0512,1112,Croissant_16,Bakery,2024-05-12,1021.44,2024-05-13,1021.44,0.0
P1-1112-0513,1112,Croissant_16,Bakery,2024-05-13,1267.83,2024-05-14,1267.83,0.0
P1-1112-0514,1112,Croissant_16,Bakery,2024-05-14,1282.51,2024-05-15,1282.51,0.0
P1-1112-0515,1112,Croissant_16,Bakery,2024-05-15,636.43,2024-05-16,636.43,0.0
P1-1112-0516,1112,Croissant_16,Bakery,2024-05-16,1145.43,2024-05-17,1145.43,0.0
P1-1112-0517,1112,Croissant_16,Bakery,2024-05-17,1478.72,2024-05-18,1478.72,0.0
P1-1112-0518,1112,Croissant_16,Bakery,2024-05-18,1183.47,2024-05-19,1183.47,0.0
P1-1112-0519,1112,Croissant_16,Bakery,2024-05-19,1107.59,2024-05-20,1107.59,0.0
P1-1112-0520,1112,Croissant_16,Bakery,2024-05-20,897.9,2024-05-21,897.9,0.0
P1-1112-0521,1112,Croissant_16,Bakery,2024-05-21,936.74,2024-05-22,936.74,0.0
P1-1112-0522,1112,Croissant_16,Bakery,2024-05-22,928.96,2024-05-23,928.96,0.0
P1-1112-0523,1112,Croissant_16,Bakery,2024-05-23,943.3,2024-05-24,943.3,0.0
P1-1112-0524,1112,Croissant_16,Bakery,2024-05-24,1280.46,2024-05-25,1280.46,0.0
P1-1112-0525,1112,Croissant_16,Bakery,2024-05-25,523.21,2024-05-26,523.21,0.0
P1-1112-0526,1112,Croissant_16,Bakery,2024-05-26,987.04,2024-05-27,987.04,0.0
P1-1112-0527,1112,Croissant_16,Bakery,2024-05-27,1089.75,2024-05-28,1089.75,0.0
P1-1112-0528,1112,Croissant_16,Bakery,2024-05-28,990.14,2024-05-29,990.14,0.0
P1-1112-0529,1112,Croissant_16,Bakery,2024-05-29,984.08,2024-05-30,984.08,0.0
P1-1112-0530,1112,Croissant_16,Bakery,2024-05-30,915.22,2024-05-31,915.22,0.0
P1-1112-0531,1112,Croissant_16,Bakery,2024-05-31,1460.2,2024-06-01,1460.2,0.0
P1-1112-0601,1112,Croissant_16,Bakery,2024-06-01,975.53,2024-06-02,975.53,0.0
P1-1112-0602,1112,Croissant_16,Bakery,2024-06-02,1485.14,2024-06-03,1028.03,
P1-1124-0301,1124,Pastry_92,Bakery,2024-03-01,48.11,2024-03-02,48.11,0.0
P1-1124-0302,1124,Pastry_92,Bakery,2024-03-02,59.92,2024-03-03,59.92,0.0
P1-1124-0303,1124,Pastry_92,Bakery,2024-03-03,58.8,2024-03-04,58.8,0.0
P1-1124-0304,1124,Pastry_92,Bakery,2024-03-04,43.14,2024-03-05,43.14,0.0
P1-1124-0305,1124,Pastry_92,Bakery,2024-03-05,40.0,2024-03-06,40.0,0.0
P1-1124-0306,1124,Pastry_92,Bakery,2024-03-06,39.08,2024-03-07,39.08,0.0
P1-1124-0307,1124,Pastry_92,Bakery,2024-03-07,31.87,2024-03-08,31.87,0.0
P1-1124-0308,1124,Pastry_92,Bakery,2024-03-08,37.61,2024-03-09,37.61,0.0
P1-1124-0309,1124,Pastry_92,Bakery,2024-03-09,52.52,2024-03-10,52.52,0.0
P1-1124-0310,1124,Pastry_92,Bakery,2024-03-10,46.55,2024-03-11,46.55,0.0
P1-1124-0311,1124,Pastry_92,Bakery,2024-03-11,31.73,2024-03-12,31.73,0.0
P1-1124-0312,1124,Pastry_92,Bakery,2024-03-12,48.68,2024-03-13,48.68,0.0
P1-1124-0313,1124,Pastry_92,Bakery,2024-03-13,42.57,2024-03-14,42.57,0.0
P1-1124-0314,1124,Pastry_92,Bakery,2024-03-14,45.12,2024-03-15,45.12,0.0
P1-1124-0315,1124,Pastry_92,Bakery,2024-03-15,36.88,2024-03-16,36.88,0.0
P1-1124-0316,1124,Pastry_92,Bakery,2024-03-16,77.98,2024-03-17,77.98,0.0
P1-1124-0317,1124,Pastry_92,Bakery,2024-03-17,25.88,2024-03-18,25.88,0.0
P1-1124-0318,1124,Pastry_92,Bakery,2024-03-18,47.34,2024-03-19,47.34,0.0
P1-1124-0319,1124,Pastry_92,Bakery,2024-03-19,47.84,2024-03-20,47.84,0.0
P1-1124-0320,1124,Pastry_92,Bakery,2024-03-20,13.57,2024-03-21,13.57,0.0
P1-1124-0321,1124,Pastry_92,Bakery,2024-03-21,37.63,2024-03-22,37.63,0.0
P1-1124-0322,1124,Pastry_92,Bakery,2024-03-22,63.3,2024-03-23,63.3,0.0
P1-1124-0323,1124,Pastry_92,Bakery,2024-03-23,49.19,2024-03-24,49.19,0.0
P1-1124-0324,1124,Pastry_92,Bakery,2024-03-24,24.28,2024-03-25,24.28,0.0
P1-1124-0325,1124,Pastry_92,Bakery,2024-03-25,55.87,2024-03-26,55.87,0.0
P1-1124-0326,1124,Pastry_92,Bakery,2024-03-26,12.18,2024-03-27,12.18,0.0
P1-1124-0327,1124,Pastry_92,Bakery,2024-03-27,49.26,2024-03-28,49.26,0.0
P1-1124-0328,1124,Pastry_92,Bakery,2024-03-28,28.25,2024-03-29,28.25,0.0
P1-1124-0329,1124,Pastry_92,Bakery,2024-03-29,53.79,2024-03-30,52.94,0.85
P1-1124-0330,1124,Pastry_92,Bakery,2024-03-30,29.44,2024-03-31,29.44,0.0
P1-1124-0331,1124,Pastry_92,Bakery,2024-03-31,25.59,2024-04-01,25.59,0.0
P1-1124-0401,1124,Pastry_92,Bakery,2024-04-01,19.33,2024-04-02,19.33,0.0
P1-1124-0402,1124,Pastry_92,Bakery,2024-04-02,40.67,2024-04-03,40.67,0.0
P1-1124-0403,1124,Pastry_92,Bakery,2024-04-03,22.4,2024-04-04,22.4,0.0
P1-1124-0404,1124,Pastry_92,Bakery,2024-04-04,51.28,2024-04-05,51.28,0.0
P1-1124-0405,1124,Pastry_92,Bakery,2024-04-05,53.66,2024-04-06,53.66,0.0
P1-1124-0406,1124,Pastry_92,Bakery,2024-04-06,61.24,2024-04-07,61.24,0.0
P1-1124-0407,1124,Pastry_92,Bakery,2024-04-07,50.41,2024-04-08,50.41,0.0
P1-1124-0408,1124,Pastry_92,Bakery,2024-04-08,50.26,2024-04-09,50.26,0.0
P1-1124-0409,1124,Pastry_92,Bakery,2024-04-09,19.81,2024-04-10,19.81,0.0
P1-1124-0410,1124,Pastry_92,Bakery,2024-04-10,51.44,2024-04-11,51.44,0.0
P1-1124-0411,1124,Pastry_92,Bakery,2024-04-11,57.19,2024-04-12,57.19,0.0
P1-1124-0412,1124,Pastry_92,Bakery,2024-04-12,52.58,2024-04-13,50.95,1.63
P1-1124-0413,1124,Pastry_92,Bakery,2024-04-13,45.03,2024-04-14,45.03,0.0
P1-1124-0414,1124,Pastry_92,Bakery,2024-04-14,9.22,2024-04-15,9.22,0.0
P1-1124-0415,1124,Pastry_92,Bakery,2024-04-15,49.09,2024-04-16,49.09,0.0
P1-1124-0416,1124,Pastry_92,Bakery,2024-04-16,44.51,2024-04-17,44.51,0.0
P1-1124-0417,1124,Pastry_92,Bakery,2024-04-17,43.91,2024-04-18,43.91,0.0
P1-1124-0418,1124,Pastry_92,Bakery,2024-04-18,21.66,2024-04-19,21.66,0.0
P1-1124-0419,1124,Pastry_92,Bakery,2024-04-19,58.66,2024-04-20,58.66,0.0
P1-1124-0420,1124,Pastry_92,Bakery,2024-04-20,32.02,2024-04-21,32.02,0.0
P1-1124-0421,1124,Pastry_92,Bakery,2024-04-21,62.36,2024-04-22,62.32,0.04
P1-1124-0422,1124,Pastry_92,Bakery,2024-04-22,11.01,2024-04-23,11.01,0.0
P1-1124-0423,1124,Pastry_92,Bakery,2024-04-23,34.51,2024-04-24,34.51,0.0
P1-1124-0424,1124,Pastry_92,Bakery,2024-04-24,34.84,2024-04-25,34.84,0.0
P1-1124-0425,1124,Pastry_92,Bakery,2024-04-25,41.11,2024-04-26,41.11,0.0
P1-1124-0426,1124,Pastry_92,Bakery,2024-04-26,71.4,2024-04-27,71.4,0.0
P1-1124-0427,1124,Pastry_92,Bakery,2024-04-27,70.58,2024-04-28,70.58,0.0
P1-1124-0428,1124,Pastry_92,Bakery,2024-04-28,12.23,2024-04-29,12.23,0.0
P1-1124-0429,1124,Pastry_92,Bakery,2024-04-29,52.51,2024-04-30,52.51,0.0
P1-1124-0430,1124,Pastry_92,Bakery,2024-04-30,34.89,2024-05-01,34.89,0.0
P1-1124-0501,1124,Pastry_92,Bakery,2024-05-01,36.11,2024-05-02,36.11,0.0
P1-1124-0502,1124,Pastry_92,Bakery,2024-05-02,48.92,2024-05-03,48.92,0.0
P1-1124-0503,1124,Pastry_92,Bakery,2024-05-03,76.06,2024-05-04,76.06,0.0
P1-1124-0504,1124,Pastry_92,Bakery,2024-05-04,15.51,2024-05-05,15.51,0.0
P1-1124-0505,1124,Pastry_92,Bakery,2024-05-05,62.16,2024-05-06,62.16,0.0
P1-1124-0506,1124,Pastry_92,Bakery,2024-05-06,40.92,2024-05-07,40.92,0.0
P1-1124-0507,1124,Pastry_92,Bakery,2024-05-07,44.4,2024-05-08,44.4,0.0
P1-1124-0508,1124,Pastry_92,Bakery,2024-05-08,43.62,2024-05-09,43.62,0.0
P1-1124-0509,1124,Pastry_92,Bakery,2024-05-09,33.4,2024-05-10,33.4,0.0
P1-1124-0510,1124,Pastry_92,Bakery,2024-05-10,79.72,2024-05-11,79.72,0.0
P1-1124-0511,1124,Pastry_92,Bakery,2024-05-11,17.36,2024-05-12,17.36,0.0
P1-1124-0512,1124,Pastry_92,Bakery,2024-05-12,44.02,2024-05-13,38.42,5.6
P1-1124-0513,1124,Pastry_92,Bakery,2024-05-13,32.02,2024-05-14,32.02,0.0
P1-1124-0514,1124,Pastry_92,Bakery,2024-05-14,17.29,2024-05-15,17.29,0.0
P1-1124-0515,1124,Pastry_92,Bakery,2024-05-15,53.22,2024-05-16,51.29,1.93
P1-1124-0516,1124,Pastry_92,Bakery,2024-05-16,14.78,2024-05-17,14.78,0.0
P1-1124-0517,1124,Pastry_92,Bakery,2024-05-17,52.69,2024-05-18,52.69,0.0
P1-1124-0518,1124,Pastry_92,Bakery,2024-05-18,71.93,2024-05-19,71.93,0.0
P1-1124-0519,1124,Pastry_92,Bakery,2024-05-19,56.36,2024-05-20,56.36,0.0
P1-1124-0520,1124,Pastry_92,Bakery,2024-05-20,52.01,2024-05-21,52.01,0.0
P1-1124-0521,1124,Pastry_92,Bakery,2024-05-21,51.36,2024-05-22,51.36,0.0
P1-1124-0522,1124,Pastry_92,Bakery,2024-05-22,26.46,2024-05-23,26.46,0.0
P1-1124-0523,1124,Pastry_92,Bakery,2024-05-23,46.41,2024-05-24,46.41,0.0
P1-1124-0524,1124,Pastry_92,Bakery,2024-05-24,63.76,2024-05-25,63.76,0.0
P1-1124-0525,1124,Pastry_92,Bakery,2024-05-25,86.93,2024-05-26,86.93,0.0
P1-1124-0526,1124,Pastry_92,Bakery,2024-05-26,17.46,2024-05-27,17.46,0.0
P1-1124-0527,1124,Pastry_92,Bakery,2024-05-27,38.71,2024-05-28,38.71,0.0
P1-1124-0528,1124,Pastry_92,Bakery,2024-05-28,19.87,2024-05-29,19.87,0.0
P1-1124-0529,1124,Pastry_92,Bakery,2024-05-29,57.25,2024-05-30,57.25,0.0
P1-1124-0530,1124,Pastry_92,Bakery,2024-05-30,17.35,2024-05-31,17.35,0.0
P1-1124-0531,1124,Pastry_92,Bakery,2024-05-31,76.12,2024-06-01,76.12,0.0
P1-1124-0601,1124,Pastry_92,Bakery,2024-06-01,34.2,2024-06-02,34.2,0.0
P1-1124-0602,1124,Pastry_92,Bakery,2024-06-02,39.43,2024-06-03,20.62,
P1-1131-0301,1131,Toust_16,Bakery,2024-03-01,346.3,2024-03-02,346.3,0.0
P1-1131-0302,1131,Toust_16,Bakery,2024-03-02,346.3,2024-03-03,346.3,0.0
P1-1131-0303,1131,Toust_16,Bakery,2024-03-03,337.61,2024-03-04,337.61,0.0
P1-1131-0304,1131,Toust_16,Bakery,2024-03-04,229.3,2024-03-05,229.3,0.0
P1-1131-0305,1131,Toust_16,Bakery,2024-03-05,248.43,2024-03-06,248.43,0.0
P1-1131-0306,1131,Toust_16,Bakery,2024-03-06,217.99,2024-03-07,217.99,0.0
P1-1131-0307,1131,Toust_16,Bakery,2024-03-07,197.75,2024-03-08,197.75,0.0
P1-1131-0308,1131,Toust_16,Bakery,2024-03-08,258.69,2024-03-09,258.69,0.0
P1-1131-0309,1131,Toust_16,Bakery,2024-03-09,172.48,2024-03-10,172.48,0.0
P1-1131-0310,1131,Toust_16,Bakery,2024-03-10,219.57,2024-03-11,219.57,0.0
P1-1131-0311,1131,Toust_16,Bakery,2024-03-11,306.68,2024-03-12,306.68,0.0
P1-1131-0312,1131,Toust_16,Bakery,2024-03-12,239.34,2024-03-13,239.34,0.0
P1-1131-0313,1131,Toust_16,Bakery,2024-03-13,226.63,2024-03-14,226.63,0.0
P1-1131-0314,1131,Toust_16,Bakery,2024-03-14,272.14,2024-03-15,272.14,0.0
P1-1131-0315,1131,Toust_16,Bakery,2024-03-15,296.54,2024-03-16,296.54,0.0
P1-1131-0316,1131,Toust_16,Bakery,2024-03-16,279.39,2024-03-17,279.39,0.0
P1-1131-0317,1131,Toust_16,Bakery,2024-03-17,313.78,2024-03-18,313.78,0.0
P1-1131-0318,1131,Toust_16,Bakery,2024-03-18,250.0,2024-03-19,250.0,0.0
P1-1131-0319,1131,Toust_16,Bakery,2024-03-19,198.06,2024-03-20,198.06,0.0
P1-1131-0320,1131,Toust_16,Bakery,2024-03-20,189.95,2024-03-21,189.95,0.0
P1-1131-0321,1131,Toust_16,Bakery,2024-03-21,293.69,2024-03-22,293.69,0.0
P1-1131-0322,1131,Toust_16,Bakery,2024-03-22,340.62,2024-03-23,340.62,0.0
P1-1131-0323,1131,Toust_16,Bakery,2024-03-23,215.11,2024-03-24,215.11,0.0
P1-1131-0324,1131,Toust_16,Bakery,2024-03-24,259.35,2024-03-25,259.35,0.0
P1-1131-0325,1131,Toust_16,Bakery,2024-03-25,221.11,2024-03-26,221.11,0.0
P1-1131-0326,1131,Toust_16,Bakery,2024-03-26,231.91,2024-03-27,231.91,0.0
P1-1131-0327,1131,Toust_16,Bakery,2024-03-27,270.6,2024-03-28,270.6,0.0
P1-1131-0328,1131,Toust_16,Bakery,2024-03-28,335.06,2024-03-29,335.06,0.0
P1-1131-0329,1131,Toust_16,Bakery,2024-03-29,348.4,2024-03-30,348.4,0.0
P1-1131-0330,1131,Toust_16,Bakery,2024-03-30,221.62,2024-03-31,221.62,0.0
P1-1131-0331,1131,Toust_16,Bakery,2024-03-31,166.94,2024-04-01,166.94,0.0
P1-1131-0401,1131,Toust_16,Bakery,2024-04-01,162.94,2024-04-02,162.94,0.0
P1-1131-0402,1131,Toust_16,Bakery,2024-04-02,274.16,2024-04-03,274.16,0.0
P1-1131-0403,1131,Toust_16,Bakery,2024-04-03,331.36,2024-04-04,331.36,0.0
P1-1131-0404,1131,Toust_16,Bakery,2024-04-04,258.62,2024-04-05,258.62,0.0
P1-1131-0405,1131,Toust_16,Bakery,2024-04-05,184.92,2024-04-06,184.92,0.0
P1-1131-0406,1131,Toust_16,Bakery,2024-04-06,219.61,2024-04-07,219.61,0.0
P1-1131-0407,1131,Toust_16,Bakery,2024-04-07,241.65,2024-04-08,241.65,0.0
P1-1131-0408,1131,Toust_16,Bakery,2024-04-08,289.35,2024-04-09,289.35,0.0
P1-1131-0409,1131,Toust_16,Bakery,2024-04-09,228.67,2024-04-10,228.67,0.0
P1-1131-0410,1131,Toust_16,Bakery,2024-04-10,192.35,2024-04-11,192.35,0.0
P1-1131-0411,1131,Toust_16,Bakery,2024-04-11,328.28,2024-04-12,328.28,0.0
P1-1131-0412,1131,Toust_16,Bakery,2024-04-12,338.82,2024-04-13,338.82,0.0
P1-1131-0413,1131,Toust_16,Bakery,2024-04-13,231.02,2024-04-14,231.02,0.0
P1-1131-0414,1131,Toust_16,Bakery,2024-04-14,224.36,2024-04-15,224.36,0.0
P1-1131-0415,1131,Toust_16,Bakery,2024-04-15,219.02,2024-04-16,219.02,0.0
P1-1131-0416,1131,Toust_16,Bakery,2024-04-16,251.29,2024-04-17,251.29,0.0
P1-1131-0417,1131,Toust_16,Bakery,2024-04-17,332.24,2024-04-18,332.24,0.0
P1-1131-0418,1131,Toust_16,Bakery,2024-04-18,289.56,2024-04-19,289.56,0.0
P1-1131-0419,1131,Toust_16,Bakery,2024-04-19,352.42,2024-04-20,352.42,0.0
P1-1131-0420,1131,Toust_16,Bakery,2024-04-20,277.1,2024-04-21,277.1,0.0
P1-1131-0421,1131,Toust_16,Bakery,2024-04-21,293.54,2024-04-22,293.54,0.0
P1-1131-0422,1131,Toust_16,Bakery,2024-04-22,294.53,2024-04-23,294.53,0.0
P1-1131-0423,1131,Toust_16,Bakery,2024-04-23,281.1,2024-04-24,281.1,0.0
P1-1131-0424,1131,Toust_16,Bakery,2024-04-24,251.63,2024-04-25,251.63,0.0
P1-1131-0425,1131,Toust_16,Bakery,2024-04-25,289.59,2024-04-26,289.59,0.0
P1-1131-0426,1131,Toust_16,Bakery,2024-04-26,438.92,2024-04-27,425.53,13.39
P1-1131-0427,1131,Toust_16,Bakery,2024-04-27,74.55,2024-04-28,74.55,0.0
P1-1131-0428,1131,Toust_16,Bakery,2024-04-28,266.38,2024-04-29,266.38,0.0
P1-1131-0429,1131,Toust_16,Bakery,2024-04-29,215.61,2024-04-30,215.61,0.0
P1-1131-0430,1131,Toust_16,Bakery,2024-04-30,219.36,2024-05-01,219.36,0.0
P1-1131-0501,1131,Toust_16,Bakery,2024-05-01,304.57,2024-05-02,304.57,0.0
P1-1131-0502,1131,Toust_16,Bakery,2024-05-02,236.49,2024-05-03,236.49,0.0
P1-1131-0503,1131,Toust_16,Bakery,2024-05-03,237.97,2024-05-04,237.97,0.0
P1-1131-0504,1131,Toust_16,Bakery,2024-05-04,199.25,2024-05-05,199.25,0.0
P1-1131-0505,1131,Toust_16,Bakery,2024-05-05,264.11,2024-05-06,264.11,0.0
P1-1131-0506,1131,Toust_16,Bakery,2024-05-06,256.93,2024-05-07,256.93,0.0
P1-1131-0507,1131,Toust_16,Bakery,2024-05-07,271.43,2024-05-08,271.43,0.0
P1-1131-0508,1131,Toust_16,Bakery,2024-05-08,239.39,2024-05-09,239.39,0.0
P1-1131-0509,1131,Toust_16,Bakery,2024-05-09,314.89,2024-05-10,314.89,0.0
P1-1131-0510,1131,Toust_16,Bakery,2024-05-10,265.93,2024-05-11,265.93,0.0
P1-1131-0511,1131,Toust_16,Bakery,2024-05-11,205.0,2024-05-12,205.0,0.0
P1-1131-0512,1131,Toust_16,Bakery,2024-05-12,260.25,2024-05-13,260.25,0.0
P1-1131-0513,1131,Toust_16,Bakery,2024-05-13,217.26,2024-05-14,217.26,0.0
P1-1131-0514,1131,Toust_16,Bakery,2024-05-14,316.71,2024-05-15,316.71,0.0
P1-1131-0515,1131,Toust_16,Bakery,2024-05-15,215.28,2024-05-16,215.28,0.0
P1-1131-0516,1131,Toust_16,Bakery,2024-05-16,199.06,2024-05-17,199.06,0.0
P1-1131-0517,1131,Toust_16,Bakery,2024-05-17,326.21,2024-05-18,326.21,0.0
P1-1131-0518,1131,Toust_16,Bakery,2024-05-18,282.79,2024-05-19,282.79,0.0
P1-1131-0519,1131,Toust_16,Bakery,2024-05-19,280.61,2024-05-20,280.61,0.0
P1-1131-0520,1131,Toust_16,Bakery,2024-05-20,266.54,2024-05-21,266.54,0.0
P1-1131-0521,1131,Toust_16,Bakery,2024-05-21,243.07,2024-05-22,243.07,0.0
P1-1131-0522,1131,Toust_16,Bakery,2024-05-22,172.61,2024-05-23,172.61,0.0
P1-1131-0523,1131,Toust_16,Bakery,2024-05-23,343.49,2024-05-24,343.49,0.0
P1-1131-0524,1131,Toust_16,Bakery,2024-05-24,291.69,2024-05-25,291.69,0.0
P1-1131-0525,1131,Toust_16,Bakery,2024-05-25,221.6,2024-05-26,221.6,0.0
P1-1131-0526,1131,Toust_16,Bakery,2024-05-26,230.94,2024-05-27,230.94,0.0
P1-1131-0527,1131,Toust_16,Bakery,2024-05-27,195.42,2024-05-28,195.42,0.0
P1-1131-0528,1131,Toust_16,Bakery,2024-05-28,243.18,2024-05-29,243.18,0.0
P1-1131-0529,1131,Toust_16,Bakery,2024-05-29,295.59,2024-05-30,295.59,0.0
P1-1131-0530,1131,Toust_16,Bakery,2024-05-30,259.94,2024-05-31,259.94,0.0
P1-1131-0531,1131,Toust_16,Bakery,2024-05-31,329.88,2024-06-01,329.88,0.0
P1-1131-0601,1131,Toust_16,Bakery,2024-06-01,217.49,2024-06-02,217.49,0.0
P1-1131-0602,1131,Toust_16,Bakery,2024-06-02,273.28,2024-06-03,215.14,
P1-1164-0301,1164,Physalis_1,Fruit and vegetable,2024-03-01,51.69,2024-03-03,51.69,0.0
P1-1164-0302,1164,Physalis_1,Fruit and vegetable,2024-03-02,51.69,2024-03-04,51.69,0.0
P1-1164-0303,1164,Physalis_1,Fruit and vegetable,2024-03-03,51.65,2024-03-05,51.65,0.0
P1-1164-0304,1164,Physalis_1,Fruit and vegetable,2024-03-04,47.01,2024-03-06,47.01,0.0
P1-1164-0305,1164,Physalis_1,Fruit and vegetable,2024-03-05,30.7,2024-03-07,30.7,0.0
P1-1164-0306,1164,Physalis_1,Fruit and vegetable,2024-03-06,22.29,2024-03-08,22.29,0.0
P1-1164-0307,1164,Physalis_1,Fruit and vegetable,2024-03-07,42.96,2024-03-09,42.96,0.0
P1-1164-0308,1164,Physalis_1,Fruit and vegetable,2024-03-08,28.63,2024-03-10,28.63,0.0
P1-1164-0309,1164,Physalis_1,Fruit and vegetable,2024-03-09,42.92,2024-03-11,42.92,0.0
P1-1164-0310,1164,Physalis_1,Fruit and vegetable,2024-03-10,10.09,2024-03-12,10.09,0.0
P1-1164-0311,1164,Physalis_1,Fruit and vegetable,2024-03-11,30.14,2024-03-13,30.14,0.0
P1-1164-0312,1164,Physalis_1,Fruit and vegetable,2024-03-12,25.94,2024-03-14,25.94,0.0
P1-1164-0313,1164,Physalis_1,Fruit and vegetable,2024-03-13,44.32,2024-03-15,44.32,0.0
P1-1164-0314,1164,Physalis_1,Fruit and vegetable,2024-03-14,13.61,2024-03-16,13.61,0.0
P1-1164-0315,1164,Physalis_1,Fruit and vegetable,2024-03-15,40.14,2024-03-17,40.14,0.0
P1-1164-0316,1164,Physalis_1,Fruit and vegetable,2024-03-16,7.07,2024-03-18,7.07,0.0
P1-1164-0317,1164,Physalis_1,Fruit and vegetable,2024-03-17,47.99,2024-03-19,47.99,0.0
P1-1164-0318,1164,Physalis_1,Fruit and vegetable,2024-03-18,12.41,2024-03-20,12.41,0.0
P1-1164-0319,1164,Physalis_1,Fruit and vegetable,2024-03-19,19.26,2024-03-21,19.26,0.0
P1-1164-0320,1164,Physalis_1,Fruit and vegetable,2024-03-20,36.27,2024-03-22,36.27,0.0
P1-1164-0321,1164,Physalis_1,Fruit and vegetable,2024-03-21,31.97,2024-03-23,31.97,0.0
P1-1164-0322,1164,Physalis_1,Fruit and vegetable,2024-03-22,51.78,2024-03-24,51.78,0.0
P1-1164-0323,1164,Physalis_1,Fruit and vegetable,2024-03-23,50.64,2024-03-25,50.64,0.0
P1-1164-0324,1164,Physalis_1,Fruit and vegetable,2024-03-24,16.0,2024-03-26,16.0,0.0
P1-1164-0325,1164,Physalis_1,Fruit and vegetable,2024-03-25,45.46,2024-03-27,45.46,0.0
P1-1164-0326,1164,Physalis_1,Fruit and vegetable,2024-03-26,20.32,2024-03-28,20.32,0.0
P1-1164-0327,1164,Physalis_1,Fruit and vegetable,2024-03-27,24.74,2024-03-29,24.74,0.0
P1-1164-0328,1164,Physalis_1,Fruit and vegetable,2024-03-28,40.68,2024-03-30,38.58,2.11
P1-1164-0329,1164,Physalis_1,Fruit and vegetable,2024-03-29,32.09,2024-03-31,28.57,3.52
P1-1164-0331,1164,Physalis_1,Fruit and vegetable,2024-03-31,22.94,2024-04-02,22.94,0.0
P1-1164-0401,1164,Physalis_1,Fruit and vegetable,2024-04-01,12.65,2024-04-03,12.65,0.0
P1-1164-0402,1164,Physalis_1,Fruit and vegetable,2024-04-02,21.93,2024-04-04,21.93,0.0
P1-1164-0403,1164,Physalis_1,Fruit and vegetable,2024-04-03,87.73,2024-04-05,87.73,0.0
P1-1164-0404,1164,Physalis_1,Fruit and vegetable,2024-04-04,76.45,2024-04-06,76.45,0.0
P1-1164-0405,1164,Physalis_1,Fruit and vegetable,2024-04-05,116.59,2024-04-07,116.59,0.0
P1-1164-0406,1164,Physalis_1,Fruit and vegetable,2024-04-06,64.61,2024-04-08,64.61,0.0
P1-1164-0407,1164,Physalis_1,Fruit and vegetable,2024-04-07,42.8,2024-04-09,42.8,0.0
P1-1164-0408,1164,Physalis_1,Fruit and vegetable,2024-04-08,44.1,2024-04-10,30.69,13.42
P1-1164-0409,1164,Physalis_1,Fruit and vegetable,2024-04-09,32.21,2024-04-11,26.58,5.63
P1-1164-0411,1164,Physalis_1,Fruit and vegetable,2024-04-11,100.45,2024-04-13,53.76,46.69
P1-1164-0412,1164,Physalis_1,Fruit and vegetable,2024-04-12,19.24,2024-04-14,19.24,0.0
P1-1164-0413,1164,Physalis_1,Fruit and vegetable,2024-04-13,61.74,2024-04-15,43.72,18.01
P1-1164-0415,1164,Physalis_1,Fruit and vegetable,2024-04-15,18.93,2024-04-17,18.93,0.0
P1-1164-0416,1164,Physalis_1,Fruit and vegetable,2024-04-16,29.29,2024-04-18,29.29,0.0
P1-1164-0417,1164,Physalis_1,Fruit and vegetable,2024-04-17,9.58,2024-04-19,9.58,0.0
P1-1164-0418,1164,Physalis_1,Fruit and vegetable,2024-04-18,32.11,2024-04-20,32.11,0.0
P1-1164-0419,1164,Physalis_1,Fruit and vegetable,2024-04-19,28.22,2024-04-21,28.22,0.0
P1-1164-0420,1164,Physalis_1,Fruit and vegetable,2024-04-20,41.74,2024-04-22,41.74,0.0
P1-1164-0421,1164,Physalis_1,Fruit and vegetable,2024-04-21,38.74,2024-04-23,38.74,0.0
P1-1164-0423,1164,Physalis_1,Fruit and vegetable,2024-04-23,30.3,2024-04-25,30.3,0.0
P1-1164-0424,1164,Physalis_1,Fruit and vegetable,2024-04-24,35.23,2024-04-26,35.23,0.0
P1-1164-0425,1164,Physalis_1,Fruit and vegetable,2024-04-25,19.61,2024-04-27,19.61,0.0
P1-1164-0426,1164,Physalis_1,Fruit and vegetable,2024-04-26,35.75,2024-04-28,35.75,0.0
P1-1164-0427,1164,Physalis_1,Fruit and vegetable,2024-04-27,31.26,2024-04-29,31.26,0.0
P1-1164-0428,1164,Physalis_1,Fruit and vegetable,2024-04-28,44.85,2024-04-30,44.85,0.0
P1-1164-0429,1164,Physalis_1,Fruit and vegetable,2024-04-29,47.03,2024-05-01,47.03,0.0
P1-1164-0430,1164,Physalis_1,Fruit and vegetable,2024-04-30,47.61,2024-05-02,47.61,0.0
P1-1164-0501,1164,Physalis_1,Fruit and vegetable,2024-05-01,12.39,2024-05-03,12.39,0.0
P1-1164-0502,1164,Physalis_1,Fruit and vegetable,2024-05-02,40.57,2024-05-04,40.57,0.0
P1-1164-0503,1164,Physalis_1,Fruit and vegetable,2024-05-03,23.97,2024-05-05,23.97,0.0
P1-1164-0504,1164,Physalis_1,Fruit and vegetable,2024-05-04,20.01,2024-05-06,20.01,0.0
P1-1164-0505,1164,Physalis_1,Fruit and vegetable,2024-05-05,33.67,2024-05-07,33.67,0.0
P1-1164-0506,1164,Physalis_1,Fruit and vegetable,2024-05-06,22.44,2024-05-08,22.44,0.0
P1-1164-0507,1164,Physalis_1,Fruit and vegetable,2024-05-07,0.46,2024-05-09,0.46,0.0
P1-1164-0508,1164,Physalis_1,Fruit and vegetable,2024-05-08,43.01,2024-05-10,43.01,0.0
P1-1164-0510,1164,Physalis_1,Fruit and vegetable,2024-05-10,36.6,2024-05-12,36.6,0.0
P1-1164-0511,1164,Physalis_1,Fruit and vegetable,2024-05-11,6.68,2024-05-13,6.68,0.0
P1-1164-0512,1164,Physalis_1,Fruit and vegetable,2024-05-12,52.72,2024-05-14,52.72,0.0
P1-1164-0513,1164,Physalis_1,Fruit and vegetable,2024-05-13,40.4,2024-05-15,40.4,0.0
P1-1164-0514,1164,Physalis_1,Fruit and vegetable,2024-05-14,45.72,2024-05-16,45.72,0.0
P1-1164-0515,1164,Physalis_1,Fruit and vegetable,2024-05-15,11.92,2024-05-17,11.92,0.0
P1-1164-0516,1164,Physalis_1,Fruit and vegetable,2024-05-16,40.64,2024-05-18,40.64,0.0
P1-1164-0517,1164,Physalis_1,Fruit and vegetable,2024-05-17,27.1,2024-05-19,27.1,0.0
P1-1164-0519,1164,Physalis_1,Fruit and vegetable,2024-05-19,55.72,2024-05-21,55.72,0.0
P1-1164-0520,1164,Physalis_1,Fruit and vegetable,2024-05-20,67.13,2024-05-22,67.13,0.0
P1-1164-0521,1164,Physalis_1,Fruit and vegetable,2024-05-21,8.45,2024-05-23,8.45,0.0
P1-1164-0522,1164,Physalis_1,Fruit and vegetable,2024-05-22,24.44,2024-05-24,24.44,0.0
P1-1164-0523,1164,Physalis_1,Fruit and vegetable,2024-05-23,40.22,2024-05-25,40.22,0.0
P1-1164-0524,1164,Physalis_1,Fruit and vegetable,2024-05-24,47.88,2024-05-26,47.88,0.0
P1-1164-0525,1164,Physalis_1,Fruit and vegetable,2024-05-25,26.39,2024-05-27,26.39,0.0
P1-1164-0526,1164,Physalis_1,Fruit and vegetable,2024-05-26,46.05,2024-05-28,46.05,0.0
P1-1164-0528,1164,Physalis_1,Fruit and vegetable,2024-05-28,11.48,2024-05-30,11.48,0.0
P1-1164-0529,1164,Physalis_1,Fruit and vegetable,2024-05-29,45.37,2024-05-31,45.37,0.0
P1-1164-0530,1164,Physalis_1,Fruit and vegetable,2024-05-30,29.0,2024-06-01,29.0,0.0
P1-1164-0601,1164,Physalis_1,Fruit and vegetable,2024-06-01,12.8,2024-06-03,12.8,0.0
P1-1164-0602,1164,Physalis_1,Fruit and vegetable,2024-06-02,28.64,2024-06-04,16.04,
P1-1169-0301,1169,Pastry_98,Bakery,2024-03-01,20.16,2024-03-02,20.16,0.0
P1-1169-0302,1169,Pastry_98,Bakery,2024-03-02,22.13,2024-03-03,22.13,0.0
P1-1169-0303,1169,Pastry_98,Bakery,2024-03-03,21.94,2024-03-04,21.94,0.0
P1-1169-0304,1169,Pastry_98,Bakery,2024-03-04,18.63,2024-03-05,18.63,0.0
P1-1169-0305,1169,Pastry_98,Bakery,2024-03-05,15.49,2024-03-06,15.49,0.0
P1-1169-0306,1169,Pastry_98,Bakery,2024-03-06,29.92,2024-03-07,29.92,0.0
P1-1169-0307,1169,Pastry_98,Bakery,2024-03-07,23.54,2024-03-08,23.54,0.0
P1-1169-0308,1169,Pastry_98,Bakery,2024-03-08,30.57,2024-03-09,30.57,0.0
P1-1169-0309,1169,Pastry_98,Bakery,2024-03-09,26.72,2024-03-10,26.72,0.0
P1-1169-0310,1169,Pastry_98,Bakery,2024-03-10,30.33,2024-03-11,26.86,3.47
P1-1169-0311,1169,Pastry_98,Bakery,2024-03-11,6.95,2024-03-12,6.95,0.0
P1-1169-0312,1169,Pastry_98,Bakery,2024-03-12,35.47,2024-03-13,31.84,3.64
P1-1169-0313,1169,Pastry_98,Bakery,2024-03-13,3.81,2024-03-14,3.81,0.0
P1-1169-0314,1169,Pastry_98,Bakery,2024-03-14,42.76,2024-03-15,42.76,0.0
P1-1169-0315,1169,Pastry_98,Bakery,2024-03-15,19.26,2024-03-16,19.26,0.0
P1-1169-0316,1169,Pastry_98,Bakery,2024-03-16,53.18,2024-03-17,42.21,10.97
P1-1169-0318,1169,Pastry_98,Bakery,2024-03-18,27.85,2024-03-19,27.85,0.0
P1-1169-0319,1169,Pastry_98,Bakery,2024-03-19,32.65,2024-03-20,32.65,0.0
P1-1169-0320,1169,Pastry_98,Bakery,2024-03-20,35.38,2024-03-21,35.38,0.0
P1-1169-0321,1169,Pastry_98,Bakery,2024-03-21,13.18,2024-03-22,13.18,0.0
P1-1169-0322,1169,Pastry_98,Bakery,2024-03-22,49.63,2024-03-23,41.08,8.55
P1-1169-0323,1169,Pastry_98,Bakery,2024-03-23,6.29,2024-03-24,6.29,0.0
P1-1169-0324,1169,Pastry_98,Bakery,2024-03-24,24.8,2024-03-25,24.8,0.0
P1-1169-0325,1169,Pastry_98,Bakery,2024-03-25,27.35,2024-03-26,26.46,0.89
P1-1169-0326,1169,Pastry_98,Bakery,2024-03-26,26.58,2024-03-27,26.58,0.0
P1-1169-0327,1169,Pastry_98,Bakery,2024-03-27,3.86,2024-03-28,3.86,0.0
P1-1169-0328,1169,Pastry_98,Bakery,2024-03-28,38.92,2024-03-29,28.79,10.13
P1-1169-0329,1169,Pastry_98,Bakery,2024-03-29,15.66,2024-03-30,8.24,7.42
P1-1169-0330,1169,Pastry_98,Bakery,2024-03-30,7.3,2024-03-31,7.3,0.0
P1-1169-0331,1169,Pastry_98,Bakery,2024-03-31,22.27,2024-04-01,22.27,0.0
P1-1169-0401,1169,Pastry_98,Bakery,2024-04-01,24.2,2024-04-02,17.35,6.85
P1-1169-0402,1169,Pastry_98,Bakery,2024-04-02,5.0,2024-04-03,5.0,0.0
P1-1169-0403,1169,Pastry_98,Bakery,2024-04-03,35.14,2024-04-04,35.14,0.0
P1-1169-0404,1169,Pastry_98,Bakery,2024-04-04,35.05,2024-04-05,35.05,0.0
P1-1169-0405,1169,Pastry_98,Bakery,2024-04-05,30.17,2024-04-06,20.75,9.42
P1-1169-0406,1169,Pastry_98,Bakery,2024-04-06,6.53,2024-04-07,6.53,0.0
P1-1169-0407,1169,Pastry_98,Bakery,2024-04-07,32.03,2024-04-08,32.03,0.0
P1-1169-0408,1169,Pastry_98,Bakery,2024-04-08,9.8,2024-04-09,9.8,0.0
P1-1169-0409,1169,Pastry_98,Bakery,2024-04-09,29.46,2024-04-10,29.46,0.0
P1-1169-0410,1169,Pastry_98,Bakery,2024-04-10,55.51,2024-04-11,55.51,0.0
P1-1169-0411,1169,Pastry_98,Bakery,2024-04-11,56.86,2024-04-12,56.86,0.0
P1-1169-0412,1169,Pastry_98,Bakery,2024-04-12,2.51,2024-04-13,2.51,0.0
P1-1169-0413,1169,Pastry_98,Bakery,2024-04-13,27.84,2024-04-14,27.84,0.0
P1-1169-0414,1169,Pastry_98,Bakery,2024-04-14,19.72,2024-04-15,19.72,0.0
P1-1169-0415,1169,Pastry_98,Bakery,2024-04-15,36.65,2024-04-16,36.65,0.0
P1-1169-0416,1169,Pastry_98,Bakery,2024-04-16,25.37,2024-04-17,25.37,0.0
P1-1169-0417,1169,Pastry_98,Bakery,2024-04-17,56.14,2024-04-18,28.59,27.55
P1-1169-0419,1169,Pastry_98,Bakery,2024-04-19,48.56,2024-04-20,45.46,3.1
P1-1169-0420,1169,Pastry_98,Bakery,2024-04-20,4.85,2024-04-21,4.85,0.0
P1-1169-0421,1169,Pastry_98,Bakery,2024-04-21,28.74,2024-04-22,28.74,0.0
P1-1169-0422,1169,Pastry_98,Bakery,2024-04-22,25.22,2024-04-23,25.22,0.0
P1-1169-0423,1169,Pastry_98,Bakery,2024-04-23,30.05,2024-04-24,22.51,7.54
P1-1169-0424,1169,Pastry_98,Bakery,2024-04-24,10.35,2024-04-25,10.35,0.0
P1-1169-0425,1169,Pastry_98,Bakery,2024-04-25,22.29,2024-04-26,22.29,0.0
P1-1169-0426,1169,Pastry_98,Bakery,2024-04-26,43.98,2024-04-27,43.98,0.0
P1-1169-0427,1169,Pastry_98,Bakery,2024-04-27,9.74,2024-04-28,9.74,0.0
P1-1169-0428,1169,Pastry_98,Bakery,2024-04-28,32.09,2024-04-29,32.09,0.0
P1-1169-0429,1169,Pastry_98,Bakery,2024-04-29,28.2,2024-04-30,25.68,2.52
P1-1169-0430,1169,Pastry_98,Bakery,2024-04-30,6.53,2024-05-01,6.53,0.0
P1-1169-0501,1169,Pastry_98,Bakery,2024-05-01,20.76,2024-05-02,20.76,0.0
P1-1169-0502,1169,Pastry_98,Bakery,2024-05-02,37.5,2024-05-03,37.5,0.0
P1-1169-0503,1169,Pastry_98,Bakery,2024-05-03,26.55,2024-05-04,26.55,0.0
P1-1169-0504,1169,Pastry_98,Bakery,2024-05-04,29.34,2024-05-05,29.34,0.0
P1-1169-0505,1169,Pastry_98,Bakery,2024-05-05,20.36,2024-05-06,18.63,1.74
P1-1169-0506,1169,Pastry_98,Bakery,2024-05-06,11.15,2024-05-07,11.15,0.0
P1-1169-0507,1169,Pastry_98,Bakery,2024-05-07,16.55,2024-05-08,16.55,0.0
P1-1169-0508,1169,Pastry_98,Bakery,2024-05-08,32.03,2024-05-09,32.03,0.0
P1-1169-0509,1169,Pastry_98,Bakery,2024-05-09,27.93,2024-05-10,27.93,0.0
P1-1169-0510,1169,Pastry_98,Bakery,2024-05-10,29.56,2024-05-11,29.56,0.0
P1-1169-0511,1169,Pastry_98,Bakery,2024-05-11,36.61,2024-05-12,35.11,1.5
P1-1169-0512,1169,Pastry_98,Bakery,2024-05-12,9.73,2024-05-13,9.73,0.0
P1-1169-0513,1169,Pastry_98,Bakery,2024-05-13,18.31,2024-05-14,18.31,0.0
P1-1169-0514,1169,Pastry_98,Bakery,2024-05-14,34.57,2024-05-15,34.57,0.0
P1-1169-0515,1169,Pastry_98,Bakery,2024-05-15,7.65,2024-05-16,7.65,0.0
P1-1169-0516,1169,Pastry_98,Bakery,2024-05-16,48.24,2024-05-17,48.24,0.0
P1-1169-0517,1169,Pastry_98,Bakery,2024-05-17,36.68,2024-05-18,36.68,0.0
P1-1169-0518,1169,Pastry_98,Bakery,2024-05-18,6.89,2024-05-19,6.89,0.0
P1-1169-0519,1169,Pastry_98,Bakery,2024-05-19,19.65,2024-05-20,19.65,0.0
P1-1169-0520,1169,Pastry_98,Bakery,2024-05-20,30.59,2024-05-21,30.34,0.25
P1-1169-0521,1169,Pastry_98,Bakery,2024-05-21,11.0,2024-05-22,11.0,0.0
P1-1169-0522,1169,Pastry_98,Bakery,2024-05-22,27.37,2024-05-23,27.37,0.0
P1-1169-0523,1169,Pastry_98,Bakery,2024-05-23,31.32,2024-05-24,15.37,15.95
P1-1169-0524,1169,Pastry_98,Bakery,2024-05-24,6.39,2024-05-25,6.39,0.0
P1-1169-0525,1169,Pastry_98,Bakery,2024-05-25,21.89,2024-05-26,21.89,0.0
P1-1169-0526,1169,Pastry_98,Bakery,2024-05-26,25.25,2024-05-27,25.25,0.0
P1-1169-0527,1169,Pastry_98,Bakery,2024-05-27,15.89,2024-05-28,15.89,0.0
P1-1169-0528,1169,Pastry_98,Bakery,2024-05-28,35.03,2024-05-29,35.03,0.0
P1-1169-0529,1169,Pastry_98,Bakery,2024-05-29,31.91,2024-05-30,31.91,0.0
P1-1169-0530,1169,Pastry_98,Bakery,2024-05-30,14.32,2024-05-31,14.32,0.0
P1-1169-0531,1169,Pastry_98,Bakery,2024-05-31,37.96,2024-06-01,37.96,0.0
P1-1169-0601,1169,Pastry_98,Bakery,2024-06-01,35.65,2024-06-02,35.65,0.0
P1-1169-0602,1169,Pastry_98,Bakery,2024-06-02,23.6,2024-06-03,9.21,
P1-1188-0301,1188,Tomato_48,Fruit and vegetable,2024-03-01,198.39,2024-03-03,198.39,0.0
P1-1188-0304,1188,Tomato_48,Fruit and vegetable,2024-03-04,198.39,2024-03-06,198.39,0.0
P1-1188-0305,1188,Tomato_48,Fruit and vegetable,2024-03-05,190.78,2024-03-07,173.93,16.85
P1-1188-0306,1188,Tomato_48,Fruit and vegetable,2024-03-06,89.77,2024-03-08,89.77,0.0
P1-1188-0307,1188,Tomato_48,Fruit and vegetable,2024-03-07,72.41,2024-03-09,72.41,0.0
P1-1188-0308,1188,Tomato_48,Fruit and vegetable,2024-03-08,99.94,2024-03-10,99.94,0.0
P1-1188-0309,1188,Tomato_48,Fruit and vegetable,2024-03-09,138.99,2024-03-11,138.99,0.0
P1-1188-0310,1188,Tomato_48,Fruit and vegetable,2024-03-10,101.67,2024-03-12,101.67,0.0
P1-1188-0311,1188,Tomato_48,Fruit and vegetable,2024-03-11,56.87,2024-03-13,56.87,0.0
P1-1188-0312,1188,Tomato_48,Fruit and vegetable,2024-03-12,46.79,2024-03-14,46.79,0.0
P1-1188-0313,1188,Tomato_48,Fruit and vegetable,2024-03-13,64.58,2024-03-15,64.58,0.0
P1-1188-0314,1188,Tomato_48,Fruit and vegetable,2024-03-14,87.85,2024-03-16,87.85,0.0
P1-1188-0315,1188,Tomato_48,Fruit and vegetable,2024-03-15,131.75,2024-03-17,131.75,0.0
P1-1188-0316,1188,Tomato_48,Fruit and vegetable,2024-03-16,62.77,2024-03-18,62.77,0.0
P1-1188-0317,1188,Tomato_48,Fruit and vegetable,2024-03-17,137.29,2024-03-19,127.14,10.15
P1-1188-0320,1188,Tomato_48,Fruit and vegetable,2024-03-20,97.82,2024-03-22,97.82,0.0
P1-1188-0321,1188,Tomato_48,Fruit and vegetable,2024-03-21,42.87,2024-03-23,42.87,0.0
P1-1188-0322,1188,Tomato_48,Fruit and vegetable,2024-03-22,72.88,2024-03-24,72.88,0.0
P1-1188-0323,1188,Tomato_48,Fruit and vegetable,2024-03-23,94.7,2024-03-25,94.7,0.0
P1-1188-0324,1188,Tomato_48,Fruit and vegetable,2024-03-24,52.14,2024-03-26,52.14,0.0
P1-1188-0325,1188,Tomato_48,Fruit and vegetable,2024-03-25,87.65,2024-03-27,87.65,0.0
P1-1188-0326,1188,Tomato_48,Fruit and vegetable,2024-03-26,45.45,2024-03-28,45.45,0.0
P1-1188-0327,1188,Tomato_48,Fruit and vegetable,2024-03-27,41.7,2024-03-29,41.7,0.0
P1-1188-0328,1188,Tomato_48,Fruit and vegetable,2024-03-28,101.15,2024-03-30,101.15,0.0
P1-1188-0329,1188,Tomato_48,Fruit and vegetable,2024-03-29,81.12,2024-03-31,81.12,0.0
P1-1188-0330,1188,Tomato_48,Fruit and vegetable,2024-03-30,86.05,2024-04-01,86.05,0.0
P1-1188-0331,1188,Tomato_48,Fruit and vegetable,2024-03-31,64.46,2024-04-02,64.46,0.0
P1-1188-0401,1188,Tomato_48,Fruit and vegetable,2024-04-01,51.77,2024-04-03,51.77,0.0
P1-1188-0402,1188,Tomato_48,Fruit and vegetable,2024-04-02,65.49,2024-04-04,65.49,0.0
P1-1188-0403,1188,Tomato_48,Fruit and vegetable,2024-04-03,99.34,2024-04-05,99.34,0.0
P1-1188-0404,1188,Tomato_48,Fruit and vegetable,2024-04-04,82.33,2024-04-06,82.33,0.0
P1-1188-0405,1188,Tomato_48,Fruit and vegetable,2024-04-05,41.18,2024-04-07,41.18,0.0
P1-1188-0406,1188,Tomato_48,Fruit and vegetable,2024-04-06,72.06,2024-04-08,72.06,0.0
P1-1188-0407,1188,Tomato_48,Fruit and vegetable,2024-04-07,120.67,2024-04-09,120.67,0.0
P1-1188-0408,1188,Tomato_48,Fruit and vegetable,2024-04-08,621.48,2024-04-10,621.48,0.0
P1-1188-0409,1188,Tomato_48,Fruit and vegetable,2024-04-09,718.64,2024-04-11,718.64,0.0
P1-1188-0410,1188,Tomato_48,Fruit and vegetable,2024-04-10,622.19,2024-04-12,622.19,0.0
P1-1188-0411,1188,Tomato_48,Fruit and vegetable,2024-04-11,713.36,2024-04-13,713.36,0.0
P1-1188-0412,1188,Tomato_48,Fruit and vegetable,2024-04-12,787.88,2024-04-14,787.88,0.0
P1-1188-0413,1188,Tomato_48,Fruit and vegetable,2024-04-13,726.52,2024-04-15,726.52,0.0
P1-1188-0414,1188,Tomato_48,Fruit and vegetable,2024-04-14,670.99,2024-04-16,670.99,0.0
P1-1188-0415,1188,Tomato_48,Fruit and vegetable,2024-04-15,698.63,2024-04-17,193.93,504.7
P1-1188-0416,1188,Tomato_48,Fruit and vegetable,2024-04-16,404.42,2024-04-18,86.02,318.4
P1-1188-0417,1188,Tomato_48,Fruit and vegetable,2024-04-17,47.06,2024-04-19,47.06,0.0
P1-1188-0418,1188,Tomato_48,Fruit and vegetable,2024-04-18,715.68,2024-04-20,141.23,574.45
P1-1188-0419,1188,Tomato_48,Fruit and vegetable,2024-04-19,477.92,2024-04-21,99.15,378.77
P1-1188-0421,1188,Tomato_48,Fruit and vegetable,2024-04-21,480.71,2024-04-23,179.04,301.67
P1-1188-0424,1188,Tomato_48,Fruit and vegetable,2024-04-24,87.02,2024-04-26,87.02,0.0
P1-1188-0425,1188,Tomato_48,Fruit and vegetable,2024-04-25,87.5,2024-04-27,87.5,0.0
P1-1188-0426,1188,Tomato_48,Fruit and vegetable,2024-04-26,113.88,2024-04-28,113.88,0.0
P1-1188-0427,1188,Tomato_48,Fruit and vegetable,2024-04-27,61.0,2024-04-29,61.0,0.0
P1-1188-0428,1188,Tomato_48,Fruit and vegetable,2024-04-28,88.37,2024-04-30,88.37,0.0
P1-1188-0429,1188,Tomato_48,Fruit and vegetable,2024-04-29,63.58,2024-05-01,63.58,0.0
P1-1188-0430,1188,Tomato_48,Fruit and vegetable,2024-04-30,70.12,2024-05-02,70.12,0.0
P1-1188-0501,1188,Tomato_48,Fruit and vegetable,2024-05-01,52.55,2024-05-03,52.55,0.0
P1-1188-0502,1188,Tomato_48,Fruit and vegetable,2024-05-02,94.07,2024-05-04,94.07,0.0
P1-1188-0503,1188,Tomato_48,Fruit and vegetable,2024-05-03,63.45,2024-05-05,63.45,0.0
P1-1188-0504,1188,Tomato_48,Fruit and vegetable,2024-05-04,54.53,2024-05-06,54.53,0.0
P1-1188-0505,1188,Tomato_48,Fruit and vegetable,2024-05-05,70.25,2024-05-07,70.25,0.0
P1-1188-0506,1188,Tomato_48,Fruit and vegetable,2024-05-06,49.45,2024-05-08,49.45,0.0
P1-1188-0507,1188,Tomato_48,Fruit and vegetable,2024-05-07,116.14,2024-05-09,116.14,0.0
P1-1188-0508,1188,Tomato_48,Fruit and vegetable,2024-05-08,98.18,2024-05-10,98.18,0.0
P1-1188-0509,1188,Tomato_48,Fruit and vegetable,2024-05-09,95.75,2024-05-11,95.75,0.0
P1-1188-0510,1188,Tomato_48,Fruit and vegetable,2024-05-10,54.4,2024-05-12,54.4,0.0
P1-1188-0511,1188,Tomato_48,Fruit and vegetable,2024-05-11,65.35,2024-05-13,65.35,0.0
P1-1188-0512,1188,Tomato_48,Fruit and vegetable,2024-05-12,74.46,2024-05-14,74.46,0.0
P1-1188-0513,1188,Tomato_48,Fruit and vegetable,2024-05-13,499.19,2024-05-15,499.19,0.0
P1-1188-0514,1188,Tomato_48,Fruit and vegetable,2024-05-14,451.54,2024-05-16,451.54,0.0
P1-1188-0515,1188,Tomato_48,Fruit and vegetable,2024-05-15,519.12,2024-05-17,519.12,0.0
P1-1188-0516,1188,Tomato_48,Fruit and vegetable,2024-05-16,501.64,2024-05-18,501.64,0.0
P1-1188-0517,1188,Tomato_48,Fruit and vegetable,2024-05-17,574.53,2024-05-19,574.53,0.0
P1-1188-0518,1188,Tomato_48,Fruit and vegetable,2024-05-18,435.93,2024-05-20,435.93,0.0
P1-1188-0519,1188,Tomato_48,Fruit and vegetable,2024-05-19,484.57,2024-05-21,484.57,0.0
P1-1188-0520,1188,Tomato_48,Fruit and vegetable,2024-05-20,575.02,2024-05-22,362.71,212.31
P1-1188-0521,1188,Tomato_48,Fruit and vegetable,2024-05-21,159.31,2024-05-23,159.31,0.0
P1-1188-0522,1188,Tomato_48,Fruit and vegetable,2024-05-22,192.8,2024-05-24,192.8,0.0
P1-1188-0523,1188,Tomato_48,Fruit and vegetable,2024-05-23,423.22,2024-05-25,423.22,0.0
P1-1188-0524,1188,Tomato_48,Fruit and vegetable,2024-05-24,406.41,2024-05-26,154.52,251.89
P1-1188-0525,1188,Tomato_48,Fruit and vegetable,2024-05-25,198.15,2024-05-27,81.18,116.97
P1-1188-0526,1188,Tomato_48,Fruit and vegetable,2024-05-26,146.45,2024-05-28,63.97,82.48
P1-1188-0528,1188,Tomato_48,Fruit and vegetable,2024-05-28,83.92,2024-05-30,83.92,0.0
P1-1188-0529,1188,Tomato_48,Fruit and vegetable,2024-05-29,319.16,2024-05-31,108.59,210.58
P1-1188-0530,1188,Tomato_48,Fruit and vegetable,2024-05-30,180.62,2024-06-01,54.31,126.31
P1-1188-0531,1188,Tomato_48,Fruit and vegetable,2024-05-31,70.24,2024-06-02,66.34,
P1-1188-0602,1188,Tomato_48,Fruit and vegetable,2024-06-02,57.04,2024-06-04,0.0,
P1-1196-0301,1196,Pumpkin_9,Fruit and vegetable,2024-03-01,38.13,2024-03-03,38.13,0.0
P1-1196-0305,1196,Pumpkin_9,Fruit and vegetable,2024-03-05,38.13,2024-03-07,38.13,0.0
P1-1196-0306,1196,Pumpkin_9,Fruit and vegetable,2024-03-06,35.96,2024-03-08,1.77,34.19
P1-1196-0421,1196,Pumpkin_9,Fruit and vegetable,2024-04-21,52.86,2024-04-23,52.86,0.0
P1-1196-0422,1196,Pumpkin_9,Fruit and vegetable,2024-04-22,12.94,2024-04-24,12.94,0.0
P1-1196-0423,1196,Pumpkin_9,Fruit and vegetable,2024-04-23,51.29,2024-04-25,51.29,0.0
P1-1196-0424,1196,Pumpkin_9,Fruit and vegetable,2024-04-24,44.71,2024-04-26,44.71,0.0
P1-1196-0425,1196,Pumpkin_9,Fruit and vegetable,2024-04-25,31.68,2024-04-27,31.68,0.0
P1-1196-0426,1196,Pumpkin_9,Fruit and vegetable,2024-04-26,19.42,2024-04-28,19.42,0.0
P1-1196-0427,1196,Pumpkin_9,Fruit and vegetable,2024-04-27,39.96,2024-04-29,39.96,0.0
P1-1196-0428,1196,Pumpkin_9,Fruit and vegetable,2024-04-28,29.54,2024-04-30,29.54,0.0
P1-1196-0429,1196,Pumpkin_9,Fruit and vegetable,2024-04-29,54.35,2024-05-01,27.38,26.97
P1-1196-0430,1196,Pumpkin_9,Fruit and vegetable,2024-04-30,16.33,2024-05-02,12.41,3.92
P1-1196-0502,1196,Pumpkin_9,Fruit and vegetable,2024-05-02,43.96,2024-05-04,14.49,29.47
P1-1196-0503,1196,Pumpkin_9,Fruit and vegetable,2024-05-03,7.43,2024-05-05,7.43,0.0
P1-1196-0504,1196,Pumpkin_9,Fruit and vegetable,2024-05-04,5.6,2024-05-06,5.6,0.0
P1-1196-0505,1196,Pumpkin_9,Fruit and vegetable,2024-05-05,34.68,2024-05-07,34.68,0.0
P1-1196-0507,1196,Pumpkin_9,Fruit and vegetable,2024-05-07,59.07,2024-05-09,59.07,0.0
P1-1196-0508,1196,Pumpkin_9,Fruit and vegetable,2024-05-08,68.81,2024-05-10,68.81,0.0
P1-1196-0509,1196,Pumpkin_9,Fruit and vegetable,2024-05-09,56.6,2024-05-11,56.6,0.0
P1-1196-0510,1196,Pumpkin_9,Fruit and vegetable,2024-05-10,48.47,2024-05-12,43.25,5.22
P1-1196-0511,1196,Pumpkin_9,Fruit and vegetable,2024-05-11,19.44,2024-05-13,3.78,15.66
P1-1196-0512,1196,Pumpkin_9,Fruit and vegetable,2024-05-12,19.52,2024-05-14,4.44,15.08
P1-1196-0513,1196,Pumpkin_9,Fruit and vegetable,2024-05-13,7.76,2024-05-15,7.76,0.0
P1-1196-0514,1196,Pumpkin_9,Fruit and vegetable,2024-05-14,100.23,2024-05-16,40.08,60.15
P1-1196-0519,1196,Pumpkin_9,Fruit and vegetable,2024-05-19,27.6,2024-05-21,27.6,0.0
P1-1196-0520,1196,Pumpkin_9,Fruit and vegetable,2024-05-20,10.39,2024-05-22,10.39,0.0
P1-1196-0521,1196,Pumpkin_9,Fruit and vegetable,2024-05-21,16.25,2024-05-23,16.25,0.0
P1-1196-0522,1196,Pumpkin_9,Fruit and vegetable,2024-05-22,8.87,2024-05-24,8.87,0.0
P1-1196-0523,1196,Pumpkin_9,Fruit and vegetable,2024-05-23,29.56,2024-05-25,29.56,0.0
P1-1196-0524,1196,Pumpkin_9,Fruit and vegetable,2024-05-24,28.07,2024-05-26,19.99,8.08
P1-1196-0525,1196,Pumpkin_9,Fruit and vegetable,2024-05-25,22.57,2024-05-27,2.13,20.44
P1-1196-0527,1196,Pumpkin_9,Fruit and vegetable,2024-05-27,6.71,2024-05-29,6.71,0.0
P1-1196-0528,1196,Pumpkin_9,Fruit and vegetable,2024-05-28,17.06,2024-05-30,17.06,0.0
P1-1196-0529,1196,Pumpkin_9,Fruit and vegetable,2024-05-29,25.81,2024-05-31,20.74,5.07
P1-1196-0530,1196,Pumpkin_9,Fruit and vegetable,2024-05-30,11.58,2024-06-01,4.72,6.86
P1-1196-0601,1196,Pumpkin_9,Fruit and vegetable,2024-06-01,2.21,2024-06-03,2.21,0.0
P1-1196-0602,1196,Pumpkin_9,Fruit and vegetable,2024-06-02,15.25,2024-06-04,15.25,0.0
P1-1232-0301,1232,Blueberry_17,Fruit and vegetable,2024-03-01,3657.65,2024-03-03,3657.65,0.0
P1-1232-0302,1232,Blueberry_17,Fruit and vegetable,2024-03-02,3657.65,2024-03-04,3657.65,0.0
P1-1232-0303,1232,Blueberry_17,Fruit and vegetable,2024-03-03,3611.85,2024-03-05,3611.85,0.0
P1-1232-0304,1232,Blueberry_17,Fruit and vegetable,2024-03-04,2938.12,2024-03-06,815.04,2123.08
P1-1232-0305,1232,Blueberry_17,Fruit and vegetable,2024-03-05,1862.83,2024-03-07,818.83,1044.0
P1-1232-0306,1232,Blueberry_17,Fruit and vegetable,2024-03-06,809.13,2024-03-08,809.13,0.0
P1-1232-0307,1232,Blueberry_17,Fruit and vegetable,2024-03-07,2802.04,2024-03-09,951.76,1850.27
P1-1232-0308,1232,Blueberry_17,Fruit and vegetable,2024-03-08,1793.62,2024-03-10,842.64,950.98
P1-1232-0309,1232,Blueberry_17,Fruit and vegetable,2024-03-09,174.13,2024-03-11,174.13,0.0
P1-1232-0310,1232,Blueberry_17,Fruit and vegetable,2024-03-10,1915.3,2024-03-12,1915.3,0.0
P1-1232-0311,1232,Blueberry_17,Fruit and vegetable,2024-03-11,710.96,2024-03-13,710.96,0.0
P1-1232-0312,1232,Blueberry_17,Fruit and vegetable,2024-03-12,2955.33,2024-03-14,2955.33,0.0
P1-1232-0313,1232,Blueberry_17,Fruit and vegetable,2024-03-13,2732.08,2024-03-15,2732.08,0.0
P1-1232-0314,1232,Blueberry_17,Fruit and vegetable,2024-03-14,3128.16,2024-03-16,3128.16,0.0
P1-1232-0315,1232,Blueberry_17,Fruit and vegetable,2024-03-15,3325.28,2024-03-17,3325.28,0.0
P1-1232-0316,1232,Blueberry_17,Fruit and vegetable,2024-03-16,2719.91,2024-03-18,2719.91,0.0
P1-1232-0317,1232,Blueberry_17,Fruit and vegetable,2024-03-17,2943.56,2024-03-19,2943.56,0.0
P1-1232-0318,1232,Blueberry_17,Fruit and vegetable,2024-03-18,3084.28,2024-03-20,3084.28,0.0
P1-1232-0319,1232,Blueberry_17,Fruit and vegetable,2024-03-19,2278.47,2024-03-21,1195.98,1082.49
P1-1232-0320,1232,Blueberry_17,Fruit and vegetable,2024-03-20,1172.96,2024-03-22,936.5,236.46
P1-1232-0321,1232,Blueberry_17,Fruit and vegetable,2024-03-21,1420.67,2024-03-23,0.0,1420.67
P1-1232-0322,1232,Blueberry_17,Fruit and vegetable,2024-03-22,2135.27,2024-03-24,811.91,1323.36
P1-1232-0324,1232,Blueberry_17,Fruit and vegetable,2024-03-24,1784.87,2024-03-26,1334.44,450.43
P1-1232-0325,1232,Blueberry_17,Fruit and vegetable,2024-03-25,2196.98,2024-03-27,662.56,1534.42
P1-1232-0328,1232,Blueberry_17,Fruit and vegetable,2024-03-28,878.52,2024-03-30,878.52,0.0
P1-1232-0329,1232,Blueberry_17,Fruit and vegetable,2024-03-29,821.86,2024-03-31,821.86,0.0
P1-1232-0330,1232,Blueberry_17,Fruit and vegetable,2024-03-30,761.49,2024-04-01,761.49,0.0
P1-1232-0331,1232,Blueberry_17,Fruit and vegetable,2024-03-31,349.18,2024-04-02,349.18,0.0
P1-1232-0401,1232,Blueberry_17,Fruit and vegetable,2024-04-01,639.23,2024-04-03,639.23,0.0
P1-1232-0402,1232,Blueberry_17,Fruit and vegetable,2024-04-02,941.15,2024-04-04,941.15,0.0
P1-1232-0403,1232,Blueberry_17,Fruit and vegetable,2024-04-03,909.26,2024-04-05,909.26,0.0
P1-1232-0404,1232,Blueberry_17,Fruit and vegetable,2024-04-04,1351.77,2024-04-06,1351.77,0.0
P1-1232-0405,1232,Blueberry_17,Fruit and vegetable,2024-04-05,999.89,2024-04-07,999.89,0.0
P1-1232-0406,1232,Blueberry_17,Fruit and vegetable,2024-04-06,851.6,2024-04-08,851.6,0.0
P1-1232-0407,1232,Blueberry_17,Fruit and vegetable,2024-04-07,913.14,2024-04-09,913.14,0.0
P1-1232-0408,1232,Blueberry_17,Fruit and vegetable,2024-04-08,1104.11,2024-04-10,1104.11,0.0
P1-1232-0409,1232,Blueberry_17,Fruit and vegetable,2024-04-09,739.19,2024-04-11,739.19,0.0
P1-1232-0410,1232,Blueberry_17,Fruit and vegetable,2024-04-10,811.86,2024-04-12,811.86,0.0
P1-1232-0411,1232,Blueberry_17,Fruit and vegetable,2024-04-11,1147.46,2024-04-13,1147.46,0.0
P1-1232-0412,1232,Blueberry_17,Fruit and vegetable,2024-04-12,411.52,2024-04-14,411.52,0.0
P1-1232-0413,1232,Blueberry_17,Fruit and vegetable,2024-04-13,1128.36,2024-04-15,1128.36,0.0
P1-1232-0414,1232,Blueberry_17,Fruit and vegetable,2024-04-14,1124.03,2024-04-16,1124.03,0.0
P1-1232-0415,1232,Blueberry_17,Fruit and vegetable,2024-04-15,1109.06,2024-04-17,1109.06,0.0
P1-1232-0416,1232,Blueberry_17,Fruit and vegetable,2024-04-16,1138.64,2024-04-18,1138.64,0.0
P1-1232-0417,1232,Blueberry_17,Fruit and vegetable,2024-04-17,534.86,2024-04-19,534.86,0.0
P1-1232-0418,1232,Blueberry_17,Fruit and vegetable,2024-04-18,1146.55,2024-04-20,1146.55,0.0
P1-1232-0419,1232,Blueberry_17,Fruit and vegetable,2024-04-19,1548.6,2024-04-21,1548.6,0.0
P1-1232-0420,1232,Blueberry_17,Fruit and vegetable,2024-04-20,1087.27,2024-04-22,1087.27,0.0
P1-1232-0421,1232,Blueberry_17,Fruit and vegetable,2024-04-21,1292.26,2024-04-23,609.75,682.52
P1-1232-0425,1232,Blueberry_17,Fruit and vegetable,2024-04-25,1395.01,2024-04-27,1395.01,0.0
P1-1232-0426,1232,Blueberry_17,Fruit and vegetable,2024-04-26,877.93,2024-04-28,877.93,0.0
P1-1232-0427,1232,Blueberry_17,Fruit and vegetable,2024-04-27,1206.4,2024-04-29,1206.4,0.0
P1-1232-0428,1232,Blueberry_17,Fruit and vegetable,2024-04-28,1094.53,2024-04-30,1094.53,0.0
P1-1232-0429,1232,Blueberry_17,Fruit and vegetable,2024-04-29,1340.61,2024-05-01,1340.61,0.0
P1-1232-0430,1232,Blueberry_17,Fruit and vegetable,2024-04-30,793.63,2024-05-02,793.63,0.0
P1-1232-0501,1232,Blueberry_17,Fruit and vegetable,2024-05-01,849.43,2024-05-03,849.43,0.0
P1-1232-0502,1232,Blueberry_17,Fruit and vegetable,2024-05-02,1172.02,2024-05-04,1172.02,0.0
P1-1232-0503,1232,Blueberry_17,Fruit and vegetable,2024-05-03,1206.92,2024-05-05,1206.92,0.0
P1-1232-0504,1232,Blueberry_17,Fruit and vegetable,2024-05-04,666.19,2024-05-06,666.19,0.0
P1-1232-0505,1232,Blueberry_17,Fruit and vegetable,2024-05-05,1150.37,2024-05-07,1150.37,0.0
P1-1232-0506,1232,Blueberry_17,Fruit and vegetable,2024-05-06,840.76,2024-05-08,840.76,0.0
P1-1232-0507,1232,Blueberry_17,Fruit and vegetable,2024-05-07,1022.27,2024-05-09,1022.27,0.0
P1-1232-0508,1232,Blueberry_17,Fruit and vegetable,2024-05-08,1154.98,2024-05-10,1154.98,0.0
P1-1232-0509,1232,Blueberry_17,Fruit and vegetable,2024-05-09,954.94,2024-05-11,954.94,0.0
P1-1232-0510,1232,Blueberry_17,Fruit and vegetable,2024-05-10,1145.71,2024-05-12,1145.71,0.0
P1-1232-0511,1232,Blueberry_17,Fruit and vegetable,2024-05-11,1033.2,2024-05-13,1033.2,0.0
P1-1232-0512,1232,Blueberry_17,Fruit and vegetable,2024-05-12,970.67,2024-05-14,970.67,0.0
P1-1232-0513,1232,Blueberry_17,Fruit and vegetable,2024-05-13,1191.28,2024-05-15,1191.28,0.0
P1-1232-0514,1232,Blueberry_17,Fruit and vegetable,2024-05-14,1265.97,2024-05-16,1265.97,0.0
P1-1232-0515,1232,Blueberry_17,Fruit and vegetable,2024-05-15,620.9,2024-05-17,620.9,0.0
P1-1232-0516,1232,Blueberry_17,Fruit and vegetable,2024-05-16,1091.43,2024-05-18,1091.43,0.0
P1-1232-0517,1232,Blueberry_17,Fruit and vegetable,2024-05-17,1267.36,2024-05-19,1267.36,0.0
P1-1232-0518,1232,Blueberry_17,Fruit and vegetable,2024-05-18,992.11,2024-05-20,992.11,0.0
P1-1232-0519,1232,Blueberry_17,Fruit and vegetable,2024-05-19,1126.92,2024-05-21,1126.92,0.0
P1-1232-0520,1232,Blueberry_17,Fruit and vegetable,2024-05-20,1096.68,2024-05-22,1096.68,0.0
P1-1232-0521,1232,Blueberry_17,Fruit and vegetable,2024-05-21,845.46,2024-05-23,845.46,0.0
P1-1232-0522,1232,Blueberry_17,Fruit and vegetable,2024-05-22,1150.52,2024-05-24,1150.52,0.0
P1-1232-0523,1232,Blueberry_17,Fruit and vegetable,2024-05-23,1169.27,2024-05-25,1169.27,0.0
P1-1232-0524,1232,Blueberry_17,Fruit and vegetable,2024-05-24,1237.29,2024-05-26,1237.29,0.0
P1-1232-0525,1232,Blueberry_17,Fruit and vegetable,2024-05-25,757.38,2024-05-27,757.38,0.0
P1-1232-0526,1232,Blueberry_17,Fruit and vegetable,2024-05-26,1022.31,2024-05-28,1022.31,0.0
P1-1232-0527,1232,Blueberry_17,Fruit and vegetable,2024-05-27,1171.1,2024-05-29,1171.1,0.0
P1-1232-0528,1232,Blueberry_17,Fruit and vegetable,2024-05-28,998.38,2024-05-30,998.38,0.0
P1-1232-0529,1232,Blueberry_17,Fruit and vegetable,2024-05-29,896.15,2024-05-31,896.15,0.0
P1-1232-0530,1232,Blueberry_17,Fruit and vegetable,2024-05-30,929.27,2024-06-01,929.27,0.0
P1-1232-0531,1232,Blueberry_17,Fruit and vegetable,2024-05-31,1197.0,2024-06-02,1197.0,0.0
P1-1232-0601,1232,Blueberry_17,Fruit and vegetable,2024-06-01,1013.29,2024-06-03,1013.29,0.0
P1-1232-0602,1232,Blueberry_17,Fruit and vegetable,2024-06-02,1010.15,2024-06-04,760.71,
P1-1262-0301,1262,Pastry_110,Bakery,2024-03-01,13.97,2024-03-02,13.97,0.0
P1-1262-0302,1262,Pastry_110,Bakery,2024-03-02,13.97,2024-03-03,8.74,5.23
P1-1262-0303,1262,Pastry_110,Bakery,2024-03-03,13.47,2024-03-04,13.47,0.0
P1-1262-0304,1262,Pastry_110,Bakery,2024-03-04,9.53,2024-03-05,9.53,0.0
P1-1262-0305,1262,Pastry_110,Bakery,2024-03-05,13.91,2024-03-06,13.91,0.0
P1-1262-0306,1262,Pastry_110,Bakery,2024-03-06,11.57,2024-03-07,11.57,0.0
P1-1262-0307,1262,Pastry_110,Bakery,2024-03-07,9.92,2024-03-08,9.92,0.0
P1-1262-0308,1262,Pastry_110,Bakery,2024-03-08,20.9,2024-03-09,20.9,0.0
P1-1262-0309,1262,Pastry_110,Bakery,2024-03-09,5.68,2024-03-10,5.68,0.0
P1-1262-0310,1262,Pastry_110,Bakery,2024-03-10,8.65,2024-03-11,8.65,0.0
P1-1262-0311,1262,Pastry_110,Bakery,2024-03-11,14.38,2024-03-12,14.21,0.17
P1-1262-0312,1262,Pastry_110,Bakery,2024-03-12,18.08,2024-03-13,12.41,5.67
P1-1262-0313,1262,Pastry_110,Bakery,2024-03-13,2.97,2024-03-14,2.97,0.0
P1-1262-0314,1262,Pastry_110,Bakery,2024-03-14,27.26,2024-03-15,27.26,0.0
P1-1262-0315,1262,Pastry_110,Bakery,2024-03-15,10.33,2024-03-16,10.33,0.0
P1-1262-0316,1262,Pastry_110,Bakery,2024-03-16,29.89,2024-03-17,8.72,21.17
P1-1262-0318,1262,Pastry_110,Bakery,2024-03-18,30.0,2024-03-19,23.07,6.93
P1-1262-0320,1262,Pastry_110,Bakery,2024-03-20,21.58,2024-03-21,21.58,0.0
P1-1262-0321,1262,Pastry_110,Bakery,2024-03-21,16.39,2024-03-22,16.39,0.0
P1-1262-0322,1262,Pastry_110,Bakery,2024-03-22,22.4,2024-03-23,13.75,8.65
P1-1262-0323,1262,Pastry_110,Bakery,2024-03-23,1.54,2024-03-24,0.0,1.54
P1-1262-0324,1262,Pastry_110,Bakery,2024-03-24,7.08,2024-03-25,7.08,0.0
P1-1262-0325,1262,Pastry_110,Bakery,2024-03-25,13.33,2024-03-26,13.33,0.0
P1-1262-0326,1262,Pastry_110,Bakery,2024-03-26,23.95,2024-03-27,17.9,6.05
P1-1262-0327,1262,Pastry_110,Bakery,2024-03-27,1.94,2024-03-28,1.94,0.0
P1-1262-0328,1262,Pastry_110,Bakery,2024-03-28,28.99,2024-03-29,14.84,14.15
P1-1262-0329,1262,Pastry_110,Bakery,2024-03-29,9.48,2024-03-30,9.48,0.0
P1-1262-0330,1262,Pastry_110,Bakery,2024-03-30,7.48,2024-03-31,3.24,4.23
P1-1262-0331,1262,Pastry_110,Bakery,2024-03-31,5.82,2024-04-01,5.82,0.0
P1-1262-0401,1262,Pastry_110,Bakery,2024-04-01,24.64,2024-04-02,22.26,2.38
P1-1262-0403,1262,Pastry_110,Bakery,2024-04-03,20.01,2024-04-04,20.01,0.0
P1-1262-0404,1262,Pastry_110,Bakery,2024-04-04,23.41,2024-04-05,18.4,5.01
P1-1262-0406,1262,Pastry_110,Bakery,2024-04-06,21.13,2024-04-07,8.77,12.36
P1-1262-0408,1262,Pastry_110,Bakery,2024-04-08,19.07,2024-04-09,19.07,0.0
P1-1262-0409,1262,Pastry_110,Bakery,2024-04-09,19.26,2024-04-10,19.26,0.0
P1-1262-0410,1262,Pastry_110,Bakery,2024-04-10,23.81,2024-04-11,19.95,3.86
P1-1262-0412,1262,Pastry_110,Bakery,2024-04-12,25.46,2024-04-13,25.46,0.0
P1-1262-0413,1262,Pastry_110,Bakery,2024-04-13,14.01,2024-04-14,2.27,11.73
P1-1262-0415,1262,Pastry_110,Bakery,2024-04-15,22.57,2024-04-16,22.57,0.0
P1-1262-0416,1262,Pastry_110,Bakery,2024-04-16,25.03,2024-04-17,22.03,3.0
P1-1262-0418,1262,Pastry_110,Bakery,2024-04-18,25.5,2024-04-19,25.5,0.0
P1-1262-0419,1262,Pastry_110,Bakery,2024-04-19,31.69,2024-04-20,29.19,2.5
P1-1262-0420,1262,Pastry_110,Bakery,2024-04-20,0.64,2024-04-21,0.0,0.64
P1-1262-0421,1262,Pastry_110,Bakery,2024-04-21,9.1,2024-04-22,9.1,0.0
P1-1262-0422,1262,Pastry_110,Bakery,2024-04-22,15.0,2024-04-23,15.0,0.0
P1-1262-0423,1262,Pastry_110,Bakery,2024-04-23,12.16,2024-04-24,12.16,0.0
P1-1262-0424,1262,Pastry_110,Bakery,2024-04-24,24.96,2024-04-25,24.96,0.0
P1-1262-0425,1262,Pastry_110,Bakery,2024-04-25,16.69,2024-04-26,16.54,0.16
P1-1262-0426,1262,Pastry_110,Bakery,2024-04-26,9.48,2024-04-27,9.48,0.0
P1-1262-0427,1262,Pastry_110,Bakery,2024-04-27,13.72,2024-04-28,5.04,8.68
P1-1262-0428,1262,Pastry_110,Bakery,2024-04-28,0.32,2024-04-29,0.32,0.0
P1-1262-0429,1262,Pastry_110,Bakery,2024-04-29,22.88,2024-04-30,22.88,0.0
P1-1262-0430,1262,Pastry_110,Bakery,2024-04-30,19.03,2024-05-01,19.03,0.0
P1-1262-0501,1262,Pastry_110,Bakery,2024-05-01,5.57,2024-05-02,5.57,0.0
P1-1262-0502,1262,Pastry_110,Bakery,2024-05-02,30.94,2024-05-03,23.18,7.76
P1-1262-0503,1262,Pastry_110,Bakery,2024-05-03,1.38,2024-05-04,1.38,0.0
P1-1262-0504,1262,Pastry_110,Bakery,2024-05-04,22.17,2024-05-05,3.89,18.28
P1-1262-0506,1262,Pastry_110,Bakery,2024-05-06,23.57,2024-05-07,23.57,0.0
P1-1262-0507,1262,Pastry_110,Bakery,2024-05-07,12.26,2024-05-08,12.26,0.0
P1-1262-0508,1262,Pastry_110,Bakery,2024-05-08,31.15,2024-05-09,25.58,5.57
P1-1262-0509,1262,Pastry_110,Bakery,2024-05-09,1.36,2024-05-10,1.36,0.0
P1-1262-0510,1262,Pastry_110,Bakery,2024-05-10,21.48,2024-05-11,19.55,1.93
P1-1262-0511,1262,Pastry_110,Bakery,2024-05-11,3.0,2024-05-12,0.0,3.0
P1-1262-0512,1262,Pastry_110,Bakery,2024-05-12,4.93,2024-05-13,4.93,0.0
P1-1262-0513,1262,Pastry_110,Bakery,2024-05-13,18.73,2024-05-14,18.73,0.0
P1-1262-0514,1262,Pastry_110,Bakery,2024-05-14,16.74,2024-05-15,16.74,0.0
P1-1262-0515,1262,Pastry_110,Bakery,2024-05-15,27.42,2024-05-16,26.23,1.19
P1-1262-0516,1262,Pastry_110,Bakery,2024-05-16,8.99,2024-05-17,8.99,0.0
P1-1262-0517,1262,Pastry_110,Bakery,2024-05-17,13.16,2024-05-18,13.16,0.0
P1-1262-0518,1262,Pastry_110,Bakery,2024-05-18,16.15,2024-05-19,9.01,7.13
P1-1262-0519,1262,Pastry_110,Bakery,2024-05-19,3.09,2024-05-20,3.09,0.0
P1-1262-0520,1262,Pastry_110,Bakery,2024-05-20,21.56,2024-05-21,21.43,0.13
P1-1262-0521,1262,Pastry_110,Bakery,2024-05-21,25.48,2024-05-22,15.9,9.58
P1-1262-0523,1262,Pastry_110,Bakery,2024-05-23,18.18,2024-05-24,18.18,0.0
P1-1262-0524,1262,Pastry_110,Bakery,2024-05-24,19.82,2024-05-25,14.05,5.78
P1-1262-0525,1262,Pastry_110,Bakery,2024-05-25,2.36,2024-05-26,0.0,2.36
P1-1262-0526,1262,Pastry_110,Bakery,2024-05-26,4.08,2024-05-27,4.08,0.0
P1-1262-0527,1262,Pastry_110,Bakery,2024-05-27,16.3,2024-05-28,16.3,0.0
P1-1262-0528,1262,Pastry_110,Bakery,2024-05-28,17.96,2024-05-29,17.96,0.0
P1-1262-0529,1262,Pastry_110,Bakery,2024-05-29,26.51,2024-05-30,22.96,3.55
P1-1262-0530,1262,Pastry_110,Bakery,2024-05-30,7.7,2024-05-31,7.7,0.0
P1-1262-0531,1262,Pastry_110,Bakery,2024-05-31,13.06,2024-06-01,12.97,0.09
P1-1262-0601,1262,Pastry_110,Bakery,2024-06-01,15.77,2024-06-02,0.0,
P1-1270-0301,1270,Baguette_19,Bakery,2024-03-01,171.82,2024-03-02,171.82,0.0
P1-1270-0302,1270,Baguette_19,Bakery,2024-03-02,182.67,2024-03-03,182.67,0.0
P1-1270-0303,1270,Baguette_19,Bakery,2024-03-03,181.64,2024-03-04,181.64,0.0
P1-1270-0304,1270,Baguette_19,Bakery,2024-03-04,162.59,2024-03-05,162.59,0.0
P1-1270-0305,1270,Baguette_19,Bakery,2024-03-05,148.12,2024-03-06,148.12,0.0
P1-1270-0306,1270,Baguette_19,Bakery,2024-03-06,154.3,2024-03-07,154.3,0.0
P1-1270-0307,1270,Baguette_19,Bakery,2024-03-07,143.5,2024-03-08,143.5,0.0
P1-1270-0308,1270,Baguette_19,Bakery,2024-03-08,143.3,2024-03-09,143.3,0.0
P1-1270-0309,1270,Baguette_19,Bakery,2024-03-09,215.19,2024-03-10,215.19,0.0
P1-1270-0310,1270,Baguette_19,Bakery,2024-03-10,104.67,2024-03-11,104.67,0.0
P1-1270-0311,1270,Baguette_19,Bakery,2024-03-11,123.15,2024-03-12,123.15,0.0
P1-1270-0312,1270,Baguette_19,Bakery,2024-03-12,174.26,2024-03-13,174.26,0.0
P1-1270-0313,1270,Baguette_19,Bakery,2024-03-13,97.08,2024-03-14,97.08,0.0
P1-1270-0314,1270,Baguette_19,Bakery,2024-03-14,126.49,2024-03-15,126.49,0.0
P1-1270-0315,1270,Baguette_19,Bakery,2024-03-15,198.8,2024-03-16,198.8,0.0
P1-1270-0316,1270,Baguette_19,Bakery,2024-03-16,85.34,2024-03-17,85.34,0.0
P1-1270-0317,1270,Baguette_19,Bakery,2024-03-17,141.78,2024-03-18,141.78,0.0
P1-1270-0318,1270,Baguette_19,Bakery,2024-03-18,149.79,2024-03-19,149.79,0.0
P1-1270-0319,1270,Baguette_19,Bakery,2024-03-19,87.88,2024-03-20,87.88,0.0
P1-1270-0320,1270,Baguette_19,Bakery,2024-03-20,128.14,2024-03-21,128.14,0.0
P1-1270-0321,1270,Baguette_19,Bakery,2024-03-21,138.16,2024-03-22,138.16,0.0
P1-1270-0322,1270,Baguette_19,Bakery,2024-03-22,175.05,2024-03-23,175.05,0.0
P1-1270-0323,1270,Baguette_19,Bakery,2024-03-23,175.21,2024-03-24,175.21,0.0
P1-1270-0324,1270,Baguette_19,Bakery,2024-03-24,154.55,2024-03-25,154.55,0.0
P1-1270-0325,1270,Baguette_19,Bakery,2024-03-25,164.35,2024-03-26,164.35,0.0
P1-1270-0326,1270,Baguette_19,Bakery,2024-03-26,120.31,2024-03-27,120.31,0.0
P1-1270-0327,1270,Baguette_19,Bakery,2024-03-27,160.42,2024-03-28,160.42,0.0
P1-1270-0328,1270,Baguette_19,Bakery,2024-03-28,187.14,2024-03-29,187.14,0.0
P1-1270-0329,1270,Baguette_19,Bakery,2024-03-29,241.35,2024-03-30,241.35,0.0
P1-1270-0330,1270,Baguette_19,Bakery,2024-03-30,155.52,2024-03-31,155.52,0.0
P1-1270-0331,1270,Baguette_19,Bakery,2024-03-31,99.25,2024-04-01,99.25,0.0
P1-1270-0401,1270,Baguette_19,Bakery,2024-04-01,232.37,2024-04-02,200.61,31.76
P1-1270-0402,1270,Baguette_19,Bakery,2024-04-02,17.48,2024-04-03,17.48,0.0
P1-1270-0403,1270,Baguette_19,Bakery,2024-04-03,198.78,2024-04-04,198.78,0.0
P1-1270-0404,1270,Baguette_19,Bakery,2024-04-04,188.89,2024-04-05,188.89,0.0
P1-1270-0405,1270,Baguette_19,Bakery,2024-04-05,53.77,2024-04-06,53.77,0.0
P1-1270-0406,1270,Baguette_19,Bakery,2024-04-06,165.87,2024-04-07,165.87,0.0
P1-1270-0407,1270,Baguette_19,Bakery,2024-04-07,270.49,2024-04-08,270.49,0.0
P1-1270-0408,1270,Baguette_19,Bakery,2024-04-08,18.24,2024-04-09,18.24,0.0
P1-1270-0409,1270,Baguette_19,Bakery,2024-04-09,167.46,2024-04-10,167.46,0.0
P1-1270-0410,1270,Baguette_19,Bakery,2024-04-10,126.95,2024-04-11,126.95,0.0
P1-1270-0411,1270,Baguette_19,Bakery,2024-04-11,185.11,2024-04-12,185.11,0.0
P1-1270-0412,1270,Baguette_19,Bakery,2024-04-12,222.39,2024-04-13,222.39,0.0
P1-1270-0413,1270,Baguette_19,Bakery,2024-04-13,152.85,2024-04-14,152.85,0.0
P1-1270-0414,1270,Baguette_19,Bakery,2024-04-14,84.31,2024-04-15,84.31,0.0
P1-1270-0415,1270,Baguette_19,Bakery,2024-04-15,117.84,2024-04-16,117.84,0.0
P1-1270-0416,1270,Baguette_19,Bakery,2024-04-16,164.48,2024-04-17,164.48,0.0
P1-1270-0417,1270,Baguette_19,Bakery,2024-04-17,172.67,2024-04-18,172.67,0.0
P1-1270-0418,1270,Baguette_19,Bakery,2024-04-18,183.83,2024-04-19,183.83,0.0
P1-1270-0419,1270,Baguette_19,Bakery,2024-04-19,155.58,2024-04-20,155.58,0.0
P1-1270-0420,1270,Baguette_19,Bakery,2024-04-20,177.37,2024-04-21,177.37,0.0
P1-1270-0421,1270,Baguette_19,Bakery,2024-04-21,115.56,2024-04-22,115.56,0.0
P1-1270-0422,1270,Baguette_19,Bakery,2024-04-22,194.29,2024-04-23,194.29,0.0
P1-1270-0423,1270,Baguette_19,Bakery,2024-04-23,188.64,2024-04-24,188.64,0.0
P1-1270-0424,1270,Baguette_19,Bakery,2024-04-24,90.06,2024-04-25,90.06,0.0
P1-1270-0425,1270,Baguette_19,Bakery,2024-04-25,198.49,2024-04-26,198.49,0.0
P1-1270-0426,1270,Baguette_19,Bakery,2024-04-26,185.38,2024-04-27,185.38,0.0
P1-1270-0427,1270,Baguette_19,Bakery,2024-04-27,50.01,2024-04-28,50.01,0.0
P1-1270-0428,1270,Baguette_19,Bakery,2024-04-28,208.61,2024-04-29,208.61,0.0
P1-1270-0429,1270,Baguette_19,Bakery,2024-04-29,134.23,2024-04-30,134.23,0.0
P1-1270-0430,1270,Baguette_19,Bakery,2024-04-30,115.9,2024-05-01,115.9,0.0
P1-1270-0501,1270,Baguette_19,Bakery,2024-05-01,196.1,2024-05-02,196.1,0.0
P1-1270-0502,1270,Baguette_19,Bakery,2024-05-02,54.03,2024-05-03,54.03,0.0
P1-1270-0503,1270,Baguette_19,Bakery,2024-05-03,171.22,2024-05-04,171.22,0.0
P1-1270-0504,1270,Baguette_19,Bakery,2024-05-04,158.52,2024-05-05,158.52,0.0
P1-1270-0505,1270,Baguette_19,Bakery,2024-05-05,127.87,2024-05-06,127.87,0.0
P1-1270-0506,1270,Baguette_19,Bakery,2024-05-06,155.64,2024-05-07,155.64,0.0
P1-1270-0507,1270,Baguette_19,Bakery,2024-05-07,102.05,2024-05-08,102.05,0.0
P1-1270-0508,1270,Baguette_19,Bakery,2024-05-08,171.19,2024-05-09,168.12,3.07
P1-1270-0509,1270,Baguette_19,Bakery,2024-05-09,59.94,2024-05-10,59.94,0.0
P1-1270-0510,1270,Baguette_19,Bakery,2024-05-10,151.91,2024-05-11,151.91,0.0
P1-1270-0511,1270,Baguette_19,Bakery,2024-05-11,183.19,2024-05-12,183.19,0.0
P1-1270-0512,1270,Baguette_19,Bakery,2024-05-12,123.55,2024-05-13,123.55,0.0
P1-1270-0513,1270,Baguette_19,Bakery,2024-05-13,97.12,2024-05-14,97.12,0.0
P1-1270-0514,1270,Baguette_19,Bakery,2024-05-14,180.35,2024-05-15,180.35,0.0
P1-1270-0515,1270,Baguette_19,Bakery,2024-05-15,95.07,2024-05-16,95.07,0.0
P1-1270-0516,1270,Baguette_19,Bakery,2024-05-16,164.42,2024-05-17,164.42,0.0
P1-1270-0517,1270,Baguette_19,Bakery,2024-05-17,237.38,2024-05-18,237.38,0.0
P1-1270-0518,1270,Baguette_19,Bakery,2024-05-18,117.54,2024-05-19,117.54,0.0
P1-1270-0519,1270,Baguette_19,Bakery,2024-05-19,138.74,2024-05-20,138.74,0.0
P1-1270-0520,1270,Baguette_19,Bakery,2024-05-20,157.76,2024-05-21,157.76,0.0
P1-1270-0521,1270,Baguette_19,Bakery,2024-05-21,146.12,2024-05-22,146.12,0.0
P1-1270-0522,1270,Baguette_19,Bakery,2024-05-22,120.96,2024-05-23,120.96,0.0
P1-1270-0523,1270,Baguette_19,Bakery,2024-05-23,109.48,2024-05-24,109.48,0.0
P1-1270-0524,1270,Baguette_19,Bakery,2024-05-24,174.31,2024-05-25,174.31,0.0
P1-1270-0525,1270,Baguette_19,Bakery,2024-05-25,170.5,2024-05-26,170.5,0.0
P1-1270-0526,1270,Baguette_19,Bakery,2024-05-26,76.15,2024-05-27,76.15,0.0
P1-1270-0527,1270,Baguette_19,Bakery,2024-05-27,98.25,2024-05-28,98.25,0.0
P1-1270-0528,1270,Baguette_19,Bakery,2024-05-28,114.38,2024-05-29,114.38,0.0
P1-1270-0529,1270,Baguette_19,Bakery,2024-05-29,130.19,2024-05-30,130.19,0.0
P1-1270-0530,1270,Baguette_19,Bakery,2024-05-30,200.64,2024-05-31,200.64,0.0
P1-1270-0531,1270,Baguette_19,Bakery,2024-05-31,159.68,2024-06-01,159.68,0.0
P1-1270-0601,1270,Baguette_19,Bakery,2024-06-01,133.01,2024-06-02,133.01,0.0
P1-1270-0602,1270,Baguette_19,Bakery,2024-06-02,89.43,2024-06-03,34.0,
P1-1278-0301,1278,Cucumber_18,Fruit and vegetable,2024-03-01,287.74,2024-03-03,287.74,0.0
P1-1278-0302,1278,Cucumber_18,Fruit and vegetable,2024-03-02,287.74,2024-03-04,287.74,0.0
P1-1278-0303,1278,Cucumber_18,Fruit and vegetable,2024-03-03,287.12,2024-03-05,287.12,0.0
P1-1278-0304,1278,Cucumber_18,Fruit and vegetable,2024-03-04,276.24,2024-03-06,276.24,0.0
P1-1278-0305,1278,Cucumber_18,Fruit and vegetable,2024-03-05,223.0,2024-03-07,223.0,0.0
P1-1278-0306,1278,Cucumber_18,Fruit and vegetable,2024-03-06,170.04,2024-03-08,170.04,0.0
P1-1278-0307,1278,Cucumber_18,Fruit and vegetable,2024-03-07,177.01,2024-03-09,177.01,0.0
P1-1278-0308,1278,Cucumber_18,Fruit and vegetable,2024-03-08,185.74,2024-03-10,185.74,0.0
P1-1278-0309,1278,Cucumber_18,Fruit and vegetable,2024-03-09,189.87,2024-03-11,189.87,0.0
P1-1278-0310,1278,Cucumber_18,Fruit and vegetable,2024-03-10,160.45,2024-03-12,160.45,0.0
P1-1278-0312,1278,Cucumber_18,Fruit and vegetable,2024-03-12,173.72,2024-03-14,173.72,0.0
P1-1278-0313,1278,Cucumber_18,Fruit and vegetable,2024-03-13,195.39,2024-03-15,195.39,0.0
P1-1278-0314,1278,Cucumber_18,Fruit and vegetable,2024-03-14,294.13,2024-03-16,294.13,0.0
P1-1278-0315,1278,Cucumber_18,Fruit and vegetable,2024-03-15,314.4,2024-03-17,314.4,0.0
P1-1278-0316,1278,Cucumber_18,Fruit and vegetable,2024-03-16,279.64,2024-03-18,279.64,0.0
P1-1278-0317,1278,Cucumber_18,Fruit and vegetable,2024-03-17,138.38,2024-03-19,138.38,0.0
P1-1278-0318,1278,Cucumber_18,Fruit and vegetable,2024-03-18,200.15,2024-03-20,200.15,0.0
P1-1278-0319,1278,Cucumber_18,Fruit and vegetable,2024-03-19,181.74,2024-03-21,181.74,0.0
P1-1278-0320,1278,Cucumber_18,Fruit and vegetable,2024-03-20,236.9,2024-03-22,236.9,0.0
P1-1278-0321,1278,Cucumber_18,Fruit and vegetable,2024-03-21,336.95,2024-03-23,336.95,0.0
P1-1278-0322,1278,Cucumber_18,Fruit and vegetable,2024-03-22,314.61,2024-03-24,314.61,0.0
P1-1278-0323,1278,Cucumber_18,Fruit and vegetable,2024-03-23,172.32,2024-03-25,172.32,0.0
P1-1278-0324,1278,Cucumber_18,Fruit and vegetable,2024-03-24,274.42,2024-03-26,274.42,0.0
P1-1278-0325,1278,Cucumber_18,Fruit and vegetable,2024-03-25,233.16,2024-03-27,233.16,0.0
P1-1278-0326,1278,Cucumber_18,Fruit and vegetable,2024-03-26,231.18,2024-03-28,231.18,0.0
P1-1278-0327,1278,Cucumber_18,Fruit and vegetable,2024-03-27,279.21,2024-03-29,279.21,0.0
P1-1278-0328,1278,Cucumber_18,Fruit and vegetable,2024-03-28,296.79,2024-03-30,296.79,0.0
P1-1278-0329,1278,Cucumber_18,Fruit and vegetable,2024-03-29,206.51,2024-03-31,145.11,61.41
P1-1278-0330,1278,Cucumber_18,Fruit and vegetable,2024-03-30,125.79,2024-04-01,93.87,31.92
P1-1278-0331,1278,Cucumber_18,Fruit and vegetable,2024-03-31,109.73,2024-04-02,109.73,0.0
P1-1278-0401,1278,Cucumber_18,Fruit and vegetable,2024-04-01,22.06,2024-04-03,22.06,0.0
P1-1278-0402,1278,Cucumber_18,Fruit and vegetable,2024-04-02,290.04,2024-04-04,236.18,53.86
P1-1278-0404,1278,Cucumber_18,Fruit and vegetable,2024-04-04,154.96,2024-04-06,154.96,0.0
P1-1278-0406,1278,Cucumber_18,Fruit and vegetable,2024-04-06,108.47,2024-04-08,108.47,0.0
P1-1278-0407,1278,Cucumber_18,Fruit and vegetable,2024-04-07,267.97,2024-04-09,267.97,0.0
P1-1278-0408,1278,Cucumber_18,Fruit and vegetable,2024-04-08,172.18,2024-04-10,172.18,0.0
P1-1278-0409,1278,Cucumber_18,Fruit and vegetable,2024-04-09,157.47,2024-04-11,157.47,0.0
P1-1278-0410,1278,Cucumber_18,Fruit and vegetable,2024-04-10,153.49,2024-04-12,153.49,0.0
P1-1278-0411,1278,Cucumber_18,Fruit and vegetable,2024-04-11,176.81,2024-04-13,176.81,0.0
P1-1278-0412,1278,Cucumber_18,Fruit and vegetable,2024-04-12,191.0,2024-04-14,191.0,0.0
P1-1278-0413,1278,Cucumber_18,Fruit and vegetable,2024-04-13,140.41,2024-04-15,140.41,0.0
P1-1278-0414,1278,Cucumber_18,Fruit and vegetable,2024-04-14,309.13,2024-04-16,309.13,0.0
P1-1278-0415,1278,Cucumber_18,Fruit and vegetable,2024-04-15,62.93,2024-04-17,62.93,0.0
P1-1278-0416,1278,Cucumber_18,Fruit and vegetable,2024-04-16,195.35,2024-04-18,195.35,0.0
P1-1278-0417,1278,Cucumber_18,Fruit and vegetable,2024-04-17,251.24,2024-04-19,251.24,0.0
P1-1278-0418,1278,Cucumber_18,Fruit and vegetable,2024-04-18,291.72,2024-04-20,291.72,0.0
P1-1278-0419,1278,Cucumber_18,Fruit and vegetable,2024-04-19,360.07,2024-04-21,360.07,0.0
P1-1278-0420,1278,Cucumber_18,Fruit and vegetable,2024-04-20,304.98,2024-04-22,304.98,0.0
P1-1278-0421,1278,Cucumber_18,Fruit and vegetable,2024-04-21,282.57,2024-04-23,282.57,0.0
P1-1278-0422,1278,Cucumber_18,Fruit and vegetable,2024-04-22,256.19,2024-04-24,256.19,0.0
P1-1278-0423,1278,Cucumber_18,Fruit and vegetable,2024-04-23,255.13,2024-04-25,255.13,0.0
P1-1278-0424,1278,Cucumber_18,Fruit and vegetable,2024-04-24,318.77,2024-04-26,318.77,0.0
P1-1278-0425,1278,Cucumber_18,Fruit and vegetable,2024-04-25,347.74,2024-04-27,347.74,0.0
P1-1278-0426,1278,Cucumber_18,Fruit and vegetable,2024-04-26,353.97,2024-04-28,353.97,0.0
P1-1278-0427,1278,Cucumber_18,Fruit and vegetable,2024-04-27,166.57,2024-04-29,166.57,0.0
P1-1278-0428,1278,Cucumber_18,Fruit and vegetable,2024-04-28,185.67,2024-04-30,185.67,0.0
P1-1278-0429,1278,Cucumber_18,Fruit and vegetable,2024-04-29,308.02,2024-05-01,308.02,0.0
P1-1278-0430,1278,Cucumber_18,Fruit and vegetable,2024-04-30,399.19,2024-05-02,399.19,0.0
P1-1278-0501,1278,Cucumber_18,Fruit and vegetable,2024-05-01,285.7,2024-05-03,285.7,0.0
P1-1278-0502,1278,Cucumber_18,Fruit and vegetable,2024-05-02,360.81,2024-05-04,360.81,0.0
P1-1278-0503,1278,Cucumber_18,Fruit and vegetable,2024-05-03,302.13,2024-05-05,302.13,0.0
P1-1278-0504,1278,Cucumber_18,Fruit and vegetable,2024-05-04,260.59,2024-05-06,260.59,0.0
P1-1278-0505,1278,Cucumber_18,Fruit and vegetable,2024-05-05,270.7,2024-05-07,270.7,0.0
P1-1278-0506,1278,Cucumber_18,Fruit and vegetable,2024-05-06,485.82,2024-05-08,485.82,0.0
P1-1278-0507,1278,Cucumber_18,Fruit and vegetable,2024-05-07,279.89,2024-05-09,279.89,0.0
P1-1278-0508,1278,Cucumber_18,Fruit and vegetable,2024-05-08,461.61,2024-05-10,461.61,0.0
P1-1278-0509,1278,Cucumber_18,Fruit and vegetable,2024-05-09,288.1,2024-05-11,288.1,0.0
P1-1278-0510,1278,Cucumber_18,Fruit and vegetable,2024-05-10,183.17,2024-05-12,183.17,0.0
P1-1278-0511,1278,Cucumber_18,Fruit and vegetable,2024-05-11,313.64,2024-05-13,313.64,0.0
P1-1278-0512,1278,Cucumber_18,Fruit and vegetable,2024-05-12,358.62,2024-05-14,358.62,0.0
P1-1278-0513,1278,Cucumber_18,Fruit and vegetable,2024-05-13,338.65,2024-05-15,338.65,0.0
P1-1278-0514,1278,Cucumber_18,Fruit and vegetable,2024-05-14,459.26,2024-05-16,459.26,0.0
P1-1278-0515,1278,Cucumber_18,Fruit and vegetable,2024-05-15,167.96,2024-05-17,167.96,0.0
P1-1278-0516,1278,Cucumber_18,Fruit and vegetable,2024-05-16,364.94,2024-05-18,364.94,0.0
P1-1278-0517,1278,Cucumber_18,Fruit and vegetable,2024-05-17,354.05,2024-05-19,354.05,0.0
P1-1278-0518,1278,Cucumber_18,Fruit and vegetable,2024-05-18,233.67,2024-05-20,233.67,0.0
P1-1278-0519,1278,Cucumber_18,Fruit and vegetable,2024-05-19,337.18,2024-05-21,337.18,0.0
P1-1278-0520,1278,Cucumber_18,Fruit and vegetable,2024-05-20,291.55,2024-05-22,291.55,0.0
P1-1278-0521,1278,Cucumber_18,Fruit and vegetable,2024-05-21,260.14,2024-05-23,260.14,0.0
P1-1278-0522,1278,Cucumber_18,Fruit and vegetable,2024-05-22,326.23,2024-05-24,326.23,0.0
P1-1278-0523,1278,Cucumber_18,Fruit and vegetable,2024-05-23,377.19,2024-05-25,377.19,0.0
P1-1278-0524,1278,Cucumber_18,Fruit and vegetable,2024-05-24,378.17,2024-05-26,378.17,0.0
P1-1278-0525,1278,Cucumber_18,Fruit and vegetable,2024-05-25,357.0,2024-05-27,357.0,0.0
P1-1278-0526,1278,Cucumber_18,Fruit and vegetable,2024-05-26,311.64,2024-05-28,311.64,0.0
P1-1278-0527,1278,Cucumber_18,Fruit and vegetable,2024-05-27,280.3,2024-05-29,280.3,0.0
P1-1278-0529,1278,Cucumber_18,Fruit and vegetable,2024-05-29,320.35,2024-05-31,320.35,0.0
P1-1278-0530,1278,Cucumber_18,Fruit and vegetable,2024-05-30,384.12,2024-06-01,384.12,0.0
P1-1278-0531,1278,Cucumber_18,Fruit and vegetable,2024-05-31,379.05,2024-06-02,379.05,0.0
P1-1278-0601,1278,Cucumber_18,Fruit and vegetable,2024-06-01,281.26,2024-06-03,281.26,0.0
P1-1278-0602,1278,Cucumber_18,Fruit and vegetable,2024-06-02,146.52,2024-06-04,82.24,
P1-1280-0301,1280,Orange_14,Fruit and vegetable,2024-03-01,748.14,2024-03-03,748.14,0.0
P1-1280-0302,1280,Orange_14,Fruit and vegetable,2024-03-02,748.14,2024-03-04,748.14,0.0
P1-1280-0303,1280,Orange_14,Fruit and vegetable,2024-03-03,733.17,2024-03-05,733.17,0.0
P1-1280-0304,1280,Orange_14,Fruit and vegetable,2024-03-04,600.39,2024-03-06,600.39,0.0
P1-1280-0305,1280,Orange_14,Fruit and vegetable,2024-03-05,567.68,2024-03-07,567.68,0.0
P1-1280-0306,1280,Orange_14,Fruit and vegetable,2024-03-06,552.29,2024-03-08,552.29,0.0
P1-1280-0307,1280,Orange_14,Fruit and vegetable,2024-03-07,537.37,2024-03-09,537.37,0.0
P1-1280-0308,1280,Orange_14,Fruit and vegetable,2024-03-08,615.53,2024-03-10,615.53,0.0
P1-1280-0309,1280,Orange_14,Fruit and vegetable,2024-03-09,666.63,2024-03-11,666.63,0.0
P1-1280-0310,1280,Orange_14,Fruit and vegetable,2024-03-10,608.03,2024-03-12,608.03,0.0
P1-1280-0311,1280,Orange_14,Fruit and vegetable,2024-03-11,462.13,2024-03-13,462.13,0.0
P1-1280-0312,1280,Orange_14,Fruit and vegetable,2024-03-12,532.09,2024-03-14,532.09,0.0
P1-1280-0313,1280,Orange_14,Fruit and vegetable,2024-03-13,524.04,2024-03-15,524.04,0.0
P1-1280-0314,1280,Orange_14,Fruit and vegetable,2024-03-14,512.22,2024-03-16,512.22,0.0
P1-1280-0315,1280,Orange_14,Fruit and vegetable,2024-03-15,697.36,2024-03-17,697.36,0.0
P1-1280-0316,1280,Orange_14,Fruit and vegetable,2024-03-16,510.05,2024-03-18,510.05,0.0
P1-1280-0317,1280,Orange_14,Fruit and vegetable,2024-03-17,507.56,2024-03-19,507.56,0.0
P1-1280-0318,1280,Orange_14,Fruit and vegetable,2024-03-18,609.71,2024-03-20,609.71,0.0
P1-1280-0319,1280,Orange_14,Fruit and vegetable,2024-03-19,624.92,2024-03-21,624.92,0.0
P1-1280-0320,1280,Orange_14,Fruit and vegetable,2024-03-20,395.19,2024-03-22,395.19,0.0
P1-1280-0321,1280,Orange_14,Fruit and vegetable,2024-03-21,631.31,2024-03-23,631.31,0.0
P1-1280-0322,1280,Orange_14,Fruit and vegetable,2024-03-22,807.62,2024-03-24,807.62,0.0
P1-1280-0323,1280,Orange_14,Fruit and vegetable,2024-03-23,487.83,2024-03-25,487.83,0.0
P1-1280-0324,1280,Orange_14,Fruit and vegetable,2024-03-24,627.37,2024-03-26,627.37,0.0
P1-1280-0325,1280,Orange_14,Fruit and vegetable,2024-03-25,765.51,2024-03-27,765.51,0.0
P1-1280-0326,1280,Orange_14,Fruit and vegetable,2024-03-26,858.07,2024-03-28,858.07,0.0
P1-1280-0327,1280,Orange_14,Fruit and vegetable,2024-03-27,695.96,2024-03-29,695.96,0.0
P1-1280-0328,1280,Orange_14,Fruit and vegetable,2024-03-28,555.34,2024-03-30,555.34,0.0
P1-1280-0329,1280,Orange_14,Fruit and vegetable,2024-03-29,740.51,2024-03-31,740.51,0.0
P1-1280-0330,1280,Orange_14,Fruit and vegetable,2024-03-30,249.95,2024-04-01,249.95,0.0
P1-1280-0331,1280,Orange_14,Fruit and vegetable,2024-03-31,504.29,2024-04-02,504.29,0.0
P1-1280-0401,1280,Orange_14,Fruit and vegetable,2024-04-01,463.75,2024-04-03,463.75,0.0
P1-1280-0402,1280,Orange_14,Fruit and vegetable,2024-04-02,612.02,2024-04-04,612.02,0.0
P1-1280-0403,1280,Orange_14,Fruit and vegetable,2024-04-03,217.85,2024-04-05,217.85,0.0
P1-1280-0404,1280,Orange_14,Fruit and vegetable,2024-04-04,517.94,2024-04-06,517.94,0.0
P1-1280-0405,1280,Orange_14,Fruit and vegetable,2024-04-05,380.74,2024-04-07,380.74,0.0
P1-1280-0406,1280,Orange_14,Fruit and vegetable,2024-04-06,482.84,2024-04-08,482.84,0.0
P1-1280-0407,1280,Orange_14,Fruit and vegetable,2024-04-07,450.0,2024-04-09,450.0,0.0
P1-1280-0408,1280,Orange_14,Fruit and vegetable,2024-04-08,677.77,2024-04-10,677.77,0.0
P1-1280-0409,1280,Orange_14,Fruit and vegetable,2024-04-09,666.08,2024-04-11,666.08,0.0
P1-1280-0410,1280,Orange_14,Fruit and vegetable,2024-04-10,302.76,2024-04-12,302.76,0.0
P1-1280-0411,1280,Orange_14,Fruit and vegetable,2024-04-11,349.57,2024-04-13,349.57,0.0
P1-1280-0412,1280,Orange_14,Fruit and vegetable,2024-04-12,666.54,2024-04-14,666.54,0.0
P1-1280-0413,1280,Orange_14,Fruit and vegetable,2024-04-13,433.01,2024-04-15,433.01,0.0
P1-1280-0414,1280,Orange_14,Fruit and vegetable,2024-04-14,658.33,2024-04-16,658.33,0.0
P1-1280-0415,1280,Orange_14,Fruit and vegetable,2024-04-15,591.43,2024-04-17,591.43,0.0
P1-1280-0416,1280,Orange_14,Fruit and vegetable,2024-04-16,526.97,2024-04-18,526.97,0.0
P1-1280-0417,1280,Orange_14,Fruit and vegetable,2024-04-17,490.12,2024-04-19,490.12,0.0
P1-1280-0418,1280,Orange_14,Fruit and vegetable,2024-04-18,438.28,2024-04-20,438.28,0.0
P1-1280-0419,1280,Orange_14,Fruit and vegetable,2024-04-19,658.3,2024-04-21,658.3,0.0
P1-1280-0420,1280,Orange_14,Fruit and vegetable,2024-04-20,537.09,2024-04-22,537.09,0.0
P1-1280-0421,1280,Orange_14,Fruit and vegetable,2024-04-21,459.83,2024-04-23,459.83,0.0
P1-1280-0422,1280,Orange_14,Fruit and vegetable,2024-04-22,625.38,2024-04-24,625.38,0.0
P1-1280-0423,1280,Orange_14,Fruit and vegetable,2024-04-23,365.06,2024-04-25,365.06,0.0
P1-1280-0424,1280,Orange_14,Fruit and vegetable,2024-04-24,231.4,2024-04-26,231.4,0.0
P1-1280-0425,1280,Orange_14,Fruit and vegetable,2024-04-25,369.51,2024-04-27,369.51,0.0
P1-1280-0426,1280,Orange_14,Fruit and vegetable,2024-04-26,700.17,2024-04-28,700.17,0.0
P1-1280-0427,1280,Orange_14,Fruit and vegetable,2024-04-27,351.98,2024-04-29,351.98,0.0
P1-1280-0428,1280,Orange_14,Fruit and vegetable,2024-04-28,499.14,2024-04-30,499.14,0.0
P1-1280-0429,1280,Orange_14,Fruit and vegetable,2024-04-29,995.96,2024-05-01,995.96,0.0
P1-1280-0430,1280,Orange_14,Fruit and vegetable,2024-04-30,1074.21,2024-05-02,1074.21,0.0
P1-1280-0501,1280,Orange_14,Fruit and vegetable,2024-05-01,1129.58,2024-05-03,1129.58,0.0
P1-1280-0502,1280,Orange_14,Fruit and vegetable,2024-05-02,1134.44,2024-05-04,1134.44,0.0
P1-1280-0503,1280,Orange_14,Fruit and vegetable,2024-05-03,1191.66,2024-05-05,1191.66,0.0
P1-1280-0504,1280,Orange_14,Fruit and vegetable,2024-05-04,922.94,2024-05-06,922.94,0.0
P1-1280-0505,1280,Orange_14,Fruit and vegetable,2024-05-05,1041.62,2024-05-07,1041.62,0.0
P1-1280-0506,1280,Orange_14,Fruit and vegetable,2024-05-06,1196.58,2024-05-08,1196.58,0.0
P1-1280-0507,1280,Orange_14,Fruit and vegetable,2024-05-07,759.33,2024-05-09,759.33,0.0
P1-1280-0508,1280,Orange_14,Fruit and vegetable,2024-05-08,749.01,2024-05-10,749.01,0.0
P1-1280-0509,1280,Orange_14,Fruit and vegetable,2024-05-09,520.44,2024-05-11,520.44,0.0
P1-1280-0510,1280,Orange_14,Fruit and vegetable,2024-05-10,519.0,2024-05-12,519.0,0.0
P1-1280-0511,1280,Orange_14,Fruit and vegetable,2024-05-11,326.96,2024-05-13,326.96,0.0
P1-1280-0512,1280,Orange_14,Fruit and vegetable,2024-05-12,643.37,2024-05-14,643.37,0.0
P1-1280-0513,1280,Orange_14,Fruit and vegetable,2024-05-13,105.09,2024-05-15,105.09,0.0
P1-1280-0514,1280,Orange_14,Fruit and vegetable,2024-05-14,644.44,2024-05-16,644.44,0.0
P1-1280-0515,1280,Orange_14,Fruit and vegetable,2024-05-15,541.88,2024-05-17,541.88,0.0
P1-1280-0516,1280,Orange_14,Fruit and vegetable,2024-05-16,1106.7,2024-05-18,1106.7,0.0
P1-1280-0517,1280,Orange_14,Fruit and vegetable,2024-05-17,1474.57,2024-05-19,1474.57,0.0
P1-1280-0518,1280,Orange_14,Fruit and vegetable,2024-05-18,990.54,2024-05-20,990.54,0.0
P1-1280-0519,1280,Orange_14,Fruit and vegetable,2024-05-19,713.56,2024-05-21,713.56,0.0
P1-1280-0520,1280,Orange_14,Fruit and vegetable,2024-05-20,569.54,2024-05-22,569.54,0.0
P1-1280-0521,1280,Orange_14,Fruit and vegetable,2024-05-21,650.91,2024-05-23,650.91,0.0
P1-1280-0522,1280,Orange_14,Fruit and vegetable,2024-05-22,508.36,2024-05-24,508.36,0.0
P1-1280-0523,1280,Orange_14,Fruit and vegetable,2024-05-23,845.49,2024-05-25,845.49,0.0
P1-1280-0524,1280,Orange_14,Fruit and vegetable,2024-05-24,815.68,2024-05-26,637.51,178.18
P1-1280-0527,1280,Orange_14,Fruit and vegetable,2024-05-27,847.67,2024-05-29,847.67,0.0
P1-1280-0528,1280,Orange_14,Fruit and vegetable,2024-05-28,399.78,2024-05-30,399.78,0.0
P1-1280-0529,1280,Orange_14,Fruit and vegetable,2024-05-29,421.91,2024-05-31,421.91,0.0
P1-1280-0530,1280,Orange_14,Fruit and vegetable,2024-05-30,465.72,2024-06-01,465.72,0.0
P1-1280-0531,1280,Orange_14,Fruit and vegetable,2024-05-31,725.1,2024-06-02,725.1,0.0
P1-1280-0601,1280,Orange_14,Fruit and vegetable,2024-06-01,586.93,2024-06-03,586.93,0.0
P1-1280-0602,1280,Orange_14,Fruit and vegetable,2024-06-02,516.39,2024-06-04,316.87,
P1-13-0301,13,Melon_0,Fruit and vegetable,2024-03-01,36.83,2024-03-03,36.83,0.0
P1-13-0302,13,Melon_0,Fruit and vegetable,2024-03-02,42.73,2024-03-04,42.73,0.0
P1-13-0303,13,Melon_0,Fruit and vegetable,2024-03-03,42.17,2024-03-05,42.17,0.0
P1-13-0304,13,Melon_0,Fruit and vegetable,2024-03-04,33.28,2024-03-06,33.28,0.0
P1-13-0305,13,Melon_0,Fruit and vegetable,2024-03-05,29.12,2024-03-07,11.41,17.71
P1-13-0306,13,Melon_0,Fruit and vegetable,2024-03-06,22.87,2024-03-08,22.87,0.0
P1-13-0307,13,Melon_0,Fruit and vegetable,2024-03-07,10.46,2024-03-09,10.46,0.0
P1-13-0308,13,Melon_0,Fruit and vegetable,2024-03-08,23.28,2024-03-10,23.28,0.0
P1-13-0309,13,Melon_0,Fruit and vegetable,2024-03-09,44.75,2024-03-11,44.75,0.0
P1-13-0310,13,Melon_0,Fruit and vegetable,2024-03-10,4.18,2024-03-12,4.18,0.0
P1-13-0311,13,Melon_0,Fruit and vegetable,2024-03-11,30.91,2024-03-13,30.91,0.0
P1-13-0312,13,Melon_0,Fruit and vegetable,2024-03-12,17.53,2024-03-14,14.89,2.64
P1-13-0314,13,Melon_0,Fruit and vegetable,2024-03-14,5.82,2024-03-16,5.82,0.0
P1-13-0315,13,Melon_0,Fruit and vegetable,2024-03-15,47.4,2024-03-17,47.4,0.0
P1-13-0316,13,Melon_0,Fruit and vegetable,2024-03-16,23.7,2024-03-18,23.7,0.0
P1-13-0317,13,Melon_0,Fruit and vegetable,2024-03-17,42.65,2024-03-19,42.65,0.0
P1-13-0318,13,Melon_0,Fruit and vegetable,2024-03-18,24.23,2024-03-20,24.23,0.0
P1-13-0319,13,Melon_0,Fruit and vegetable,2024-03-19,22.73,2024-03-21,22.73,0.0
P1-13-0320,13,Melon_0,Fruit and vegetable,2024-03-20,18.61,2024-03-22,18.61,0.0
P1-13-0321,13,Melon_0,Fruit and vegetable,2024-03-21,24.83,2024-03-23,24.83,0.0
P1-13-0322,13,Melon_0,Fruit and vegetable,2024-03-22,51.98,2024-03-24,51.98,0.0
P1-13-0323,13,Melon_0,Fruit and vegetable,2024-03-23,18.62,2024-03-25,18.62,0.0
P1-13-0324,13,Melon_0,Fruit and vegetable,2024-03-24,26.69,2024-03-26,26.69,0.0
P1-13-0325,13,Melon_0,Fruit and vegetable,2024-03-25,15.57,2024-03-27,15.57,0.0
P1-13-0326,13,Melon_0,Fruit and vegetable,2024-03-26,2.19,2024-03-28,2.19,0.0
P1-13-0327,13,Melon_0,Fruit and vegetable,2024-03-27,37.12,2024-03-29,37.12,0.0
P1-13-0328,13,Melon_0,Fruit and vegetable,2024-03-28,17.22,2024-03-30,17.22,0.0
P1-13-0329,13,Melon_0,Fruit and vegetable,2024-03-29,36.47,2024-03-31,36.47,0.0
P1-13-0330,13,Melon_0,Fruit and vegetable,2024-03-30,6.68,2024-04-01,6.68,0.0
P1-13-0331,13,Melon_0,Fruit and vegetable,2024-03-31,7.45,2024-04-02,7.45,0.0
P1-13-0401,13,Melon_0,Fruit and vegetable,2024-04-01,57.75,2024-04-03,57.75,0.0
P1-13-0402,13,Melon_0,Fruit and vegetable,2024-04-02,43.21,2024-04-04,43.21,0.0
P1-13-0403,13,Melon_0,Fruit and vegetable,2024-04-03,34.2,2024-04-05,34.2,0.0
P1-13-0404,13,Melon_0,Fruit and vegetable,2024-04-04,42.91,2024-04-06,42.91,0.0
P1-13-0405,13,Melon_0,Fruit and vegetable,2024-04-05,12.54,2024-04-07,12.54,0.0
P1-13-0406,13,Melon_0,Fruit and vegetable,2024-04-06,28.69,2024-04-08,28.69,0.0
P1-13-0407,13,Melon_0,Fruit and vegetable,2024-04-07,21.52,2024-04-09,21.52,0.0
P1-13-0408,13,Melon_0,Fruit and vegetable,2024-04-08,59.13,2024-04-10,59.13,0.0
P1-13-0409,13,Melon_0,Fruit and vegetable,2024-04-09,16.36,2024-04-11,16.36,0.0
P1-13-0410,13,Melon_0,Fruit and vegetable,2024-04-10,34.45,2024-04-12,34.45,0.0
P1-13-0412,13,Melon_0,Fruit and vegetable,2024-04-12,37.07,2024-04-14,37.07,0.0
P1-13-0413,13,Melon_0,Fruit and vegetable,2024-04-13,29.31,2024-04-15,29.31,0.0
P1-13-0414,13,Melon_0,Fruit and vegetable,2024-04-14,30.32,2024-04-16,30.32,0.0
P1-13-0415,13,Melon_0,Fruit and vegetable,2024-04-15,54.82,2024-04-17,54.82,0.0
P1-13-0417,13,Melon_0,Fruit and vegetable,2024-04-17,16.39,2024-04-19,16.39,0.0
P1-13-0418,13,Melon_0,Fruit and vegetable,2024-04-18,21.49,2024-04-20,21.49,0.0
P1-13-0419,13,Melon_0,Fruit and vegetable,2024-04-19,40.33,2024-04-21,40.33,0.0
P1-13-0420,13,Melon_0,Fruit and vegetable,2024-04-20,47.3,2024-04-22,47.3,0.0
P1-13-0422,13,Melon_0,Fruit and vegetable,2024-04-22,11.74,2024-04-24,11.74,0.0
P1-13-0423,13,Melon_0,Fruit and vegetable,2024-04-23,18.08,2024-04-25,18.08,0.0
P1-13-0424,13,Melon_0,Fruit and vegetable,2024-04-24,25.47,2024-04-26,25.47,0.0
P1-13-0425,13,Melon_0,Fruit and vegetable,2024-04-25,24.69,2024-04-27,24.69,0.0
P1-13-0426,13,Melon_0,Fruit and vegetable,2024-04-26,33.65,2024-04-28,33.65,0.0
P1-13-0427,13,Melon_0,Fruit and vegetable,2024-04-27,36.19,2024-04-29,36.19,0.0
P1-13-0428,13,Melon_0,Fruit and vegetable,2024-04-28,58.72,2024-04-30,58.72,0.0
P1-13-0429,13,Melon_0,Fruit and vegetable,2024-04-29,35.81,2024-05-01,35.81,0.0
P1-13-0430,13,Melon_0,Fruit and vegetable,2024-04-30,16.86,2024-05-02,16.86,0.0
P1-13-0501,13,Melon_0,Fruit and vegetable,2024-05-01,36.75,2024-05-03,36.75,0.0
P1-13-0502,13,Melon_0,Fruit and vegetable,2024-05-02,23.95,2024-05-04,23.95,0.0
P1-13-0503,13,Melon_0,Fruit and vegetable,2024-05-03,35.94,2024-05-05,35.94,0.0
P1-13-0504,13,Melon_0,Fruit and vegetable,2024-05-04,27.02,2024-05-06,27.02,0.0
P1-13-0505,13,Melon_0,Fruit and vegetable,2024-05-05,59.49,2024-05-07,59.49,0.0
P1-13-0507,13,Melon_0,Fruit and vegetable,2024-05-07,33.19,2024-05-09,33.19,0.0
P1-13-0508,13,Melon_0,Fruit and vegetable,2024-05-08,51.3,2024-05-10,51.3,0.0
P1-13-0509,13,Melon_0,Fruit and vegetable,2024-05-09,40.09,2024-05-11,40.09,0.0
P1-13-0510,13,Melon_0,Fruit and vegetable,2024-05-10,50.78,2024-05-12,42.55,8.23
P1-13-0511,13,Melon_0,Fruit and vegetable,2024-05-11,19.51,2024-05-13,19.51,0.0
P1-13-0513,13,Melon_0,Fruit and vegetable,2024-05-13,36.57,2024-05-15,36.57,0.0
P1-13-0514,13,Melon_0,Fruit and vegetable,2024-05-14,24.51,2024-05-16,24.51,0.0
P1-13-0515,13,Melon_0,Fruit and vegetable,2024-05-15,73.49,2024-05-17,60.67,12.82
P1-13-0517,13,Melon_0,Fruit and vegetable,2024-05-17,22.73,2024-05-19,22.73,0.0
P1-13-0518,13,Melon_0,Fruit and vegetable,2024-05-18,29.7,2024-05-20,29.7,0.0
P1-13-0519,13,Melon_0,Fruit and vegetable,2024-05-19,49.51,2024-05-21,49.51,0.0
P1-13-0520,13,Melon_0,Fruit and vegetable,2024-05-20,44.27,2024-05-22,44.27,0.0
P1-13-0521,13,Melon_0,Fruit and vegetable,2024-05-21,37.86,2024-05-23,37.86,0.0
P1-13-0522,13,Melon_0,Fruit and vegetable,2024-05-22,16.41,2024-05-24,16.41,0.0
P1-13-0523,13,Melon_0,Fruit and vegetable,2024-05-23,21.21,2024-05-25,21.21,0.0
P1-13-0524,13,Melon_0,Fruit and vegetable,2024-05-24,35.97,2024-05-26,35.97,0.0
P1-13-0525,13,Melon_0,Fruit and vegetable,2024-05-25,28.66,2024-05-27,28.66,0.0
P1-13-0526,13,Melon_0,Fruit and vegetable,2024-05-26,37.98,2024-05-28,37.98,0.0
P1-13-0527,13,Melon_0,Fruit and vegetable,2024-05-27,137.56,2024-05-29,137.56,0.0
P1-13-0528,13,Melon_0,Fruit and vegetable,2024-05-28,116.21,2024-05-30,116.21,0.0
P1-13-0529,13,Melon_0,Fruit and vegetable,2024-05-29,157.1,2024-05-31,157.1,0.0
P1-13-0530,13,Melon_0,Fruit and vegetable,2024-05-30,131.59,2024-06-01,131.59,0.0
P1-13-0531,13,Melon_0,Fruit and vegetable,2024-05-31,183.75,2024-06-02,183.75,0.0
P1-13-0601,13,Melon_0,Fruit and vegetable,2024-06-01,124.06,2024-06-03,124.06,0.0
P1-13-0602,13,Melon_0,Fruit and vegetable,2024-06-02,113.92,2024-06-04,113.92,0.0
P1-1336-0301,1336,Onion_25,Fruit and vegetable,2024-03-01,153.34,2024-03-03,153.34,0.0
P1-1336-0302,1336,Onion_25,Fruit and vegetable,2024-03-02,153.34,2024-03-04,153.34,0.0
P1-1336-0303,1336,Onion_25,Fruit and vegetable,2024-03-03,151.88,2024-03-05,151.88,0.0
P1-1336-0304,1336,Onion_25,Fruit and vegetable,2024-03-04,127.27,2024-03-06,127.27,0.0
P1-1336-0305,1336,Onion_25,Fruit and vegetable,2024-03-05,111.16,2024-03-07,111.16,0.0
P1-1336-0306,1336,Onion_25,Fruit and vegetable,2024-03-06,135.85,2024-03-08,135.85,0.0
P1-1336-0307,1336,Onion_25,Fruit and vegetable,2024-03-07,111.83,2024-03-09,111.83,0.0
P1-1336-0308,1336,Onion_25,Fruit and vegetable,2024-03-08,172.02,2024-03-10,172.02,0.0
P1-1336-0309,1336,Onion_25,Fruit and vegetable,2024-03-09,152.64,2024-03-11,152.64,0.0
P1-1336-0310,1336,Onion_25,Fruit and vegetable,2024-03-10,123.1,2024-03-12,123.1,0.0
P1-1336-0311,1336,Onion_25,Fruit and vegetable,2024-03-11,120.01,2024-03-13,120.01,0.0
P1-1336-0312,1336,Onion_25,Fruit and vegetable,2024-03-12,126.46,2024-03-14,126.46,0.0
P1-1336-0313,1336,Onion_25,Fruit and vegetable,2024-03-13,83.06,2024-03-15,83.06,0.0
P1-1336-0314,1336,Onion_25,Fruit and vegetable,2024-03-14,182.22,2024-03-16,182.22,0.0
P1-1336-0315,1336,Onion_25,Fruit and vegetable,2024-03-15,199.81,2024-03-17,199.81,0.0
P1-1336-0316,1336,Onion_25,Fruit and vegetable,2024-03-16,205.36,2024-03-18,205.36,0.0
P1-1336-0317,1336,Onion_25,Fruit and vegetable,2024-03-17,132.45,2024-03-19,132.45,0.0
P1-1336-0318,1336,Onion_25,Fruit and vegetable,2024-03-18,60.94,2024-03-20,60.94,0.0
P1-1336-0319,1336,Onion_25,Fruit and vegetable,2024-03-19,147.01,2024-03-21,147.01,0.0
P1-1336-0320,1336,Onion_25,Fruit and vegetable,2024-03-20,133.17,2024-03-22,133.17,0.0
P1-1336-0321,1336,Onion_25,Fruit and vegetable,2024-03-21,126.03,2024-03-23,126.03,0.0
P1-1336-0322,1336,Onion_25,Fruit and vegetable,2024-03-22,189.63,2024-03-24,189.63,0.0
P1-1336-0323,1336,Onion_25,Fruit and vegetable,2024-03-23,30.83,2024-03-25,30.83,0.0
P1-1336-0324,1336,Onion_25,Fruit and vegetable,2024-03-24,98.02,2024-03-26,98.02,0.0
P1-1336-0325,1336,Onion_25,Fruit and vegetable,2024-03-25,157.78,2024-03-27,157.78,0.0
P1-1336-0326,1336,Onion_25,Fruit and vegetable,2024-03-26,97.79,2024-03-28,97.79,0.0
P1-1336-0327,1336,Onion_25,Fruit and vegetable,2024-03-27,174.25,2024-03-29,174.25,0.0
P1-1336-0328,1336,Onion_25,Fruit and vegetable,2024-03-28,190.49,2024-03-30,190.49,0.0
P1-1336-0329,1336,Onion_25,Fruit and vegetable,2024-03-29,206.41,2024-03-31,206.41,0.0
P1-1336-0330,1336,Onion_25,Fruit and vegetable,2024-03-30,117.67,2024-04-01,117.67,0.0
P1-1336-0331,1336,Onion_25,Fruit and vegetable,2024-03-31,106.36,2024-04-02,106.36,0.0
P1-1336-0401,1336,Onion_25,Fruit and vegetable,2024-04-01,100.63,2024-04-03,100.63,0.0
P1-1336-0402,1336,Onion_25,Fruit and vegetable,2024-04-02,115.6,2024-04-04,115.6,0.0
P1-1336-0403,1336,Onion_25,Fruit and vegetable,2024-04-03,146.79,2024-04-05,146.79,0.0
P1-1336-0404,1336,Onion_25,Fruit and vegetable,2024-04-04,76.25,2024-04-06,76.25,0.0
P1-1336-0405,1336,Onion_25,Fruit and vegetable,2024-04-05,55.61,2024-04-07,55.61,0.0
P1-1336-0406,1336,Onion_25,Fruit and vegetable,2024-04-06,78.89,2024-04-08,78.89,0.0
P1-1336-0407,1336,Onion_25,Fruit and vegetable,2024-04-07,134.59,2024-04-09,134.59,0.0
P1-1336-0408,1336,Onion_25,Fruit and vegetable,2024-04-08,92.52,2024-04-10,92.52,0.0
P1-1336-0409,1336,Onion_25,Fruit and vegetable,2024-04-09,97.48,2024-04-11,97.48,0.0
P1-1336-0410,1336,Onion_25,Fruit and vegetable,2024-04-10,121.6,2024-04-12,121.6,0.0
P1-1336-0411,1336,Onion_25,Fruit and vegetable,2024-04-11,151.54,2024-04-13,151.54,0.0
P1-1336-0412,1336,Onion_25,Fruit and vegetable,2024-04-12,154.28,2024-04-14,154.28,0.0
P1-1336-0413,1336,Onion_25,Fruit and vegetable,2024-04-13,135.74,2024-04-15,135.74,0.0
P1-1336-0414,1336,Onion_25,Fruit and vegetable,2024-04-14,66.57,2024-04-16,66.57,0.0
P1-1336-0415,1336,Onion_25,Fruit and vegetable,2024-04-15,126.96,2024-04-17,126.96,0.0
P1-1336-0416,1336,Onion_25,Fruit and vegetable,2024-04-16,87.24,2024-04-18,87.24,0.0
P1-1336-0417,1336,Onion_25,Fruit and vegetable,2024-04-17,144.08,2024-04-19,144.08,0.0
P1-1336-0418,1336,Onion_25,Fruit and vegetable,2024-04-18,124.86,2024-04-20,124.86,0.0
P1-1336-0419,1336,Onion_25,Fruit and vegetable,2024-04-19,148.1,2024-04-21,148.1,0.0
P1-1336-0420,1336,Onion_25,Fruit and vegetable,2024-04-20,157.57,2024-04-22,157.57,0.0
P1-1336-0421,1336,Onion_25,Fruit and vegetable,2024-04-21,147.93,2024-04-23,147.93,0.0
P1-1336-0422,1336,Onion_25,Fruit and vegetable,2024-04-22,158.03,2024-04-24,158.03,0.0
P1-1336-0423,1336,Onion_25,Fruit and vegetable,2024-04-23,145.08,2024-04-25,145.08,0.0
P1-1336-0424,1336,Onion_25,Fruit and vegetable,2024-04-24,87.36,2024-04-26,87.36,0.0
P1-1336-0425,1336,Onion_25,Fruit and vegetable,2024-04-25,173.07,2024-04-27,173.07,0.0
P1-1336-0426,1336,Onion_25,Fruit and vegetable,2024-04-26,142.83,2024-04-28,142.83,0.0
P1-1336-0427,1336,Onion_25,Fruit and vegetable,2024-04-27,144.92,2024-04-29,144.92,0.0
P1-1336-0428,1336,Onion_25,Fruit and vegetable,2024-04-28,134.59,2024-04-30,134.59,0.0
P1-1336-0429,1336,Onion_25,Fruit and vegetable,2024-04-29,116.64,2024-05-01,116.64,0.0
P1-1336-0430,1336,Onion_25,Fruit and vegetable,2024-04-30,50.13,2024-05-02,50.13,0.0
P1-1336-0501,1336,Onion_25,Fruit and vegetable,2024-05-01,151.54,2024-05-03,151.54,0.0
P1-1336-0502,1336,Onion_25,Fruit and vegetable,2024-05-02,102.12,2024-05-04,102.12,0.0
P1-1336-0503,1336,Onion_25,Fruit and vegetable,2024-05-03,162.43,2024-05-05,162.43,0.0
P1-1336-0504,1336,Onion_25,Fruit and vegetable,2024-05-04,84.5,2024-05-06,84.5,0.0
P1-1336-0505,1336,Onion_25,Fruit and vegetable,2024-05-05,77.37,2024-05-07,77.37,0.0
P1-1336-0506,1336,Onion_25,Fruit and vegetable,2024-05-06,133.51,2024-05-08,133.51,0.0
P1-1336-0507,1336,Onion_25,Fruit and vegetable,2024-05-07,159.14,2024-05-09,159.14,0.0
P1-1336-0508,1336,Onion_25,Fruit and vegetable,2024-05-08,150.34,2024-05-10,150.34,0.0
P1-1336-0509,1336,Onion_25,Fruit and vegetable,2024-05-09,170.18,2024-05-11,170.18,0.0
P1-1336-0510,1336,Onion_25,Fruit and vegetable,2024-05-10,142.72,2024-05-12,142.72,0.0
P1-1336-0511,1336,Onion_25,Fruit and vegetable,2024-05-11,136.25,2024-05-13,136.25,0.0
P1-1336-0512,1336,Onion_25,Fruit and vegetable,2024-05-12,81.28,2024-05-14,81.28,0.0
P1-1336-0513,1336,Onion_25,Fruit and vegetable,2024-05-13,171.61,2024-05-15,171.61,0.0
P1-1336-0514,1336,Onion_25,Fruit and vegetable,2024-05-14,105.56,2024-05-16,105.56,0.0
P1-1336-0515,1336,Onion_25,Fruit and vegetable,2024-05-15,68.2,2024-05-17,68.2,0.0
P1-1336-0516,1336,Onion_25,Fruit and vegetable,2024-05-16,103.95,2024-05-18,103.95,0.0
P1-1336-0517,1336,Onion_25,Fruit and vegetable,2024-05-17,80.42,2024-05-19,80.42,0.0
P1-1336-0518,1336,Onion_25,Fruit and vegetable,2024-05-18,131.67,2024-05-20,131.67,0.0
P1-1336-0519,1336,Onion_25,Fruit and vegetable,2024-05-19,150.4,2024-05-21,150.4,0.0
P1-1336-0520,1336,Onion_25,Fruit and vegetable,2024-05-20,23.36,2024-05-22,23.36,0.0
P1-1336-0521,1336,Onion_25,Fruit and vegetable,2024-05-21,96.7,2024-05-23,96.7,0.0
P1-1336-0522,1336,Onion_25,Fruit and vegetable,2024-05-22,116.47,2024-05-24,116.47,0.0
P1-1336-0523,1336,Onion_25,Fruit and vegetable,2024-05-23,161.78,2024-05-25,161.78,0.0
P1-1336-0524,1336,Onion_25,Fruit and vegetable,2024-05-24,149.92,2024-05-26,149.92,0.0
P1-1336-0525,1336,Onion_25,Fruit and vegetable,2024-05-25,109.03,2024-05-27,109.03,0.0
P1-1336-0526,1336,Onion_25,Fruit and vegetable,2024-05-26,109.67,2024-05-28,109.67,0.0
P1-1336-0527,1336,Onion_25,Fruit and vegetable,2024-05-27,95.92,2024-05-29,95.92,0.0
P1-1336-0529,1336,Onion_25,Fruit and vegetable,2024-05-29,119.19,2024-05-31,119.19,0.0
P1-1336-0530,1336,Onion_25,Fruit and vegetable,2024-05-30,139.32,2024-06-01,139.32,0.0
P1-1336-0531,1336,Onion_25,Fruit and vegetable,2024-05-31,164.31,2024-06-02,164.31,0.0
P1-1336-0602,1336,Onion_25,Fruit and vegetable,2024-06-02,194.98,2024-06-04,136.98,
P1-1365-0301,1365,Bread_103,Bakery,2024-03-01,236.22,2024-03-02,236.22,0.0
P1-1365-0302,1365,Bread_103,Bakery,2024-03-02,236.22,2024-03-03,236.22,0.0
P1-1365-0303,1365,Bread_103,Bakery,2024-03-03,234.6,2024-03-04,234.6,0.0
P1-1365-0304,1365,Bread_103,Bakery,2024-03-04,230.75,2024-03-05,230.75,0.0
P1-1365-0305,1365,Bread_103,Bakery,2024-03-05,208.86,2024-03-06,208.86,0.0
P1-1365-0306,1365,Bread_103,Bakery,2024-03-06,187.62,2024-03-07,187.62,0.0
P1-1365-0307,1365,Bread_103,Bakery,2024-03-07,215.82,2024-03-08,215.82,0.0
P1-1365-0308,1365,Bread_103,Bakery,2024-03-08,212.56,2024-03-09,212.56,0.0
P1-1365-0309,1365,Bread_103,Bakery,2024-03-09,159.83,2024-03-10,159.83,0.0
P1-1365-0310,1365,Bread_103,Bakery,2024-03-10,249.02,2024-03-11,249.02,0.0
P1-1365-0311,1365,Bread_103,Bakery,2024-03-11,200.4,2024-03-12,200.4,0.0
P1-1365-0312,1365,Bread_103,Bakery,2024-03-12,211.29,2024-03-13,211.29,0.0
P1-1365-0313,1365,Bread_103,Bakery,2024-03-13,238.24,2024-03-14,238.24,0.0
P1-1365-0314,1365,Bread_103,Bakery,2024-03-14,242.75,2024-03-15,242.75,0.0
P1-1365-0315,1365,Bread_103,Bakery,2024-03-15,197.54,2024-03-16,197.54,0.0
P1-1365-0316,1365,Bread_103,Bakery,2024-03-16,245.6,2024-03-17,245.6,0.0
P1-1365-0317,1365,Bread_103,Bakery,2024-03-17,211.12,2024-03-18,211.12,0.0
P1-1365-0318,1365,Bread_103,Bakery,2024-03-18,231.12,2024-03-19,231.12,0.0
P1-1365-0319,1365,Bread_103,Bakery,2024-03-19,179.27,2024-03-20,179.27,0.0
P1-1365-0320,1365,Bread_103,Bakery,2024-03-20,247.86,2024-03-21,247.86,0.0
P1-1365-0321,1365,Bread_103,Bakery,2024-03-21,186.44,2024-03-22,186.44,0.0
P1-1365-0322,1365,Bread_103,Bakery,2024-03-22,213.94,2024-03-23,213.94,0.0
P1-1365-0323,1365,Bread_103,Bakery,2024-03-23,239.52,2024-03-24,239.52,0.0
P1-1365-0324,1365,Bread_103,Bakery,2024-03-24,246.59,2024-03-25,246.59,0.0
P1-1365-0325,1365,Bread_103,Bakery,2024-03-25,213.83,2024-03-26,213.83,0.0
P1-1365-0326,1365,Bread_103,Bakery,2024-03-26,242.76,2024-03-27,242.76,0.0
P1-1365-0327,1365,Bread_103,Bakery,2024-03-27,226.75,2024-03-28,226.75,0.0
P1-1365-0328,1365,Bread_103,Bakery,2024-03-28,249.5,2024-03-29,249.5,0.0
P1-1365-0329,1365,Bread_103,Bakery,2024-03-29,286.96,2024-03-30,286.96,0.0
P1-1365-0330,1365,Bread_103,Bakery,2024-03-30,228.74,2024-03-31,228.74,0.0
P1-1365-0331,1365,Bread_103,Bakery,2024-03-31,165.3,2024-04-01,140.98,24.32
P1-1365-0401,1365,Bread_103,Bakery,2024-04-01,269.04,2024-04-02,241.22,27.82
P1-1365-0402,1365,Bread_103,Bakery,2024-04-02,86.78,2024-04-03,86.78,0.0
P1-1365-0403,1365,Bread_103,Bakery,2024-04-03,243.04,2024-04-04,243.04,0.0
P1-1365-0404,1365,Bread_103,Bakery,2024-04-04,243.72,2024-04-05,243.72,0.0
P1-1365-0405,1365,Bread_103,Bakery,2024-04-05,170.3,2024-04-06,170.3,0.0
P1-1365-0406,1365,Bread_103,Bakery,2024-04-06,171.09,2024-04-07,171.09,0.0
P1-1365-0407,1365,Bread_103,Bakery,2024-04-07,284.2,2024-04-08,284.2,0.0
P1-1365-0408,1365,Bread_103,Bakery,2024-04-08,151.1,2024-04-09,151.1,0.0
P1-1365-0409,1365,Bread_103,Bakery,2024-04-09,276.44,2024-04-10,276.44,0.0
P1-1365-0410,1365,Bread_103,Bakery,2024-04-10,152.0,2024-04-11,152.0,0.0
P1-1365-0411,1365,Bread_103,Bakery,2024-04-11,211.18,2024-04-12,211.18,0.0
P1-1365-0412,1365,Bread_103,Bakery,2024-04-12,254.47,2024-04-13,254.47,0.0
P1-1365-0413,1365,Bread_103,Bakery,2024-04-13,274.76,2024-04-14,274.76,0.0
P1-1365-0414,1365,Bread_103,Bakery,2024-04-14,221.35,2024-04-15,221.35,0.0
P1-1365-0415,1365,Bread_103,Bakery,2024-04-15,282.52,2024-04-16,282.52,0.0
P1-1365-0416,1365,Bread_103,Bakery,2024-04-16,178.89,2024-04-17,178.89,0.0
P1-1365-0417,1365,Bread_103,Bakery,2024-04-17,232.02,2024-04-18,232.02,0.0
P1-1365-0418,1365,Bread_103,Bakery,2024-04-18,234.29,2024-04-19,234.29,0.0
P1-1365-0419,1365,Bread_103,Bakery,2024-04-19,187.79,2024-04-20,187.79,0.0
P1-1365-0420,1365,Bread_103,Bakery,2024-04-20,258.86,2024-04-21,258.86,0.0
P1-1365-0421,1365,Bread_103,Bakery,2024-04-21,202.65,2024-04-22,202.65,0.0
P1-1365-0422,1365,Bread_103,Bakery,2024-04-22,219.72,2024-04-23,219.72,0.0
P1-1365-0423,1365,Bread_103,Bakery,2024-04-23,273.67,2024-04-24,273.67,0.0
P1-1365-0424,1365,Bread_103,Bakery,2024-04-24,167.82,2024-04-25,167.82,0.0
P1-1365-0425,1365,Bread_103,Bakery,2024-04-25,203.08,2024-04-26,203.08,0.0
P1-1365-0426,1365,Bread_103,Bakery,2024-04-26,252.78,2024-04-27,252.78,0.0
P1-1365-0427,1365,Bread_103,Bakery,2024-04-27,208.61,2024-04-28,208.61,0.0
P1-1365-0428,1365,Bread_103,Bakery,2024-04-28,249.86,2024-04-29,249.86,0.0
P1-1365-0429,1365,Bread_103,Bakery,2024-04-29,264.43,2024-04-30,264.43,0.0
P1-1365-0430,1365,Bread_103,Bakery,2024-04-30,244.86,2024-05-01,244.86,0.0
P1-1365-0501,1365,Bread_103,Bakery,2024-05-01,249.23,2024-05-02,249.23,0.0
P1-1365-0502,1365,Bread_103,Bakery,2024-05-02,251.04,2024-05-03,251.04,0.0
P1-1365-0503,1365,Bread_103,Bakery,2024-05-03,184.41,2024-05-04,184.41,0.0
P1-1365-0504,1365,Bread_103,Bakery,2024-05-04,258.06,2024-05-05,258.06,0.0
P1-1365-0505,1365,Bread_103,Bakery,2024-05-05,213.59,2024-05-06,213.59,0.0
P1-1365-0506,1365,Bread_103,Bakery,2024-05-06,240.47,2024-05-07,240.47,0.0
P1-1365-0507,1365,Bread_103,Bakery,2024-05-07,257.52,2024-05-08,192.06,65.46
P1-1365-0508,1365,Bread_103,Bakery,2024-05-08,187.82,2024-05-09,187.82,0.0
P1-1365-0509,1365,Bread_103,Bakery,2024-05-09,132.21,2024-05-10,132.21,0.0
P1-1365-0510,1365,Bread_103,Bakery,2024-05-10,260.52,2024-05-11,260.52,0.0
P1-1365-0511,1365,Bread_103,Bakery,2024-05-11,235.8,2024-05-12,235.8,0.0
P1-1365-0512,1365,Bread_103,Bakery,2024-05-12,233.65,2024-05-13,233.65,0.0
P1-1365-0513,1365,Bread_103,Bakery,2024-05-13,243.5,2024-05-14,243.5,0.0
P1-1365-0514,1365,Bread_103,Bakery,2024-05-14,274.48,2024-05-15,274.48,0.0
P1-1365-0515,1365,Bread_103,Bakery,2024-05-15,44.96,2024-05-16,44.96,0.0
P1-1365-0516,1365,Bread_103,Bakery,2024-05-16,268.79,2024-05-17,268.79,0.0
P1-1365-0517,1365,Bread_103,Bakery,2024-05-17,177.02,2024-05-18,177.02,0.0
P1-1365-0518,1365,Bread_103,Bakery,2024-05-18,235.66,2024-05-19,235.66,0.0
P1-1365-0519,1365,Bread_103,Bakery,2024-05-19,240.49,2024-05-20,240.49,0.0
P1-1365-0520,1365,Bread_103,Bakery,2024-05-20,231.16,2024-05-21,231.16,0.0
P1-1365-0521,1365,Bread_103,Bakery,2024-05-21,208.24,2024-05-22,208.24,0.0
P1-1365-0522,1365,Bread_103,Bakery,2024-05-22,239.16,2024-05-23,239.16,0.0
P1-1365-0523,1365,Bread_103,Bakery,2024-05-23,178.55,2024-05-24,178.55,0.0
P1-1365-0524,1365,Bread_103,Bakery,2024-05-24,230.84,2024-05-25,230.84,0.0
P1-1365-0525,1365,Bread_103,Bakery,2024-05-25,235.04,2024-05-26,235.04,0.0
P1-1365-0526,1365,Bread_103,Bakery,2024-05-26,183.48,2024-05-27,183.48,0.0
P1-1365-0527,1365,Bread_103,Bakery,2024-05-27,249.04,2024-05-28,249.04,0.0
P1-1365-0528,1365,Bread_103,Bakery,2024-05-28,225.99,2024-05-29,225.99,0.0
P1-1365-0529,1365,Bread_103,Bakery,2024-05-29,206.99,2024-05-30,206.99,0.0
P1-1365-0530,1365,Bread_103,Bakery,2024-05-30,199.7,2024-05-31,199.7,0.0
P1-1365-0531,1365,Bread_103,Bakery,2024-05-31,239.74,2024-06-01,239.74,0.0
P1-1365-0601,1365,Bread_103,Bakery,2024-06-01,221.71,2024-06-02,221.71,0.0
P1-1365-0602,1365,Bread_103,Bakery,2024-06-02,231.22,2024-06-03,231.22,0.0
P1-1411-0301,1411,Bell Pepper_10,Fruit and vegetable,2024-03-01,280.83,2024-03-03,280.83,0.0
P1-1411-0302,1411,Bell Pepper_10,Fruit and vegetable,2024-03-02,280.83,2024-03-04,280.83,0.0
P1-1411-0303,1411,Bell Pepper_10,Fruit and vegetable,2024-03-03,279.53,2024-03-05,279.53,0.0
P1-1411-0304,1411,Bell Pepper_10,Fruit and vegetable,2024-03-04,249.51,2024-03-06,249.51,0.0
P1-1411-0305,1411,Bell Pepper_10,Fruit and vegetable,2024-03-05,217.98,2024-03-07,217.98,0.0
P1-1411-0306,1411,Bell Pepper_10,Fruit and vegetable,2024-03-06,258.97,2024-03-08,258.97,0.0
P1-1411-0307,1411,Bell Pepper_10,Fruit and vegetable,2024-03-07,233.31,2024-03-09,233.31,0.0
P1-1411-0308,1411,Bell Pepper_10,Fruit and vegetable,2024-03-08,248.98,2024-03-10,248.98,0.0
P1-1411-0309,1411,Bell Pepper_10,Fruit and vegetable,2024-03-09,394.28,2024-03-11,394.28,0.0
P1-1411-0310,1411,Bell Pepper_10,Fruit and vegetable,2024-03-10,304.67,2024-03-12,304.67,0.0
P1-1411-0311,1411,Bell Pepper_10,Fruit and vegetable,2024-03-11,171.65,2024-03-13,171.65,0.0
P1-1411-0313,1411,Bell Pepper_10,Fruit and vegetable,2024-03-13,266.29,2024-03-15,266.29,0.0
P1-1411-0314,1411,Bell Pepper_10,Fruit and vegetable,2024-03-14,217.9,2024-03-16,217.9,0.0
P1-1411-0315,1411,Bell Pepper_10,Fruit and vegetable,2024-03-15,320.1,2024-03-17,320.1,0.0
P1-1411-0316,1411,Bell Pepper_10,Fruit and vegetable,2024-03-16,410.49,2024-03-18,410.49,0.0
P1-1411-0317,1411,Bell Pepper_10,Fruit and vegetable,2024-03-17,381.17,2024-03-19,381.17,0.0
P1-1411-0318,1411,Bell Pepper_10,Fruit and vegetable,2024-03-18,78.4,2024-03-20,78.4,0.0
P1-1411-0321,1411,Bell Pepper_10,Fruit and vegetable,2024-03-21,384.91,2024-03-23,384.91,0.0
P1-1411-0322,1411,Bell Pepper_10,Fruit and vegetable,2024-03-22,344.31,2024-03-24,344.31,0.0
P1-1411-0324,1411,Bell Pepper_10,Fruit and vegetable,2024-03-24,367.48,2024-03-26,367.48,0.0
P1-1411-0325,1411,Bell Pepper_10,Fruit and vegetable,2024-03-25,369.36,2024-03-27,369.36,0.0
P1-1411-0326,1411,Bell Pepper_10,Fruit and vegetable,2024-03-26,270.34,2024-03-28,270.34,0.0
P1-1411-0327,1411,Bell Pepper_10,Fruit and vegetable,2024-03-27,383.51,2024-03-29,383.51,0.0
P1-1411-0328,1411,Bell Pepper_10,Fruit and vegetable,2024-03-28,418.4,2024-03-30,418.4,0.0
P1-1411-0329,1411,Bell Pepper_10,Fruit and vegetable,2024-03-29,433.25,2024-03-31,433.25,0.0
P1-1411-0330,1411,Bell Pepper_10,Fruit and vegetable,2024-03-30,251.02,2024-04-01,251.02,0.0
P1-1411-0331,1411,Bell Pepper_10,Fruit and vegetable,2024-03-31,266.62,2024-04-02,266.62,0.0
P1-1411-0401,1411,Bell Pepper_10,Fruit and vegetable,2024-04-01,193.95,2024-04-03,193.95,0.0
P1-1411-0402,1411,Bell Pepper_10,Fruit and vegetable,2024-04-02,307.52,2024-04-04,307.52,0.0
P1-1411-0403,1411,Bell Pepper_10,Fruit and vegetable,2024-04-03,371.96,2024-04-05,371.96,0.0
P1-1411-0404,1411,Bell Pepper_10,Fruit and vegetable,2024-04-04,304.67,2024-04-06,304.67,0.0
P1-1411-0405,1411,Bell Pepper_10,Fruit and vegetable,2024-04-05,313.98,2024-04-07,313.98,0.0
P1-1411-0406,1411,Bell Pepper_10,Fruit and vegetable,2024-04-06,382.79,2024-04-08,382.79,0.0
P1-1411-0407,1411,Bell Pepper_10,Fruit and vegetable,2024-04-07,275.49,2024-04-09,275.49,0.0
P1-1411-0408,1411,Bell Pepper_10,Fruit and vegetable,2024-04-08,336.95,2024-04-10,336.95,0.0
P1-1411-0409,1411,Bell Pepper_10,Fruit and vegetable,2024-04-09,343.76,2024-04-11,343.76,0.0
P1-1411-0410,1411,Bell Pepper_10,Fruit and vegetable,2024-04-10,304.34,2024-04-12,304.34,0.0
P1-1411-0411,1411,Bell Pepper_10,Fruit and vegetable,2024-04-11,536.49,2024-04-13,536.49,0.0
P1-1411-0412,1411,Bell Pepper_10,Fruit and vegetable,2024-04-12,611.96,2024-04-14,611.96,0.0
P1-1411-0413,1411,Bell Pepper_10,Fruit and vegetable,2024-04-13,409.75,2024-04-15,409.75,0.0
P1-1411-0414,1411,Bell Pepper_10,Fruit and vegetable,2024-04-14,239.43,2024-04-16,239.43,0.0
P1-1411-0415,1411,Bell Pepper_10,Fruit and vegetable,2024-04-15,301.39,2024-04-17,301.39,0.0
P1-1411-0416,1411,Bell Pepper_10,Fruit and vegetable,2024-04-16,268.95,2024-04-18,268.95,0.0
P1-1411-0417,1411,Bell Pepper_10,Fruit and vegetable,2024-04-17,414.84,2024-04-19,414.84,0.0
P1-1411-0418,1411,Bell Pepper_10,Fruit and vegetable,2024-04-18,335.56,2024-04-20,335.56,0.0
P1-1411-0419,1411,Bell Pepper_10,Fruit and vegetable,2024-04-19,214.04,2024-04-21,214.04,0.0
P1-1411-0420,1411,Bell Pepper_10,Fruit and vegetable,2024-04-20,83.6,2024-04-22,83.6,0.0
P1-1411-0421,1411,Bell Pepper_10,Fruit and vegetable,2024-04-21,202.68,2024-04-23,202.68,0.0
P1-1411-0422,1411,Bell Pepper_10,Fruit and vegetable,2024-04-22,189.04,2024-04-24,189.04,0.0
P1-1411-0423,1411,Bell Pepper_10,Fruit and vegetable,2024-04-23,175.83,2024-04-25,175.83,0.0
P1-1411-0424,1411,Bell Pepper_10,Fruit and vegetable,2024-04-24,235.75,2024-04-26,235.75,0.0
P1-1411-0425,1411,Bell Pepper_10,Fruit and vegetable,2024-04-25,233.6,2024-04-27,233.6,0.0
P1-1411-0426,1411,Bell Pepper_10,Fruit and vegetable,2024-04-26,354.65,2024-04-28,354.65,0.0
P1-1411-0427,1411,Bell Pepper_10,Fruit and vegetable,2024-04-27,152.33,2024-04-29,152.33,0.0
P1-1411-0428,1411,Bell Pepper_10,Fruit and vegetable,2024-04-28,176.77,2024-04-30,176.77,0.0
P1-1411-0429,1411,Bell Pepper_10,Fruit and vegetable,2024-04-29,200.92,2024-05-01,200.92,0.0
P1-1411-0430,1411,Bell Pepper_10,Fruit and vegetable,2024-04-30,241.25,2024-05-02,241.25,0.0
P1-1411-0501,1411,Bell Pepper_10,Fruit and vegetable,2024-05-01,153.02,2024-05-03,153.02,0.0
P1-1411-0502,1411,Bell Pepper_10,Fruit and vegetable,2024-05-02,244.69,2024-05-04,244.69,0.0
P1-1411-0503,1411,Bell Pepper_10,Fruit and vegetable,2024-05-03,238.17,2024-05-05,238.17,0.0
P1-1411-0504,1411,Bell Pepper_10,Fruit and vegetable,2024-05-04,71.67,2024-05-06,71.67,0.0
P1-1411-0505,1411,Bell Pepper_10,Fruit and vegetable,2024-05-05,166.2,2024-05-07,166.2,0.0
P1-1411-0506,1411,Bell Pepper_10,Fruit and vegetable,2024-05-06,174.66,2024-05-08,174.66,0.0
P1-1411-0507,1411,Bell Pepper_10,Fruit and vegetable,2024-05-07,216.04,2024-05-09,216.04,0.0
P1-1411-0508,1411,Bell Pepper_10,Fruit and vegetable,2024-05-08,231.75,2024-05-10,231.75,0.0
P1-1411-0509,1411,Bell Pepper_10,Fruit and vegetable,2024-05-09,312.52,2024-05-11,312.52,0.0
P1-1411-0510,1411,Bell Pepper_10,Fruit and vegetable,2024-05-10,306.86,2024-05-12,306.86,0.0
P1-1411-0511,1411,Bell Pepper_10,Fruit and vegetable,2024-05-11,203.05,2024-05-13,203.05,0.0
P1-1411-0512,1411,Bell Pepper_10,Fruit and vegetable,2024-05-12,209.31,2024-05-14,209.31,0.0
P1-1411-0513,1411,Bell Pepper_10,Fruit and vegetable,2024-05-13,247.85,2024-05-15,247.85,0.0
P1-1411-0514,1411,Bell Pepper_10,Fruit and vegetable,2024-05-14,296.54,2024-05-16,296.54,0.0
P1-1411-0515,1411,Bell Pepper_10,Fruit and vegetable,2024-05-15,130.16,2024-05-17,130.16,0.0
P1-1411-0516,1411,Bell Pepper_10,Fruit and vegetable,2024-05-16,282.35,2024-05-18,282.35,0.0
P1-1411-0517,1411,Bell Pepper_10,Fruit and vegetable,2024-05-17,136.58,2024-05-19,136.58,0.0
P1-1411-0518,1411,Bell Pepper_10,Fruit and vegetable,2024-05-18,246.04,2024-05-20,246.04,0.0
P1-1411-0519,1411,Bell Pepper_10,Fruit and vegetable,2024-05-19,132.77,2024-05-21,132.77,0.0
P1-1411-0520,1411,Bell Pepper_10,Fruit and vegetable,2024-05-20,220.56,2024-05-22,220.56,0.0
P1-1411-0521,1411,Bell Pepper_10,Fruit and vegetable,2024-05-21,128.25,2024-05-23,128.25,0.0
P1-1411-0522,1411,Bell Pepper_10,Fruit and vegetable,2024-05-22,202.06,2024-05-24,202.06,0.0
P1-1411-0523,1411,Bell Pepper_10,Fruit and vegetable,2024-05-23,194.56,2024-05-25,194.56,0.0
P1-1411-0524,1411,Bell Pepper_10,Fruit and vegetable,2024-05-24,282.2,2024-05-26,282.2,0.0
P1-1411-0525,1411,Bell Pepper_10,Fruit and vegetable,2024-05-25,142.94,2024-05-27,142.94,0.0
P1-1411-0526,1411,Bell Pepper_10,Fruit and vegetable,2024-05-26,181.83,2024-05-28,181.83,0.0
P1-1411-0527,1411,Bell Pepper_10,Fruit and vegetable,2024-05-27,165.19,2024-05-29,165.19,0.0
P1-1411-0528,1411,Bell Pepper_10,Fruit and vegetable,2024-05-28,194.83,2024-05-30,194.83,0.0
P1-1411-0529,1411,Bell Pepper_10,Fruit and vegetable,2024-05-29,178.37,2024-05-31,178.37,0.0
P1-1411-0530,1411,Bell Pepper_10,Fruit and vegetable,2024-05-30,204.0,2024-06-01,204.0,0.0
P1-1411-0531,1411,Bell Pepper_10,Fruit and vegetable,2024-05-31,212.07,2024-06-02,212.07,0.0
P1-1411-0601,1411,Bell Pepper_10,Fruit and vegetable,2024-06-01,199.47,2024-06-03,199.47,0.0
P1-1411-0602,1411,Bell Pepper_10,Fruit and vegetable,2024-06-02,165.01,2024-06-04,132.49,
P1-1449-0301,1449,Croissant_21,Bakery,2024-03-01,18.95,2024-03-02,18.95,0.0
P1-1449-0302,1449,Croissant_21,Bakery,2024-03-02,18.95,2024-03-03,18.95,0.0
P1-1449-0303,1449,Croissant_21,Bakery,2024-03-03,18.16,2024-03-04,16.59,1.57
P1-1449-0304,1449,Croissant_21,Bakery,2024-03-04,12.07,2024-03-05,5.34,6.73
P1-1449-0305,1449,Croissant_21,Bakery,2024-03-05,11.93,2024-03-06,11.93,0.0
P1-1449-0306,1449,Croissant_21,Bakery,2024-03-06,13.47,2024-03-07,4.07,9.4
P1-1449-0307,1449,Croissant_21,Bakery,2024-03-07,15.69,2024-03-08,3.44,12.25
P1-1449-0308,1449,Croissant_21,Bakery,2024-03-08,11.55,2024-03-09,11.55,0.0
P1-1449-0309,1449,Croissant_21,Bakery,2024-03-09,7.9,2024-03-10,7.9,0.0
P1-1449-0310,1449,Croissant_21,Bakery,2024-03-10,42.4,2024-03-11,42.4,0.0
P1-1449-0311,1449,Croissant_21,Bakery,2024-03-11,29.02,2024-03-12,26.44,2.58
P1-1449-0313,1449,Croissant_21,Bakery,2024-03-13,35.01,2024-03-14,17.47,17.54
P1-1449-0315,1449,Croissant_21,Bakery,2024-03-15,34.33,2024-03-16,34.33,0.0
P1-1449-0316,1449,Croissant_21,Bakery,2024-03-16,37.9,2024-03-17,30.02,7.88
P1-1449-0317,1449,Croissant_21,Bakery,2024-03-17,32.58,2024-03-18,14.09,18.49
P1-1449-0319,1449,Croissant_21,Bakery,2024-03-19,35.39,2024-03-20,14.15,21.24
P1-1449-0321,1449,Croissant_21,Bakery,2024-03-21,23.44,2024-03-22,23.44,0.0
P1-1449-0322,1449,Croissant_21,Bakery,2024-03-22,35.98,2024-03-23,35.98,0.0
P1-1449-0323,1449,Croissant_21,Bakery,2024-03-23,5.06,2024-03-24,5.06,0.0
P1-1449-0324,1449,Croissant_21,Bakery,2024-03-24,32.33,2024-03-25,32.33,0.0
P1-1449-0325,1449,Croissant_21,Bakery,2024-03-25,10.07,2024-03-26,10.07,0.0
P1-1449-0326,1449,Croissant_21,Bakery,2024-03-26,14.76,2024-03-27,14.76,0.0
P1-1449-0327,1449,Croissant_21,Bakery,2024-03-27,19.13,2024-03-28,19.13,0.0
P1-1449-0328,1449,Croissant_21,Bakery,2024-03-28,25.75,2024-03-29,20.81,4.94
P1-1449-0329,1449,Croissant_21,Bakery,2024-03-29,27.7,2024-03-30,21.98,5.72
P1-1449-0330,1449,Croissant_21,Bakery,2024-03-30,8.6,2024-03-31,3.57,5.03
P1-1449-0331,1449,Croissant_21,Bakery,2024-03-31,22.11,2024-04-01,17.76,4.35
P1-1449-0401,1449,Croissant_21,Bakery,2024-04-01,17.19,2024-04-02,17.19,0.0
P1-1449-0402,1449,Croissant_21,Bakery,2024-04-02,3.96,2024-04-03,3.96,0.0
P1-1449-0403,1449,Croissant_21,Bakery,2024-04-03,44.74,2024-04-04,8.79,35.95
P1-1449-0405,1449,Croissant_21,Bakery,2024-04-05,21.15,2024-04-06,15.56,5.59
P1-1449-0406,1449,Croissant_21,Bakery,2024-04-06,23.34,2024-04-07,23.34,0.0
P1-1449-0407,1449,Croissant_21,Bakery,2024-04-07,5.16,2024-04-08,5.16,0.0
P1-1449-0408,1449,Croissant_21,Bakery,2024-04-08,38.85,2024-04-09,38.85,0.0
P1-1449-0409,1449,Croissant_21,Bakery,2024-04-09,38.84,2024-04-10,3.53,35.31
P1-1449-0411,1449,Croissant_21,Bakery,2024-04-11,33.1,2024-04-12,33.1,0.0
P1-1449-0412,1449,Croissant_21,Bakery,2024-04-12,32.54,2024-04-13,10.37,22.17
P1-1449-0413,1449,Croissant_21,Bakery,2024-04-13,0.44,2024-04-14,0.0,0.44
P1-1449-0414,1449,Croissant_21,Bakery,2024-04-14,49.21,2024-04-15,49.21,0.0
P1-1449-0415,1449,Croissant_21,Bakery,2024-04-15,10.81,2024-04-16,10.81,0.0
P1-1449-0416,1449,Croissant_21,Bakery,2024-04-16,22.15,2024-04-17,22.15,0.0
P1-1449-0417,1449,Croissant_21,Bakery,2024-04-17,35.46,2024-04-18,35.46,0.0
P1-1449-0418,1449,Croissant_21,Bakery,2024-04-18,59.05,2024-04-19,59.05,0.0
P1-1449-0419,1449,Croissant_21,Bakery,2024-04-19,23.47,2024-04-20,23.47,0.0
P1-1449-0420,1449,Croissant_21,Bakery,2024-04-20,28.35,2024-04-21,28.35,0.0
P1-1449-0421,1449,Croissant_21,Bakery,2024-04-21,52.5,2024-04-22,52.5,0.0
P1-1449-0422,1449,Croissant_21,Bakery,2024-04-22,67.15,2024-04-23,44.05,23.1
P1-1449-0424,1449,Croissant_21,Bakery,2024-04-24,57.39,2024-04-25,19.2,38.19
P1-1449-0425,1449,Croissant_21,Bakery,2024-04-25,12.55,2024-04-26,1.72,10.83
P1-1449-0426,1449,Croissant_21,Bakery,2024-04-26,50.15,2024-04-27,32.36,17.79
P1-1449-0428,1449,Croissant_21,Bakery,2024-04-28,78.12,2024-04-29,36.77,41.35
P1-1449-0430,1449,Croissant_21,Bakery,2024-04-30,44.79,2024-05-01,5.32,39.47
P1-1449-0502,1449,Croissant_21,Bakery,2024-05-02,27.15,2024-05-03,22.48,4.67
P1-1449-0504,1449,Croissant_21,Bakery,2024-05-04,46.52,2024-05-05,35.46,11.06
P1-1449-0506,1449,Croissant_21,Bakery,2024-05-06,33.22,2024-05-07,30.51,2.71
P1-1449-0508,1449,Croissant_21,Bakery,2024-05-08,16.26,2024-05-09,16.26,0.0
P1-1449-0509,1449,Croissant_21,Bakery,2024-05-09,4.69,2024-05-10,4.69,0.0
P1-1449-0510,1449,Croissant_21,Bakery,2024-05-10,27.83,2024-05-11,27.83,0.0
P1-1449-0511,1449,Croissant_21,Bakery,2024-05-11,17.83,2024-05-12,5.36,12.48
P1-1449-0512,1449,Croissant_21,Bakery,2024-05-12,19.39,2024-05-13,10.45,8.94
P1-1449-0514,1449,Croissant_21,Bakery,2024-05-14,40.16,2024-05-15,40.16,0.0
P1-1449-0515,1449,Croissant_21,Bakery,2024-05-15,0.17,2024-05-16,0.17,0.0
P1-1449-0516,1449,Croissant_21,Bakery,2024-05-16,32.2,2024-05-17,18.9,13.3
P1-1449-0517,1449,Croissant_21,Bakery,2024-05-17,6.31,2024-05-18,6.31,0.0
P1-1449-0518,1449,Croissant_21,Bakery,2024-05-18,20.49,2024-05-19,20.26,0.23
P1-1449-0519,1449,Croissant_21,Bakery,2024-05-19,10.43,2024-05-20,8.77,1.66
P1-1449-0520,1449,Croissant_21,Bakery,2024-05-20,11.94,2024-05-21,7.07,4.87
P1-1449-0521,1449,Croissant_21,Bakery,2024-05-21,12.45,2024-05-22,7.01,5.44
P1-1449-0522,1449,Croissant_21,Bakery,2024-05-22,28.03,2024-05-23,10.48,17.55
P1-1449-0524,1449,Croissant_21,Bakery,2024-05-24,17.7,2024-05-25,14.01,3.69
P1-1449-0525,1449,Croissant_21,Bakery,2024-05-25,23.25,2024-05-26,15.98,7.27
P1-1449-0527,1449,Croissant_21,Bakery,2024-05-27,14.08,2024-05-28,14.08,0.0
P1-1449-0528,1449,Croissant_21,Bakery,2024-05-28,14.08,2024-05-29,14.08,0.0
P1-1449-0529,1449,Croissant_21,Bakery,2024-05-29,12.01,2024-05-30,1.76,10.25
P1-1449-0530,1449,Croissant_21,Bakery,2024-05-30,6.74,2024-05-31,6.74,0.0
P1-1449-0531,1449,Croissant_21,Bakery,2024-05-31,17.31,2024-06-01,17.31,0.0
P1-1449-0601,1449,Croissant_21,Bakery,2024-06-01,18.03,2024-06-02,18.03,0.0
P1-1449-0602,1449,Croissant_21,Bakery,2024-06-02,14.35,2024-06-03,4.97,
P1-1453-0301,1453,Salmon_9,Meat and fish,2024-03-01,13.78,2024-03-04,13.78,0.0
P1-1453-0302,1453,Salmon_9,Meat and fish,2024-03-02,15.92,2024-03-05,15.92,0.0
P1-1453-0303,1453,Salmon_9,Meat and fish,2024-03-03,17.83,2024-03-06,17.83,0.0
P1-1453-0304,1453,Salmon_9,Meat and fish,2024-03-04,16.37,2024-03-07,16.37,0.0
P1-1453-0305,1453,Salmon_9,Meat and fish,2024-03-05,9.83,2024-03-08,9.83,0.0
P1-1453-0306,1453,Salmon_9,Meat and fish,2024-03-06,14.4,2024-03-09,14.4,0.0
P1-1453-0307,1453,Salmon_9,Meat and fish,2024-03-07,5.49,2024-03-10,5.49,0.0
P1-1453-0308,1453,Salmon_9,Meat and fish,2024-03-08,13.33,2024-03-11,13.33,0.0
P1-1453-0309,1453,Salmon_9,Meat and fish,2024-03-09,15.91,2024-03-12,15.91,0.0
P1-1453-0310,1453,Salmon_9,Meat and fish,2024-03-10,24.73,2024-03-13,24.73,0.0
P1-1453-0311,1453,Salmon_9,Meat and fish,2024-03-11,6.67,2024-03-14,6.67,0.0
P1-1453-0312,1453,Salmon_9,Meat and fish,2024-03-12,33.48,2024-03-15,33.48,0.0
P1-1453-0313,1453,Salmon_9,Meat and fish,2024-03-13,15.68,2024-03-16,15.68,0.0
P1-1453-0314,1453,Salmon_9,Meat and fish,2024-03-14,16.53,2024-03-17,16.53,0.0
P1-1453-0315,1453,Salmon_9,Meat and fish,2024-03-15,10.1,2024-03-18,10.1,0.0
P1-1453-0316,1453,Salmon_9,Meat and fish,2024-03-16,34.86,2024-03-19,34.86,0.0
P1-1453-0318,1453,Salmon_9,Meat and fish,2024-03-18,17.96,2024-03-21,17.96,0.0
P1-1453-0319,1453,Salmon_9,Meat and fish,2024-03-19,34.43,2024-03-22,34.43,0.0
P1-1453-0322,1453,Salmon_9,Meat and fish,2024-03-22,27.95,2024-03-25,27.95,0.0
P1-1453-0324,1453,Salmon_9,Meat and fish,2024-03-24,10.12,2024-03-27,10.12,0.0
P1-1453-0325,1453,Salmon_9,Meat and fish,2024-03-25,20.64,2024-03-28,20.64,0.0
P1-1453-0326,1453,Salmon_9,Meat and fish,2024-03-26,15.72,2024-03-29,15.72,0.0
P1-1453-0327,1453,Salmon_9,Meat and fish,2024-03-27,14.02,2024-03-30,14.02,0.0
P1-1453-0328,1453,Salmon_9,Meat and fish,2024-03-28,13.49,2024-03-31,13.49,0.0
P1-1453-0329,1453,Salmon_9,Meat and fish,2024-03-29,8.29,2024-04-01,0.33,7.96
P1-1453-0330,1453,Salmon_9,Meat and fish,2024-03-30,3.11,2024-04-02,0.35,2.76
P1-1453-0331,1453,Salmon_9,Meat and fish,2024-03-31,7.49,2024-04-03,0.0,7.49
P1-1453-0402,1453,Salmon_9,Meat and fish,2024-04-02,25.72,2024-04-05,16.6,9.12
P1-1453-0408,1453,Salmon_9,Meat and fish,2024-04-08,30.66,2024-04-11,30.66,0.0
P1-1453-0409,1453,Salmon_9,Meat and fish,2024-04-09,18.58,2024-04-12,18.58,0.0
P1-1453-0410,1453,Salmon_9,Meat and fish,2024-04-10,16.07,2024-04-13,16.07,0.0
P1-1453-0411,1453,Salmon_9,Meat and fish,2024-04-11,8.23,2024-04-14,8.23,0.0
P1-1453-0412,1453,Salmon_9,Meat and fish,2024-04-12,16.32,2024-04-15,16.32,0.0
P1-1453-0413,1453,Salmon_9,Meat and fish,2024-04-13,7.41,2024-04-16,7.41,0.0
P1-1453-0414,1453,Salmon_9,Meat and fish,2024-04-14,24.18,2024-04-17,24.18,0.0
P1-1453-0415,1453,Salmon_9,Meat and fish,2024-04-15,22.14,2024-04-18,22.14,0.0
P1-1453-0418,1453,Salmon_9,Meat and fish,2024-04-18,9.19,2024-04-21,9.19,0.0
P1-1453-0419,1453,Salmon_9,Meat and fish,2024-04-19,19.69,2024-04-22,19.69,0.0
P1-1453-0420,1453,Salmon_9,Meat and fish,2024-04-20,15.65,2024-04-23,15.65,0.0
P1-1453-0422,1453,Salmon_9,Meat and fish,2024-04-22,21.54,2024-04-25,21.54,0.0
P1-1453-0423,1453,Salmon_9,Meat and fish,2024-04-23,19.54,2024-04-26,19.54,0.0
P1-1453-0424,1453,Salmon_9,Meat and fish,2024-04-24,23.1,2024-04-27,23.1,0.0
P1-1453-0425,1453,Salmon_9,Meat and fish,2024-04-25,17.05,2024-04-28,17.05,0.0
P1-1453-0426,1453,Salmon_9,Meat and fish,2024-04-26,19.27,2024-04-29,19.27,0.0
P1-1453-0427,1453,Salmon_9,Meat and fish,2024-04-27,19.65,2024-04-30,19.65,0.0
P1-1453-0428,1453,Salmon_9,Meat and fish,2024-04-28,16.78,2024-05-01,16.78,0.0
P1-1453-0429,1453,Salmon_9,Meat and fish,2024-04-29,34.83,2024-05-02,34.83,0.0
P1-1453-0430,1453,Salmon_9,Meat and fish,2024-04-30,13.94,2024-05-03,13.94,0.0
P1-1453-0501,1453,Salmon_9,Meat and fish,2024-05-01,40.41,2024-05-04,31.03,9.38
P1-1453-0503,1453,Salmon_9,Meat and fish,2024-05-03,0.88,2024-05-06,0.88,0.0
P1-1453-0504,1453,Salmon_9,Meat and fish,2024-05-04,12.89,2024-05-07,12.89,0.0
P1-1453-0505,1453,Salmon_9,Meat and fish,2024-05-05,13.24,2024-05-08,13.24,0.0
P1-1453-0506,1453,Salmon_9,Meat and fish,2024-05-06,50.1,2024-05-09,50.1,0.0
P1-1453-0507,1453,Salmon_9,Meat and fish,2024-05-07,2.66,2024-05-10,2.66,0.0
P1-1453-0508,1453,Salmon_9,Meat and fish,2024-05-08,24.9,2024-05-11,24.9,0.0
P1-1453-0510,1453,Salmon_9,Meat and fish,2024-05-10,2.8,2024-05-13,2.8,0.0
P1-1453-0511,1453,Salmon_9,Meat and fish,2024-05-11,15.61,2024-05-14,15.61,0.0
P1-1453-0512,1453,Salmon_9,Meat and fish,2024-05-12,35.45,2024-05-15,35.45,0.0
P1-1453-0514,1453,Salmon_9,Meat and fish,2024-05-14,40.24,2024-05-17,40.24,0.0
P1-1453-0515,1453,Salmon_9,Meat and fish,2024-05-15,41.11,2024-05-18,41.11,0.0
P1-1453-0516,1453,Salmon_9,Meat and fish,2024-05-16,4.81,2024-05-19,4.81,0.0
P1-1453-0517,1453,Salmon_9,Meat and fish,2024-05-17,6.19,2024-05-20,6.19,0.0
P1-1453-0518,1453,Salmon_9,Meat and fish,2024-05-18,28.71,2024-05-21,28.71,0.0
P1-1453-0519,1453,Salmon_9,Meat and fish,2024-05-19,18.72,2024-05-22,18.72,0.0
P1-1453-0520,1453,Salmon_9,Meat and fish,2024-05-20,22.42,2024-05-23,22.42,0.0
P1-1453-0521,1453,Salmon_9,Meat and fish,2024-05-21,53.89,2024-05-24,43.7,10.19
P1-1453-0524,1453,Salmon_9,Meat and fish,2024-05-24,6.56,2024-05-27,6.56,0.0
P1-1453-0525,1453,Salmon_9,Meat and fish,2024-05-25,11.9,2024-05-28,11.9,0.0
P1-1453-0526,1453,Salmon_9,Meat and fish,2024-05-26,28.04,2024-05-29,28.04,0.0
P1-1453-0527,1453,Salmon_9,Meat and fish,2024-05-27,4.08,2024-05-30,4.08,0.0
P1-1453-0528,1453,Salmon_9,Meat and fish,2024-05-28,18.26,2024-05-31,18.26,0.0
P1-1453-0529,1453,Salmon_9,Meat and fish,2024-05-29,24.66,2024-06-01,24.66,0.0
P1-1453-0530,1453,Salmon_9,Meat and fish,2024-05-30,30.89,2024-06-02,30.89,0.0
P1-1453-0601,1453,Salmon_9,Meat and fish,2024-06-01,15.39,2024-06-04,15.39,0.0
P1-1453-0602,1453,Salmon_9,Meat and fish,2024-06-02,22.87,2024-06-05,18.63,
P1-1463-0301,1463,Potato_49,Fruit and vegetable,2024-03-01,32.73,2024-03-03,32.73,0.0
P1-1463-0302,1463,Potato_49,Fruit and vegetable,2024-03-02,32.73,2024-03-04,32.73,0.0
P1-1463-0303,1463,Potato_49,Fruit and vegetable,2024-03-03,32.14,2024-03-05,32.14,0.0
P1-1463-0304,1463,Potato_49,Fruit and vegetable,2024-03-04,33.62,2024-03-06,33.62,0.0
P1-1463-0305,1463,Potato_49,Fruit and vegetable,2024-03-05,20.45,2024-03-07,20.45,0.0
P1-1463-0306,1463,Potato_49,Fruit and vegetable,2024-03-06,13.71,2024-03-08,13.71,0.0
P1-1463-0307,1463,Potato_49,Fruit and vegetable,2024-03-07,44.83,2024-03-09,44.83,0.0
P1-1463-0308,1463,Potato_49,Fruit and vegetable,2024-03-08,26.83,2024-03-10,26.83,0.0
P1-1463-0309,1463,Potato_49,Fruit and vegetable,2024-03-09,10.05,2024-03-11,10.05,0.0
P1-1463-0310,1463,Potato_49,Fruit and vegetable,2024-03-10,32.63,2024-03-12,32.63,0.0
P1-1463-0311,1463,Potato_49,Fruit and vegetable,2024-03-11,30.72,2024-03-13,30.72,0.0
P1-1463-0312,1463,Potato_49,Fruit and vegetable,2024-03-12,28.58,2024-03-14,28.58,0.0
P1-1463-0313,1463,Potato_49,Fruit and vegetable,2024-03-13,41.34,2024-03-15,41.34,0.0
P1-1463-0314,1463,Potato_49,Fruit and vegetable,2024-03-14,19.63,2024-03-16,19.63,0.0
P1-1463-0315,1463,Potato_49,Fruit and vegetable,2024-03-15,7.11,2024-03-17,7.11,0.0
P1-1463-0316,1463,Potato_49,Fruit and vegetable,2024-03-16,41.36,2024-03-18,41.36,0.0
P1-1463-0317,1463,Potato_49,Fruit and vegetable,2024-03-17,24.26,2024-03-19,24.26,0.0
P1-1463-0318,1463,Potato_49,Fruit and vegetable,2024-03-18,31.15,2024-03-20,31.15,0.0
P1-1463-0320,1463,Potato_49,Fruit and vegetable,2024-03-20,22.88,2024-03-22,22.88,0.0
P1-1463-0321,1463,Potato_49,Fruit and vegetable,2024-03-21,1.29,2024-03-23,1.29,0.0
P1-1463-0322,1463,Potato_49,Fruit and vegetable,2024-03-22,38.02,2024-03-24,38.02,0.0
P1-1463-0323,1463,Potato_49,Fruit and vegetable,2024-03-23,4.64,2024-03-25,4.64,0.0
P1-1463-0324,1463,Potato_49,Fruit and vegetable,2024-03-24,29.69,2024-03-26,29.69,0.0
P1-1463-0325,1463,Potato_49,Fruit and vegetable,2024-03-25,25.07,2024-03-27,25.07,0.0
P1-1463-0326,1463,Potato_49,Fruit and vegetable,2024-03-26,18.7,2024-03-28,18.7,0.0
P1-1463-0327,1463,Potato_49,Fruit and vegetable,2024-03-27,74.15,2024-03-29,74.15,0.0
P1-1463-0328,1463,Potato_49,Fruit and vegetable,2024-03-28,82.62,2024-03-30,82.62,0.0
P1-1463-0329,1463,Potato_49,Fruit and vegetable,2024-03-29,66.63,2024-03-31,35.13,31.5
P1-1463-0402,1463,Potato_49,Fruit and vegetable,2024-04-02,58.12,2024-04-04,52.65,5.47
P1-1463-0403,1463,Potato_49,Fruit and vegetable,2024-04-03,23.87,2024-04-05,23.87,0.0
P1-1463-0405,1463,Potato_49,Fruit and vegetable,2024-04-05,35.29,2024-04-07,35.29,0.0
P1-1463-0406,1463,Potato_49,Fruit and vegetable,2024-04-06,98.08,2024-04-08,50.33,47.75
P1-1463-0407,1463,Potato_49,Fruit and vegetable,2024-04-07,32.98,2024-04-09,7.78,25.2
P1-1463-0410,1463,Potato_49,Fruit and vegetable,2024-04-10,40.21,2024-04-12,40.21,0.0
P1-1463-0411,1463,Potato_49,Fruit and vegetable,2024-04-11,45.21,2024-04-13,45.21,0.0
P1-1463-0412,1463,Potato_49,Fruit and vegetable,2024-04-12,36.55,2024-04-14,36.55,0.0
P1-1463-0413,1463,Potato_49,Fruit and vegetable,2024-04-13,24.81,2024-04-15,24.81,0.0
P1-1463-0414,1463,Potato_49,Fruit and vegetable,2024-04-14,2.84,2024-04-16,2.84,0.0
P1-1463-0415,1463,Potato_49,Fruit and vegetable,2024-04-15,34.12,2024-04-17,34.12,0.0
P1-1463-0416,1463,Potato_49,Fruit and vegetable,2024-04-16,11.03,2024-04-18,11.03,0.0
P1-1463-0417,1463,Potato_49,Fruit and vegetable,2024-04-17,44.46,2024-04-19,44.46,0.0
P1-1463-0418,1463,Potato_49,Fruit and vegetable,2024-04-18,9.55,2024-04-20,9.55,0.0
P1-1463-0419,1463,Potato_49,Fruit and vegetable,2024-04-19,18.37,2024-04-21,18.37,0.0
P1-1463-0420,1463,Potato_49,Fruit and vegetable,2024-04-20,50.77,2024-04-22,50.77,0.0
P1-1463-0421,1463,Potato_49,Fruit and vegetable,2024-04-21,42.85,2024-04-23,42.85,0.0
P1-1463-0422,1463,Potato_49,Fruit and vegetable,2024-04-22,46.49,2024-04-24,46.49,0.0
P1-1463-0423,1463,Potato_49,Fruit and vegetable,2024-04-23,32.31,2024-04-25,32.31,0.0
P1-1463-0424,1463,Potato_49,Fruit and vegetable,2024-04-24,37.17,2024-04-26,37.17,0.0
P1-1463-0425,1463,Potato_49,Fruit and vegetable,2024-04-25,20.45,2024-04-27,20.45,0.0
P1-1463-0426,1463,Potato_49,Fruit and vegetable,2024-04-26,53.2,2024-04-28,53.2,0.0
P1-1463-0427,1463,Potato_49,Fruit and vegetable,2024-04-27,65.42,2024-04-29,65.42,0.0
P1-1463-0428,1463,Potato_49,Fruit and vegetable,2024-04-28,15.04,2024-04-30,15.04,0.0
P1-1463-0429,1463,Potato_49,Fruit and vegetable,2024-04-29,29.93,2024-05-01,29.25,0.67
P1-1463-0430,1463,Potato_49,Fruit and vegetable,2024-04-30,0.26,2024-05-02,0.26,0.0
P1-1463-0501,1463,Potato_49,Fruit and vegetable,2024-05-01,18.53,2024-05-03,18.53,0.0
P1-1463-0502,1463,Potato_49,Fruit and vegetable,2024-05-02,30.51,2024-05-04,30.51,0.0
P1-1463-0503,1463,Potato_49,Fruit and vegetable,2024-05-03,50.74,2024-05-05,50.74,0.0
P1-1463-0504,1463,Potato_49,Fruit and vegetable,2024-05-04,13.22,2024-05-06,13.22,0.0
P1-1463-0505,1463,Potato_49,Fruit and vegetable,2024-05-05,16.88,2024-05-07,16.88,0.0
P1-1463-0506,1463,Potato_49,Fruit and vegetable,2024-05-06,30.19,2024-05-08,30.19,0.0
P1-1463-0507,1463,Potato_49,Fruit and vegetable,2024-05-07,38.58,2024-05-09,38.58,0.0
P1-1463-0508,1463,Potato_49,Fruit and vegetable,2024-05-08,30.75,2024-05-10,30.75,0.0
P1-1463-0509,1463,Potato_49,Fruit and vegetable,2024-05-09,34.61,2024-05-11,34.61,0.0
P1-1463-0510,1463,Potato_49,Fruit and vegetable,2024-05-10,63.79,2024-05-12,63.79,0.0
P1-1463-0512,1463,Potato_49,Fruit and vegetable,2024-05-12,67.24,2024-05-14,67.24,0.0
P1-1463-0513,1463,Potato_49,Fruit and vegetable,2024-05-13,72.92,2024-05-15,72.92,0.0
P1-1463-0514,1463,Potato_49,Fruit and vegetable,2024-05-14,1.04,2024-05-16,1.04,0.0
P1-1463-0515,1463,Potato_49,Fruit and vegetable,2024-05-15,42.95,2024-05-17,42.95,0.0
P1-1463-0516,1463,Potato_49,Fruit and vegetable,2024-05-16,65.03,2024-05-18,65.03,0.0
P1-1463-0517,1463,Potato_49,Fruit and vegetable,2024-05-17,27.4,2024-05-19,27.4,0.0
P1-1463-0518,1463,Potato_49,Fruit and vegetable,2024-05-18,58.0,2024-05-20,58.0,0.0
P1-1463-0519,1463,Potato_49,Fruit and vegetable,2024-05-19,71.46,2024-05-21,71.46,0.0
P1-1463-0521,1463,Potato_49,Fruit and vegetable,2024-05-21,26.53,2024-05-23,26.53,0.0
P1-1463-0522,1463,Potato_49,Fruit and vegetable,2024-05-22,48.23,2024-05-24,48.23,0.0
P1-1463-0523,1463,Potato_49,Fruit and vegetable,2024-05-23,2.86,2024-05-25,2.86,0.0
P1-1463-0524,1463,Potato_49,Fruit and vegetable,2024-05-24,46.46,2024-05-26,46.46,0.0
P1-1463-0525,1463,Potato_49,Fruit and vegetable,2024-05-25,20.46,2024-05-27,20.46,0.0
P1-1463-0526,1463,Potato_49,Fruit and vegetable,2024-05-26,50.3,2024-05-28,50.3,0.0
P1-1463-0527,1463,Potato_49,Fruit and vegetable,2024-05-27,14.18,2024-05-29,14.18,0.0
P1-1463-0528,1463,Potato_49,Fruit and vegetable,2024-05-28,26.72,2024-05-30,26.72,0.0
P1-1463-0529,1463,Potato_49,Fruit and vegetable,2024-05-29,11.53,2024-05-31,11.53,0.0
P1-1463-0530,1463,Potato_49,Fruit and vegetable,2024-05-30,22.05,2024-06-01,22.05,0.0
P1-1463-0531,1463,Potato_49,Fruit and vegetable,2024-05-31,38.79,2024-06-02,38.79,0.0
P1-1463-0601,1463,Potato_49,Fruit and vegetable,2024-06-01,41.04,2024-06-03,41.04,0.0
P1-1463-0602,1463,Potato_49,Fruit and vegetable,2024-06-02,20.86,2024-06-04,20.86,0.0
P1-1469-0301,1469,Pomegranate_3,Fruit and vegetable,2024-03-01,80.7,2024-03-03,80.7,0.0
P1-1469-0302,1469,Pomegranate_3,Fruit and vegetable,2024-03-02,81.37,2024-03-04,81.37,0.0
P1-1469-0303,1469,Pomegranate_3,Fruit and vegetable,2024-03-03,81.31,2024-03-05,81.31,0.0
P1-1469-0304,1469,Pomegranate_3,Fruit and vegetable,2024-03-04,72.32,2024-03-06,72.32,0.0
P1-1469-0305,1469,Pomegranate_3,Fruit and vegetable,2024-03-05,55.92,2024-03-07,55.92,0.0
P1-1469-0306,1469,Pomegranate_3,Fruit and vegetable,2024-03-06,55.24,2024-03-08,55.24,0.0
P1-1469-0307,1469,Pomegranate_3,Fruit and vegetable,2024-03-07,54.02,2024-03-09,54.02,0.0
P1-1469-0308,1469,Pomegranate_3,Fruit and vegetable,2024-03-08,62.8,2024-03-10,62.8,0.0
P1-1469-0309,1469,Pomegranate_3,Fruit and vegetable,2024-03-09,49.97,2024-03-11,49.97,0.0
P1-1469-0310,1469,Pomegranate_3,Fruit and vegetable,2024-03-10,11.02,2024-03-12,11.02,0.0
P1-1469-0311,1469,Pomegranate_3,Fruit and vegetable,2024-03-11,69.31,2024-03-13,69.31,0.0
P1-1469-0312,1469,Pomegranate_3,Fruit and vegetable,2024-03-12,54.76,2024-03-14,54.76,0.0
P1-1469-0313,1469,Pomegranate_3,Fruit and vegetable,2024-03-13,49.51,2024-03-15,49.51,0.0
P1-1469-0314,1469,Pomegranate_3,Fruit and vegetable,2024-03-14,48.07,2024-03-16,48.07,0.0
P1-1469-0315,1469,Pomegranate_3,Fruit and vegetable,2024-03-15,51.49,2024-03-17,51.49,0.0
P1-1469-0316,1469,Pomegranate_3,Fruit and vegetable,2024-03-16,34.11,2024-03-18,34.11,0.0
P1-1469-0317,1469,Pomegranate_3,Fruit and vegetable,2024-03-17,76.49,2024-03-19,76.49,0.0
P1-1469-0318,1469,Pomegranate_3,Fruit and vegetable,2024-03-18,46.0,2024-03-20,46.0,0.0
P1-1469-0319,1469,Pomegranate_3,Fruit and vegetable,2024-03-19,55.45,2024-03-21,55.45,0.0
P1-1469-0320,1469,Pomegranate_3,Fruit and vegetable,2024-03-20,51.24,2024-03-22,51.24,0.0
P1-1469-0321,1469,Pomegranate_3,Fruit and vegetable,2024-03-21,76.29,2024-03-23,76.29,0.0
P1-1469-0322,1469,Pomegranate_3,Fruit and vegetable,2024-03-22,31.88,2024-03-24,31.88,0.0
P1-1469-0323,1469,Pomegranate_3,Fruit and vegetable,2024-03-23,58.92,2024-03-25,58.92,0.0
P1-1469-0324,1469,Pomegranate_3,Fruit and vegetable,2024-03-24,38.34,2024-03-26,38.34,0.0
P1-1469-0325,1469,Pomegranate_3,Fruit and vegetable,2024-03-25,41.71,2024-03-27,41.71,0.0
P1-1469-0326,1469,Pomegranate_3,Fruit and vegetable,2024-03-26,61.35,2024-03-28,61.35,0.0
P1-1469-0327,1469,Pomegranate_3,Fruit and vegetable,2024-03-27,47.07,2024-03-29,47.07,0.0
P1-1469-0328,1469,Pomegranate_3,Fruit and vegetable,2024-03-28,35.04,2024-03-30,35.04,0.0
P1-1469-0329,1469,Pomegranate_3,Fruit and vegetable,2024-03-29,46.84,2024-03-31,46.84,0.0
P1-1469-0330,1469,Pomegranate_3,Fruit and vegetable,2024-03-30,8.87,2024-04-01,8.87,0.0
P1-1469-0331,1469,Pomegranate_3,Fruit and vegetable,2024-03-31,48.0,2024-04-02,48.0,0.0
P1-1469-0401,1469,Pomegranate_3,Fruit and vegetable,2024-04-01,16.54,2024-04-03,16.54,0.0
P1-1469-0402,1469,Pomegranate_3,Fruit and vegetable,2024-04-02,77.68,2024-04-04,77.68,0.0
P1-1469-0404,1469,Pomegranate_3,Fruit and vegetable,2024-04-04,52.96,2024-04-06,52.96,0.0
P1-1469-0405,1469,Pomegranate_3,Fruit and vegetable,2024-04-05,36.63,2024-04-07,36.63,0.0
P1-1469-0406,1469,Pomegranate_3,Fruit and vegetable,2024-04-06,43.17,2024-04-08,43.17,0.0
P1-1469-0407,1469,Pomegranate_3,Fruit and vegetable,2024-04-07,42.32,2024-04-09,42.32,0.0
P1-1469-0408,1469,Pomegranate_3,Fruit and vegetable,2024-04-08,54.99,2024-04-10,54.99,0.0
P1-1469-0409,1469,Pomegranate_3,Fruit and vegetable,2024-04-09,38.62,2024-04-11,38.62,0.0
P1-1469-0410,1469,Pomegranate_3,Fruit and vegetable,2024-04-10,42.3,2024-04-12,42.3,0.0
P1-1469-0411,1469,Pomegranate_3,Fruit and vegetable,2024-04-11,39.26,2024-04-13,39.26,0.0
P1-1469-0412,1469,Pomegranate_3,Fruit and vegetable,2024-04-12,46.12,2024-04-14,46.12,0.0
P1-1469-0413,1469,Pomegranate_3,Fruit and vegetable,2024-04-13,16.22,2024-04-15,16.22,0.0
P1-1469-0414,1469,Pomegranate_3,Fruit and vegetable,2024-04-14,56.71,2024-04-16,56.71,0.0
P1-1469-0415,1469,Pomegranate_3,Fruit and vegetable,2024-04-15,45.07,2024-04-17,45.07,0.0
P1-1469-0416,1469,Pomegranate_3,Fruit and vegetable,2024-04-16,25.11,2024-04-18,25.11,0.0
P1-1469-0417,1469,Pomegranate_3,Fruit and vegetable,2024-04-17,44.95,2024-04-19,44.95,0.0
P1-1469-0418,1469,Pomegranate_3,Fruit and vegetable,2024-04-18,26.15,2024-04-20,26.15,0.0
P1-1469-0419,1469,Pomegranate_3,Fruit and vegetable,2024-04-19,41.99,2024-04-21,41.99,0.0
P1-1469-0420,1469,Pomegranate_3,Fruit and vegetable,2024-04-20,53.44,2024-04-22,53.44,0.0
P1-1469-0421,1469,Pomegranate_3,Fruit and vegetable,2024-04-21,50.86,2024-04-23,50.86,0.0
P1-1469-0422,1469,Pomegranate_3,Fruit and vegetable,2024-04-22,30.58,2024-04-24,30.58,0.0
P1-1469-0423,1469,Pomegranate_3,Fruit and vegetable,2024-04-23,18.17,2024-04-25,18.17,0.0
P1-1469-0424,1469,Pomegranate_3,Fruit and vegetable,2024-04-24,31.47,2024-04-26,31.47,0.0
P1-1469-0425,1469,Pomegranate_3,Fruit and vegetable,2024-04-25,15.94,2024-04-27,15.94,0.0
P1-1469-0426,1469,Pomegranate_3,Fruit and vegetable,2024-04-26,51.26,2024-04-28,51.26,0.0
P1-1469-0427,1469,Pomegranate_3,Fruit and vegetable,2024-04-27,14.22,2024-04-29,14.22,0.0
P1-1469-0428,1469,Pomegranate_3,Fruit and vegetable,2024-04-28,5.04,2024-04-30,5.04,0.0
P1-1469-0429,1469,Pomegranate_3,Fruit and vegetable,2024-04-29,17.54,2024-05-01,17.54,0.0
P1-1469-0430,1469,Pomegranate_3,Fruit and vegetable,2024-04-30,21.36,2024-05-02,21.36,0.0
P1-1469-0501,1469,Pomegranate_3,Fruit and vegetable,2024-05-01,43.15,2024-05-03,43.15,0.0
P1-1469-0502,1469,Pomegranate_3,Fruit and vegetable,2024-05-02,41.73,2024-05-04,41.73,0.0
P1-1469-0503,1469,Pomegranate_3,Fruit and vegetable,2024-05-03,38.93,2024-05-05,38.93,0.0
P1-1469-0504,1469,Pomegranate_3,Fruit and vegetable,2024-05-04,19.53,2024-05-06,19.53,0.0
P1-1469-0505,1469,Pomegranate_3,Fruit and vegetable,2024-05-05,38.94,2024-05-07,38.94,0.0
P1-1469-0506,1469,Pomegranate_3,Fruit and vegetable,2024-05-06,20.96,2024-05-08,20.96,0.0
P1-1469-0507,1469,Pomegranate_3,Fruit and vegetable,2024-05-07,25.86,2024-05-09,25.86,0.0
P1-1469-0508,1469,Pomegranate_3,Fruit and vegetable,2024-05-08,66.59,2024-05-10,66.59,0.0
P1-1469-0509,1469,Pomegranate_3,Fruit and vegetable,2024-05-09,7.77,2024-05-11,7.77,0.0
P1-1469-0510,1469,Pomegranate_3,Fruit and vegetable,2024-05-10,19.47,2024-05-12,19.47,0.0
P1-1469-0511,1469,Pomegranate_3,Fruit and vegetable,2024-05-11,44.26,2024-05-13,44.26,0.0
P1-1469-0512,1469,Pomegranate_3,Fruit and vegetable,2024-05-12,41.16,2024-05-14,41.16,0.0
P1-1469-0513,1469,Pomegranate_3,Fruit and vegetable,2024-05-13,25.96,2024-05-15,25.96,0.0
P1-1469-0515,1469,Pomegranate_3,Fruit and vegetable,2024-05-15,40.01,2024-05-17,40.01,0.0
P1-1469-0516,1469,Pomegranate_3,Fruit and vegetable,2024-05-16,26.99,2024-05-18,26.99,0.0
P1-1469-0517,1469,Pomegranate_3,Fruit and vegetable,2024-05-17,56.28,2024-05-19,56.28,0.0
P1-1469-0518,1469,Pomegranate_3,Fruit and vegetable,2024-05-18,50.5,2024-05-20,50.5,0.0
P1-1469-0519,1469,Pomegranate_3,Fruit and vegetable,2024-05-19,29.02,2024-05-21,29.02,0.0
P1-1469-0520,1469,Pomegranate_3,Fruit and vegetable,2024-05-20,18.84,2024-05-22,18.84,0.0
P1-1469-0521,1469,Pomegranate_3,Fruit and vegetable,2024-05-21,44.49,2024-05-23,44.49,0.0
P1-1469-0522,1469,Pomegranate_3,Fruit and vegetable,2024-05-22,46.6,2024-05-24,46.6,0.0
P1-1469-0523,1469,Pomegranate_3,Fruit and vegetable,2024-05-23,38.42,2024-05-25,38.42,0.0
P1-1469-0524,1469,Pomegranate_3,Fruit and vegetable,2024-05-24,37.33,2024-05-26,16.76,20.57
P1-1469-0526,1469,Pomegranate_3,Fruit and vegetable,2024-05-26,13.69,2024-05-28,13.69,0.0
P1-1469-0527,1469,Pomegranate_3,Fruit and vegetable,2024-05-27,49.48,2024-05-29,49.48,0.0
P1-1469-0528,1469,Pomegranate_3,Fruit and vegetable,2024-05-28,39.02,2024-05-30,39.02,0.0
P1-1469-0530,1469,Pomegranate_3,Fruit and vegetable,2024-05-30,34.31,2024-06-01,34.31,0.0
P1-1469-0531,1469,Pomegranate_3,Fruit and vegetable,2024-05-31,37.08,2024-06-02,37.08,0.0
P1-1469-0601,1469,Pomegranate_3,Fruit and vegetable,2024-06-01,34.58,2024-06-03,34.58,0.0
P1-1469-0602,1469,Pomegranate_3,Fruit and vegetable,2024-06-02,27.3,2024-06-04,24.68,
P1-1474-0301,1474,Mushroom_15,Fruit and vegetable,2024-03-01,44.79,2024-03-03,44.79,0.0
P1-1474-0302,1474,Mushroom_15,Fruit and vegetable,2024-03-02,44.79,2024-03-04,44.79,0.0
P1-1474-0303,1474,Mushroom_15,Fruit and vegetable,2024-03-03,43.9,2024-03-05,43.9,0.0
P1-1474-0304,1474,Mushroom_15,Fruit and vegetable,2024-03-04,34.0,2024-03-06,34.0,0.0
P1-1474-0305,1474,Mushroom_15,Fruit and vegetable,2024-03-05,39.38,2024-03-07,39.38,0.0
P1-1474-0306,1474,Mushroom_15,Fruit and vegetable,2024-03-06,32.14,2024-03-08,32.14,0.0
P1-1474-0307,1474,Mushroom_15,Fruit and vegetable,2024-03-07,20.13,2024-03-09,20.13,0.0
P1-1474-0308,1474,Mushroom_15,Fruit and vegetable,2024-03-08,49.72,2024-03-10,49.72,0.0
P1-1474-0309,1474,Mushroom_15,Fruit and vegetable,2024-03-09,54.74,2024-03-11,54.74,0.0
P1-1474-0310,1474,Mushroom_15,Fruit and vegetable,2024-03-10,50.53,2024-03-12,50.53,0.0
P1-1474-0311,1474,Mushroom_15,Fruit and vegetable,2024-03-11,45.34,2024-03-13,45.34,0.0
P1-1474-0312,1474,Mushroom_15,Fruit and vegetable,2024-03-12,20.08,2024-03-14,20.08,0.0
P1-1474-0313,1474,Mushroom_15,Fruit and vegetable,2024-03-13,35.35,2024-03-15,35.35,0.0
P1-1474-0314,1474,Mushroom_15,Fruit and vegetable,2024-03-14,59.79,2024-03-16,59.79,0.0
P1-1474-0315,1474,Mushroom_15,Fruit and vegetable,2024-03-15,52.03,2024-03-17,52.03,0.0
P1-1474-0316,1474,Mushroom_15,Fruit and vegetable,2024-03-16,54.03,2024-03-18,54.03,0.0
P1-1474-0317,1474,Mushroom_15,Fruit and vegetable,2024-03-17,23.59,2024-03-19,23.59,0.0
P1-1474-0318,1474,Mushroom_15,Fruit and vegetable,2024-03-18,39.89,2024-03-20,39.89,0.0
P1-1474-0319,1474,Mushroom_15,Fruit and vegetable,2024-03-19,50.34,2024-03-21,50.34,0.0
P1-1474-0320,1474,Mushroom_15,Fruit and vegetable,2024-03-20,23.88,2024-03-22,23.88,0.0
P1-1474-0321,1474,Mushroom_15,Fruit and vegetable,2024-03-21,17.47,2024-03-23,17.47,0.0
P1-1474-0322,1474,Mushroom_15,Fruit and vegetable,2024-03-22,65.38,2024-03-24,65.38,0.0
P1-1474-0324,1474,Mushroom_15,Fruit and vegetable,2024-03-24,56.15,2024-03-26,56.15,0.0
P1-1474-0325,1474,Mushroom_15,Fruit and vegetable,2024-03-25,16.26,2024-03-27,16.26,0.0
P1-1474-0326,1474,Mushroom_15,Fruit and vegetable,2024-03-26,8.2,2024-03-28,8.2,0.0
P1-1474-0327,1474,Mushroom_15,Fruit and vegetable,2024-03-27,17.59,2024-03-29,17.59,0.0
P1-1474-0328,1474,Mushroom_15,Fruit and vegetable,2024-03-28,46.77,2024-03-30,46.77,0.0
P1-1474-0329,1474,Mushroom_15,Fruit and vegetable,2024-03-29,47.06,2024-03-31,47.06,0.0
P1-1474-0330,1474,Mushroom_15,Fruit and vegetable,2024-03-30,37.85,2024-04-01,37.85,0.0
P1-1474-0331,1474,Mushroom_15,Fruit and vegetable,2024-03-31,15.25,2024-04-02,15.25,0.0
P1-1474-0401,1474,Mushroom_15,Fruit and vegetable,2024-04-01,1.2,2024-04-03,1.2,0.0
P1-1474-0402,1474,Mushroom_15,Fruit and vegetable,2024-04-02,37.88,2024-04-04,37.88,0.0
P1-1474-0403,1474,Mushroom_15,Fruit and vegetable,2024-04-03,48.57,2024-04-05,48.57,0.0
P1-1474-0404,1474,Mushroom_15,Fruit and vegetable,2024-04-04,49.37,2024-04-06,49.37,0.0
P1-1474-0405,1474,Mushroom_15,Fruit and vegetable,2024-04-05,27.17,2024-04-07,27.17,0.0
P1-1474-0406,1474,Mushroom_15,Fruit and vegetable,2024-04-06,9.89,2024-04-08,9.89,0.0
P1-1474-0407,1474,Mushroom_15,Fruit and vegetable,2024-04-07,21.1,2024-04-09,21.1,0.0
P1-1474-0408,1474,Mushroom_15,Fruit and vegetable,2024-04-08,36.17,2024-04-10,36.17,0.0
P1-1474-0409,1474,Mushroom_15,Fruit and vegetable,2024-04-09,58.15,2024-04-11,58.15,0.0
P1-1474-0410,1474,Mushroom_15,Fruit and vegetable,2024-04-10,14.63,2024-04-12,14.63,0.0
P1-1474-0411,1474,Mushroom_15,Fruit and vegetable,2024-04-11,27.42,2024-04-13,27.42,0.0
P1-1474-0412,1474,Mushroom_15,Fruit and vegetable,2024-04-12,37.55,2024-04-14,37.55,0.0
P1-1474-0413,1474,Mushroom_15,Fruit and vegetable,2024-04-13,31.68,2024-04-15,31.68,0.0
P1-1474-0414,1474,Mushroom_15,Fruit and vegetable,2024-04-14,31.83,2024-04-16,31.83,0.0
P1-1474-0415,1474,Mushroom_15,Fruit and vegetable,2024-04-15,54.98,2024-04-17,54.98,0.0
P1-1474-0416,1474,Mushroom_15,Fruit and vegetable,2024-04-16,34.23,2024-04-18,34.23,0.0
P1-1474-0417,1474,Mushroom_15,Fruit and vegetable,2024-04-17,39.46,2024-04-19,39.46,0.0
P1-1474-0418,1474,Mushroom_15,Fruit and vegetable,2024-04-18,26.61,2024-04-20,26.61,0.0
P1-1474-0419,1474,Mushroom_15,Fruit and vegetable,2024-04-19,46.19,2024-04-21,46.19,0.0
P1-1474-0420,1474,Mushroom_15,Fruit and vegetable,2024-04-20,26.14,2024-04-22,26.14,0.0
P1-1474-0421,1474,Mushroom_15,Fruit and vegetable,2024-04-21,56.97,2024-04-23,56.97,0.0
P1-1474-0423,1474,Mushroom_15,Fruit and vegetable,2024-04-23,33.73,2024-04-25,33.73,0.0
P1-1474-0424,1474,Mushroom_15,Fruit and vegetable,2024-04-24,4.44,2024-04-26,4.44,0.0
P1-1474-0425,1474,Mushroom_15,Fruit and vegetable,2024-04-25,53.6,2024-04-27,53.6,0.0
P1-1474-0426,1474,Mushroom_15,Fruit and vegetable,2024-04-26,48.43,2024-04-28,48.43,0.0
P1-1474-0427,1474,Mushroom_15,Fruit and vegetable,2024-04-27,38.63,2024-04-29,38.63,0.0
P1-1474-0428,1474,Mushroom_15,Fruit and vegetable,2024-04-28,52.55,2024-04-30,52.55,0.0
P1-1474-0429,1474,Mushroom_15,Fruit and vegetable,2024-04-29,10.15,2024-05-01,10.15,0.0
P1-1474-0430,1474,Mushroom_15,Fruit and vegetable,2024-04-30,38.76,2024-05-02,38.76,0.0
P1-1474-0501,1474,Mushroom_15,Fruit and vegetable,2024-05-01,24.9,2024-05-03,24.9,0.0
P1-1474-0502,1474,Mushroom_15,Fruit and vegetable,2024-05-02,53.21,2024-05-04,49.77,3.44
P1-1474-0504,1474,Mushroom_15,Fruit and vegetable,2024-05-04,21.62,2024-05-06,21.62,0.0
P1-1474-0505,1474,Mushroom_15,Fruit and vegetable,2024-05-05,24.02,2024-05-07,24.02,0.0
P1-1474-0506,1474,Mushroom_15,Fruit and vegetable,2024-05-06,45.65,2024-05-08,45.65,0.0
P1-1474-0507,1474,Mushroom_15,Fruit and vegetable,2024-05-07,41.0,2024-05-09,41.0,0.0
P1-1474-0508,1474,Mushroom_15,Fruit and vegetable,2024-05-08,35.07,2024-05-10,35.07,0.0
P1-1474-0509,1474,Mushroom_15,Fruit and vegetable,2024-05-09,21.47,2024-05-11,21.47,0.0
P1-1474-0510,1474,Mushroom_15,Fruit and vegetable,2024-05-10,37.13,2024-05-12,37.13,0.0
P1-1474-0511,1474,Mushroom_15,Fruit and vegetable,2024-05-11,34.07,2024-05-13,34.07,0.0
P1-1474-0512,1474,Mushroom_15,Fruit and vegetable,2024-05-12,32.84,2024-05-14,32.84,0.0
P1-1474-0513,1474,Mushroom_15,Fruit and vegetable,2024-05-13,48.96,2024-05-15,48.96,0.0
P1-1474-0514,1474,Mushroom_15,Fruit and vegetable,2024-05-14,7.74,2024-05-16,7.74,0.0
P1-1474-0515,1474,Mushroom_15,Fruit and vegetable,2024-05-15,22.63,2024-05-17,22.63,0.0
P1-1474-0516,1474,Mushroom_15,Fruit and vegetable,2024-05-16,32.92,2024-05-18,32.92,0.0
P1-1474-0517,1474,Mushroom_15,Fruit and vegetable,2024-05-17,58.23,2024-05-19,58.23,0.0
P1-1474-0518,1474,Mushroom_15,Fruit and vegetable,2024-05-18,7.17,2024-05-20,7.17,0.0
P1-1474-0519,1474,Mushroom_15,Fruit and vegetable,2024-05-19,33.54,2024-05-21,33.54,0.0
P1-1474-0520,1474,Mushroom_15,Fruit and vegetable,2024-05-20,42.64,2024-05-22,42.64,0.0
P1-1474-0521,1474,Mushroom_15,Fruit and vegetable,2024-05-21,31.97,2024-05-23,31.97,0.0
P1-1474-0522,1474,Mushroom_15,Fruit and vegetable,2024-05-22,23.86,2024-05-24,23.86,0.0
P1-1474-0523,1474,Mushroom_15,Fruit and vegetable,2024-05-23,44.08,2024-05-25,44.08,0.0
P1-1474-0524,1474,Mushroom_15,Fruit and vegetable,2024-05-24,10.56,2024-05-26,10.56,0.0
P1-1474-0525,1474,Mushroom_15,Fruit and vegetable,2024-05-25,23.46,2024-05-27,23.46,0.0
P1-1474-0526,1474,Mushroom_15,Fruit and vegetable,2024-05-26,34.14,2024-05-28,34.14,0.0
P1-1474-0527,1474,Mushroom_15,Fruit and vegetable,2024-05-27,34.49,2024-05-29,34.49,0.0
P1-1474-0528,1474,Mushroom_15,Fruit and vegetable,2024-05-28,21.73,2024-05-30,21.73,0.0
P1-1474-0529,1474,Mushroom_15,Fruit and vegetable,2024-05-29,31.53,2024-05-31,31.53,0.0
P1-1474-0530,1474,Mushroom_15,Fruit and vegetable,2024-05-30,38.18,2024-06-01,38.18,0.0
P1-1474-0531,1474,Mushroom_15,Fruit and vegetable,2024-05-31,41.22,2024-06-02,41.22,0.0
P1-1474-0601,1474,Mushroom_15,Fruit and vegetable,2024-06-01,37.87,2024-06-03,37.87,0.0
P1-1474-0602,1474,Mushroom_15,Fruit and vegetable,2024-06-02,25.03,2024-06-04,19.93,
P1-1479-0301,1479,Cracker_2,Bakery,2024-03-01,8.61,2024-03-02,8.61,0.0
P1-1479-0302,1479,Cracker_2,Bakery,2024-03-02,10.61,2024-03-03,10.61,0.0
P1-1479-0303,1479,Cracker_2,Bakery,2024-03-03,17.83,2024-03-04,17.83,0.0
P1-1479-0304,1479,Cracker_2,Bakery,2024-03-04,14.82,2024-03-05,8.89,5.93
P1-1479-0305,1479,Cracker_2,Bakery,2024-03-05,4.92,2024-03-06,4.92,0.0
P1-1479-0306,1479,Cracker_2,Bakery,2024-03-06,10.81,2024-03-07,9.19,1.62
P1-1479-0307,1479,Cracker_2,Bakery,2024-03-07,8.14,2024-03-08,5.16,2.98
P1-1479-0308,1479,Cracker_2,Bakery,2024-03-08,6.58,2024-03-09,6.58,0.0
P1-1479-0309,1479,Cracker_2,Bakery,2024-03-09,28.78,2024-03-10,28.78,0.0
P1-1479-0310,1479,Cracker_2,Bakery,2024-03-10,32.58,2024-03-11,32.58,0.0
P1-1479-0311,1479,Cracker_2,Bakery,2024-03-11,8.06,2024-03-12,8.06,0.0
P1-1479-0312,1479,Cracker_2,Bakery,2024-03-12,21.7,2024-03-13,21.7,0.0
P1-1479-0313,1479,Cracker_2,Bakery,2024-03-13,24.09,2024-03-14,15.23,8.87
P1-1479-0314,1479,Cracker_2,Bakery,2024-03-14,6.7,2024-03-15,6.7,0.0
P1-1479-0315,1479,Cracker_2,Bakery,2024-03-15,14.01,2024-03-16,14.01,0.0
P1-1479-0316,1479,Cracker_2,Bakery,2024-03-16,41.13,2024-03-17,23.11,18.02
P1-1479-0318,1479,Cracker_2,Bakery,2024-03-18,42.95,2024-03-19,35.34,7.61
P1-1479-0319,1479,Cracker_2,Bakery,2024-03-19,12.2,2024-03-20,12.2,0.0
P1-1479-0320,1479,Cracker_2,Bakery,2024-03-20,8.91,2024-03-21,8.91,0.0
P1-1479-0321,1479,Cracker_2,Bakery,2024-03-21,22.6,2024-03-22,22.6,0.0
P1-1479-0322,1479,Cracker_2,Bakery,2024-03-22,24.08,2024-03-23,22.64,1.44
P1-1479-0323,1479,Cracker_2,Bakery,2024-03-23,28.11,2024-03-24,13.97,14.14
P1-1479-0325,1479,Cracker_2,Bakery,2024-03-25,32.91,2024-03-26,29.75,3.16
P1-1479-0326,1479,Cracker_2,Bakery,2024-03-26,4.66,2024-03-27,4.66,0.0
P1-1479-0327,1479,Cracker_2,Bakery,2024-03-27,16.95,2024-03-28,16.95,0.0
P1-1479-0328,1479,Cracker_2,Bakery,2024-03-28,32.54,2024-03-29,32.54,0.0
P1-1479-0329,1479,Cracker_2,Bakery,2024-03-29,10.27,2024-03-30,9.98,0.28
P1-1479-0330,1479,Cracker_2,Bakery,2024-03-30,7.51,2024-03-31,7.51,0.0
P1-1479-0331,1479,Cracker_2,Bakery,2024-03-31,14.51,2024-04-01,14.51,0.0
P1-1479-0401,1479,Cracker_2,Bakery,2024-04-01,19.71,2024-04-02,9.98,9.73
P1-1479-0402,1479,Cracker_2,Bakery,2024-04-02,6.34,2024-04-03,6.34,0.0
P1-1479-0403,1479,Cracker_2,Bakery,2024-04-03,17.24,2024-04-04,17.24,0.0
P1-1479-0404,1479,Cracker_2,Bakery,2024-04-04,37.15,2024-04-05,25.28,11.87
P1-1479-0406,1479,Cracker_2,Bakery,2024-04-06,21.37,2024-04-07,21.37,0.0
P1-1479-0407,1479,Cracker_2,Bakery,2024-04-07,25.63,2024-04-08,21.33,4.3
P1-1479-0408,1479,Cracker_2,Bakery,2024-04-08,5.11,2024-04-09,5.11,0.0
P1-1479-0409,1479,Cracker_2,Bakery,2024-04-09,10.05,2024-04-10,10.05,0.0
P1-1479-0410,1479,Cracker_2,Bakery,2024-04-10,21.28,2024-04-11,12.87,8.4
P1-1479-0411,1479,Cracker_2,Bakery,2024-04-11,9.67,2024-04-12,9.67,0.0
P1-1479-0412,1479,Cracker_2,Bakery,2024-04-12,15.42,2024-04-13,15.42,0.0
P1-1479-0413,1479,Cracker_2,Bakery,2024-04-13,29.4,2024-04-14,18.53,10.88
P1-1479-0414,1479,Cracker_2,Bakery,2024-04-14,2.65,2024-04-15,2.65,0.0
P1-1479-0415,1479,Cracker_2,Bakery,2024-04-15,48.02,2024-04-16,48.02,0.0
P1-1479-0416,1479,Cracker_2,Bakery,2024-04-16,27.86,2024-04-17,27.86,0.0
P1-1479-0417,1479,Cracker_2,Bakery,2024-04-17,36.11,2024-04-18,19.65,16.46
P1-1479-0418,1479,Cracker_2,Bakery,2024-04-18,1.93,2024-04-19,1.93,0.0
P1-1479-0419,1479,Cracker_2,Bakery,2024-04-19,40.12,2024-04-20,20.39,19.72
P1-1479-0420,1479,Cracker_2,Bakery,2024-04-20,1.96,2024-04-21,1.96,0.0
P1-1479-0421,1479,Cracker_2,Bakery,2024-04-21,30.51,2024-04-22,30.51,0.0
P1-1479-0422,1479,Cracker_2,Bakery,2024-04-22,57.31,2024-04-23,44.94,12.37
P1-1479-0423,1479,Cracker_2,Bakery,2024-04-23,5.33,2024-04-24,5.33,0.0
P1-1479-0424,1479,Cracker_2,Bakery,2024-04-24,28.0,2024-04-25,19.11,8.88
P1-1479-0426,1479,Cracker_2,Bakery,2024-04-26,27.97,2024-04-27,27.97,0.0
P1-1479-0427,1479,Cracker_2,Bakery,2024-04-27,19.91,2024-04-28,6.73,13.18
P1-1479-0428,1479,Cracker_2,Bakery,2024-04-28,19.51,2024-04-29,19.16,0.35
P1-1479-0429,1479,Cracker_2,Bakery,2024-04-29,33.69,2024-04-30,10.43,23.26
P1-1479-0501,1479,Cracker_2,Bakery,2024-05-01,21.3,2024-05-02,21.3,0.0
P1-1479-0502,1479,Cracker_2,Bakery,2024-05-02,27.53,2024-05-03,12.1,15.43
P1-1479-0503,1479,Cracker_2,Bakery,2024-05-03,16.44,2024-05-04,14.22,2.22
P1-1479-0504,1479,Cracker_2,Bakery,2024-05-04,0.71,2024-05-05,0.71,0.0
P1-1479-0505,1479,Cracker_2,Bakery,2024-05-05,20.52,2024-05-06,20.52,0.0
P1-1479-0506,1479,Cracker_2,Bakery,2024-05-06,27.97,2024-05-07,17.31,10.66
P1-1479-0507,1479,Cracker_2,Bakery,2024-05-07,4.72,2024-05-08,4.72,0.0
P1-1479-0508,1479,Cracker_2,Bakery,2024-05-08,44.07,2024-05-09,44.07,0.0
P1-1479-0509,1479,Cracker_2,Bakery,2024-05-09,23.59,2024-05-10,22.5,1.09
P1-1479-0510,1479,Cracker_2,Bakery,2024-05-10,10.07,2024-05-11,10.07,0.0
P1-1479-0511,1479,Cracker_2,Bakery,2024-05-11,23.46,2024-05-12,23.46,0.0
P1-1479-0512,1479,Cracker_2,Bakery,2024-05-12,26.39,2024-05-13,22.71,3.68
P1-1479-0513,1479,Cracker_2,Bakery,2024-05-13,15.62,2024-05-14,15.62,0.0
P1-1479-0514,1479,Cracker_2,Bakery,2024-05-14,72.41,2024-05-15,72.41,0.0
P1-1479-0515,1479,Cracker_2,Bakery,2024-05-15,85.41,2024-05-16,85.41,0.0
P1-1479-0516,1479,Cracker_2,Bakery,2024-05-16,10.81,2024-05-17,10.81,0.0
P1-1479-0517,1479,Cracker_2,Bakery,2024-05-17,54.47,2024-05-18,54.47,0.0
P1-1479-0518,1479,Cracker_2,Bakery,2024-05-18,31.52,2024-05-19,31.52,0.0
P1-1479-0519,1479,Cracker_2,Bakery,2024-05-19,45.98,2024-05-20,26.07,19.91
P1-1479-0521,1479,Cracker_2,Bakery,2024-05-21,46.52,2024-05-22,46.52,0.0
P1-1479-0522,1479,Cracker_2,Bakery,2024-05-22,89.02,2024-05-23,75.45,13.57
P1-1479-0524,1479,Cracker_2,Bakery,2024-05-24,90.37,2024-05-25,71.99,18.38
P1-1479-0526,1479,Cracker_2,Bakery,2024-05-26,61.72,2024-05-27,61.72,0.0
P1-1479-0527,1479,Cracker_2,Bakery,2024-05-27,49.37,2024-05-28,49.37,0.0
P1-1479-0528,1479,Cracker_2,Bakery,2024-05-28,40.75,2024-05-29,40.75,0.0
P1-1479-0529,1479,Cracker_2,Bakery,2024-05-29,69.7,2024-05-30,69.7,0.0
P1-1479-0530,1479,Cracker_2,Bakery,2024-05-30,27.94,2024-05-31,27.94,0.0
P1-1479-0531,1479,Cracker_2,Bakery,2024-05-31,47.42,2024-06-01,47.42,0.0
P1-1479-0601,1479,Cracker_2,Bakery,2024-06-01,52.39,2024-06-02,37.88,
P1-1479-0602,1479,Cracker_2,Bakery,2024-06-02,39.05,2024-06-03,0.0,
P1-1481-0301,1481,Cake_5,Bakery,2024-03-01,20.05,2024-03-02,20.05,0.0
P1-1481-0302,1481,Cake_5,Bakery,2024-03-02,20.05,2024-03-03,20.05,0.0
P1-1481-0303,1481,Cake_5,Bakery,2024-03-03,19.04,2024-03-04,19.04,0.0
P1-1481-0304,1481,Cake_5,Bakery,2024-03-04,10.01,2024-03-05,10.01,0.0
P1-1481-0305,1481,Cake_5,Bakery,2024-03-05,24.23,2024-03-06,24.23,0.0
P1-1481-0306,1481,Cake_5,Bakery,2024-03-06,14.85,2024-03-07,14.85,0.0
P1-1481-0307,1481,Cake_5,Bakery,2024-03-07,29.19,2024-03-08,29.19,0.0
P1-1481-0308,1481,Cake_5,Bakery,2024-03-08,34.0,2024-03-09,34.0,0.0
P1-1481-0309,1481,Cake_5,Bakery,2024-03-09,21.36,2024-03-10,16.79,4.57
P1-1481-0310,1481,Cake_5,Bakery,2024-03-10,18.42,2024-03-11,4.06,14.36
P1-1481-0311,1481,Cake_5,Bakery,2024-03-11,20.75,2024-03-12,10.75,10.0
P1-1481-0312,1481,Cake_5,Bakery,2024-03-12,13.09,2024-03-13,13.09,0.0
P1-1481-0313,1481,Cake_5,Bakery,2024-03-13,19.38,2024-03-14,13.37,6.01
P1-1481-0314,1481,Cake_5,Bakery,2024-03-14,42.17,2024-03-15,18.3,23.87
P1-1481-0315,1481,Cake_5,Bakery,2024-03-15,0.64,2024-03-16,0.64,0.0
P1-1481-0316,1481,Cake_5,Bakery,2024-03-16,22.96,2024-03-17,22.96,0.0
P1-1481-0317,1481,Cake_5,Bakery,2024-03-17,6.68,2024-03-18,6.68,0.0
P1-1481-0318,1481,Cake_5,Bakery,2024-03-18,10.24,2024-03-19,10.24,0.0
P1-1481-0319,1481,Cake_5,Bakery,2024-03-19,13.87,2024-03-20,13.87,0.0
P1-1481-0320,1481,Cake_5,Bakery,2024-03-20,13.84,2024-03-21,12.36,1.48
P1-1481-0321,1481,Cake_5,Bakery,2024-03-21,4.62,2024-03-22,4.62,0.0
P1-1481-0322,1481,Cake_5,Bakery,2024-03-22,19.66,2024-03-23,19.66,0.0
P1-1481-0323,1481,Cake_5,Bakery,2024-03-23,9.27,2024-03-24,9.27,0.0
P1-1481-0324,1481,Cake_5,Bakery,2024-03-24,24.02,2024-03-25,17.49,6.53
P1-1481-0326,1481,Cake_5,Bakery,2024-03-26,16.9,2024-03-27,16.9,0.0
P1-1481-0327,1481,Cake_5,Bakery,2024-03-27,11.31,2024-03-28,11.31,0.0
P1-1481-0328,1481,Cake_5,Bakery,2024-03-28,16.7,2024-03-29,16.7,0.0
P1-1481-0329,1481,Cake_5,Bakery,2024-03-29,17.47,2024-03-30,10.31,7.17
P1-1481-0330,1481,Cake_5,Bakery,2024-03-30,12.92,2024-03-31,6.41,6.51
P1-1481-0402,1481,Cake_5,Bakery,2024-04-02,19.57,2024-04-03,11.26,8.31
P1-1481-0403,1481,Cake_5,Bakery,2024-04-03,9.27,2024-04-04,8.86,0.41
P1-1481-0404,1481,Cake_5,Bakery,2024-04-04,6.92,2024-04-05,6.92,0.0
P1-1481-0405,1481,Cake_5,Bakery,2024-04-05,11.65,2024-04-06,11.65,0.0
P1-1481-0406,1481,Cake_5,Bakery,2024-04-06,18.07,2024-04-07,18.07,0.0
P1-1481-0407,1481,Cake_5,Bakery,2024-04-07,14.8,2024-04-08,14.8,0.0
P1-1481-0408,1481,Cake_5,Bakery,2024-04-08,14.07,2024-04-09,14.07,0.0
P1-1481-0409,1481,Cake_5,Bakery,2024-04-09,13.16,2024-04-10,13.16,0.0
P1-1481-0410,1481,Cake_5,Bakery,2024-04-10,13.88,2024-04-11,13.88,0.0
P1-1481-0411,1481,Cake_5,Bakery,2024-04-11,14.85,2024-04-12,14.85,0.0
P1-1481-0412,1481,Cake_5,Bakery,2024-04-12,17.64,2024-04-13,17.64,0.0
P1-1481-0413,1481,Cake_5,Bakery,2024-04-13,16.57,2024-04-14,16.57,0.0
P1-1481-0414,1481,Cake_5,Bakery,2024-04-14,15.55,2024-04-15,15.55,0.0
P1-1481-0415,1481,Cake_5,Bakery,2024-04-15,3.93,2024-04-16,3.93,0.0
P1-1481-0416,1481,Cake_5,Bakery,2024-04-16,26.38,2024-04-17,26.38,0.0
P1-1481-0417,1481,Cake_5,Bakery,2024-04-17,21.39,2024-04-18,21.39,0.0
P1-1481-0418,1481,Cake_5,Bakery,2024-04-18,7.67,2024-04-19,7.67,0.0
P1-1481-0419,1481,Cake_5,Bakery,2024-04-19,21.56,2024-04-20,21.56,0.0
P1-1481-0420,1481,Cake_5,Bakery,2024-04-20,23.37,2024-04-21,23.37,0.0
P1-1481-0421,1481,Cake_5,Bakery,2024-04-21,7.76,2024-04-22,7.76,0.0
P1-1481-0422,1481,Cake_5,Bakery,2024-04-22,20.98,2024-04-23,20.98,0.0
P1-1481-0423,1481,Cake_5,Bakery,2024-04-23,20.46,2024-04-24,13.1,7.36
P1-1481-0424,1481,Cake_5,Bakery,2024-04-24,1.71,2024-04-25,1.71,0.0
P1-1481-0425,1481,Cake_5,Bakery,2024-04-25,21.85,2024-04-26,21.85,0.0
P1-1481-0426,1481,Cake_5,Bakery,2024-04-26,19.42,2024-04-27,19.42,0.0
P1-1481-0427,1481,Cake_5,Bakery,2024-04-27,21.11,2024-04-28,21.11,0.0
P1-1481-0428,1481,Cake_5,Bakery,2024-04-28,26.74,2024-04-29,10.13,16.61
P1-1481-0430,1481,Cake_5,Bakery,2024-04-30,27.1,2024-05-01,27.1,0.0
P1-1481-0501,1481,Cake_5,Bakery,2024-05-01,13.14,2024-05-02,13.14,0.0
P1-1481-0502,1481,Cake_5,Bakery,2024-05-02,26.2,2024-05-03,26.2,0.0
P1-1481-0503,1481,Cake_5,Bakery,2024-05-03,23.97,2024-05-04,23.97,0.0
P1-1481-0504,1481,Cake_5,Bakery,2024-05-04,18.93,2024-05-05,16.1,2.83
P1-1481-0505,1481,Cake_5,Bakery,2024-05-05,6.32,2024-05-06,6.32,0.0
P1-1481-0506,1481,Cake_5,Bakery,2024-05-06,8.73,2024-05-07,8.73,0.0
P1-1481-0507,1481,Cake_5,Bakery,2024-05-07,18.4,2024-05-08,18.4,0.0
P1-1481-0508,1481,Cake_5,Bakery,2024-05-08,34.07,2024-05-09,22.3,11.76
P1-1481-0510,1481,Cake_5,Bakery,2024-05-10,38.85,2024-05-11,38.85,0.0
P1-1481-0511,1481,Cake_5,Bakery,2024-05-11,3.32,2024-05-12,3.32,0.0
P1-1481-0512,1481,Cake_5,Bakery,2024-05-12,23.62,2024-05-13,23.62,0.0
P1-1481-0513,1481,Cake_5,Bakery,2024-05-13,5.79,2024-05-14,5.79,0.0
P1-1481-0514,1481,Cake_5,Bakery,2024-05-14,26.2,2024-05-15,19.83,6.37
P1-1481-0516,1481,Cake_5,Bakery,2024-05-16,21.75,2024-05-17,21.75,0.0
P1-1481-0517,1481,Cake_5,Bakery,2024-05-17,13.98,2024-05-18,13.98,0.0
P1-1481-0518,1481,Cake_5,Bakery,2024-05-18,29.98,2024-05-19,22.66,7.32
P1-1481-0520,1481,Cake_5,Bakery,2024-05-20,17.2,2024-05-21,17.2,0.0
P1-1481-0521,1481,Cake_5,Bakery,2024-05-21,11.88,2024-05-22,11.88,0.0
P1-1481-0522,1481,Cake_5,Bakery,2024-05-22,17.55,2024-05-23,17.55,0.0
P1-1481-0523,1481,Cake_5,Bakery,2024-05-23,15.31,2024-05-24,15.31,0.0
P1-1481-0524,1481,Cake_5,Bakery,2024-05-24,19.2,2024-05-25,19.2,0.0
P1-1481-0525,1481,Cake_5,Bakery,2024-05-25,22.23,2024-05-26,22.23,0.0
P1-1481-0526,1481,Cake_5,Bakery,2024-05-26,18.28,2024-05-27,18.28,0.0
P1-1481-0527,1481,Cake_5,Bakery,2024-05-27,22.04,2024-05-28,22.04,0.0
P1-1481-0528,1481,Cake_5,Bakery,2024-05-28,12.39,2024-05-29,4.95,7.44
P1-1481-0529,1481,Cake_5,Bakery,2024-05-29,5.06,2024-05-30,5.06,0.0
P1-1481-0530,1481,Cake_5,Bakery,2024-05-30,29.0,2024-05-31,18.79,10.21
P1-1481-0531,1481,Cake_5,Bakery,2024-05-31,6.73,2024-06-01,6.73,0.0
P1-1481-0601,1481,Cake_5,Bakery,2024-06-01,40.43,2024-06-02,40.43,0.0
P1-1481-0602,1481,Cake_5,Bakery,2024-06-02,41.07,2024-06-03,3.72,
P1-1486-0301,1486,Watermelon_16,Fruit and vegetable,2024-03-01,75.81,2024-03-03,75.81,0.0
P1-1486-0302,1486,Watermelon_16,Fruit and vegetable,2024-03-02,75.81,2024-03-04,75.81,0.0
P1-1486-0303,1486,Watermelon_16,Fruit and vegetable,2024-03-03,74.66,2024-03-05,74.66,0.0
P1-1486-0304,1486,Watermelon_16,Fruit and vegetable,2024-03-04,57.09,2024-03-06,57.09,0.0
P1-1486-0305,1486,Watermelon_16,Fruit and vegetable,2024-03-05,67.84,2024-03-07,67.84,0.0
P1-1486-0306,1486,Watermelon_16,Fruit and vegetable,2024-03-06,93.58,2024-03-08,93.58,0.0
P1-1486-0307,1486,Watermelon_16,Fruit and vegetable,2024-03-07,69.61,2024-03-09,69.61,0.0
P1-1486-0308,1486,Watermelon_16,Fruit and vegetable,2024-03-08,95.0,2024-03-10,95.0,0.0
P1-1486-0309,1486,Watermelon_16,Fruit and vegetable,2024-03-09,67.25,2024-03-11,67.25,0.0
P1-1486-0310,1486,Watermelon_16,Fruit and vegetable,2024-03-10,81.3,2024-03-12,81.3,0.0
P1-1486-0311,1486,Watermelon_16,Fruit and vegetable,2024-03-11,115.67,2024-03-13,115.67,0.0
P1-1486-0312,1486,Watermelon_16,Fruit and vegetable,2024-03-12,110.5,2024-03-14,110.5,0.0
P1-1486-0313,1486,Watermelon_16,Fruit and vegetable,2024-03-13,44.47,2024-03-15,44.47,0.0
P1-1486-0314,1486,Watermelon_16,Fruit and vegetable,2024-03-14,112.46,2024-03-16,112.46,0.0
P1-1486-0315,1486,Watermelon_16,Fruit and vegetable,2024-03-15,60.35,2024-03-17,60.35,0.0
P1-1486-0316,1486,Watermelon_16,Fruit and vegetable,2024-03-16,92.87,2024-03-18,92.87,0.0
P1-1486-0317,1486,Watermelon_16,Fruit and vegetable,2024-03-17,72.61,2024-03-19,72.61,0.0
P1-1486-0318,1486,Watermelon_16,Fruit and vegetable,2024-03-18,106.09,2024-03-20,106.09,0.0
P1-1486-0319,1486,Watermelon_16,Fruit and vegetable,2024-03-19,37.98,2024-03-21,37.98,0.0
P1-1486-0320,1486,Watermelon_16,Fruit and vegetable,2024-03-20,81.96,2024-03-22,81.96,0.0
P1-1486-0321,1486,Watermelon_16,Fruit and vegetable,2024-03-21,61.36,2024-03-23,61.36,0.0
P1-1486-0322,1486,Watermelon_16,Fruit and vegetable,2024-03-22,103.56,2024-03-24,103.56,0.0
P1-1486-0323,1486,Watermelon_16,Fruit and vegetable,2024-03-23,30.95,2024-03-25,30.95,0.0
P1-1486-0324,1486,Watermelon_16,Fruit and vegetable,2024-03-24,77.63,2024-03-26,77.63,0.0
P1-1486-0325,1486,Watermelon_16,Fruit and vegetable,2024-03-25,85.6,2024-03-27,85.6,0.0
P1-1486-0326,1486,Watermelon_16,Fruit and vegetable,2024-03-26,54.22,2024-03-28,54.22,0.0
P1-1486-0327,1486,Watermelon_16,Fruit and vegetable,2024-03-27,87.2,2024-03-29,87.2,0.0
P1-1486-0328,1486,Watermelon_16,Fruit and vegetable,2024-03-28,103.12,2024-03-30,103.12,0.0
P1-1486-0329,1486,Watermelon_16,Fruit and vegetable,2024-03-29,74.52,2024-03-31,74.52,0.0
P1-1486-0330,1486,Watermelon_16,Fruit and vegetable,2024-03-30,64.6,2024-04-01,64.6,0.0
P1-1486-0331,1486,Watermelon_16,Fruit and vegetable,2024-03-31,52.72,2024-04-02,52.72,0.0
P1-1486-0401,1486,Watermelon_16,Fruit and vegetable,2024-04-01,69.52,2024-04-03,69.52,0.0
P1-1486-0402,1486,Watermelon_16,Fruit and vegetable,2024-04-02,63.45,2024-04-04,63.45,0.0
P1-1486-0403,1486,Watermelon_16,Fruit and vegetable,2024-04-03,68.29,2024-04-05,68.29,0.0
P1-1486-0404,1486,Watermelon_16,Fruit and vegetable,2024-04-04,89.48,2024-04-06,89.48,0.0
P1-1486-0405,1486,Watermelon_16,Fruit and vegetable,2024-04-05,71.24,2024-04-07,71.24,0.0
P1-1486-0406,1486,Watermelon_16,Fruit and vegetable,2024-04-06,81.12,2024-04-08,81.12,0.0
P1-1486-0407,1486,Watermelon_16,Fruit and vegetable,2024-04-07,59.69,2024-04-09,59.69,0.0
P1-1486-0408,1486,Watermelon_16,Fruit and vegetable,2024-04-08,93.17,2024-04-10,93.17,0.0
P1-1486-0409,1486,Watermelon_16,Fruit and vegetable,2024-04-09,113.27,2024-04-11,113.27,0.0
P1-1486-0410,1486,Watermelon_16,Fruit and vegetable,2024-04-10,103.54,2024-04-12,103.54,0.0
P1-1486-0411,1486,Watermelon_16,Fruit and vegetable,2024-04-11,93.87,2024-04-13,93.87,0.0
P1-1486-0412,1486,Watermelon_16,Fruit and vegetable,2024-04-12,110.21,2024-04-14,110.21,0.0
P1-1486-0413,1486,Watermelon_16,Fruit and vegetable,2024-04-13,56.26,2024-04-15,56.26,0.0
P1-1486-0414,1486,Watermelon_16,Fruit and vegetable,2024-04-14,77.5,2024-04-16,77.5,0.0
P1-1486-0415,1486,Watermelon_16,Fruit and vegetable,2024-04-15,106.51,2024-04-17,106.51,0.0
P1-1486-0416,1486,Watermelon_16,Fruit and vegetable,2024-04-16,83.83,2024-04-18,83.83,0.0
P1-1486-0417,1486,Watermelon_16,Fruit and vegetable,2024-04-17,80.03,2024-04-19,80.03,0.0
P1-1486-0418,1486,Watermelon_16,Fruit and vegetable,2024-04-18,70.92,2024-04-20,70.92,0.0
P1-1486-0419,1486,Watermelon_16,Fruit and vegetable,2024-04-19,97.16,2024-04-21,97.16,0.0
P1-1486-0420,1486,Watermelon_16,Fruit and vegetable,2024-04-20,42.09,2024-04-22,42.09,0.0
P1-1486-0421,1486,Watermelon_16,Fruit and vegetable,2024-04-21,53.18,2024-04-23,53.18,0.0
P1-1486-0422,1486,Watermelon_16,Fruit and vegetable,2024-04-22,71.0,2024-04-24,71.0,0.0
P1-1486-0423,1486,Watermelon_16,Fruit and vegetable,2024-04-23,128.29,2024-04-25,128.29,0.0
P1-1486-0424,1486,Watermelon_16,Fruit and vegetable,2024-04-24,41.49,2024-04-26,41.49,0.0
P1-1486-0425,1486,Watermelon_16,Fruit and vegetable,2024-04-25,53.24,2024-04-27,53.24,0.0
P1-1486-0426,1486,Watermelon_16,Fruit and vegetable,2024-04-26,89.38,2024-04-28,89.38,0.0
P1-1486-0427,1486,Watermelon_16,Fruit and vegetable,2024-04-27,64.77,2024-04-29,64.77,0.0
P1-1486-0428,1486,Watermelon_16,Fruit and vegetable,2024-04-28,84.28,2024-04-30,84.28,0.0
P1-1486-0429,1486,Watermelon_16,Fruit and vegetable,2024-04-29,81.63,2024-05-01,81.63,0.0
P1-1486-0430,1486,Watermelon_16,Fruit and vegetable,2024-04-30,64.99,2024-05-02,64.99,0.0
P1-1486-0501,1486,Watermelon_16,Fruit and vegetable,2024-05-01,90.06,2024-05-03,90.06,0.0
P1-1486-0502,1486,Watermelon_16,Fruit and vegetable,2024-05-02,108.87,2024-05-04,108.87,0.0
P1-1486-0503,1486,Watermelon_16,Fruit and vegetable,2024-05-03,55.34,2024-05-05,55.34,0.0
P1-1486-0504,1486,Watermelon_16,Fruit and vegetable,2024-05-04,59.56,2024-05-06,59.56,0.0
P1-1486-0505,1486,Watermelon_16,Fruit and vegetable,2024-05-05,50.82,2024-05-07,50.82,0.0
P1-1486-0506,1486,Watermelon_16,Fruit and vegetable,2024-05-06,80.0,2024-05-08,80.0,0.0
P1-1486-0507,1486,Watermelon_16,Fruit and vegetable,2024-05-07,69.78,2024-05-09,69.78,0.0
P1-1486-0508,1486,Watermelon_16,Fruit and vegetable,2024-05-08,68.58,2024-05-10,68.58,0.0
P1-1486-0509,1486,Watermelon_16,Fruit and vegetable,2024-05-09,28.92,2024-05-11,28.92,0.0
P1-1486-0510,1486,Watermelon_16,Fruit and vegetable,2024-05-10,90.4,2024-05-12,90.4,0.0
P1-1486-0511,1486,Watermelon_16,Fruit and vegetable,2024-05-11,31.07,2024-05-13,31.07,0.0
P1-1486-0512,1486,Watermelon_16,Fruit and vegetable,2024-05-12,53.66,2024-05-14,53.66,0.0
P1-1486-0513,1486,Watermelon_16,Fruit and vegetable,2024-05-13,83.75,2024-05-15,83.75,0.0
P1-1486-0514,1486,Watermelon_16,Fruit and vegetable,2024-05-14,78.28,2024-05-16,78.28,0.0
P1-1486-0515,1486,Watermelon_16,Fruit and vegetable,2024-05-15,104.02,2024-05-17,104.02,0.0
P1-1486-0516,1486,Watermelon_16,Fruit and vegetable,2024-05-16,122.7,2024-05-18,122.7,0.0
P1-1486-0517,1486,Watermelon_16,Fruit and vegetable,2024-05-17,97.08,2024-05-19,97.08,0.0
P1-1486-0518,1486,Watermelon_16,Fruit and vegetable,2024-05-18,35.52,2024-05-20,35.52,0.0
P1-1486-0519,1486,Watermelon_16,Fruit and vegetable,2024-05-19,104.97,2024-05-21,104.97,0.0
P1-1486-0520,1486,Watermelon_16,Fruit and vegetable,2024-05-20,50.81,2024-05-22,50.81,0.0
P1-1486-0521,1486,Watermelon_16,Fruit and vegetable,2024-05-21,73.28,2024-05-23,73.28,0.0
P1-1486-0522,1486,Watermelon_16,Fruit and vegetable,2024-05-22,90.11,2024-05-24,90.11,0.0
P1-1486-0523,1486,Watermelon_16,Fruit and vegetable,2024-05-23,100.22,2024-05-25,100.22,0.0
P1-1486-0525,1486,Watermelon_16,Fruit and vegetable,2024-05-25,53.71,2024-05-27,53.71,0.0
P1-1486-0526,1486,Watermelon_16,Fruit and vegetable,2024-05-26,41.34,2024-05-28,41.34,0.0
P1-1486-0527,1486,Watermelon_16,Fruit and vegetable,2024-05-27,78.06,2024-05-29,78.06,0.0
P1-1486-0528,1486,Watermelon_16,Fruit and vegetable,2024-05-28,37.69,2024-05-30,37.69,0.0
P1-1486-0529,1486,Watermelon_16,Fruit and vegetable,2024-05-29,95.47,2024-05-31,95.47,0.0
P1-1486-0530,1486,Watermelon_16,Fruit and vegetable,2024-05-30,32.55,2024-06-01,32.55,0.0
P1-1486-0531,1486,Watermelon_16,Fruit and vegetable,2024-05-31,53.29,2024-06-02,53.29,0.0
P1-1486-0601,1486,Watermelon_16,Fruit and vegetable,2024-06-01,67.32,2024-06-03,65.07,
P1-1486-0602,1486,Watermelon_16,Fruit and vegetable,2024-06-02,23.75,2024-06-04,0.0,
P1-1487-0301,1487,Salmon_10,Meat and fish,2024-03-01,38.63,2024-03-04,38.63,0.0
P1-1487-0302,1487,Salmon_10,Meat and fish,2024-03-02,56.6,2024-03-05,56.6,0.0
P1-1487-0303,1487,Salmon_10,Meat and fish,2024-03-03,54.89,2024-03-06,54.89,0.0
P1-1487-0304,1487,Salmon_10,Meat and fish,2024-03-04,51.87,2024-03-07,51.87,0.0
P1-1487-0305,1487,Salmon_10,Meat and fish,2024-03-05,69.37,2024-03-08,69.37,0.0
P1-1487-0306,1487,Salmon_10,Meat and fish,2024-03-06,53.42,2024-03-09,53.42,0.0
P1-1487-0307,1487,Salmon_10,Meat and fish,2024-03-07,58.76,2024-03-10,58.76,0.0
P1-1487-0308,1487,Salmon_10,Meat and fish,2024-03-08,84.36,2024-03-11,84.36,0.0
P1-1487-0309,1487,Salmon_10,Meat and fish,2024-03-09,75.55,2024-03-12,75.55,0.0
P1-1487-0310,1487,Salmon_10,Meat and fish,2024-03-10,78.2,2024-03-13,78.2,0.0
P1-1487-0311,1487,Salmon_10,Meat and fish,2024-03-11,78.49,2024-03-14,78.49,0.0
P1-1487-0312,1487,Salmon_10,Meat and fish,2024-03-12,57.87,2024-03-15,57.87,0.0
P1-1487-0313,1487,Salmon_10,Meat and fish,2024-03-13,28.3,2024-03-16,28.3,0.0
P1-1487-0314,1487,Salmon_10,Meat and fish,2024-03-14,76.31,2024-03-17,76.31,0.0
P1-1487-0315,1487,Salmon_10,Meat and fish,2024-03-15,58.5,2024-03-18,58.5,0.0
P1-1487-0316,1487,Salmon_10,Meat and fish,2024-03-16,46.41,2024-03-19,46.41,0.0
P1-1487-0317,1487,Salmon_10,Meat and fish,2024-03-17,77.14,2024-03-20,77.14,0.0
P1-1487-0318,1487,Salmon_10,Meat and fish,2024-03-18,22.51,2024-03-21,22.51,0.0
P1-1487-0319,1487,Salmon_10,Meat and fish,2024-03-19,69.26,2024-03-22,69.26,0.0
P1-1487-0320,1487,Salmon_10,Meat and fish,2024-03-20,46.36,2024-03-23,46.36,0.0
P1-1487-0321,1487,Salmon_10,Meat and fish,2024-03-21,39.4,2024-03-24,39.4,0.0
P1-1487-0322,1487,Salmon_10,Meat and fish,2024-03-22,69.76,2024-03-25,69.76,0.0
P1-1487-0323,1487,Salmon_10,Meat and fish,2024-03-23,52.81,2024-03-26,52.81,0.0
P1-1487-0324,1487,Salmon_10,Meat and fish,2024-03-24,75.93,2024-03-27,75.93,0.0
P1-1487-0325,1487,Salmon_10,Meat and fish,2024-03-25,75.14,2024-03-28,75.14,0.0
P1-1487-0326,1487,Salmon_10,Meat and fish,2024-03-26,37.39,2024-03-29,37.39,0.0
P1-1487-0327,1487,Salmon_10,Meat and fish,2024-03-27,21.16,2024-03-30,21.16,0.0
P1-1487-0328,1487,Salmon_10,Meat and fish,2024-03-28,107.55,2024-03-31,107.55,0.0
P1-1487-0329,1487,Salmon_10,Meat and fish,2024-03-29,96.85,2024-04-01,96.85,0.0
P1-1487-0330,1487,Salmon_10,Meat and fish,2024-03-30,121.29,2024-04-02,121.29,0.0
P1-1487-0331,1487,Salmon_10,Meat and fish,2024-03-31,22.4,2024-04-03,22.4,0.0
P1-1487-0401,1487,Salmon_10,Meat and fish,2024-04-01,29.85,2024-04-04,29.85,0.0
P1-1487-0402,1487,Salmon_10,Meat and fish,2024-04-02,19.47,2024-04-05,19.47,0.0
P1-1487-0403,1487,Salmon_10,Meat and fish,2024-04-03,42.76,2024-04-06,42.76,0.0
P1-1487-0404,1487,Salmon_10,Meat and fish,2024-04-04,145.08,2024-04-07,145.08,0.0
P1-1487-0407,1487,Salmon_10,Meat and fish,2024-04-07,4.15,2024-04-10,4.15,0.0
P1-1487-0408,1487,Salmon_10,Meat and fish,2024-04-08,56.88,2024-04-11,56.88,0.0
P1-1487-0409,1487,Salmon_10,Meat and fish,2024-04-09,50.39,2024-04-12,50.39,0.0
P1-1487-0410,1487,Salmon_10,Meat and fish,2024-04-10,45.3,2024-04-13,45.3,0.0
P1-1487-0411,1487,Salmon_10,Meat and fish,2024-04-11,54.54,2024-04-14,54.54,0.0
P1-1487-0412,1487,Salmon_10,Meat and fish,2024-04-12,57.88,2024-04-15,57.88,0.0
P1-1487-0413,1487,Salmon_10,Meat and fish,2024-04-13,47.24,2024-04-16,47.24,0.0
P1-1487-0414,1487,Salmon_10,Meat and fish,2024-04-14,49.95,2024-04-17,49.95,0.0
P1-1487-0415,1487,Salmon_10,Meat and fish,2024-04-15,56.71,2024-04-18,56.71,0.0
P1-1487-0416,1487,Salmon_10,Meat and fish,2024-04-16,36.05,2024-04-19,36.05,0.0
P1-1487-0417,1487,Salmon_10,Meat and fish,2024-04-17,51.19,2024-04-20,51.19,0.0
P1-1487-0418,1487,Salmon_10,Meat and fish,2024-04-18,69.1,2024-04-21,69.1,0.0
P1-1487-0419,1487,Salmon_10,Meat and fish,2024-04-19,52.74,2024-04-22,52.74,0.0
P1-1487-0420,1487,Salmon_10,Meat and fish,2024-04-20,61.23,2024-04-23,61.23,0.0
P1-1487-0421,1487,Salmon_10,Meat and fish,2024-04-21,57.56,2024-04-24,57.56,0.0
P1-1487-0422,1487,Salmon_10,Meat and fish,2024-04-22,37.23,2024-04-25,37.23,0.0
P1-1487-0423,1487,Salmon_10,Meat and fish,2024-04-23,53.02,2024-04-26,53.02,0.0
P1-1487-0424,1487,Salmon_10,Meat and fish,2024-04-24,58.39,2024-04-27,58.39,0.0
P1-1487-0425,1487,Salmon_10,Meat and fish,2024-04-25,66.92,2024-04-28,66.92,0.0
P1-1487-0426,1487,Salmon_10,Meat and fish,2024-04-26,68.42,2024-04-29,68.42,0.0
P1-1487-0427,1487,Salmon_10,Meat and fish,2024-04-27,31.7,2024-04-30,31.7,0.0
P1-1487-0428,1487,Salmon_10,Meat and fish,2024-04-28,36.25,2024-05-01,36.25,0.0
P1-1487-0429,1487,Salmon_10,Meat and fish,2024-04-29,23.15,2024-05-02,23.15,0.0
P1-1487-0430,1487,Salmon_10,Meat and fish,2024-04-30,72.47,2024-05-03,72.47,0.0
P1-1487-0501,1487,Salmon_10,Meat and fish,2024-05-01,54.92,2024-05-04,54.92,0.0
P1-1487-0502,1487,Salmon_10,Meat and fish,2024-05-02,22.57,2024-05-05,22.57,0.0
P1-1487-0503,1487,Salmon_10,Meat and fish,2024-05-03,140.44,2024-05-06,140.44,0.0
P1-1487-0504,1487,Salmon_10,Meat and fish,2024-05-04,103.12,2024-05-07,52.4,50.72
P1-1487-0505,1487,Salmon_10,Meat and fish,2024-05-05,15.19,2024-05-08,0.0,15.19
P1-1487-0510,1487,Salmon_10,Meat and fish,2024-05-10,108.03,2024-05-13,108.03,0.0
P1-1487-0511,1487,Salmon_10,Meat and fish,2024-05-11,66.91,2024-05-14,66.91,0.0
P1-1487-0512,1487,Salmon_10,Meat and fish,2024-05-12,53.89,2024-05-15,53.89,0.0
P1-1487-0513,1487,Salmon_10,Meat and fish,2024-05-13,62.44,2024-05-16,62.44,0.0
P1-1487-0514,1487,Salmon_10,Meat and fish,2024-05-14,164.6,2024-05-17,164.6,0.0
P1-1487-0516,1487,Salmon_10,Meat and fish,2024-05-16,23.13,2024-05-19,20.32,2.82
P1-1487-0521,1487,Salmon_10,Meat and fish,2024-05-21,96.92,2024-05-24,96.92,0.0
P1-1487-0522,1487,Salmon_10,Meat and fish,2024-05-22,35.57,2024-05-25,35.57,0.0
P1-1487-0523,1487,Salmon_10,Meat and fish,2024-05-23,80.27,2024-05-26,80.27,0.0
P1-1487-0524,1487,Salmon_10,Meat and fish,2024-05-24,57.19,2024-05-27,57.19,0.0
P1-1487-0525,1487,Salmon_10,Meat and fish,2024-05-25,98.14,2024-05-28,98.14,0.0
P1-1487-0526,1487,Salmon_10,Meat and fish,2024-05-26,40.45,2024-05-29,40.45,0.0
P1-1487-0528,1487,Salmon_10,Meat and fish,2024-05-28,46.16,2024-05-31,46.16,0.0
P1-1487-0529,1487,Salmon_10,Meat and fish,2024-05-29,79.61,2024-06-01,79.61,0.0
P1-1487-0530,1487,Salmon_10,Meat and fish,2024-05-30,105.51,2024-06-02,105.51,0.0
P1-1487-0531,1487,Salmon_10,Meat and fish,2024-05-31,175.2,2024-06-03,175.2,0.0
P1-1487-0601,1487,Salmon_10,Meat and fish,2024-06-01,110.44,2024-06-04,110.44,0.0
P1-1513-0301,1513,Salad_33,Fruit and vegetable,2024-03-01,43.07,2024-03-03,43.07,0.0
P1-1513-0302,1513,Salad_33,Fruit and vegetable,2024-03-02,43.07,2024-03-04,43.07,0.0
P1-1513-0303,1513,Salad_33,Fruit and vegetable,2024-03-03,52.9,2024-03-05,52.9,0.0
P1-1513-0304,1513,Salad_33,Fruit and vegetable,2024-03-04,53.1,2024-03-06,53.1,0.0
P1-1513-0305,1513,Salad_33,Fruit and vegetable,2024-03-05,53.55,2024-03-07,53.55,0.0
P1-1513-0306,1513,Salad_33,Fruit and vegetable,2024-03-06,51.84,2024-03-08,51.84,0.0
P1-1513-0307,1513,Salad_33,Fruit and vegetable,2024-03-07,52.2,2024-03-09,52.2,0.0
P1-1513-0308,1513,Salad_33,Fruit and vegetable,2024-03-08,72.31,2024-03-10,72.31,0.0
P1-1513-0309,1513,Salad_33,Fruit and vegetable,2024-03-09,54.55,2024-03-11,54.55,0.0
P1-1513-0310,1513,Salad_33,Fruit and vegetable,2024-03-10,60.81,2024-03-12,60.81,0.0
P1-1513-0311,1513,Salad_33,Fruit and vegetable,2024-03-11,58.47,2024-03-13,58.47,0.0
P1-1513-0312,1513,Salad_33,Fruit and vegetable,2024-03-12,40.08,2024-03-14,40.08,0.0
P1-1513-0313,1513,Salad_33,Fruit and vegetable,2024-03-13,35.27,2024-03-15,35.27,0.0
P1-1513-0314,1513,Salad_33,Fruit and vegetable,2024-03-14,78.1,2024-03-16,78.1,0.0
P1-1513-0315,1513,Salad_33,Fruit and vegetable,2024-03-15,88.0,2024-03-17,88.0,0.0
P1-1513-0316,1513,Salad_33,Fruit and vegetable,2024-03-16,25.25,2024-03-18,25.25,0.0
P1-1513-0317,1513,Salad_33,Fruit and vegetable,2024-03-17,80.54,2024-03-19,80.54,0.0
P1-1513-0318,1513,Salad_33,Fruit and vegetable,2024-03-18,33.66,2024-03-20,33.66,0.0
P1-1513-0319,1513,Salad_33,Fruit and vegetable,2024-03-19,60.13,2024-03-21,60.13,0.0
P1-1513-0320,1513,Salad_33,Fruit and vegetable,2024-03-20,53.79,2024-03-22,53.79,0.0
P1-1513-0321,1513,Salad_33,Fruit and vegetable,2024-03-21,57.11,2024-03-23,57.11,0.0
P1-1513-0322,1513,Salad_33,Fruit and vegetable,2024-03-22,21.87,2024-03-24,21.87,0.0
P1-1513-0323,1513,Salad_33,Fruit and vegetable,2024-03-23,61.67,2024-03-25,61.67,0.0
P1-1513-0324,1513,Salad_33,Fruit and vegetable,2024-03-24,65.8,2024-03-26,65.8,0.0
P1-1513-0325,1513,Salad_33,Fruit and vegetable,2024-03-25,64.12,2024-03-27,64.12,0.0
P1-1513-0326,1513,Salad_33,Fruit and vegetable,2024-03-26,43.55,2024-03-28,43.55,0.0
P1-1513-0327,1513,Salad_33,Fruit and vegetable,2024-03-27,66.68,2024-03-29,66.68,0.0
P1-1513-0328,1513,Salad_33,Fruit and vegetable,2024-03-28,78.24,2024-03-30,78.24,0.0
P1-1513-0329,1513,Salad_33,Fruit and vegetable,2024-03-29,57.14,2024-03-31,57.14,0.0
P1-1513-0330,1513,Salad_33,Fruit and vegetable,2024-03-30,72.4,2024-04-01,72.4,0.0
P1-1513-0331,1513,Salad_33,Fruit and vegetable,2024-03-31,39.95,2024-04-02,39.95,0.0
P1-1513-0401,1513,Salad_33,Fruit and vegetable,2024-04-01,15.89,2024-04-03,15.89,0.0
P1-1513-0402,1513,Salad_33,Fruit and vegetable,2024-04-02,71.32,2024-04-04,71.32,0.0
P1-1513-0403,1513,Salad_33,Fruit and vegetable,2024-04-03,51.67,2024-04-05,51.67,0.0
P1-1513-0404,1513,Salad_33,Fruit and vegetable,2024-04-04,52.8,2024-04-06,52.8,0.0
P1-1513-0405,1513,Salad_33,Fruit and vegetable,2024-04-05,24.6,2024-04-07,24.6,0.0
P1-1513-0406,1513,Salad_33,Fruit and vegetable,2024-04-06,58.77,2024-04-08,58.77,0.0
P1-1513-0407,1513,Salad_33,Fruit and vegetable,2024-04-07,76.59,2024-04-09,76.59,0.0
P1-1513-0408,1513,Salad_33,Fruit and vegetable,2024-04-08,79.88,2024-04-10,79.88,0.0
P1-1513-0409,1513,Salad_33,Fruit and vegetable,2024-04-09,38.82,2024-04-11,38.82,0.0
P1-1513-0410,1513,Salad_33,Fruit and vegetable,2024-04-10,59.44,2024-04-12,59.44,0.0
P1-1513-0411,1513,Salad_33,Fruit and vegetable,2024-04-11,78.38,2024-04-13,78.38,0.0
P1-1513-0412,1513,Salad_33,Fruit and vegetable,2024-04-12,104.84,2024-04-14,104.84,0.0
P1-1513-0413,1513,Salad_33,Fruit and vegetable,2024-04-13,82.85,2024-04-15,82.85,0.0
P1-1513-0414,1513,Salad_33,Fruit and vegetable,2024-04-14,79.63,2024-04-16,79.63,0.0
P1-1513-0415,1513,Salad_33,Fruit and vegetable,2024-04-15,43.23,2024-04-17,43.23,0.0
P1-1513-0416,1513,Salad_33,Fruit and vegetable,2024-04-16,92.75,2024-04-18,92.75,0.0
P1-1513-0417,1513,Salad_33,Fruit and vegetable,2024-04-17,35.89,2024-04-19,35.89,0.0
P1-1513-0418,1513,Salad_33,Fruit and vegetable,2024-04-18,65.81,2024-04-20,65.81,0.0
P1-1513-0419,1513,Salad_33,Fruit and vegetable,2024-04-19,80.35,2024-04-21,80.35,0.0
P1-1513-0420,1513,Salad_33,Fruit and vegetable,2024-04-20,28.99,2024-04-22,28.99,0.0
P1-1513-0421,1513,Salad_33,Fruit and vegetable,2024-04-21,46.57,2024-04-23,46.57,0.0
P1-1513-0422,1513,Salad_33,Fruit and vegetable,2024-04-22,96.91,2024-04-24,96.91,0.0
P1-1513-0423,1513,Salad_33,Fruit and vegetable,2024-04-23,32.38,2024-04-25,32.38,0.0
P1-1513-0424,1513,Salad_33,Fruit and vegetable,2024-04-24,37.55,2024-04-26,37.55,0.0
P1-1513-0425,1513,Salad_33,Fruit and vegetable,2024-04-25,63.1,2024-04-27,63.1,0.0
P1-1513-0426,1513,Salad_33,Fruit and vegetable,2024-04-26,84.98,2024-04-28,84.98,0.0
P1-1513-0427,1513,Salad_33,Fruit and vegetable,2024-04-27,50.89,2024-04-29,50.89,0.0
P1-1513-0428,1513,Salad_33,Fruit and vegetable,2024-04-28,86.17,2024-04-30,86.17,0.0
P1-1513-0429,1513,Salad_33,Fruit and vegetable,2024-04-29,76.45,2024-05-01,76.45,0.0
P1-1513-0430,1513,Salad_33,Fruit and vegetable,2024-04-30,23.13,2024-05-02,23.13,0.0
P1-1513-0501,1513,Salad_33,Fruit and vegetable,2024-05-01,70.14,2024-05-03,70.14,0.0
P1-1513-0502,1513,Salad_33,Fruit and vegetable,2024-05-02,63.97,2024-05-04,63.97,0.0
P1-1513-0503,1513,Salad_33,Fruit and vegetable,2024-05-03,91.18,2024-05-05,91.18,0.0
P1-1513-0504,1513,Salad_33,Fruit and vegetable,2024-05-04,62.35,2024-05-06,62.35,0.0
P1-1513-0505,1513,Salad_33,Fruit and vegetable,2024-05-05,78.93,2024-05-07,78.93,0.0
P1-1513-0506,1513,Salad_33,Fruit and vegetable,2024-05-06,36.52,2024-05-08,36.52,0.0
P1-1513-0507,1513,Salad_33,Fruit and vegetable,2024-05-07,65.23,2024-05-09,65.23,0.0
P1-1513-0508,1513,Salad_33,Fruit and vegetable,2024-05-08,78.31,2024-05-10,78.31,0.0
P1-1513-0509,1513,Salad_33,Fruit and vegetable,2024-05-09,56.77,2024-05-11,56.77,0.0
P1-1513-0510,1513,Salad_33,Fruit and vegetable,2024-05-10,73.21,2024-05-12,73.21,0.0
P1-1513-0511,1513,Salad_33,Fruit and vegetable,2024-05-11,33.57,2024-05-13,33.57,0.0
P1-1513-0512,1513,Salad_33,Fruit and vegetable,2024-05-12,70.6,2024-05-14,70.6,0.0
P1-1513-0513,1513,Salad_33,Fruit and vegetable,2024-05-13,59.72,2024-05-15,59.72,0.0
P1-1513-0514,1513,Salad_33,Fruit and vegetable,2024-05-14,100.21,2024-05-16,100.21,0.0
P1-1513-0515,1513,Salad_33,Fruit and vegetable,2024-05-15,36.67,2024-05-17,36.67,0.0
P1-1513-0516,1513,Salad_33,Fruit and vegetable,2024-05-16,77.74,2024-05-18,77.74,0.0
P1-1513-0517,1513,Salad_33,Fruit and vegetable,2024-05-17,77.23,2024-05-19,77.23,0.0
P1-1513-0518,1513,Salad_33,Fruit and vegetable,2024-05-18,69.97,2024-05-20,69.97,0.0
P1-1513-0519,1513,Salad_33,Fruit and vegetable,2024-05-19,54.48,2024-05-21,54.48,0.0
P1-1513-0520,1513,Salad_33,Fruit and vegetable,2024-05-20,56.74,2024-05-22,56.74,0.0
P1-1513-0521,1513,Salad_33,Fruit and vegetable,2024-05-21,43.13,2024-05-23,43.13,0.0
P1-1513-0522,1513,Salad_33,Fruit and vegetable,2024-05-22,56.02,2024-05-24,56.02,0.0
P1-1513-0523,1513,Salad_33,Fruit and vegetable,2024-05-23,45.98,2024-05-25,45.98,0.0
P1-1513-0524,1513,Salad_33,Fruit and vegetable,2024-05-24,30.42,2024-05-26,30.42,0.0
P1-1513-0525,1513,Salad_33,Fruit and vegetable,2024-05-25,21.42,2024-05-27,21.42,0.0
P1-1513-0526,1513,Salad_33,Fruit and vegetable,2024-05-26,63.23,2024-05-28,63.23,0.0
P1-1513-0527,1513,Salad_33,Fruit and vegetable,2024-05-27,68.73,2024-05-29,68.73,0.0
P1-1513-0528,1513,Salad_33,Fruit and vegetable,2024-05-28,40.4,2024-05-30,40.4,0.0
P1-1513-0529,1513,Salad_33,Fruit and vegetable,2024-05-29,59.63,2024-05-31,59.63,0.0
P1-1513-0530,1513,Salad_33,Fruit and vegetable,2024-05-30,64.36,2024-06-01,64.36,0.0
P1-1513-0531,1513,Salad_33,Fruit and vegetable,2024-05-31,64.55,2024-06-02,64.55,0.0
P1-1513-0601,1513,Salad_33,Fruit and vegetable,2024-06-01,51.79,2024-06-03,51.79,0.0
P1-1513-0602,1513,Salad_33,Fruit and vegetable,2024-06-02,56.09,2024-06-04,34.2,
P1-1517-0301,1517,Shallot_1,Fruit and vegetable,2024-03-01,56.85,2024-03-03,56.85,0.0
P1-1517-0302,1517,Shallot_1,Fruit and vegetable,2024-03-02,56.85,2024-03-04,56.85,0.0
P1-1517-0303,1517,Shallot_1,Fruit and vegetable,2024-03-03,55.32,2024-03-05,55.32,0.0
P1-1517-0304,1517,Shallot_1,Fruit and vegetable,2024-03-04,30.74,2024-03-06,30.74,0.0
P1-1517-0305,1517,Shallot_1,Fruit and vegetable,2024-03-05,27.78,2024-03-07,27.78,0.0
P1-1517-0306,1517,Shallot_1,Fruit and vegetable,2024-03-06,27.01,2024-03-08,27.01,0.0
P1-1517-0307,1517,Shallot_1,Fruit and vegetable,2024-03-07,30.43,2024-03-09,30.43,0.0
P1-1517-0308,1517,Shallot_1,Fruit and vegetable,2024-03-08,40.74,2024-03-10,40.74,0.0
P1-1517-0309,1517,Shallot_1,Fruit and vegetable,2024-03-09,14.58,2024-03-11,14.58,0.0
P1-1517-0310,1517,Shallot_1,Fruit and vegetable,2024-03-10,28.98,2024-03-12,28.98,0.0
P1-1517-0311,1517,Shallot_1,Fruit and vegetable,2024-03-11,37.14,2024-03-13,37.14,0.0
P1-1517-0312,1517,Shallot_1,Fruit and vegetable,2024-03-12,30.85,2024-03-14,30.85,0.0
P1-1517-0313,1517,Shallot_1,Fruit and vegetable,2024-03-13,38.65,2024-03-15,38.65,0.0
P1-1517-0314,1517,Shallot_1,Fruit and vegetable,2024-03-14,45.18,2024-03-16,45.18,0.0
P1-1517-0315,1517,Shallot_1,Fruit and vegetable,2024-03-15,47.58,2024-03-17,47.58,0.0
P1-1517-0316,1517,Shallot_1,Fruit and vegetable,2024-03-16,42.88,2024-03-18,42.88,0.0
P1-1517-0317,1517,Shallot_1,Fruit and vegetable,2024-03-17,33.34,2024-03-19,33.34,0.0
P1-1517-0318,1517,Shallot_1,Fruit and vegetable,2024-03-18,12.94,2024-03-20,12.94,0.0
P1-1517-0319,1517,Shallot_1,Fruit and vegetable,2024-03-19,35.29,2024-03-21,35.29,0.0
P1-1517-0320,1517,Shallot_1,Fruit and vegetable,2024-03-20,8.88,2024-03-22,8.88,0.0
P1-1517-0321,1517,Shallot_1,Fruit and vegetable,2024-03-21,50.7,2024-03-23,50.7,0.0
P1-1517-0322,1517,Shallot_1,Fruit and vegetable,2024-03-22,14.94,2024-03-24,14.94,0.0
P1-1517-0323,1517,Shallot_1,Fruit and vegetable,2024-03-23,18.6,2024-03-25,18.6,0.0
P1-1517-0324,1517,Shallot_1,Fruit and vegetable,2024-03-24,41.85,2024-03-26,41.85,0.0
P1-1517-0325,1517,Shallot_1,Fruit and vegetable,2024-03-25,34.21,2024-03-27,34.21,0.0
P1-1517-0326,1517,Shallot_1,Fruit and vegetable,2024-03-26,32.26,2024-03-28,32.26,0.0
P1-1517-0327,1517,Shallot_1,Fruit and vegetable,2024-03-27,54.71,2024-03-29,54.71,0.0
P1-1517-0328,1517,Shallot_1,Fruit and vegetable,2024-03-28,78.65,2024-03-30,78.65,0.0
P1-1517-0329,1517,Shallot_1,Fruit and vegetable,2024-03-29,59.58,2024-03-31,59.58,0.0
P1-1517-0330,1517,Shallot_1,Fruit and vegetable,2024-03-30,41.02,2024-04-01,41.02,0.0
P1-1517-0331,1517,Shallot_1,Fruit and vegetable,2024-03-31,27.13,2024-04-02,27.13,0.0
P1-1517-0401,1517,Shallot_1,Fruit and vegetable,2024-04-01,27.31,2024-04-03,27.31,0.0
P1-1517-0402,1517,Shallot_1,Fruit and vegetable,2024-04-02,46.49,2024-04-04,46.49,0.0
P1-1517-0403,1517,Shallot_1,Fruit and vegetable,2024-04-03,48.69,2024-04-05,48.69,0.0
P1-1517-0404,1517,Shallot_1,Fruit and vegetable,2024-04-04,46.3,2024-04-06,46.12,0.18
P1-1517-0406,1517,Shallot_1,Fruit and vegetable,2024-04-06,0.24,2024-04-08,0.24,0.0
P1-1517-0407,1517,Shallot_1,Fruit and vegetable,2024-04-07,50.14,2024-04-09,50.14,0.0
P1-1517-0408,1517,Shallot_1,Fruit and vegetable,2024-04-08,27.31,2024-04-10,27.31,0.0
P1-1517-0409,1517,Shallot_1,Fruit and vegetable,2024-04-09,12.91,2024-04-11,12.91,0.0
P1-1517-0410,1517,Shallot_1,Fruit and vegetable,2024-04-10,8.41,2024-04-12,8.41,0.0
P1-1517-0411,1517,Shallot_1,Fruit and vegetable,2024-04-11,41.45,2024-04-13,41.45,0.0
P1-1517-0412,1517,Shallot_1,Fruit and vegetable,2024-04-12,12.18,2024-04-14,12.18,0.0
P1-1517-0413,1517,Shallot_1,Fruit and vegetable,2024-04-13,28.59,2024-04-15,28.59,0.0
P1-1517-0414,1517,Shallot_1,Fruit and vegetable,2024-04-14,28.2,2024-04-16,28.2,0.0
P1-1517-0415,1517,Shallot_1,Fruit and vegetable,2024-04-15,15.63,2024-04-17,15.63,0.0
P1-1517-0416,1517,Shallot_1,Fruit and vegetable,2024-04-16,24.39,2024-04-18,24.39,0.0
P1-1517-0417,1517,Shallot_1,Fruit and vegetable,2024-04-17,30.06,2024-04-19,30.06,0.0
P1-1517-0418,1517,Shallot_1,Fruit and vegetable,2024-04-18,24.34,2024-04-20,24.34,0.0
P1-1517-0419,1517,Shallot_1,Fruit and vegetable,2024-04-19,49.06,2024-04-21,49.06,0.0
P1-1517-0420,1517,Shallot_1,Fruit and vegetable,2024-04-20,40.65,2024-04-22,40.65,0.0
P1-1517-0421,1517,Shallot_1,Fruit and vegetable,2024-04-21,38.41,2024-04-23,38.41,0.0
P1-1517-0422,1517,Shallot_1,Fruit and vegetable,2024-04-22,33.24,2024-04-24,33.24,0.0
P1-1517-0423,1517,Shallot_1,Fruit and vegetable,2024-04-23,36.09,2024-04-25,36.09,0.0
P1-1517-0424,1517,Shallot_1,Fruit and vegetable,2024-04-24,11.77,2024-04-26,11.77,0.0
P1-1517-0425,1517,Shallot_1,Fruit and vegetable,2024-04-25,41.34,2024-04-27,41.34,0.0
P1-1517-0426,1517,Shallot_1,Fruit and vegetable,2024-04-26,60.86,2024-04-28,60.86,0.0
P1-1517-0427,1517,Shallot_1,Fruit and vegetable,2024-04-27,11.06,2024-04-29,11.06,0.0
P1-1517-0428,1517,Shallot_1,Fruit and vegetable,2024-04-28,48.38,2024-04-30,48.38,0.0
P1-1517-0430,1517,Shallot_1,Fruit and vegetable,2024-04-30,28.79,2024-05-02,28.79,0.0
P1-1517-0501,1517,Shallot_1,Fruit and vegetable,2024-05-01,44.7,2024-05-03,44.7,0.0
P1-1517-0502,1517,Shallot_1,Fruit and vegetable,2024-05-02,29.0,2024-05-04,29.0,0.0
P1-1517-0503,1517,Shallot_1,Fruit and vegetable,2024-05-03,41.42,2024-05-05,41.42,0.0
P1-1517-0504,1517,Shallot_1,Fruit and vegetable,2024-05-04,42.43,2024-05-06,42.43,0.0
P1-1517-0505,1517,Shallot_1,Fruit and vegetable,2024-05-05,24.38,2024-05-07,24.38,0.0
P1-1517-0506,1517,Shallot_1,Fruit and vegetable,2024-05-06,33.13,2024-05-08,33.13,0.0
P1-1517-0507,1517,Shallot_1,Fruit and vegetable,2024-05-07,22.2,2024-05-09,22.2,0.0
P1-1517-0508,1517,Shallot_1,Fruit and vegetable,2024-05-08,39.75,2024-05-10,39.75,0.0
P1-1517-0509,1517,Shallot_1,Fruit and vegetable,2024-05-09,29.02,2024-05-11,29.02,0.0
P1-1517-0510,1517,Shallot_1,Fruit and vegetable,2024-05-10,58.78,2024-05-12,58.78,0.0
P1-1517-0511,1517,Shallot_1,Fruit and vegetable,2024-05-11,22.93,2024-05-13,22.93,0.0
P1-1517-0512,1517,Shallot_1,Fruit and vegetable,2024-05-12,10.71,2024-05-14,10.71,0.0
P1-1517-0513,1517,Shallot_1,Fruit and vegetable,2024-05-13,22.49,2024-05-15,22.49,0.0
P1-1517-0514,1517,Shallot_1,Fruit and vegetable,2024-05-14,40.07,2024-05-16,40.07,0.0
P1-1517-0515,1517,Shallot_1,Fruit and vegetable,2024-05-15,18.25,2024-05-17,18.25,0.0
P1-1517-0516,1517,Shallot_1,Fruit and vegetable,2024-05-16,24.5,2024-05-18,24.5,0.0
P1-1517-0517,1517,Shallot_1,Fruit and vegetable,2024-05-17,22.36,2024-05-19,22.36,0.0
P1-1517-0518,1517,Shallot_1,Fruit and vegetable,2024-05-18,20.7,2024-05-20,20.7,0.0
P1-1517-0519,1517,Shallot_1,Fruit and vegetable,2024-05-19,37.03,2024-05-21,37.03,0.0
P1-1517-0520,1517,Shallot_1,Fruit and vegetable,2024-05-20,68.44,2024-05-22,68.44,0.0
P1-1517-0521,1517,Shallot_1,Fruit and vegetable,2024-05-21,42.44,2024-05-23,42.44,0.0
P1-1517-0522,1517,Shallot_1,Fruit and vegetable,2024-05-22,44.0,2024-05-24,44.0,0.0
P1-1517-0523,1517,Shallot_1,Fruit and vegetable,2024-05-23,47.44,2024-05-25,47.44,0.0
P1-1517-0524,1517,Shallot_1,Fruit and vegetable,2024-05-24,97.68,2024-05-26,97.68,0.0
P1-1517-0527,1517,Shallot_1,Fruit and vegetable,2024-05-27,61.28,2024-05-29,61.28,0.0
P1-1517-0528,1517,Shallot_1,Fruit and vegetable,2024-05-28,45.42,2024-05-30,45.42,0.0
P1-1517-0529,1517,Shallot_1,Fruit and vegetable,2024-05-29,72.22,2024-05-31,72.22,0.0
P1-1517-0531,1517,Shallot_1,Fruit and vegetable,2024-05-31,25.9,2024-06-02,25.9,0.0
P1-1517-0601,1517,Shallot_1,Fruit and vegetable,2024-06-01,73.71,2024-06-03,73.71,0.0
P1-1517-0602,1517,Shallot_1,Fruit and vegetable,2024-06-02,107.16,2024-06-04,9.02,
P1-152-0301,152,Donut_1,Bakery,2024-03-01,166.67,2024-03-02,166.67,0.0
P1-152-0302,152,Donut_1,Bakery,2024-03-02,166.67,2024-03-03,166.67,0.0
P1-152-0303,152,Donut_1,Bakery,2024-03-03,163.63,2024-03-04,163.63,0.0
P1-152-0304,152,Donut_1,Bakery,2024-03-04,178.46,2024-03-05,178.46,0.0
P1-152-0305,152,Donut_1,Bakery,2024-03-05,129.87,2024-03-06,129.87,0.0
P1-152-0306,152,Donut_1,Bakery,2024-03-06,143.52,2024-03-07,143.52,0.0
P1-152-0307,152,Donut_1,Bakery,2024-03-07,131.13,2024-03-08,131.13,0.0
P1-152-0308,152,Donut_1,Bakery,2024-03-08,107.56,2024-03-09,107.56,0.0
P1-152-0309,152,Donut_1,Bakery,2024-03-09,123.95,2024-03-10,123.95,0.0
P1-152-0310,152,Donut_1,Bakery,2024-03-10,213.66,2024-03-11,188.26,25.4
P1-152-0311,152,Donut_1,Bakery,2024-03-11,59.52,2024-03-12,59.52,0.0
P1-152-0312,152,Donut_1,Bakery,2024-03-12,131.69,2024-03-13,131.69,0.0
P1-152-0313,152,Donut_1,Bakery,2024-03-13,94.94,2024-03-14,94.94,0.0
P1-152-0314,152,Donut_1,Bakery,2024-03-14,103.66,2024-03-15,103.66,0.0
P1-152-0315,152,Donut_1,Bakery,2024-03-15,146.88,2024-03-16,146.88,0.0
P1-152-0316,152,Donut_1,Bakery,2024-03-16,153.75,2024-03-17,153.75,0.0
P1-152-0317,152,Donut_1,Bakery,2024-03-17,144.71,2024-03-18,144.71,0.0
P1-152-0318,152,Donut_1,Bakery,2024-03-18,53.49,2024-03-19,53.49,0.0
P1-152-0319,152,Donut_1,Bakery,2024-03-19,112.71,2024-03-20,112.71,0.0
P1-152-0320,152,Donut_1,Bakery,2024-03-20,119.12,2024-03-21,119.12,0.0
P1-152-0321,152,Donut_1,Bakery,2024-03-21,135.26,2024-03-22,135.26,0.0
P1-152-0322,152,Donut_1,Bakery,2024-03-22,119.32,2024-03-23,119.32,0.0
P1-152-0323,152,Donut_1,Bakery,2024-03-23,244.28,2024-03-24,211.93,32.35
P1-152-0324,152,Donut_1,Bakery,2024-03-24,7.73,2024-03-25,7.73,0.0
P1-152-0325,152,Donut_1,Bakery,2024-03-25,115.43,2024-03-26,115.43,0.0
P1-152-0326,152,Donut_1,Bakery,2024-03-26,119.4,2024-03-27,119.4,0.0
P1-152-0327,152,Donut_1,Bakery,2024-03-27,179.38,2024-03-28,174.53,4.84
P1-152-0328,152,Donut_1,Bakery,2024-03-28,9.83,2024-03-29,9.83,0.0
P1-152-0329,152,Donut_1,Bakery,2024-03-29,192.04,2024-03-30,137.0,55.04
P1-152-0330,152,Donut_1,Bakery,2024-03-30,20.12,2024-03-31,20.12,0.0
P1-152-0331,152,Donut_1,Bakery,2024-03-31,101.47,2024-04-01,44.52,56.95
P1-152-0401,152,Donut_1,Bakery,2024-04-01,47.33,2024-04-02,47.33,0.0
P1-152-0402,152,Donut_1,Bakery,2024-04-02,110.22,2024-04-03,110.22,0.0
P1-152-0403,152,Donut_1,Bakery,2024-04-03,144.51,2024-04-04,144.51,0.0
P1-152-0404,152,Donut_1,Bakery,2024-04-04,122.88,2024-04-05,122.88,0.0
P1-152-0405,152,Donut_1,Bakery,2024-04-05,56.07,2024-04-06,56.07,0.0
P1-152-0406,152,Donut_1,Bakery,2024-04-06,139.53,2024-04-07,139.53,0.0
P1-152-0407,152,Donut_1,Bakery,2024-04-07,89.67,2024-04-08,89.67,0.0
P1-152-0408,152,Donut_1,Bakery,2024-04-08,116.73,2024-04-09,116.73,0.0
P1-152-0409,152,Donut_1,Bakery,2024-04-09,188.49,2024-04-10,188.49,0.0
P1-152-0410,152,Donut_1,Bakery,2024-04-10,100.68,2024-04-11,100.68,0.0
P1-152-0411,152,Donut_1,Bakery,2024-04-11,128.5,2024-04-12,128.5,0.0
P1-152-0412,152,Donut_1,Bakery,2024-04-12,125.73,2024-04-13,125.73,0.0
P1-152-0413,152,Donut_1,Bakery,2024-04-13,121.11,2024-04-14,121.11,0.0
P1-152-0414,152,Donut_1,Bakery,2024-04-14,161.6,2024-04-15,161.6,0.0
P1-152-0415,152,Donut_1,Bakery,2024-04-15,92.21,2024-04-16,92.21,0.0
P1-152-0416,152,Donut_1,Bakery,2024-04-16,146.59,2024-04-17,146.59,0.0
P1-152-0417,152,Donut_1,Bakery,2024-04-17,121.12,2024-04-18,121.12,0.0
P1-152-0418,152,Donut_1,Bakery,2024-04-18,104.18,2024-04-19,104.18,0.0
P1-152-0419,152,Donut_1,Bakery,2024-04-19,144.72,2024-04-20,144.72,0.0
P1-152-0420,152,Donut_1,Bakery,2024-04-20,183.68,2024-04-21,183.68,0.0
P1-152-0421,152,Donut_1,Bakery,2024-04-21,70.74,2024-04-22,70.74,0.0
P1-152-0422,152,Donut_1,Bakery,2024-04-22,123.34,2024-04-23,123.34,0.0
P1-152-0423,152,Donut_1,Bakery,2024-04-23,63.58,2024-04-24,63.58,0.0
P1-152-0424,152,Donut_1,Bakery,2024-04-24,178.99,2024-04-25,178.99,0.0
P1-152-0425,152,Donut_1,Bakery,2024-04-25,28.56,2024-04-26,28.56,0.0
P1-152-0426,152,Donut_1,Bakery,2024-04-26,184.64,2024-04-27,184.64,0.0
P1-152-0427,152,Donut_1,Bakery,2024-04-27,56.72,2024-04-28,56.72,0.0
P1-152-0428,152,Donut_1,Bakery,2024-04-28,99.25,2024-04-29,99.25,0.0
P1-152-0429,152,Donut_1,Bakery,2024-04-29,82.09,2024-04-30,82.09,0.0
P1-152-0430,152,Donut_1,Bakery,2024-04-30,153.08,2024-05-01,153.08,0.0
P1-152-0501,152,Donut_1,Bakery,2024-05-01,124.3,2024-05-02,124.3,0.0
P1-152-0502,152,Donut_1,Bakery,2024-05-02,187.3,2024-05-03,187.3,0.0
P1-152-0503,152,Donut_1,Bakery,2024-05-03,182.3,2024-05-04,182.3,0.0
P1-152-0504,152,Donut_1,Bakery,2024-05-04,222.15,2024-05-05,222.15,0.0
P1-152-0505,152,Donut_1,Bakery,2024-05-05,168.06,2024-05-06,168.06,0.0
P1-152-0506,152,Donut_1,Bakery,2024-05-06,130.04,2024-05-07,130.04,0.0
P1-152-0507,152,Donut_1,Bakery,2024-05-07,131.16,2024-05-08,131.16,0.0
P1-152-0508,152,Donut_1,Bakery,2024-05-08,149.98,2024-05-09,149.94,0.04
P1-152-0509,152,Donut_1,Bakery,2024-05-09,124.08,2024-05-10,124.08,0.0
P1-152-0510,152,Donut_1,Bakery,2024-05-10,124.9,2024-05-11,124.9,0.0
P1-152-0511,152,Donut_1,Bakery,2024-05-11,197.09,2024-05-12,197.09,0.0
P1-152-0512,152,Donut_1,Bakery,2024-05-12,65.22,2024-05-13,65.22,0.0
P1-152-0513,152,Donut_1,Bakery,2024-05-13,137.73,2024-05-14,137.73,0.0
P1-152-0514,152,Donut_1,Bakery,2024-05-14,188.68,2024-05-15,188.68,0.0
P1-152-0515,152,Donut_1,Bakery,2024-05-15,120.25,2024-05-16,120.25,0.0
P1-152-0516,152,Donut_1,Bakery,2024-05-16,179.41,2024-05-17,179.41,0.0
P1-152-0517,152,Donut_1,Bakery,2024-05-17,177.39,2024-05-18,177.39,0.0
P1-152-0518,152,Donut_1,Bakery,2024-05-18,177.23,2024-05-19,177.23,0.0
P1-152-0519,152,Donut_1,Bakery,2024-05-19,163.23,2024-05-20,163.23,0.0
P1-152-0520,152,Donut_1,Bakery,2024-05-20,166.72,2024-05-21,166.72,0.0
P1-152-0521,152,Donut_1,Bakery,2024-05-21,132.3,2024-05-22,132.3,0.0
P1-152-0522,152,Donut_1,Bakery,2024-05-22,177.82,2024-05-23,177.82,0.0
P1-152-0523,152,Donut_1,Bakery,2024-05-23,183.07,2024-05-24,183.07,0.0
P1-152-0524,152,Donut_1,Bakery,2024-05-24,178.52,2024-05-25,178.52,0.0
P1-152-0525,152,Donut_1,Bakery,2024-05-25,186.75,2024-05-26,186.75,0.0
P1-152-0526,152,Donut_1,Bakery,2024-05-26,176.92,2024-05-27,176.92,0.0
P1-152-0527,152,Donut_1,Bakery,2024-05-27,160.99,2024-05-28,160.99,0.0
P1-152-0528,152,Donut_1,Bakery,2024-05-28,167.85,2024-05-29,167.85,0.0
P1-152-0529,152,Donut_1,Bakery,2024-05-29,175.23,2024-05-30,175.23,0.0
P1-152-0530,152,Donut_1,Bakery,2024-05-30,181.18,2024-05-31,181.18,0.0
P1-152-0531,152,Donut_1,Bakery,2024-05-31,177.87,2024-06-01,177.87,0.0
P1-152-0601,152,Donut_1,Bakery,2024-06-01,166.51,2024-06-02,166.51,0.0
P1-152-0602,152,Donut_1,Bakery,2024-06-02,171.53,2024-06-03,161.4,
P1-1549-0301,1549,Pineapple_4,Fruit and vegetable,2024-03-01,67.71,2024-03-03,67.71,0.0
P1-1549-0302,1549,Pineapple_4,Fruit and vegetable,2024-03-02,70.75,2024-03-04,70.75,0.0
P1-1549-0303,1549,Pineapple_4,Fruit and vegetable,2024-03-03,70.46,2024-03-05,70.46,0.0
P1-1549-0304,1549,Pineapple_4,Fruit and vegetable,2024-03-04,62.53,2024-03-06,62.53,0.0
P1-1549-0305,1549,Pineapple_4,Fruit and vegetable,2024-03-05,57.34,2024-03-07,57.34,0.0
P1-1549-0306,1549,Pineapple_4,Fruit and vegetable,2024-03-06,45.1,2024-03-08,45.1,0.0
P1-1549-0307,1549,Pineapple_4,Fruit and vegetable,2024-03-07,86.37,2024-03-09,86.37,0.0
P1-1549-0308,1549,Pineapple_4,Fruit and vegetable,2024-03-08,91.97,2024-03-10,91.97,0.0
P1-1549-0309,1549,Pineapple_4,Fruit and vegetable,2024-03-09,65.05,2024-03-11,65.05,0.0
P1-1549-0310,1549,Pineapple_4,Fruit and vegetable,2024-03-10,36.14,2024-03-12,36.14,0.0
P1-1549-0311,1549,Pineapple_4,Fruit and vegetable,2024-03-11,68.56,2024-03-13,68.56,0.0
P1-1549-0312,1549,Pineapple_4,Fruit and vegetable,2024-03-12,40.56,2024-03-14,40.56,0.0
P1-1549-0313,1549,Pineapple_4,Fruit and vegetable,2024-03-13,90.04,2024-03-15,90.04,0.0
P1-1549-0314,1549,Pineapple_4,Fruit and vegetable,2024-03-14,101.34,2024-03-16,101.34,0.0
P1-1549-0315,1549,Pineapple_4,Fruit and vegetable,2024-03-15,34.53,2024-03-17,34.53,0.0
P1-1549-0316,1549,Pineapple_4,Fruit and vegetable,2024-03-16,79.53,2024-03-18,79.53,0.0
P1-1549-0317,1549,Pineapple_4,Fruit and vegetable,2024-03-17,75.18,2024-03-19,75.18,0.0
P1-1549-0318,1549,Pineapple_4,Fruit and vegetable,2024-03-18,47.92,2024-03-20,47.92,0.0
P1-1549-0319,1549,Pineapple_4,Fruit and vegetable,2024-03-19,63.33,2024-03-21,63.33,0.0
P1-1549-0320,1549,Pineapple_4,Fruit and vegetable,2024-03-20,53.58,2024-03-22,53.58,0.0
P1-1549-0321,1549,Pineapple_4,Fruit and vegetable,2024-03-21,59.99,2024-03-23,59.99,0.0
P1-1549-0322,1549,Pineapple_4,Fruit and vegetable,2024-03-22,85.24,2024-03-24,85.24,0.0
P1-1549-0323,1549,Pineapple_4,Fruit and vegetable,2024-03-23,69.09,2024-03-25,69.09,0.0
P1-1549-0324,1549,Pineapple_4,Fruit and vegetable,2024-03-24,42.3,2024-03-26,42.3,0.0
P1-1549-0325,1549,Pineapple_4,Fruit and vegetable,2024-03-25,82.47,2024-03-27,82.47,0.0
P1-1549-0326,1549,Pineapple_4,Fruit and vegetable,2024-03-26,70.1,2024-03-28,70.1,0.0
P1-1549-0327,1549,Pineapple_4,Fruit and vegetable,2024-03-27,60.3,2024-03-29,60.3,0.0
P1-1549-0328,1549,Pineapple_4,Fruit and vegetable,2024-03-28,85.06,2024-03-30,85.06,0.0
P1-1549-0329,1549,Pineapple_4,Fruit and vegetable,2024-03-29,51.15,2024-03-31,51.15,0.0
P1-1549-0330,1549,Pineapple_4,Fruit and vegetable,2024-03-30,63.29,2024-04-01,35.41,27.88
P1-1549-0331,1549,Pineapple_4,Fruit and vegetable,2024-03-31,56.18,2024-04-02,45.49,10.69
P1-1549-0401,1549,Pineapple_4,Fruit and vegetable,2024-04-01,24.59,2024-04-03,24.59,0.0
P1-1549-0402,1549,Pineapple_4,Fruit and vegetable,2024-04-02,16.71,2024-04-04,16.71,0.0
P1-1549-0403,1549,Pineapple_4,Fruit and vegetable,2024-04-03,37.81,2024-04-05,37.81,0.0
P1-1549-0404,1549,Pineapple_4,Fruit and vegetable,2024-04-04,82.33,2024-04-06,82.33,0.0
P1-1549-0405,1549,Pineapple_4,Fruit and vegetable,2024-04-05,91.54,2024-04-07,47.76,43.78
P1-1549-0408,1549,Pineapple_4,Fruit and vegetable,2024-04-08,61.73,2024-04-10,61.73,0.0
P1-1549-0409,1549,Pineapple_4,Fruit and vegetable,2024-04-09,35.46,2024-04-11,35.46,0.0
P1-1549-0410,1549,Pineapple_4,Fruit and vegetable,2024-04-10,52.67,2024-04-12,52.67,0.0
P1-1549-0411,1549,Pineapple_4,Fruit and vegetable,2024-04-11,88.4,2024-04-13,88.4,0.0
P1-1549-0412,1549,Pineapple_4,Fruit and vegetable,2024-04-12,77.87,2024-04-14,77.87,0.0
P1-1549-0413,1549,Pineapple_4,Fruit and vegetable,2024-04-13,115.6,2024-04-15,115.6,0.0
P1-1549-0414,1549,Pineapple_4,Fruit and vegetable,2024-04-14,44.93,2024-04-16,44.93,0.0
P1-1549-0415,1549,Pineapple_4,Fruit and vegetable,2024-04-15,40.19,2024-04-17,40.19,0.0
P1-1549-0416,1549,Pineapple_4,Fruit and vegetable,2024-04-16,56.49,2024-04-18,56.49,0.0
P1-1549-0417,1549,Pineapple_4,Fruit and vegetable,2024-04-17,73.16,2024-04-19,73.16,0.0
P1-1549-0418,1549,Pineapple_4,Fruit and vegetable,2024-04-18,81.93,2024-04-20,81.93,0.0
P1-1549-0419,1549,Pineapple_4,Fruit and vegetable,2024-04-19,77.47,2024-04-21,77.47,0.0
P1-1549-0420,1549,Pineapple_4,Fruit and vegetable,2024-04-20,90.41,2024-04-22,90.41,0.0
P1-1549-0421,1549,Pineapple_4,Fruit and vegetable,2024-04-21,61.86,2024-04-23,61.86,0.0
P1-1549-0422,1549,Pineapple_4,Fruit and vegetable,2024-04-22,45.46,2024-04-24,45.46,0.0
P1-1549-0423,1549,Pineapple_4,Fruit and vegetable,2024-04-23,66.8,2024-04-25,66.8,0.0
P1-1549-0424,1549,Pineapple_4,Fruit and vegetable,2024-04-24,36.0,2024-04-26,36.0,0.0
P1-1549-0425,1549,Pineapple_4,Fruit and vegetable,2024-04-25,90.25,2024-04-27,90.25,0.0
P1-1549-0426,1549,Pineapple_4,Fruit and vegetable,2024-04-26,58.95,2024-04-28,58.95,0.0
P1-1549-0427,1549,Pineapple_4,Fruit and vegetable,2024-04-27,53.84,2024-04-29,53.84,0.0
P1-1549-0428,1549,Pineapple_4,Fruit and vegetable,2024-04-28,59.23,2024-04-30,59.23,0.0
P1-1549-0429,1549,Pineapple_4,Fruit and vegetable,2024-04-29,61.35,2024-05-01,61.35,0.0
P1-1549-0430,1549,Pineapple_4,Fruit and vegetable,2024-04-30,57.49,2024-05-02,57.49,0.0
P1-1549-0501,1549,Pineapple_4,Fruit and vegetable,2024-05-01,58.21,2024-05-03,58.21,0.0
P1-1549-0502,1549,Pineapple_4,Fruit and vegetable,2024-05-02,67.61,2024-05-04,67.61,0.0
P1-1549-0503,1549,Pineapple_4,Fruit and vegetable,2024-05-03,66.11,2024-05-05,66.11,0.0
P1-1549-0504,1549,Pineapple_4,Fruit and vegetable,2024-05-04,73.04,2024-05-06,73.04,0.0
P1-1549-0505,1549,Pineapple_4,Fruit and vegetable,2024-05-05,59.21,2024-05-07,59.21,0.0
P1-1549-0506,1549,Pineapple_4,Fruit and vegetable,2024-05-06,14.35,2024-05-08,14.35,0.0
P1-1549-0507,1549,Pineapple_4,Fruit and vegetable,2024-05-07,80.74,2024-05-09,80.74,0.0
P1-1549-0508,1549,Pineapple_4,Fruit and vegetable,2024-05-08,76.67,2024-05-10,76.67,0.0
P1-1549-0509,1549,Pineapple_4,Fruit and vegetable,2024-05-09,75.38,2024-05-11,75.38,0.0
P1-1549-0510,1549,Pineapple_4,Fruit and vegetable,2024-05-10,76.4,2024-05-12,76.4,0.0
P1-1549-0511,1549,Pineapple_4,Fruit and vegetable,2024-05-11,41.78,2024-05-13,41.78,0.0
P1-1549-0512,1549,Pineapple_4,Fruit and vegetable,2024-05-12,66.78,2024-05-14,66.78,0.0
P1-1549-0513,1549,Pineapple_4,Fruit and vegetable,2024-05-13,72.16,2024-05-15,72.16,0.0
P1-1549-0514,1549,Pineapple_4,Fruit and vegetable,2024-05-14,88.24,2024-05-16,88.24,0.0
P1-1549-0515,1549,Pineapple_4,Fruit and vegetable,2024-05-15,40.47,2024-05-17,40.47,0.0
P1-1549-0516,1549,Pineapple_4,Fruit and vegetable,2024-05-16,36.47,2024-05-18,36.47,0.0
P1-1549-0517,1549,Pineapple_4,Fruit and vegetable,2024-05-17,76.37,2024-05-19,76.37,0.0
P1-1549-0518,1549,Pineapple_4,Fruit and vegetable,2024-05-18,86.56,2024-05-20,86.56,0.0
P1-1549-0519,1549,Pineapple_4,Fruit and vegetable,2024-05-19,58.54,2024-05-21,58.54,0.0
P1-1549-0520,1549,Pineapple_4,Fruit and vegetable,2024-05-20,85.02,2024-05-22,85.02,0.0
P1-1549-0521,1549,Pineapple_4,Fruit and vegetable,2024-05-21,36.31,2024-05-23,36.31,0.0
P1-1549-0522,1549,Pineapple_4,Fruit and vegetable,2024-05-22,57.24,2024-05-24,57.24,0.0
P1-1549-0523,1549,Pineapple_4,Fruit and vegetable,2024-05-23,82.41,2024-05-25,82.41,0.0
P1-1549-0524,1549,Pineapple_4,Fruit and vegetable,2024-05-24,88.34,2024-05-26,88.34,0.0
P1-1549-0525,1549,Pineapple_4,Fruit and vegetable,2024-05-25,38.38,2024-05-27,38.38,0.0
P1-1549-0526,1549,Pineapple_4,Fruit and vegetable,2024-05-26,57.89,2024-05-28,57.89,0.0
P1-1549-0527,1549,Pineapple_4,Fruit and vegetable,2024-05-27,29.04,2024-05-29,29.04,0.0
P1-1549-0528,1549,Pineapple_4,Fruit and vegetable,2024-05-28,60.62,2024-05-30,60.62,0.0
P1-1549-0529,1549,Pineapple_4,Fruit and vegetable,2024-05-29,85.9,2024-05-31,85.9,0.0
P1-1549-0530,1549,Pineapple_4,Fruit and vegetable,2024-05-30,47.63,2024-06-01,47.63,0.0
P1-1549-0531,1549,Pineapple_4,Fruit and vegetable,2024-05-31,87.39,2024-06-02,87.39,0.0
P1-1549-0601,1549,Pineapple_4,Fruit and vegetable,2024-06-01,47.74,2024-06-03,47.74,0.0
P1-1549-0602,1549,Pineapple_4,Fruit and vegetable,2024-06-02,67.14,2024-06-04,49.61,
P1-1580-0301,1580,Beef_17,Meat and fish,2024-03-01,32.53,2024-03-04,32.53,0.0
P1-1580-0302,1580,Beef_17,Meat and fish,2024-03-02,32.53,2024-03-05,32.53,0.0
P1-1580-0303,1580,Beef_17,Meat and fish,2024-03-03,31.15,2024-03-06,31.15,0.0
P1-1580-0304,1580,Beef_17,Meat and fish,2024-03-04,11.43,2024-03-07,11.43,0.0
P1-1580-0305,1580,Beef_17,Meat and fish,2024-03-05,19.38,2024-03-08,19.38,0.0
P1-1580-0306,1580,Beef_17,Meat and fish,2024-03-06,13.13,2024-03-09,13.13,0.0
P1-1580-0307,1580,Beef_17,Meat and fish,2024-03-07,13.89,2024-03-10,13.89,0.0
P1-1580-0308,1580,Beef_17,Meat and fish,2024-03-08,32.97,2024-03-11,32.97,0.0
P1-1580-0309,1580,Beef_17,Meat and fish,2024-03-09,16.88,2024-03-12,16.88,0.0
P1-1580-0310,1580,Beef_17,Meat and fish,2024-03-10,21.61,2024-03-13,21.61,0.0
P1-1580-0311,1580,Beef_17,Meat and fish,2024-03-11,19.58,2024-03-14,19.58,0.0
P1-1580-0312,1580,Beef_17,Meat and fish,2024-03-12,5.28,2024-03-15,5.28,0.0
P1-1580-0313,1580,Beef_17,Meat and fish,2024-03-13,22.56,2024-03-16,22.56,0.0
P1-1580-0314,1580,Beef_17,Meat and fish,2024-03-14,36.86,2024-03-17,36.86,0.0
P1-1580-0315,1580,Beef_17,Meat and fish,2024-03-15,21.04,2024-03-18,21.04,0.0
P1-1580-0316,1580,Beef_17,Meat and fish,2024-03-16,20.46,2024-03-19,20.46,0.0
P1-1580-0318,1580,Beef_17,Meat and fish,2024-03-18,7.01,2024-03-21,7.01,0.0
P1-1580-0319,1580,Beef_17,Meat and fish,2024-03-19,22.88,2024-03-22,22.88,0.0
P1-1580-0320,1580,Beef_17,Meat and fish,2024-03-20,15.55,2024-03-23,15.55,0.0
P1-1580-0321,1580,Beef_17,Meat and fish,2024-03-21,15.67,2024-03-24,15.67,0.0
P1-1580-0322,1580,Beef_17,Meat and fish,2024-03-22,15.17,2024-03-25,15.17,0.0
P1-1580-0323,1580,Beef_17,Meat and fish,2024-03-23,2.06,2024-03-26,2.06,0.0
P1-1580-0324,1580,Beef_17,Meat and fish,2024-03-24,19.77,2024-03-27,19.77,0.0
P1-1580-0325,1580,Beef_17,Meat and fish,2024-03-25,21.78,2024-03-28,21.78,0.0
P1-1580-0326,1580,Beef_17,Meat and fish,2024-03-26,28.9,2024-03-29,28.9,0.0
P1-1580-0327,1580,Beef_17,Meat and fish,2024-03-27,30.09,2024-03-30,30.09,0.0
P1-1580-0328,1580,Beef_17,Meat and fish,2024-03-28,31.98,2024-03-31,31.98,0.0
P1-1580-0329,1580,Beef_17,Meat and fish,2024-03-29,26.1,2024-04-01,26.1,0.0
P1-1580-0330,1580,Beef_17,Meat and fish,2024-03-30,18.62,2024-04-02,18.62,0.0
P1-1580-0331,1580,Beef_17,Meat and fish,2024-03-31,16.44,2024-04-03,16.44,0.0
P1-1580-0401,1580,Beef_17,Meat and fish,2024-04-01,11.84,2024-04-04,11.84,0.0
P1-1580-0402,1580,Beef_17,Meat and fish,2024-04-02,17.94,2024-04-05,17.94,0.0
P1-1580-0403,1580,Beef_17,Meat and fish,2024-04-03,30.38,2024-04-06,30.38,0.0
P1-1580-0404,1580,Beef_17,Meat and fish,2024-04-04,11.14,2024-04-07,11.14,0.0
P1-1580-0405,1580,Beef_17,Meat and fish,2024-04-05,23.8,2024-04-08,23.8,0.0
P1-1580-0406,1580,Beef_17,Meat and fish,2024-04-06,11.16,2024-04-09,11.16,0.0
P1-1580-0407,1580,Beef_17,Meat and fish,2024-04-07,13.53,2024-04-10,13.53,0.0
P1-1580-0408,1580,Beef_17,Meat and fish,2024-04-08,16.62,2024-04-11,16.62,0.0
P1-1580-0409,1580,Beef_17,Meat and fish,2024-04-09,25.65,2024-04-12,25.65,0.0
P1-1580-0411,1580,Beef_17,Meat and fish,2024-04-11,46.7,2024-04-14,46.7,0.0
P1-1580-0412,1580,Beef_17,Meat and fish,2024-04-12,10.2,2024-04-15,10.2,0.0
P1-1580-0413,1580,Beef_17,Meat and fish,2024-04-13,8.59,2024-04-16,8.59,0.0
P1-1580-0414,1580,Beef_17,Meat and fish,2024-04-14,15.18,2024-04-17,15.18,0.0
P1-1580-0416,1580,Beef_17,Meat and fish,2024-04-16,9.27,2024-04-19,9.27,0.0
P1-1580-0417,1580,Beef_17,Meat and fish,2024-04-17,36.63,2024-04-20,36.63,0.0
P1-1580-0418,1580,Beef_17,Meat and fish,2024-04-18,13.26,2024-04-21,13.26,0.0
P1-1580-0419,1580,Beef_17,Meat and fish,2024-04-19,1.12,2024-04-22,1.12,0.0
P1-1580-0420,1580,Beef_17,Meat and fish,2024-04-20,14.86,2024-04-23,14.86,0.0
P1-1580-0421,1580,Beef_17,Meat and fish,2024-04-21,19.37,2024-04-24,19.37,0.0
P1-1580-0422,1580,Beef_17,Meat and fish,2024-04-22,20.79,2024-04-25,20.79,0.0
P1-1580-0423,1580,Beef_17,Meat and fish,2024-04-23,10.23,2024-04-26,10.23,0.0
P1-1580-0424,1580,Beef_17,Meat and fish,2024-04-24,22.91,2024-04-27,22.91,0.0
P1-1580-0426,1580,Beef_17,Meat and fish,2024-04-26,22.03,2024-04-29,22.03,0.0
P1-1580-0427,1580,Beef_17,Meat and fish,2024-04-27,38.21,2024-04-30,38.21,0.0
P1-1580-0428,1580,Beef_17,Meat and fish,2024-04-28,4.52,2024-05-01,4.52,0.0
P1-1580-0429,1580,Beef_17,Meat and fish,2024-04-29,5.16,2024-05-02,5.16,0.0
P1-1580-0430,1580,Beef_17,Meat and fish,2024-04-30,22.61,2024-05-03,22.61,0.0
P1-1580-0501,1580,Beef_17,Meat and fish,2024-05-01,13.82,2024-05-04,13.82,0.0
P1-1580-0502,1580,Beef_17,Meat and fish,2024-05-02,26.76,2024-05-05,26.76,0.0
P1-1580-0503,1580,Beef_17,Meat and fish,2024-05-03,27.14,2024-05-06,27.14,0.0
P1-1580-0506,1580,Beef_17,Meat and fish,2024-05-06,195.91,2024-05-09,195.91,0.0
P1-1580-0507,1580,Beef_17,Meat and fish,2024-05-07,333.19,2024-05-10,333.19,0.0
P1-1580-0508,1580,Beef_17,Meat and fish,2024-05-08,265.09,2024-05-11,265.09,0.0
P1-1580-0509,1580,Beef_17,Meat and fish,2024-05-09,276.85,2024-05-12,276.85,0.0
P1-1580-0510,1580,Beef_17,Meat and fish,2024-05-10,290.1,2024-05-13,290.1,0.0
P1-1580-0513,1580,Beef_17,Meat and fish,2024-05-13,181.74,2024-05-16,85.27,96.47
P1-1580-0514,1580,Beef_17,Meat and fish,2024-05-14,24.28,2024-05-17,24.28,0.0
P1-1580-0515,1580,Beef_17,Meat and fish,2024-05-15,206.78,2024-05-18,27.47,179.3
P1-1580-0516,1580,Beef_17,Meat and fish,2024-05-16,154.28,2024-05-19,0.0,154.28
P1-1580-0517,1580,Beef_17,Meat and fish,2024-05-17,55.75,2024-05-20,17.5,38.25
P1-1580-0520,1580,Beef_17,Meat and fish,2024-05-20,382.37,2024-05-23,34.73,347.64
P1-1580-0521,1580,Beef_17,Meat and fish,2024-05-21,37.27,2024-05-24,25.37,11.9
P1-1580-0524,1580,Beef_17,Meat and fish,2024-05-24,3.03,2024-05-27,3.03,0.0
P1-1580-0525,1580,Beef_17,Meat and fish,2024-05-25,61.36,2024-05-28,34.89,26.47
P1-1580-0526,1580,Beef_17,Meat and fish,2024-05-26,15.02,2024-05-29,14.25,0.77
P1-1580-0529,1580,Beef_17,Meat and fish,2024-05-29,0.46,2024-06-01,0.46,0.0
P1-1580-0530,1580,Beef_17,Meat and fish,2024-05-30,19.1,2024-06-02,19.1,0.0
P1-1580-0531,1580,Beef_17,Meat and fish,2024-05-31,27.17,2024-06-03,27.17,0.0
P1-1580-0601,1580,Beef_17,Meat and fish,2024-06-01,13.95,2024-06-04,13.95,0.0
P1-1580-0602,1580,Beef_17,Meat and fish,2024-06-02,20.67,2024-06-05,8.79,
P1-1592-0301,1592,Tomato_66,Fruit and vegetable,2024-03-01,114.02,2024-03-03,114.02,0.0
P1-1592-0302,1592,Tomato_66,Fruit and vegetable,2024-03-02,114.02,2024-03-04,114.02,0.0
P1-1592-0303,1592,Tomato_66,Fruit and vegetable,2024-03-03,112.83,2024-03-05,112.83,0.0
P1-1592-0305,1592,Tomato_66,Fruit and vegetable,2024-03-05,90.85,2024-03-07,90.85,0.0
P1-1592-0306,1592,Tomato_66,Fruit and vegetable,2024-03-06,75.55,2024-03-08,75.55,0.0
P1-1592-0307,1592,Tomato_66,Fruit and vegetable,2024-03-07,83.15,2024-03-09,83.15,0.0
P1-1592-0308,1592,Tomato_66,Fruit and vegetable,2024-03-08,80.81,2024-03-10,80.81,0.0
P1-1592-0309,1592,Tomato_66,Fruit and vegetable,2024-03-09,115.79,2024-03-11,115.79,0.0
P1-1592-0310,1592,Tomato_66,Fruit and vegetable,2024-03-10,68.86,2024-03-12,68.86,0.0
P1-1592-0312,1592,Tomato_66,Fruit and vegetable,2024-03-12,57.64,2024-03-14,57.64,0.0
P1-1592-0313,1592,Tomato_66,Fruit and vegetable,2024-03-13,45.79,2024-03-15,45.79,0.0
P1-1592-0314,1592,Tomato_66,Fruit and vegetable,2024-03-14,79.41,2024-03-16,79.41,0.0
P1-1592-0315,1592,Tomato_66,Fruit and vegetable,2024-03-15,84.61,2024-03-17,84.61,0.0
P1-1592-0316,1592,Tomato_66,Fruit and vegetable,2024-03-16,119.51,2024-03-18,119.51,0.0
P1-1592-0317,1592,Tomato_66,Fruit and vegetable,2024-03-17,57.48,2024-03-19,57.48,0.0
P1-1592-0319,1592,Tomato_66,Fruit and vegetable,2024-03-19,70.81,2024-03-21,70.81,0.0
P1-1592-0320,1592,Tomato_66,Fruit and vegetable,2024-03-20,46.45,2024-03-22,46.45,0.0
P1-1592-0321,1592,Tomato_66,Fruit and vegetable,2024-03-21,91.29,2024-03-23,91.29,0.0
P1-1592-0322,1592,Tomato_66,Fruit and vegetable,2024-03-22,111.25,2024-03-24,111.25,0.0
P1-1592-0323,1592,Tomato_66,Fruit and vegetable,2024-03-23,105.62,2024-03-25,105.62,0.0
P1-1592-0324,1592,Tomato_66,Fruit and vegetable,2024-03-24,69.72,2024-03-26,69.72,0.0
P1-1592-0325,1592,Tomato_66,Fruit and vegetable,2024-03-25,55.97,2024-03-27,55.97,0.0
P1-1592-0326,1592,Tomato_66,Fruit and vegetable,2024-03-26,65.77,2024-03-28,65.77,0.0
P1-1592-0327,1592,Tomato_66,Fruit and vegetable,2024-03-27,65.28,2024-03-29,65.28,0.0
P1-1592-0328,1592,Tomato_66,Fruit and vegetable,2024-03-28,93.45,2024-03-30,93.45,0.0
P1-1592-0329,1592,Tomato_66,Fruit and vegetable,2024-03-29,105.82,2024-03-31,105.82,0.0
P1-1592-0330,1592,Tomato_66,Fruit and vegetable,2024-03-30,3.6,2024-04-01,3.6,0.0
P1-1592-0331,1592,Tomato_66,Fruit and vegetable,2024-03-31,68.53,2024-04-02,68.53,0.0
P1-1592-0401,1592,Tomato_66,Fruit and vegetable,2024-04-01,36.33,2024-04-03,36.33,0.0
P1-1592-0402,1592,Tomato_66,Fruit and vegetable,2024-04-02,70.79,2024-04-04,70.79,0.0
P1-1592-0403,1592,Tomato_66,Fruit and vegetable,2024-04-03,31.24,2024-04-05,31.24,0.0
P1-1592-0404,1592,Tomato_66,Fruit and vegetable,2024-04-04,49.35,2024-04-06,49.35,0.0
P1-1592-0405,1592,Tomato_66,Fruit and vegetable,2024-04-05,17.08,2024-04-07,17.08,0.0
P1-1592-0406,1592,Tomato_66,Fruit and vegetable,2024-04-06,44.93,2024-04-08,44.93,0.0
P1-1592-0407,1592,Tomato_66,Fruit and vegetable,2024-04-07,58.34,2024-04-09,58.34,0.0
P1-1592-0408,1592,Tomato_66,Fruit and vegetable,2024-04-08,73.16,2024-04-10,73.16,0.0
P1-1592-0409,1592,Tomato_66,Fruit and vegetable,2024-04-09,57.87,2024-04-11,57.87,0.0
P1-1592-0410,1592,Tomato_66,Fruit and vegetable,2024-04-10,73.41,2024-04-12,73.41,0.0
P1-1592-0411,1592,Tomato_66,Fruit and vegetable,2024-04-11,70.06,2024-04-13,70.06,0.0
P1-1592-0412,1592,Tomato_66,Fruit and vegetable,2024-04-12,82.13,2024-04-14,82.13,0.0
P1-1592-0413,1592,Tomato_66,Fruit and vegetable,2024-04-13,69.84,2024-04-15,69.84,0.0
P1-1592-0414,1592,Tomato_66,Fruit and vegetable,2024-04-14,83.11,2024-04-16,83.11,0.0
P1-1592-0415,1592,Tomato_66,Fruit and vegetable,2024-04-15,153.83,2024-04-17,153.83,0.0
P1-1592-0416,1592,Tomato_66,Fruit and vegetable,2024-04-16,182.22,2024-04-18,182.22,0.0
P1-1592-0417,1592,Tomato_66,Fruit and vegetable,2024-04-17,170.99,2024-04-19,170.99,0.0
P1-1592-0418,1592,Tomato_66,Fruit and vegetable,2024-04-18,187.21,2024-04-20,187.21,0.0
P1-1592-0419,1592,Tomato_66,Fruit and vegetable,2024-04-19,214.74,2024-04-21,214.74,0.0
P1-1592-0420,1592,Tomato_66,Fruit and vegetable,2024-04-20,189.88,2024-04-22,189.88,0.0
P1-1592-0421,1592,Tomato_66,Fruit and vegetable,2024-04-21,183.45,2024-04-23,183.45,0.0
P1-1592-0422,1592,Tomato_66,Fruit and vegetable,2024-04-22,197.02,2024-04-24,160.12,36.9
P1-1592-0423,1592,Tomato_66,Fruit and vegetable,2024-04-23,103.19,2024-04-25,56.86,46.33
P1-1592-0424,1592,Tomato_66,Fruit and vegetable,2024-04-24,70.89,2024-04-26,70.89,0.0
P1-1592-0425,1592,Tomato_66,Fruit and vegetable,2024-04-25,110.54,2024-04-27,51.3,59.24
P1-1592-0426,1592,Tomato_66,Fruit and vegetable,2024-04-26,131.55,2024-04-28,60.27,71.28
P1-1592-0427,1592,Tomato_66,Fruit and vegetable,2024-04-27,49.25,2024-04-29,49.25,0.0
P1-1592-0428,1592,Tomato_66,Fruit and vegetable,2024-04-28,68.94,2024-04-30,68.94,0.0
P1-1592-0429,1592,Tomato_66,Fruit and vegetable,2024-04-29,121.55,2024-05-01,121.55,0.0
P1-1592-0430,1592,Tomato_66,Fruit and vegetable,2024-04-30,245.67,2024-05-02,245.67,0.0
P1-1592-0501,1592,Tomato_66,Fruit and vegetable,2024-05-01,172.03,2024-05-03,172.03,0.0
P1-1592-0502,1592,Tomato_66,Fruit and vegetable,2024-05-02,206.34,2024-05-04,206.34,0.0
P1-1592-0503,1592,Tomato_66,Fruit and vegetable,2024-05-03,261.83,2024-05-05,261.83,0.0
P1-1592-0504,1592,Tomato_66,Fruit and vegetable,2024-05-04,227.79,2024-05-06,227.79,0.0
P1-1592-0505,1592,Tomato_66,Fruit and vegetable,2024-05-05,255.15,2024-05-07,255.15,0.0
P1-1592-0506,1592,Tomato_66,Fruit and vegetable,2024-05-06,279.92,2024-05-08,159.59,120.33
P1-1592-0507,1592,Tomato_66,Fruit and vegetable,2024-05-07,115.56,2024-05-09,42.48,73.08
P1-1592-0508,1592,Tomato_66,Fruit and vegetable,2024-05-08,6.65,2024-05-10,6.65,0.0
P1-1592-0509,1592,Tomato_66,Fruit and vegetable,2024-05-09,212.85,2024-05-11,101.24,111.61
P1-1592-0510,1592,Tomato_66,Fruit and vegetable,2024-05-10,178.66,2024-05-12,0.0,178.66
P1-1592-0513,1592,Tomato_66,Fruit and vegetable,2024-05-13,354.27,2024-05-15,182.67,171.6
P1-1592-0516,1592,Tomato_66,Fruit and vegetable,2024-05-16,53.12,2024-05-18,53.12,0.0
P1-1592-0517,1592,Tomato_66,Fruit and vegetable,2024-05-17,52.74,2024-05-19,52.74,0.0
P1-1592-0518,1592,Tomato_66,Fruit and vegetable,2024-05-18,41.5,2024-05-20,41.5,0.0
P1-1592-0519,1592,Tomato_66,Fruit and vegetable,2024-05-19,57.75,2024-05-21,57.75,0.0
P1-1592-0520,1592,Tomato_66,Fruit and vegetable,2024-05-20,196.86,2024-05-22,196.86,0.0
P1-1592-0521,1592,Tomato_66,Fruit and vegetable,2024-05-21,181.37,2024-05-23,181.37,0.0
P1-1592-0522,1592,Tomato_66,Fruit and vegetable,2024-05-22,198.79,2024-05-24,198.79,0.0
P1-1592-0523,1592,Tomato_66,Fruit and vegetable,2024-05-23,232.21,2024-05-25,232.21,0.0
P1-1592-0524,1592,Tomato_66,Fruit and vegetable,2024-05-24,231.83,2024-05-26,231.83,0.0
P1-1592-0525,1592,Tomato_66,Fruit and vegetable,2024-05-25,201.32,2024-05-27,201.32,0.0
P1-1592-0526,1592,Tomato_66,Fruit and vegetable,2024-05-26,203.99,2024-05-28,203.99,0.0
P1-1592-0527,1592,Tomato_66,Fruit and vegetable,2024-05-27,235.39,2024-05-29,146.98,88.41
P1-1592-0528,1592,Tomato_66,Fruit and vegetable,2024-05-28,75.87,2024-05-30,55.95,19.92
P1-1592-0529,1592,Tomato_66,Fruit and vegetable,2024-05-29,90.58,2024-05-31,58.43,32.15
P1-1592-0530,1592,Tomato_66,Fruit and vegetable,2024-05-30,181.96,2024-06-01,54.93,127.03
P1-1592-0531,1592,Tomato_66,Fruit and vegetable,2024-05-31,70.63,2024-06-02,70.63,0.0
P1-1592-0601,1592,Tomato_66,Fruit and vegetable,2024-06-01,42.78,2024-06-03,8.95,
P1-1592-0602,1592,Tomato_66,Fruit and vegetable,2024-06-02,163.93,2024-06-04,0.0,
P1-1635-0301,1635,Blueberry_25,Fruit and vegetable,2024-03-01,106.82,2024-03-03,106.82,0.0
P1-1635-0302,1635,Blueberry_25,Fruit and vegetable,2024-03-02,109.67,2024-03-04,109.67,0.0
P1-1635-0303,1635,Blueberry_25,Fruit and vegetable,2024-03-03,109.4,2024-03-05,109.4,0.0
P1-1635-0304,1635,Blueberry_25,Fruit and vegetable,2024-03-04,104.13,2024-03-06,104.13,0.0
P1-1635-0305,1635,Blueberry_25,Fruit and vegetable,2024-03-05,116.07,2024-03-07,116.07,0.0
P1-1635-0306,1635,Blueberry_25,Fruit and vegetable,2024-03-06,88.36,2024-03-08,88.36,0.0
P1-1635-0307,1635,Blueberry_25,Fruit and vegetable,2024-03-07,70.69,2024-03-09,70.69,0.0
P1-1635-0308,1635,Blueberry_25,Fruit and vegetable,2024-03-08,131.31,2024-03-10,131.31,0.0
P1-1635-0309,1635,Blueberry_25,Fruit and vegetable,2024-03-09,90.91,2024-03-11,90.91,0.0
P1-1635-0310,1635,Blueberry_25,Fruit and vegetable,2024-03-10,104.05,2024-03-12,104.05,0.0
P1-1635-0311,1635,Blueberry_25,Fruit and vegetable,2024-03-11,129.31,2024-03-13,129.31,0.0
P1-1635-0312,1635,Blueberry_25,Fruit and vegetable,2024-03-12,31.08,2024-03-14,31.08,0.0
P1-1635-0313,1635,Blueberry_25,Fruit and vegetable,2024-03-13,47.16,2024-03-15,47.16,0.0
P1-1635-0314,1635,Blueberry_25,Fruit and vegetable,2024-03-14,164.01,2024-03-16,164.01,0.0
P1-1635-0315,1635,Blueberry_25,Fruit and vegetable,2024-03-15,30.73,2024-03-17,30.73,0.0
P1-1635-0316,1635,Blueberry_25,Fruit and vegetable,2024-03-16,121.71,2024-03-18,121.71,0.0
P1-1635-0317,1635,Blueberry_25,Fruit and vegetable,2024-03-17,49.57,2024-03-19,49.57,0.0
P1-1635-0318,1635,Blueberry_25,Fruit and vegetable,2024-03-18,53.47,2024-03-20,53.47,0.0
P1-1635-0319,1635,Blueberry_25,Fruit and vegetable,2024-03-19,85.3,2024-03-21,85.3,0.0
P1-1635-0320,1635,Blueberry_25,Fruit and vegetable,2024-03-20,129.44,2024-03-22,70.49,58.95
P1-1635-0327,1635,Blueberry_25,Fruit and vegetable,2024-03-27,98.48,2024-03-29,98.48,0.0
P1-1635-0328,1635,Blueberry_25,Fruit and vegetable,2024-03-28,172.12,2024-03-30,172.12,0.0
P1-1635-0329,1635,Blueberry_25,Fruit and vegetable,2024-03-29,116.56,2024-03-31,116.56,0.0
P1-1635-0330,1635,Blueberry_25,Fruit and vegetable,2024-03-30,88.61,2024-04-01,88.61,0.0
P1-1635-0331,1635,Blueberry_25,Fruit and vegetable,2024-03-31,72.21,2024-04-02,72.21,0.0
P1-1635-0401,1635,Blueberry_25,Fruit and vegetable,2024-04-01,52.69,2024-04-03,52.69,0.0
P1-1635-0402,1635,Blueberry_25,Fruit and vegetable,2024-04-02,75.81,2024-04-04,75.81,0.0
P1-1635-0403,1635,Blueberry_25,Fruit and vegetable,2024-04-03,109.07,2024-04-05,109.07,0.0
P1-1635-0404,1635,Blueberry_25,Fruit and vegetable,2024-04-04,240.95,2024-04-06,240.95,0.0
P1-1635-0406,1635,Blueberry_25,Fruit and vegetable,2024-04-06,11.92,2024-04-08,11.92,0.0
P1-1635-0407,1635,Blueberry_25,Fruit and vegetable,2024-04-07,102.09,2024-04-09,102.09,0.0
P1-1635-0408,1635,Blueberry_25,Fruit and vegetable,2024-04-08,178.43,2024-04-10,178.43,0.0
P1-1635-0411,1635,Blueberry_25,Fruit and vegetable,2024-04-11,253.91,2024-04-13,253.91,0.0
P1-1635-0412,1635,Blueberry_25,Fruit and vegetable,2024-04-12,213.11,2024-04-14,213.11,0.0
P1-1635-0413,1635,Blueberry_25,Fruit and vegetable,2024-04-13,171.31,2024-04-15,171.31,0.0
P1-1635-0414,1635,Blueberry_25,Fruit and vegetable,2024-04-14,153.1,2024-04-16,153.1,0.0
P1-1635-0415,1635,Blueberry_25,Fruit and vegetable,2024-04-15,136.97,2024-04-17,136.97,0.0
P1-1635-0416,1635,Blueberry_25,Fruit and vegetable,2024-04-16,132.37,2024-04-18,132.37,0.0
P1-1635-0417,1635,Blueberry_25,Fruit and vegetable,2024-04-17,161.26,2024-04-19,161.26,0.0
P1-1635-0418,1635,Blueberry_25,Fruit and vegetable,2024-04-18,173.69,2024-04-20,161.41,12.28
P1-1635-0419,1635,Blueberry_25,Fruit and vegetable,2024-04-19,39.74,2024-04-21,39.74,0.0
P1-1635-0420,1635,Blueberry_25,Fruit and vegetable,2024-04-20,26.94,2024-04-22,26.94,0.0
P1-1635-0421,1635,Blueberry_25,Fruit and vegetable,2024-04-21,78.41,2024-04-23,78.41,0.0
P1-1635-0422,1635,Blueberry_25,Fruit and vegetable,2024-04-22,266.21,2024-04-24,266.21,0.0
P1-1635-0423,1635,Blueberry_25,Fruit and vegetable,2024-04-23,161.72,2024-04-25,161.72,0.0
P1-1635-0424,1635,Blueberry_25,Fruit and vegetable,2024-04-24,91.55,2024-04-26,91.55,0.0
P1-1635-0425,1635,Blueberry_25,Fruit and vegetable,2024-04-25,93.01,2024-04-27,93.01,0.0
P1-1635-0426,1635,Blueberry_25,Fruit and vegetable,2024-04-26,142.0,2024-04-28,142.0,0.0
P1-1635-0427,1635,Blueberry_25,Fruit and vegetable,2024-04-27,163.01,2024-04-29,64.81,98.2
P1-1635-0501,1635,Blueberry_25,Fruit and vegetable,2024-05-01,224.75,2024-05-03,224.75,0.0
P1-1635-0502,1635,Blueberry_25,Fruit and vegetable,2024-05-02,214.78,2024-05-04,138.19,76.59
P1-1635-0505,1635,Blueberry_25,Fruit and vegetable,2024-05-05,180.6,2024-05-07,180.6,0.0
P1-1635-0506,1635,Blueberry_25,Fruit and vegetable,2024-05-06,80.33,2024-05-08,80.33,0.0
P1-1635-0507,1635,Blueberry_25,Fruit and vegetable,2024-05-07,113.37,2024-05-09,113.37,0.0
P1-1635-0508,1635,Blueberry_25,Fruit and vegetable,2024-05-08,77.3,2024-05-10,77.3,0.0
P1-1635-0509,1635,Blueberry_25,Fruit and vegetable,2024-05-09,104.18,2024-05-11,104.18,0.0
P1-1635-0515,1635,Blueberry_25,Fruit and vegetable,2024-05-15,129.46,2024-05-17,129.46,0.0
P1-1635-0516,1635,Blueberry_25,Fruit and vegetable,2024-05-16,108.44,2024-05-18,84.71,23.74
P1-1635-0519,1635,Blueberry_25,Fruit and vegetable,2024-05-19,123.27,2024-05-21,123.27,0.0
P1-1635-0520,1635,Blueberry_25,Fruit and vegetable,2024-05-20,162.31,2024-05-22,132.66,29.65
P1-1635-0521,1635,Blueberry_25,Fruit and vegetable,2024-05-21,20.61,2024-05-23,20.61,0.0
P1-1635-0523,1635,Blueberry_25,Fruit and vegetable,2024-05-23,112.42,2024-05-25,112.42,0.0
P1-1635-0524,1635,Blueberry_25,Fruit and vegetable,2024-05-24,182.17,2024-05-26,182.17,0.0
P1-1635-0525,1635,Blueberry_25,Fruit and vegetable,2024-05-25,4.09,2024-05-27,4.09,0.0
P1-1635-0526,1635,Blueberry_25,Fruit and vegetable,2024-05-26,133.21,2024-05-28,133.21,0.0
P1-1635-0527,1635,Blueberry_25,Fruit and vegetable,2024-05-27,25.39,2024-05-29,25.39,0.0
P1-1635-0528,1635,Blueberry_25,Fruit and vegetable,2024-05-28,188.56,2024-05-30,188.56,0.0
P1-1635-0530,1635,Blueberry_25,Fruit and vegetable,2024-05-30,154.79,2024-06-01,154.79,0.0
P1-1635-0531,1635,Blueberry_25,Fruit and vegetable,2024-05-31,179.66,2024-06-02,179.66,0.0
P1-1635-0601,1635,Blueberry_25,Fruit and vegetable,2024-06-01,31.96,2024-06-03,31.96,0.0
P1-1635-0602,1635,Blueberry_25,Fruit and vegetable,2024-06-02,98.77,2024-06-04,26.28,
P1-1639-0301,1639,Sprout_3,Fruit and vegetable,2024-03-01,44.79,2024-03-03,44.79,0.0
P1-1639-0302,1639,Sprout_3,Fruit and vegetable,2024-03-02,44.79,2024-03-04,44.79,0.0
P1-1639-0303,1639,Sprout_3,Fruit and vegetable,2024-03-03,43.9,2024-03-05,43.9,0.0
P1-1639-0304,1639,Sprout_3,Fruit and vegetable,2024-03-04,28.54,2024-03-06,28.54,0.0
P1-1639-0305,1639,Sprout_3,Fruit and vegetable,2024-03-05,27.97,2024-03-07,27.97,0.0
P1-1639-0306,1639,Sprout_3,Fruit and vegetable,2024-03-06,44.74,2024-03-08,44.74,0.0
P1-1639-0307,1639,Sprout_3,Fruit and vegetable,2024-03-07,42.03,2024-03-09,42.03,0.0
P1-1639-0308,1639,Sprout_3,Fruit and vegetable,2024-03-08,40.28,2024-03-10,40.28,0.0
P1-1639-0309,1639,Sprout_3,Fruit and vegetable,2024-03-09,21.92,2024-03-11,21.92,0.0
P1-1639-0310,1639,Sprout_3,Fruit and vegetable,2024-03-10,30.78,2024-03-12,30.78,0.0
P1-1639-0311,1639,Sprout_3,Fruit and vegetable,2024-03-11,36.31,2024-03-13,36.31,0.0
P1-1639-0312,1639,Sprout_3,Fruit and vegetable,2024-03-12,43.09,2024-03-14,43.09,0.0
P1-1639-0313,1639,Sprout_3,Fruit and vegetable,2024-03-13,40.05,2024-03-15,40.05,0.0
P1-1639-0314,1639,Sprout_3,Fruit and vegetable,2024-03-14,47.2,2024-03-16,47.2,0.0
P1-1639-0315,1639,Sprout_3,Fruit and vegetable,2024-03-15,42.13,2024-03-17,42.13,0.0
P1-1639-0316,1639,Sprout_3,Fruit and vegetable,2024-03-16,53.83,2024-03-18,53.83,0.0
P1-1639-0317,1639,Sprout_3,Fruit and vegetable,2024-03-17,25.64,2024-03-19,25.64,0.0
P1-1639-0318,1639,Sprout_3,Fruit and vegetable,2024-03-18,39.11,2024-03-20,39.11,0.0
P1-1639-0319,1639,Sprout_3,Fruit and vegetable,2024-03-19,50.18,2024-03-21,50.18,0.0
P1-1639-0320,1639,Sprout_3,Fruit and vegetable,2024-03-20,35.18,2024-03-22,35.18,0.0
P1-1639-0321,1639,Sprout_3,Fruit and vegetable,2024-03-21,23.81,2024-03-23,23.81,0.0
P1-1639-0322,1639,Sprout_3,Fruit and vegetable,2024-03-22,63.74,2024-03-24,63.74,0.0
P1-1639-0323,1639,Sprout_3,Fruit and vegetable,2024-03-23,14.24,2024-03-25,14.24,0.0
P1-1639-0324,1639,Sprout_3,Fruit and vegetable,2024-03-24,38.09,2024-03-26,34.93,3.17
P1-1639-0325,1639,Sprout_3,Fruit and vegetable,2024-03-25,15.72,2024-03-27,15.72,0.0
P1-1639-0326,1639,Sprout_3,Fruit and vegetable,2024-03-26,3.16,2024-03-28,3.16,0.0
P1-1639-0327,1639,Sprout_3,Fruit and vegetable,2024-03-27,30.03,2024-03-29,30.03,0.0
P1-1639-0328,1639,Sprout_3,Fruit and vegetable,2024-03-28,44.0,2024-03-30,44.0,0.0
P1-1639-0329,1639,Sprout_3,Fruit and vegetable,2024-03-29,15.56,2024-03-31,15.56,0.0
P1-1639-0330,1639,Sprout_3,Fruit and vegetable,2024-03-30,31.72,2024-04-01,31.72,0.0
P1-1639-0331,1639,Sprout_3,Fruit and vegetable,2024-03-31,27.44,2024-04-02,27.44,0.0
P1-1639-0401,1639,Sprout_3,Fruit and vegetable,2024-04-01,30.53,2024-04-03,30.53,0.0
P1-1639-0403,1639,Sprout_3,Fruit and vegetable,2024-04-03,36.94,2024-04-05,36.94,0.0
P1-1639-0404,1639,Sprout_3,Fruit and vegetable,2024-04-04,37.1,2024-04-06,37.1,0.0
P1-1639-0405,1639,Sprout_3,Fruit and vegetable,2024-04-05,51.43,2024-04-07,51.43,0.0
P1-1639-0406,1639,Sprout_3,Fruit and vegetable,2024-04-06,47.88,2024-04-08,47.88,0.0
P1-1639-0407,1639,Sprout_3,Fruit and vegetable,2024-04-07,26.01,2024-04-09,26.01,0.0
P1-1639-0408,1639,Sprout_3,Fruit and vegetable,2024-04-08,29.06,2024-04-10,29.06,0.0
P1-1639-0409,1639,Sprout_3,Fruit and vegetable,2024-04-09,47.64,2024-04-11,47.64,0.0
P1-1639-0410,1639,Sprout_3,Fruit and vegetable,2024-04-10,47.06,2024-04-12,47.06,0.0
P1-1639-0411,1639,Sprout_3,Fruit and vegetable,2024-04-11,32.32,2024-04-13,32.32,0.0
P1-1639-0412,1639,Sprout_3,Fruit and vegetable,2024-04-12,43.42,2024-04-14,43.42,0.0
P1-1639-0413,1639,Sprout_3,Fruit and vegetable,2024-04-13,22.11,2024-04-15,22.11,0.0
P1-1639-0414,1639,Sprout_3,Fruit and vegetable,2024-04-14,44.24,2024-04-16,44.24,0.0
P1-1639-0415,1639,Sprout_3,Fruit and vegetable,2024-04-15,59.4,2024-04-17,59.4,0.0
P1-1639-0416,1639,Sprout_3,Fruit and vegetable,2024-04-16,61.04,2024-04-18,61.04,0.0
P1-1639-0417,1639,Sprout_3,Fruit and vegetable,2024-04-17,13.12,2024-04-19,13.12,0.0
P1-1639-0418,1639,Sprout_3,Fruit and vegetable,2024-04-18,26.65,2024-04-20,26.65,0.0
P1-1639-0419,1639,Sprout_3,Fruit and vegetable,2024-04-19,40.67,2024-04-21,40.67,0.0
P1-1639-0420,1639,Sprout_3,Fruit and vegetable,2024-04-20,42.31,2024-04-22,42.31,0.0
P1-1639-0421,1639,Sprout_3,Fruit and vegetable,2024-04-21,32.08,2024-04-23,32.08,0.0
P1-1639-0422,1639,Sprout_3,Fruit and vegetable,2024-04-22,57.21,2024-04-24,57.21,0.0
P1-1639-0423,1639,Sprout_3,Fruit and vegetable,2024-04-23,1.71,2024-04-25,1.71,0.0
P1-1639-0424,1639,Sprout_3,Fruit and vegetable,2024-04-24,31.65,2024-04-26,31.65,0.0
P1-1639-0425,1639,Sprout_3,Fruit and vegetable,2024-04-25,39.51,2024-04-27,39.51,0.0
P1-1639-0426,1639,Sprout_3,Fruit and vegetable,2024-04-26,55.66,2024-04-28,55.66,0.0
P1-1639-0427,1639,Sprout_3,Fruit and vegetable,2024-04-27,39.73,2024-04-29,39.73,0.0
P1-1639-0428,1639,Sprout_3,Fruit and vegetable,2024-04-28,44.23,2024-04-30,44.23,0.0
P1-1639-0429,1639,Sprout_3,Fruit and vegetable,2024-04-29,36.91,2024-05-01,36.91,0.0
P1-1639-0430,1639,Sprout_3,Fruit and vegetable,2024-04-30,26.4,2024-05-02,26.4,0.0
P1-1639-0501,1639,Sprout_3,Fruit and vegetable,2024-05-01,25.59,2024-05-03,25.59,0.0
P1-1639-0502,1639,Sprout_3,Fruit and vegetable,2024-05-02,39.37,2024-05-04,39.37,0.0
P1-1639-0503,1639,Sprout_3,Fruit and vegetable,2024-05-03,36.76,2024-05-05,36.76,0.0
P1-1639-0504,1639,Sprout_3,Fruit and vegetable,2024-05-04,18.93,2024-05-06,18.93,0.0
P1-1639-0505,1639,Sprout_3,Fruit and vegetable,2024-05-05,35.48,2024-05-07,35.48,0.0
P1-1639-0506,1639,Sprout_3,Fruit and vegetable,2024-05-06,34.93,2024-05-08,34.93,0.0
P1-1639-0507,1639,Sprout_3,Fruit and vegetable,2024-05-07,24.85,2024-05-09,24.85,0.0
P1-1639-0508,1639,Sprout_3,Fruit and vegetable,2024-05-08,35.35,2024-05-10,35.35,0.0
P1-1639-0509,1639,Sprout_3,Fruit and vegetable,2024-05-09,29.36,2024-05-11,29.36,0.0
P1-1639-0510,1639,Sprout_3,Fruit and vegetable,2024-05-10,44.94,2024-05-12,44.94,0.0
P1-1639-0511,1639,Sprout_3,Fruit and vegetable,2024-05-11,8.53,2024-05-13,8.53,0.0
P1-1639-0512,1639,Sprout_3,Fruit and vegetable,2024-05-12,43.49,2024-05-14,43.49,0.0
P1-1639-0513,1639,Sprout_3,Fruit and vegetable,2024-05-13,29.46,2024-05-15,29.46,0.0
P1-1639-0514,1639,Sprout_3,Fruit and vegetable,2024-05-14,48.57,2024-05-16,48.57,0.0
P1-1639-0515,1639,Sprout_3,Fruit and vegetable,2024-05-15,36.24,2024-05-17,36.24,0.0
P1-1639-0516,1639,Sprout_3,Fruit and vegetable,2024-05-16,33.88,2024-05-18,33.88,0.0
P1-1639-0517,1639,Sprout_3,Fruit and vegetable,2024-05-17,40.32,2024-05-19,40.32,0.0
P1-1639-0518,1639,Sprout_3,Fruit and vegetable,2024-05-18,30.5,2024-05-20,30.5,0.0
P1-1639-0519,1639,Sprout_3,Fruit and vegetable,2024-05-19,42.29,2024-05-21,42.29,0.0
P1-1639-0520,1639,Sprout_3,Fruit and vegetable,2024-05-20,41.96,2024-05-22,41.96,0.0
P1-1639-0521,1639,Sprout_3,Fruit and vegetable,2024-05-21,38.24,2024-05-23,38.24,0.0
P1-1639-0522,1639,Sprout_3,Fruit and vegetable,2024-05-22,19.67,2024-05-24,19.67,0.0
P1-1639-0523,1639,Sprout_3,Fruit and vegetable,2024-05-23,28.64,2024-05-25,28.64,0.0
P1-1639-0524,1639,Sprout_3,Fruit and vegetable,2024-05-24,25.84,2024-05-26,25.84,0.0
P1-1639-0525,1639,Sprout_3,Fruit and vegetable,2024-05-25,39.39,2024-05-27,39.39,0.0
P1-1639-0526,1639,Sprout_3,Fruit and vegetable,2024-05-26,23.66,2024-05-28,23.66,0.0
P1-1639-0527,1639,Sprout_3,Fruit and vegetable,2024-05-27,27.02,2024-05-29,27.02,0.0
P1-1639-0528,1639,Sprout_3,Fruit and vegetable,2024-05-28,54.15,2024-05-30,54.15,0.0
P1-1639-0529,1639,Sprout_3,Fruit and vegetable,2024-05-29,7.47,2024-05-31,7.47,0.0
P1-1639-0530,1639,Sprout_3,Fruit and vegetable,2024-05-30,38.63,2024-06-01,38.63,0.0
P1-1639-0531,1639,Sprout_3,Fruit and vegetable,2024-05-31,39.88,2024-06-02,39.88,0.0
P1-1639-0601,1639,Sprout_3,Fruit and vegetable,2024-06-01,30.38,2024-06-03,30.38,0.0
P1-1639-0602,1639,Sprout_3,Fruit and vegetable,2024-06-02,25.65,2024-06-04,25.65,0.0
P1-165-0301,165,Tortilla_0,Bakery,2024-03-01,179.18,2024-03-02,179.18,0.0
P1-165-0302,165,Tortilla_0,Bakery,2024-03-02,179.18,2024-03-03,179.18,0.0
P1-165-0303,165,Tortilla_0,Bakery,2024-03-03,178.29,2024-03-04,178.29,0.0
P1-165-0304,165,Tortilla_0,Bakery,2024-03-04,167.01,2024-03-05,167.01,0.0
P1-165-0305,165,Tortilla_0,Bakery,2024-03-05,174.8,2024-03-06,174.8,0.0
P1-165-0306,165,Tortilla_0,Bakery,2024-03-06,159.99,2024-03-07,159.99,0.0
P1-165-0307,165,Tortilla_0,Bakery,2024-03-07,173.27,2024-03-08,173.27,0.0
P1-165-0308,165,Tortilla_0,Bakery,2024-03-08,186.79,2024-03-09,186.79,0.0
P1-165-0309,165,Tortilla_0,Bakery,2024-03-09,187.17,2024-03-10,167.17,20.0
P1-165-0312,165,Tortilla_0,Bakery,2024-03-12,185.24,2024-03-13,150.51,34.73
P1-165-0313,165,Tortilla_0,Bakery,2024-03-13,84.66,2024-03-14,84.66,0.0
P1-165-0314,165,Tortilla_0,Bakery,2024-03-14,148.53,2024-03-15,148.53,0.0
P1-165-0315,165,Tortilla_0,Bakery,2024-03-15,153.13,2024-03-16,70.5,82.63
P1-165-0316,165,Tortilla_0,Bakery,2024-03-16,166.99,2024-03-17,17.65,149.34
P1-165-0317,165,Tortilla_0,Bakery,2024-03-17,130.78,2024-03-18,24.67,106.11
P1-165-0318,165,Tortilla_0,Bakery,2024-03-18,132.2,2024-03-19,17.77,114.43
P1-165-0320,165,Tortilla_0,Bakery,2024-03-20,224.89,2024-03-21,45.56,179.33
P1-165-0321,165,Tortilla_0,Bakery,2024-03-21,11.86,2024-03-22,11.86,0.0
P1-165-0322,165,Tortilla_0,Bakery,2024-03-22,224.24,2024-03-23,28.27,195.98
P1-165-0324,165,Tortilla_0,Bakery,2024-03-24,21.9,2024-03-25,21.9,0.0
P1-165-0325,165,Tortilla_0,Bakery,2024-03-25,25.97,2024-03-26,25.37,0.6
P1-165-0326,165,Tortilla_0,Bakery,2024-03-26,17.65,2024-03-27,17.65,0.0
P1-165-0327,165,Tortilla_0,Bakery,2024-03-27,19.97,2024-03-28,19.97,0.0
P1-165-0328,165,Tortilla_0,Bakery,2024-03-28,39.19,2024-03-29,38.17,1.02
P1-165-0329,165,Tortilla_0,Bakery,2024-03-29,13.09,2024-03-30,3.66,9.43
P1-165-0330,165,Tortilla_0,Bakery,2024-03-30,19.19,2024-03-31,5.36,13.83
P1-165-0331,165,Tortilla_0,Bakery,2024-03-31,15.24,2024-04-01,15.24,0.0
P1-165-0401,165,Tortilla_0,Bakery,2024-04-01,25.71,2024-04-02,25.71,0.0
P1-165-0402,165,Tortilla_0,Bakery,2024-04-02,1.5,2024-04-03,1.5,0.0
P1-165-0403,165,Tortilla_0,Bakery,2024-04-03,52.21,2024-04-04,42.37,9.84
P1-165-0404,165,Tortilla_0,Bakery,2024-04-04,13.4,2024-04-05,6.86,6.54
P1-165-0405,165,Tortilla_0,Bakery,2024-04-05,19.92,2024-04-06,16.03,3.89
P1-165-0407,165,Tortilla_0,Bakery,2024-04-07,24.94,2024-04-08,24.94,0.0
P1-165-0408,165,Tortilla_0,Bakery,2024-04-08,35.32,2024-04-09,35.32,0.0
P1-165-0409,165,Tortilla_0,Bakery,2024-04-09,37.32,2024-04-10,31.59,5.73
P1-165-0410,165,Tortilla_0,Bakery,2024-04-10,25.22,2024-04-11,6.97,18.25
P1-165-0412,165,Tortilla_0,Bakery,2024-04-12,19.77,2024-04-13,19.77,0.0
P1-165-0413,165,Tortilla_0,Bakery,2024-04-13,26.62,2024-04-14,23.95,2.67
P1-165-0414,165,Tortilla_0,Bakery,2024-04-14,18.8,2024-04-15,10.48,8.32
P1-165-0415,165,Tortilla_0,Bakery,2024-04-15,28.38,2024-04-16,15.83,12.55
P1-165-0417,165,Tortilla_0,Bakery,2024-04-17,23.42,2024-04-18,23.42,0.0
P1-165-0418,165,Tortilla_0,Bakery,2024-04-18,21.98,2024-04-19,21.98,0.0
P1-165-0419,165,Tortilla_0,Bakery,2024-04-19,27.49,2024-04-20,27.49,0.0
P1-165-0420,165,Tortilla_0,Bakery,2024-04-20,12.5,2024-04-21,12.5,0.0
P1-165-0421,165,Tortilla_0,Bakery,2024-04-21,21.66,2024-04-22,21.66,0.0
P1-165-0422,165,Tortilla_0,Bakery,2024-04-22,10.41,2024-04-23,10.41,0.0
P1-165-0423,165,Tortilla_0,Bakery,2024-04-23,15.16,2024-04-24,15.16,0.0
P1-165-0424,165,Tortilla_0,Bakery,2024-04-24,24.75,2024-04-25,24.75,0.0
P1-165-0425,165,Tortilla_0,Bakery,2024-04-25,26.45,2024-04-26,26.45,0.0
P1-165-0426,165,Tortilla_0,Bakery,2024-04-26,13.37,2024-04-27,13.37,0.0
P1-165-0427,165,Tortilla_0,Bakery,2024-04-27,18.08,2024-04-28,18.08,0.0
P1-165-0428,165,Tortilla_0,Bakery,2024-04-28,13.03,2024-04-29,13.03,0.0
P1-165-0429,165,Tortilla_0,Bakery,2024-04-29,7.18,2024-04-30,7.18,0.0
P1-165-0430,165,Tortilla_0,Bakery,2024-04-30,25.95,2024-05-01,23.09,2.86
P1-165-0501,165,Tortilla_0,Bakery,2024-05-01,3.86,2024-05-02,3.86,0.0
P1-165-0502,165,Tortilla_0,Bakery,2024-05-02,25.5,2024-05-03,25.5,0.0
P1-165-0503,165,Tortilla_0,Bakery,2024-05-03,14.49,2024-05-04,14.49,0.0
P1-165-0504,165,Tortilla_0,Bakery,2024-05-04,5.44,2024-05-05,5.44,0.0
P1-165-0505,165,Tortilla_0,Bakery,2024-05-05,17.49,2024-05-06,17.49,0.0
P1-165-0506,165,Tortilla_0,Bakery,2024-05-06,14.24,2024-05-07,14.24,0.0
P1-165-0507,165,Tortilla_0,Bakery,2024-05-07,26.34,2024-05-08,26.34,0.0
P1-165-0508,165,Tortilla_0,Bakery,2024-05-08,23.1,2024-05-09,23.1,0.0
P1-165-0509,165,Tortilla_0,Bakery,2024-05-09,18.65,2024-05-10,18.65,0.0
P1-165-0510,165,Tortilla_0,Bakery,2024-05-10,20.53,2024-05-11,20.53,0.0
P1-165-0511,165,Tortilla_0,Bakery,2024-05-11,19.72,2024-05-12,19.72,0.0
P1-165-0512,165,Tortilla_0,Bakery,2024-05-12,22.9,2024-05-13,22.9,0.0
P1-165-0513,165,Tortilla_0,Bakery,2024-05-13,1.62,2024-05-14,1.62,0.0
P1-165-0514,165,Tortilla_0,Bakery,2024-05-14,43.02,2024-05-15,31.6,11.42
P1-165-0516,165,Tortilla_0,Bakery,2024-05-16,20.89,2024-05-17,20.89,0.0
P1-165-0517,165,Tortilla_0,Bakery,2024-05-17,23.94,2024-05-18,23.94,0.0
P1-165-0518,165,Tortilla_0,Bakery,2024-05-18,15.03,2024-05-19,15.03,0.0
P1-165-0519,165,Tortilla_0,Bakery,2024-05-19,25.78,2024-05-20,25.78,0.0
P1-165-0520,165,Tortilla_0,Bakery,2024-05-20,28.24,2024-05-21,28.24,0.0
P1-165-0521,165,Tortilla_0,Bakery,2024-05-21,35.23,2024-05-22,35.23,0.0
P1-165-0522,165,Tortilla_0,Bakery,2024-05-22,30.38,2024-05-23,30.38,0.0
P1-165-0523,165,Tortilla_0,Bakery,2024-05-23,18.81,2024-05-24,18.81,0.0
P1-165-0524,165,Tortilla_0,Bakery,2024-05-24,23.69,2024-05-25,23.69,0.0
P1-165-0525,165,Tortilla_0,Bakery,2024-05-25,31.82,2024-05-26,23.1,8.72
P1-165-0526,165,Tortilla_0,Bakery,2024-05-26,29.92,2024-05-27,14.08,15.84
P1-165-0527,165,Tortilla_0,Bakery,2024-05-27,6.69,2024-05-28,6.69,0.0
P1-165-0528,165,Tortilla_0,Bakery,2024-05-28,55.27,2024-05-29,10.92,44.35
P1-165-0530,165,Tortilla_0,Bakery,2024-05-30,29.73,2024-05-31,22.43,7.3
P1-165-0531,165,Tortilla_0,Bakery,2024-05-31,34.57,2024-06-01,34.57,0.0
P1-165-0601,165,Tortilla_0,Bakery,2024-06-01,95.75,2024-06-02,95.75,0.0
P1-165-0602,165,Tortilla_0,Bakery,2024-06-02,164.84,2024-06-03,164.84,0.0
P1-1656-0301,1656,Snack_5,Bakery,2024-03-01,17.23,2024-03-02,17.23,0.0
P1-1656-0302,1656,Snack_5,Bakery,2024-03-02,17.23,2024-03-03,17.23,0.0
P1-1656-0303,1656,Snack_5,Bakery,2024-03-03,16.6,2024-03-04,16.6,0.0
P1-1656-0304,1656,Snack_5,Bakery,2024-03-04,9.57,2024-03-05,9.57,0.0
P1-1656-0305,1656,Snack_5,Bakery,2024-03-05,20.52,2024-03-06,17.01,3.51
P1-1656-0306,1656,Snack_5,Bakery,2024-03-06,10.35,2024-03-07,10.35,0.0
P1-1656-0307,1656,Snack_5,Bakery,2024-03-07,12.43,2024-03-08,12.43,0.0
P1-1656-0308,1656,Snack_5,Bakery,2024-03-08,13.45,2024-03-09,13.45,0.0
P1-1656-0309,1656,Snack_5,Bakery,2024-03-09,16.07,2024-03-10,16.07,0.0
P1-1656-0310,1656,Snack_5,Bakery,2024-03-10,17.67,2024-03-11,17.67,0.0
P1-1656-0311,1656,Snack_5,Bakery,2024-03-11,25.22,2024-03-12,25.22,0.0
P1-1656-0312,1656,Snack_5,Bakery,2024-03-12,10.06,2024-03-13,10.06,0.0
P1-1656-0313,1656,Snack_5,Bakery,2024-03-13,22.93,2024-03-14,22.93,0.0
P1-1656-0314,1656,Snack_5,Bakery,2024-03-14,31.23,2024-03-15,31.23,0.0
P1-1656-0315,1656,Snack_5,Bakery,2024-03-15,25.81,2024-03-16,25.81,0.0
P1-1656-0316,1656,Snack_5,Bakery,2024-03-16,16.2,2024-03-17,16.2,0.0
P1-1656-0317,1656,Snack_5,Bakery,2024-03-17,26.29,2024-03-18,26.29,0.0
P1-1656-0318,1656,Snack_5,Bakery,2024-03-18,17.78,2024-03-19,17.78,0.0
P1-1656-0319,1656,Snack_5,Bakery,2024-03-19,30.38,2024-03-20,24.8,5.58
P1-1656-0320,1656,Snack_5,Bakery,2024-03-20,14.25,2024-03-21,8.71,5.54
P1-1656-0321,1656,Snack_5,Bakery,2024-03-21,28.53,2024-03-22,28.53,0.0
P1-1656-0322,1656,Snack_5,Bakery,2024-03-22,7.71,2024-03-23,7.71,0.0
P1-1656-0323,1656,Snack_5,Bakery,2024-03-23,42.25,2024-03-24,38.69,3.56
P1-1656-0324,1656,Snack_5,Bakery,2024-03-24,10.1,2024-03-25,8.77,1.33
P1-1656-0325,1656,Snack_5,Bakery,2024-03-25,33.37,2024-03-26,6.98,26.39
P1-1656-0327,1656,Snack_5,Bakery,2024-03-27,27.76,2024-03-28,27.76,0.0
P1-1656-0328,1656,Snack_5,Bakery,2024-03-28,15.17,2024-03-29,3.03,12.15
P1-1656-0329,1656,Snack_5,Bakery,2024-03-29,36.07,2024-03-30,5.49,30.58
P1-1656-0331,1656,Snack_5,Bakery,2024-03-31,21.81,2024-04-01,14.96,6.85
P1-1656-0401,1656,Snack_5,Bakery,2024-04-01,1.55,2024-04-02,1.55,0.0
P1-1656-0402,1656,Snack_5,Bakery,2024-04-02,12.88,2024-04-03,12.88,0.0
P1-1656-0403,1656,Snack_5,Bakery,2024-04-03,28.34,2024-04-04,28.34,0.0
P1-1656-0404,1656,Snack_5,Bakery,2024-04-04,20.34,2024-04-05,20.34,0.0
P1-1656-0405,1656,Snack_5,Bakery,2024-04-05,5.49,2024-04-06,5.49,0.0
P1-1656-0406,1656,Snack_5,Bakery,2024-04-06,16.53,2024-04-07,16.03,0.5
P1-1656-0407,1656,Snack_5,Bakery,2024-04-07,7.02,2024-04-08,7.02,0.0
P1-1656-0408,1656,Snack_5,Bakery,2024-04-08,11.51,2024-04-09,11.51,0.0
P1-1656-0409,1656,Snack_5,Bakery,2024-04-09,18.51,2024-04-10,18.44,0.07
P1-1656-0410,1656,Snack_5,Bakery,2024-04-10,29.85,2024-04-11,10.45,19.4
P1-1656-0412,1656,Snack_5,Bakery,2024-04-12,21.82,2024-04-13,21.82,0.0
P1-1656-0413,1656,Snack_5,Bakery,2024-04-13,4.73,2024-04-14,4.73,0.0
P1-1656-0414,1656,Snack_5,Bakery,2024-04-14,18.22,2024-04-15,18.22,0.0
P1-1656-0415,1656,Snack_5,Bakery,2024-04-15,10.9,2024-04-16,10.9,0.0
P1-1656-0416,1656,Snack_5,Bakery,2024-04-16,12.19,2024-04-17,12.19,0.0
P1-1656-0417,1656,Snack_5,Bakery,2024-04-17,12.3,2024-04-18,12.3,0.0
P1-1656-0418,1656,Snack_5,Bakery,2024-04-18,14.62,2024-04-19,14.62,0.0
P1-1656-0419,1656,Snack_5,Bakery,2024-04-19,14.33,2024-04-20,14.33,0.0
P1-1656-0420,1656,Snack_5,Bakery,2024-04-20,28.58,2024-04-21,20.45,8.13
P1-1656-0422,1656,Snack_5,Bakery,2024-04-22,22.02,2024-04-23,22.02,0.0
P1-1656-0423,1656,Snack_5,Bakery,2024-04-23,22.01,2024-04-24,22.01,0.0
P1-1656-0424,1656,Snack_5,Bakery,2024-04-24,17.71,2024-04-25,17.71,0.0
P1-1656-0425,1656,Snack_5,Bakery,2024-04-25,30.38,2024-04-26,30.38,0.0
P1-1656-0426,1656,Snack_5,Bakery,2024-04-26,9.15,2024-04-27,9.15,0.0
P1-1656-0427,1656,Snack_5,Bakery,2024-04-27,24.44,2024-04-28,22.99,1.45
P1-1656-0429,1656,Snack_5,Bakery,2024-04-29,26.99,2024-04-30,20.88,6.11
P1-1656-0430,1656,Snack_5,Bakery,2024-04-30,26.48,2024-05-01,10.65,15.83
P1-1656-0502,1656,Snack_5,Bakery,2024-05-02,31.4,2024-05-03,31.4,0.0
P1-1656-0503,1656,Snack_5,Bakery,2024-05-03,22.21,2024-05-04,15.81,6.4
P1-1656-0505,1656,Snack_5,Bakery,2024-05-05,27.36,2024-05-06,19.22,8.14
P1-1656-0507,1656,Snack_5,Bakery,2024-05-07,15.2,2024-05-08,15.2,0.0
P1-1656-0508,1656,Snack_5,Bakery,2024-05-08,17.0,2024-05-09,17.0,0.0
P1-1656-0509,1656,Snack_5,Bakery,2024-05-09,20.64,2024-05-10,20.64,0.0
P1-1656-0510,1656,Snack_5,Bakery,2024-05-10,12.68,2024-05-11,12.68,0.0
P1-1656-0511,1656,Snack_5,Bakery,2024-05-11,22.67,2024-05-12,22.67,0.0
P1-1656-0512,1656,Snack_5,Bakery,2024-05-12,7.2,2024-05-13,7.2,0.0
P1-1656-0513,1656,Snack_5,Bakery,2024-05-13,22.72,2024-05-14,22.72,0.0
P1-1656-0514,1656,Snack_5,Bakery,2024-05-14,24.92,2024-05-15,24.92,0.0
P1-1656-0515,1656,Snack_5,Bakery,2024-05-15,39.95,2024-05-16,39.95,0.0
P1-1656-0516,1656,Snack_5,Bakery,2024-05-16,31.1,2024-05-17,31.1,0.0
P1-1656-0517,1656,Snack_5,Bakery,2024-05-17,42.2,2024-05-18,42.2,0.0
P1-1656-0518,1656,Snack_5,Bakery,2024-05-18,30.44,2024-05-19,25.43,5.01
P1-1656-0520,1656,Snack_5,Bakery,2024-05-20,53.14,2024-05-21,53.14,0.0
P1-1656-0521,1656,Snack_5,Bakery,2024-05-21,43.35,2024-05-22,43.35,0.0
P1-1656-0522,1656,Snack_5,Bakery,2024-05-22,30.03,2024-05-23,30.03,0.0
P1-1656-0523,1656,Snack_5,Bakery,2024-05-23,57.39,2024-05-24,45.48,11.91
P1-1656-0525,1656,Snack_5,Bakery,2024-05-25,54.06,2024-05-26,30.2,23.86
P1-1656-0526,1656,Snack_5,Bakery,2024-05-26,4.03,2024-05-27,4.03,0.0
P1-1656-0527,1656,Snack_5,Bakery,2024-05-27,70.23,2024-05-28,64.61,5.62
P1-1656-0528,1656,Snack_5,Bakery,2024-05-28,26.78,2024-05-29,21.13,5.65
P1-1656-0529,1656,Snack_5,Bakery,2024-05-29,21.28,2024-05-30,21.28,0.0
P1-1656-0530,1656,Snack_5,Bakery,2024-05-30,11.69,2024-05-31,11.69,0.0
P1-1656-0531,1656,Snack_5,Bakery,2024-05-31,50.96,2024-06-01,50.96,0.0
P1-1656-0601,1656,Snack_5,Bakery,2024-06-01,27.38,2024-06-02,27.38,0.0
P1-1656-0602,1656,Snack_5,Bakery,2024-06-02,34.25,2024-06-03,31.9,
P1-1691-0301,1691,Apple_93,Fruit and vegetable,2024-03-01,335.1,2024-03-03,335.1,0.0
P1-1691-0302,1691,Apple_93,Fruit and vegetable,2024-03-02,335.1,2024-03-04,335.1,0.0
P1-1691-0303,1691,Apple_93,Fruit and vegetable,2024-03-03,329.54,2024-03-05,329.54,0.0
P1-1691-0304,1691,Apple_93,Fruit and vegetable,2024-03-04,255.0,2024-03-06,255.0,0.0
P1-1691-0305,1691,Apple_93,Fruit and vegetable,2024-03-05,262.17,2024-03-07,262.17,0.0
P1-1691-0306,1691,Apple_93,Fruit and vegetable,2024-03-06,248.49,2024-03-08,248.49,0.0
P1-1691-0307,1691,Apple_93,Fruit and vegetable,2024-03-07,217.4,2024-03-09,217.4,0.0
P1-1691-0308,1691,Apple_93,Fruit and vegetable,2024-03-08,299.44,2024-03-10,299.44,0.0
P1-1691-0309,1691,Apple_93,Fruit and vegetable,2024-03-09,335.55,2024-03-11,335.55,0.0
P1-1691-0310,1691,Apple_93,Fruit and vegetable,2024-03-10,245.92,2024-03-12,245.92,0.0
P1-1691-0311,1691,Apple_93,Fruit and vegetable,2024-03-11,264.06,2024-03-13,264.06,0.0
P1-1691-0312,1691,Apple_93,Fruit and vegetable,2024-03-12,185.78,2024-03-14,185.78,0.0
P1-1691-0314,1691,Apple_93,Fruit and vegetable,2024-03-14,199.91,2024-03-16,199.91,0.0
P1-1691-0315,1691,Apple_93,Fruit and vegetable,2024-03-15,313.33,2024-03-17,313.33,0.0
P1-1691-0316,1691,Apple_93,Fruit and vegetable,2024-03-16,425.44,2024-03-18,425.44,0.0
P1-1691-0317,1691,Apple_93,Fruit and vegetable,2024-03-17,61.7,2024-03-19,61.7,0.0
P1-1691-0318,1691,Apple_93,Fruit and vegetable,2024-03-18,203.23,2024-03-20,203.23,0.0
P1-1691-0319,1691,Apple_93,Fruit and vegetable,2024-03-19,94.38,2024-03-21,94.38,0.0
P1-1691-0320,1691,Apple_93,Fruit and vegetable,2024-03-20,189.69,2024-03-22,189.69,0.0
P1-1691-0321,1691,Apple_93,Fruit and vegetable,2024-03-21,105.11,2024-03-23,105.11,0.0
P1-1691-0322,1691,Apple_93,Fruit and vegetable,2024-03-22,259.44,2024-03-24,238.39,21.04
P1-1691-0324,1691,Apple_93,Fruit and vegetable,2024-03-24,118.09,2024-03-26,118.09,0.0
P1-1691-0325,1691,Apple_93,Fruit and vegetable,2024-03-25,112.43,2024-03-27,112.43,0.0
P1-1691-0326,1691,Apple_93,Fruit and vegetable,2024-03-26,230.18,2024-03-28,230.18,0.0
P1-1691-0327,1691,Apple_93,Fruit and vegetable,2024-03-27,249.91,2024-03-29,249.91,0.0
P1-1691-0328,1691,Apple_93,Fruit and vegetable,2024-03-28,212.71,2024-03-30,212.71,0.0
P1-1691-0329,1691,Apple_93,Fruit and vegetable,2024-03-29,236.88,2024-03-31,236.88,0.0
P1-1691-0330,1691,Apple_93,Fruit and vegetable,2024-03-30,107.22,2024-04-01,107.22,0.0
P1-1691-0331,1691,Apple_93,Fruit and vegetable,2024-03-31,184.69,2024-04-02,184.69,0.0
P1-1691-0401,1691,Apple_93,Fruit and vegetable,2024-04-01,216.15,2024-04-03,216.15,0.0
P1-1691-0402,1691,Apple_93,Fruit and vegetable,2024-04-02,350.91,2024-04-04,350.91,0.0
P1-1691-0403,1691,Apple_93,Fruit and vegetable,2024-04-03,353.87,2024-04-05,353.87,0.0
P1-1691-0404,1691,Apple_93,Fruit and vegetable,2024-04-04,202.72,2024-04-06,202.72,0.0
P1-1691-0405,1691,Apple_93,Fruit and vegetable,2024-04-05,278.19,2024-04-07,278.19,0.0
P1-1691-0406,1691,Apple_93,Fruit and vegetable,2024-04-06,276.02,2024-04-08,276.02,0.0
P1-1691-0407,1691,Apple_93,Fruit and vegetable,2024-04-07,237.54,2024-04-09,237.54,0.0
P1-1691-0408,1691,Apple_93,Fruit and vegetable,2024-04-08,349.66,2024-04-10,349.66,0.0
P1-1691-0409,1691,Apple_93,Fruit and vegetable,2024-04-09,219.25,2024-04-11,219.25,0.0
P1-1691-0410,1691,Apple_93,Fruit and vegetable,2024-04-10,169.37,2024-04-12,169.37,0.0
P1-1691-0411,1691,Apple_93,Fruit and vegetable,2024-04-11,287.74,2024-04-13,287.74,0.0
P1-1691-0412,1691,Apple_93,Fruit and vegetable,2024-04-12,454.87,2024-04-14,454.87,0.0
P1-1691-0413,1691,Apple_93,Fruit and vegetable,2024-04-13,231.77,2024-04-15,231.77,0.0
P1-1691-0414,1691,Apple_93,Fruit and vegetable,2024-04-14,349.69,2024-04-16,349.69,0.0
P1-1691-0415,1691,Apple_93,Fruit and vegetable,2024-04-15,130.3,2024-04-17,130.3,0.0
P1-1691-0416,1691,Apple_93,Fruit and vegetable,2024-04-16,338.29,2024-04-18,338.29,0.0
P1-1691-0417,1691,Apple_93,Fruit and vegetable,2024-04-17,226.61,2024-04-19,226.61,0.0
P1-1691-0418,1691,Apple_93,Fruit and vegetable,2024-04-18,236.7,2024-04-20,236.7,0.0
P1-1691-0419,1691,Apple_93,Fruit and vegetable,2024-04-19,233.24,2024-04-21,233.24,0.0
P1-1691-0420,1691,Apple_93,Fruit and vegetable,2024-04-20,179.58,2024-04-22,179.58,0.0
P1-1691-0421,1691,Apple_93,Fruit and vegetable,2024-04-21,224.98,2024-04-23,224.98,0.0
P1-1691-0422,1691,Apple_93,Fruit and vegetable,2024-04-22,202.63,2024-04-24,202.63,0.0
P1-1691-0423,1691,Apple_93,Fruit and vegetable,2024-04-23,119.42,2024-04-25,119.42,0.0
P1-1691-0424,1691,Apple_93,Fruit and vegetable,2024-04-24,150.37,2024-04-26,150.37,0.0
P1-1691-0425,1691,Apple_93,Fruit and vegetable,2024-04-25,186.36,2024-04-27,186.36,0.0
P1-1691-0426,1691,Apple_93,Fruit and vegetable,2024-04-26,262.38,2024-04-28,262.38,0.0
P1-1691-0427,1691,Apple_93,Fruit and vegetable,2024-04-27,96.88,2024-04-29,96.88,0.0
P1-1691-0428,1691,Apple_93,Fruit and vegetable,2024-04-28,200.29,2024-04-30,200.29,0.0
P1-1691-0429,1691,Apple_93,Fruit and vegetable,2024-04-29,147.13,2024-05-01,147.13,0.0
P1-1691-0430,1691,Apple_93,Fruit and vegetable,2024-04-30,229.39,2024-05-02,229.39,0.0
P1-1691-0501,1691,Apple_93,Fruit and vegetable,2024-05-01,241.06,2024-05-03,241.06,0.0
P1-1691-0502,1691,Apple_93,Fruit and vegetable,2024-05-02,265.86,2024-05-04,265.86,0.0
P1-1691-0503,1691,Apple_93,Fruit and vegetable,2024-05-03,367.78,2024-05-05,367.78,0.0
P1-1691-0504,1691,Apple_93,Fruit and vegetable,2024-05-04,227.63,2024-05-06,227.63,0.0
P1-1691-0505,1691,Apple_93,Fruit and vegetable,2024-05-05,233.41,2024-05-07,233.41,0.0
P1-1691-0506,1691,Apple_93,Fruit and vegetable,2024-05-06,373.12,2024-05-08,373.12,0.0
P1-1691-0507,1691,Apple_93,Fruit and vegetable,2024-05-07,318.7,2024-05-09,318.7,0.0
P1-1691-0508,1691,Apple_93,Fruit and vegetable,2024-05-08,317.04,2024-05-10,317.04,0.0
P1-1691-0509,1691,Apple_93,Fruit and vegetable,2024-05-09,336.2,2024-05-11,336.2,0.0
P1-1691-0510,1691,Apple_93,Fruit and vegetable,2024-05-10,367.26,2024-05-12,367.26,0.0
P1-1691-0511,1691,Apple_93,Fruit and vegetable,2024-05-11,204.57,2024-05-13,204.57,0.0
P1-1691-0512,1691,Apple_93,Fruit and vegetable,2024-05-12,233.17,2024-05-14,233.17,0.0
P1-1691-0513,1691,Apple_93,Fruit and vegetable,2024-05-13,337.99,2024-05-15,337.99,0.0
P1-1691-0514,1691,Apple_93,Fruit and vegetable,2024-05-14,385.56,2024-05-16,385.56,0.0
P1-1691-0515,1691,Apple_93,Fruit and vegetable,2024-05-15,230.27,2024-05-17,230.27,0.0
P1-1691-0516,1691,Apple_93,Fruit and vegetable,2024-05-16,249.18,2024-05-18,249.18,0.0
P1-1691-0517,1691,Apple_93,Fruit and vegetable,2024-05-17,411.66,2024-05-19,411.66,0.0
P1-1691-0518,1691,Apple_93,Fruit and vegetable,2024-05-18,167.95,2024-05-20,167.95,0.0
P1-1691-0519,1691,Apple_93,Fruit and vegetable,2024-05-19,313.87,2024-05-21,313.87,0.0
P1-1691-0520,1691,Apple_93,Fruit and vegetable,2024-05-20,324.11,2024-05-22,324.11,0.0
P1-1691-0521,1691,Apple_93,Fruit and vegetable,2024-05-21,265.62,2024-05-23,265.62,0.0
P1-1691-0522,1691,Apple_93,Fruit and vegetable,2024-05-22,207.59,2024-05-24,207.59,0.0
P1-1691-0523,1691,Apple_93,Fruit and vegetable,2024-05-23,266.27,2024-05-25,266.27,0.0
P1-1691-0524,1691,Apple_93,Fruit and vegetable,2024-05-24,286.65,2024-05-26,286.65,0.0
P1-1691-0525,1691,Apple_93,Fruit and vegetable,2024-05-25,152.7,2024-05-27,152.7,0.0
P1-1691-0526,1691,Apple_93,Fruit and vegetable,2024-05-26,239.2,2024-05-28,239.2,0.0
P1-1691-0527,1691,Apple_93,Fruit and vegetable,2024-05-27,204.42,2024-05-29,204.42,0.0
P1-1691-0528,1691,Apple_93,Fruit and vegetable,2024-05-28,271.57,2024-05-30,271.57,0.0
P1-1691-0529,1691,Apple_93,Fruit and vegetable,2024-05-29,226.26,2024-05-31,226.26,0.0
P1-1691-0530,1691,Apple_93,Fruit and vegetable,2024-05-30,258.86,2024-06-01,258.86,0.0
P1-1691-0531,1691,Apple_93,Fruit and vegetable,2024-05-31,230.26,2024-06-02,230.26,0.0
P1-1691-0601,1691,Apple_93,Fruit and vegetable,2024-06-01,199.34,2024-06-03,199.34,0.0
P1-1691-0602,1691,Apple_93,Fruit and vegetable,2024-06-02,285.45,2024-06-04,260.13,
P1-1713-0301,1713,Baguette_25,Bakery,2024-03-01,239.48,2024-03-02,239.48,0.0
P1-1713-0302,1713,Baguette_25,Bakery,2024-03-02,239.48,2024-03-03,239.48,0.0
P1-1713-0303,1713,Baguette_25,Bakery,2024-03-03,233.71,2024-03-04,233.71,0.0
P1-1713-0304,1713,Baguette_25,Bakery,2024-03-04,157.52,2024-03-05,157.52,0.0
P1-1713-0305,1713,Baguette_25,Bakery,2024-03-05,203.13,2024-03-06,199.01,4.12
P1-1713-0306,1713,Baguette_25,Bakery,2024-03-06,143.73,2024-03-07,143.73,0.0
P1-1713-0307,1713,Baguette_25,Bakery,2024-03-07,147.28,2024-03-08,147.28,0.0
P1-1713-0308,1713,Baguette_25,Bakery,2024-03-08,291.76,2024-03-09,291.76,0.0
P1-1713-0309,1713,Baguette_25,Bakery,2024-03-09,303.43,2024-03-10,303.43,0.0
P1-1713-0310,1713,Baguette_25,Bakery,2024-03-10,258.54,2024-03-11,258.54,0.0
P1-1713-0311,1713,Baguette_25,Bakery,2024-03-11,225.1,2024-03-12,225.1,0.0
P1-1713-0312,1713,Baguette_25,Bakery,2024-03-12,122.46,2024-03-13,122.46,0.0
P1-1713-0313,1713,Baguette_25,Bakery,2024-03-13,141.69,2024-03-14,141.69,0.0
P1-1713-0314,1713,Baguette_25,Bakery,2024-03-14,297.11,2024-03-15,297.11,0.0
P1-1713-0315,1713,Baguette_25,Bakery,2024-03-15,180.46,2024-03-16,180.46,0.0
P1-1713-0316,1713,Baguette_25,Bakery,2024-03-16,305.15,2024-03-17,226.32,78.83
P1-1713-0317,1713,Baguette_25,Bakery,2024-03-17,28.35,2024-03-18,28.35,0.0
P1-1713-0318,1713,Baguette_25,Bakery,2024-03-18,227.64,2024-03-19,227.64,0.0
P1-1713-0319,1713,Baguette_25,Bakery,2024-03-19,90.43,2024-03-20,90.43,0.0
P1-1713-0320,1713,Baguette_25,Bakery,2024-03-20,220.83,2024-03-21,220.83,0.0
P1-1713-0321,1713,Baguette_25,Bakery,2024-03-21,183.09,2024-03-22,183.09,0.0
P1-1713-0322,1713,Baguette_25,Bakery,2024-03-22,259.78,2024-03-23,259.78,0.0
P1-1713-0323,1713,Baguette_25,Bakery,2024-03-23,248.55,2024-03-24,248.55,0.0
P1-1713-0324,1713,Baguette_25,Bakery,2024-03-24,155.96,2024-03-25,155.96,0.0
P1-1713-0325,1713,Baguette_25,Bakery,2024-03-25,198.87,2024-03-26,198.87,0.0
P1-1713-0326,1713,Baguette_25,Bakery,2024-03-26,215.39,2024-03-27,215.39,0.0
P1-1713-0327,1713,Baguette_25,Bakery,2024-03-27,243.71,2024-03-28,243.71,0.0
P1-1713-0328,1713,Baguette_25,Bakery,2024-03-28,265.33,2024-03-29,265.33,0.0
P1-1713-0329,1713,Baguette_25,Bakery,2024-03-29,310.6,2024-03-30,310.6,0.0
P1-1713-0330,1713,Baguette_25,Bakery,2024-03-30,170.34,2024-03-31,170.34,0.0
P1-1713-0331,1713,Baguette_25,Bakery,2024-03-31,163.41,2024-04-01,163.41,0.0
P1-1713-0401,1713,Baguette_25,Bakery,2024-04-01,232.39,2024-04-02,232.39,0.0
P1-1713-0402,1713,Baguette_25,Bakery,2024-04-02,222.17,2024-04-03,222.17,0.0
P1-1713-0403,1713,Baguette_25,Bakery,2024-04-03,306.41,2024-04-04,306.41,0.0
P1-1713-0404,1713,Baguette_25,Bakery,2024-04-04,111.22,2024-04-05,111.22,0.0
P1-1713-0405,1713,Baguette_25,Bakery,2024-04-05,234.32,2024-04-06,234.32,0.0
P1-1713-0406,1713,Baguette_25,Bakery,2024-04-06,171.57,2024-04-07,171.57,0.0
P1-1713-0407,1713,Baguette_25,Bakery,2024-04-07,294.49,2024-04-08,294.49,0.0
P1-1713-0408,1713,Baguette_25,Bakery,2024-04-08,138.85,2024-04-09,138.85,0.0
P1-1713-0409,1713,Baguette_25,Bakery,2024-04-09,214.36,2024-04-10,214.36,0.0
P1-1713-0410,1713,Baguette_25,Bakery,2024-04-10,217.21,2024-04-11,217.21,0.0
P1-1713-0411,1713,Baguette_25,Bakery,2024-04-11,325.1,2024-04-12,325.1,0.0
P1-1713-0412,1713,Baguette_25,Bakery,2024-04-12,131.14,2024-04-13,131.14,0.0
P1-1713-0413,1713,Baguette_25,Bakery,2024-04-13,199.46,2024-04-14,199.46,0.0
P1-1713-0414,1713,Baguette_25,Bakery,2024-04-14,195.53,2024-04-15,195.53,0.0
P1-1713-0415,1713,Baguette_25,Bakery,2024-04-15,212.73,2024-04-16,212.73,0.0
P1-1713-0416,1713,Baguette_25,Bakery,2024-04-16,186.2,2024-04-17,186.2,0.0
P1-1713-0417,1713,Baguette_25,Bakery,2024-04-17,170.44,2024-04-18,170.44,0.0
P1-1713-0418,1713,Baguette_25,Bakery,2024-04-18,227.26,2024-04-19,227.26,0.0
P1-1713-0419,1713,Baguette_25,Bakery,2024-04-19,284.56,2024-04-20,284.56,0.0
P1-1713-0420,1713,Baguette_25,Bakery,2024-04-20,160.98,2024-04-21,160.98,0.0
P1-1713-0421,1713,Baguette_25,Bakery,2024-04-21,141.65,2024-04-22,141.65,0.0
P1-1713-0422,1713,Baguette_25,Bakery,2024-04-22,232.03,2024-04-23,232.03,0.0
P1-1713-0423,1713,Baguette_25,Bakery,2024-04-23,290.34,2024-04-24,290.34,0.0
P1-1713-0424,1713,Baguette_25,Bakery,2024-04-24,132.53,2024-04-25,132.53,0.0
P1-1713-0425,1713,Baguette_25,Bakery,2024-04-25,145.48,2024-04-26,145.48,0.0
P1-1713-0426,1713,Baguette_25,Bakery,2024-04-26,232.34,2024-04-27,232.34,0.0
P1-1713-0427,1713,Baguette_25,Bakery,2024-04-27,188.29,2024-04-28,188.29,0.0
P1-1713-0428,1713,Baguette_25,Bakery,2024-04-28,111.68,2024-04-29,111.68,0.0
P1-1713-0429,1713,Baguette_25,Bakery,2024-04-29,319.19,2024-04-30,319.19,0.0
P1-1713-0430,1713,Baguette_25,Bakery,2024-04-30,131.45,2024-05-01,131.45,0.0
P1-1713-0501,1713,Baguette_25,Bakery,2024-05-01,219.29,2024-05-02,219.29,0.0
P1-1713-0502,1713,Baguette_25,Bakery,2024-05-02,218.31,2024-05-03,218.31,0.0
P1-1713-0503,1713,Baguette_25,Bakery,2024-05-03,238.05,2024-05-04,238.05,0.0
P1-1713-0504,1713,Baguette_25,Bakery,2024-05-04,209.25,2024-05-05,209.25,0.0
P1-1713-0505,1713,Baguette_25,Bakery,2024-05-05,265.34,2024-05-06,259.72,5.62
P1-1713-0506,1713,Baguette_25,Bakery,2024-05-06,145.56,2024-05-07,145.56,0.0
P1-1713-0507,1713,Baguette_25,Bakery,2024-05-07,166.81,2024-05-08,166.81,0.0
P1-1713-0508,1713,Baguette_25,Bakery,2024-05-08,215.29,2024-05-09,215.29,0.0
P1-1713-0509,1713,Baguette_25,Bakery,2024-05-09,186.84,2024-05-10,186.84,0.0
P1-1713-0510,1713,Baguette_25,Bakery,2024-05-10,247.16,2024-05-11,247.16,0.0
P1-1713-0511,1713,Baguette_25,Bakery,2024-05-11,149.95,2024-05-12,149.95,0.0
P1-1713-0512,1713,Baguette_25,Bakery,2024-05-12,64.52,2024-05-13,64.52,0.0
P1-1713-0513,1713,Baguette_25,Bakery,2024-05-13,164.34,2024-05-14,164.34,0.0
P1-1713-0514,1713,Baguette_25,Bakery,2024-05-14,297.75,2024-05-15,297.75,0.0
P1-1713-0515,1713,Baguette_25,Bakery,2024-05-15,104.34,2024-05-16,104.34,0.0
P1-1713-0516,1713,Baguette_25,Bakery,2024-05-16,194.8,2024-05-17,194.8,0.0
P1-1713-0517,1713,Baguette_25,Bakery,2024-05-17,279.71,2024-05-18,279.71,0.0
P1-1713-0518,1713,Baguette_25,Bakery,2024-05-18,228.9,2024-05-19,228.9,0.0
P1-1713-0519,1713,Baguette_25,Bakery,2024-05-19,180.75,2024-05-20,180.75,0.0
P1-1713-0520,1713,Baguette_25,Bakery,2024-05-20,195.03,2024-05-21,195.03,0.0
P1-1713-0521,1713,Baguette_25,Bakery,2024-05-21,203.8,2024-05-22,203.8,0.0
P1-1713-0522,1713,Baguette_25,Bakery,2024-05-22,169.62,2024-05-23,169.62,0.0
P1-1713-0523,1713,Baguette_25,Bakery,2024-05-23,229.75,2024-05-24,229.75,0.0
P1-1713-0524,1713,Baguette_25,Bakery,2024-05-24,215.37,2024-05-25,215.37,0.0
P1-1713-0525,1713,Baguette_25,Bakery,2024-05-25,137.18,2024-05-26,137.18,0.0
P1-1713-0526,1713,Baguette_25,Bakery,2024-05-26,217.02,2024-05-27,217.02,0.0
P1-1713-0527,1713,Baguette_25,Bakery,2024-05-27,239.44,2024-05-28,239.44,0.0
P1-1713-0528,1713,Baguette_25,Bakery,2024-05-28,87.86,2024-05-29,87.86,0.0
P1-1713-0529,1713,Baguette_25,Bakery,2024-05-29,141.9,2024-05-30,141.9,0.0
P1-1713-0530,1713,Baguette_25,Bakery,2024-05-30,200.07,2024-05-31,200.07,0.0
P1-1713-0531,1713,Baguette_25,Bakery,2024-05-31,322.12,2024-06-01,322.12,0.0
P1-1713-0601,1713,Baguette_25,Bakery,2024-06-01,259.26,2024-06-02,246.53,
P1-1713-0602,1713,Baguette_25,Bakery,2024-06-02,140.29,2024-06-03,0.0,
P1-1716-0301,1716,Spinach_9,Fruit and vegetable,2024-03-01,34.37,2024-03-03,34.37,0.0
P1-1716-0303,1716,Spinach_9,Fruit and vegetable,2024-03-03,34.37,2024-03-05,34.37,0.0
P1-1716-0304,1716,Spinach_9,Fruit and vegetable,2024-03-04,33.13,2024-03-06,33.13,0.0
P1-1716-0305,1716,Spinach_9,Fruit and vegetable,2024-03-05,19.14,2024-03-07,19.14,0.0
P1-1716-0306,1716,Spinach_9,Fruit and vegetable,2024-03-06,15.33,2024-03-08,15.33,0.0
P1-1716-0307,1716,Spinach_9,Fruit and vegetable,2024-03-07,14.0,2024-03-09,14.0,0.0
P1-1716-0308,1716,Spinach_9,Fruit and vegetable,2024-03-08,29.42,2024-03-10,29.42,0.0
P1-1716-0309,1716,Spinach_9,Fruit and vegetable,2024-03-09,16.65,2024-03-11,16.65,0.0
P1-1716-0310,1716,Spinach_9,Fruit and vegetable,2024-03-10,27.53,2024-03-12,27.53,0.0
P1-1716-0311,1716,Spinach_9,Fruit and vegetable,2024-03-11,27.24,2024-03-13,27.24,0.0
P1-1716-0312,1716,Spinach_9,Fruit and vegetable,2024-03-12,29.96,2024-03-14,29.96,0.0
P1-1716-0313,1716,Spinach_9,Fruit and vegetable,2024-03-13,42.33,2024-03-15,42.33,0.0
P1-1716-0314,1716,Spinach_9,Fruit and vegetable,2024-03-14,40.14,2024-03-16,28.92,11.22
P1-1716-0317,1716,Spinach_9,Fruit and vegetable,2024-03-17,27.84,2024-03-19,27.84,0.0
P1-1716-0318,1716,Spinach_9,Fruit and vegetable,2024-03-18,43.46,2024-03-20,43.46,0.0
P1-1716-0319,1716,Spinach_9,Fruit and vegetable,2024-03-19,9.14,2024-03-21,9.14,0.0
P1-1716-0320,1716,Spinach_9,Fruit and vegetable,2024-03-20,26.48,2024-03-22,26.48,0.0
P1-1716-0321,1716,Spinach_9,Fruit and vegetable,2024-03-21,32.01,2024-03-23,32.01,0.0
P1-1716-0322,1716,Spinach_9,Fruit and vegetable,2024-03-22,43.78,2024-03-24,20.65,23.13
P1-1716-0327,1716,Spinach_9,Fruit and vegetable,2024-03-27,184.9,2024-03-29,184.9,0.0
P1-1716-0328,1716,Spinach_9,Fruit and vegetable,2024-03-28,231.31,2024-03-30,231.31,0.0
P1-1716-0329,1716,Spinach_9,Fruit and vegetable,2024-03-29,171.6,2024-03-31,171.6,0.0
P1-1716-0330,1716,Spinach_9,Fruit and vegetable,2024-03-30,134.75,2024-04-01,134.75,0.0
P1-1716-0331,1716,Spinach_9,Fruit and vegetable,2024-03-31,132.55,2024-04-02,132.55,0.0
P1-1716-0401,1716,Spinach_9,Fruit and vegetable,2024-04-01,92.0,2024-04-03,92.0,0.0
P1-1716-0402,1716,Spinach_9,Fruit and vegetable,2024-04-02,20.25,2024-04-04,20.25,0.0
P1-1716-0403,1716,Spinach_9,Fruit and vegetable,2024-04-03,199.63,2024-04-05,76.28,123.35
P1-1716-0404,1716,Spinach_9,Fruit and vegetable,2024-04-04,112.6,2024-04-06,26.71,85.89
P1-1716-0406,1716,Spinach_9,Fruit and vegetable,2024-04-06,60.12,2024-04-08,60.12,0.0
P1-1716-0407,1716,Spinach_9,Fruit and vegetable,2024-04-07,82.45,2024-04-09,39.19,43.27
P1-1716-0409,1716,Spinach_9,Fruit and vegetable,2024-04-09,5.37,2024-04-11,5.37,0.0
P1-1716-0410,1716,Spinach_9,Fruit and vegetable,2024-04-10,85.84,2024-04-12,85.84,0.0
P1-1716-0412,1716,Spinach_9,Fruit and vegetable,2024-04-12,40.73,2024-04-14,34.47,6.26
P1-1716-0414,1716,Spinach_9,Fruit and vegetable,2024-04-14,4.71,2024-04-16,4.71,0.0
P1-1716-0415,1716,Spinach_9,Fruit and vegetable,2024-04-15,60.87,2024-04-17,20.05,40.82
P1-1716-0419,1716,Spinach_9,Fruit and vegetable,2024-04-19,37.18,2024-04-21,37.18,0.0
P1-1716-0420,1716,Spinach_9,Fruit and vegetable,2024-04-20,40.27,2024-04-22,40.27,0.0
P1-1716-0421,1716,Spinach_9,Fruit and vegetable,2024-04-21,36.98,2024-04-23,36.98,0.0
P1-1716-0422,1716,Spinach_9,Fruit and vegetable,2024-04-22,50.23,2024-04-24,50.23,0.0
P1-1716-0423,1716,Spinach_9,Fruit and vegetable,2024-04-23,9.05,2024-04-25,9.05,0.0
P1-1716-0424,1716,Spinach_9,Fruit and vegetable,2024-04-24,36.92,2024-04-26,36.92,0.0
P1-1716-0425,1716,Spinach_9,Fruit and vegetable,2024-04-25,18.27,2024-04-27,18.27,0.0
P1-1716-0426,1716,Spinach_9,Fruit and vegetable,2024-04-26,45.2,2024-04-28,45.2,0.0
P1-1716-0427,1716,Spinach_9,Fruit and vegetable,2024-04-27,34.65,2024-04-29,34.65,0.0
P1-1716-0428,1716,Spinach_9,Fruit and vegetable,2024-04-28,25.86,2024-04-30,25.86,0.0
P1-1716-0429,1716,Spinach_9,Fruit and vegetable,2024-04-29,13.39,2024-05-01,13.39,0.0
P1-1716-0430,1716,Spinach_9,Fruit and vegetable,2024-04-30,41.13,2024-05-02,41.13,0.0
P1-1716-0501,1716,Spinach_9,Fruit and vegetable,2024-05-01,24.03,2024-05-03,24.03,0.0
P1-1716-0502,1716,Spinach_9,Fruit and vegetable,2024-05-02,40.7,2024-05-04,40.7,0.0
P1-1716-0503,1716,Spinach_9,Fruit and vegetable,2024-05-03,28.09,2024-05-05,28.09,0.0
P1-1716-0504,1716,Spinach_9,Fruit and vegetable,2024-05-04,21.99,2024-05-06,21.99,0.0
P1-1716-0505,1716,Spinach_9,Fruit and vegetable,2024-05-05,21.57,2024-05-07,21.57,0.0
P1-1716-0506,1716,Spinach_9,Fruit and vegetable,2024-05-06,43.16,2024-05-08,43.16,0.0
P1-1716-0507,1716,Spinach_9,Fruit and vegetable,2024-05-07,28.63,2024-05-09,28.63,0.0
P1-1716-0508,1716,Spinach_9,Fruit and vegetable,2024-05-08,52.46,2024-05-10,52.46,0.0
P1-1716-0509,1716,Spinach_9,Fruit and vegetable,2024-05-09,27.23,2024-05-11,27.23,0.0
P1-1716-0510,1716,Spinach_9,Fruit and vegetable,2024-05-10,13.47,2024-05-12,13.47,0.0
P1-1716-0511,1716,Spinach_9,Fruit and vegetable,2024-05-11,21.38,2024-05-13,21.38,0.0
P1-1716-0512,1716,Spinach_9,Fruit and vegetable,2024-05-12,46.68,2024-05-14,46.68,0.0
P1-1716-0513,1716,Spinach_9,Fruit and vegetable,2024-05-13,27.55,2024-05-15,27.55,0.0
P1-1716-0514,1716,Spinach_9,Fruit and vegetable,2024-05-14,32.78,2024-05-16,32.78,0.0
P1-1716-0515,1716,Spinach_9,Fruit and vegetable,2024-05-15,24.52,2024-05-17,24.52,0.0
P1-1716-0516,1716,Spinach_9,Fruit and vegetable,2024-05-16,16.66,2024-05-18,8.43,8.23
P1-1716-0519,1716,Spinach_9,Fruit and vegetable,2024-05-19,33.7,2024-05-21,33.7,0.0
P1-1716-0520,1716,Spinach_9,Fruit and vegetable,2024-05-20,26.61,2024-05-22,15.99,10.62
P1-1716-0522,1716,Spinach_9,Fruit and vegetable,2024-05-22,32.53,2024-05-24,32.53,0.0
P1-1716-0523,1716,Spinach_9,Fruit and vegetable,2024-05-23,2.41,2024-05-25,2.41,0.0
P1-1716-0524,1716,Spinach_9,Fruit and vegetable,2024-05-24,45.17,2024-05-26,45.17,0.0
P1-1716-0525,1716,Spinach_9,Fruit and vegetable,2024-05-25,45.88,2024-05-27,45.88,0.0
P1-1716-0526,1716,Spinach_9,Fruit and vegetable,2024-05-26,13.58,2024-05-28,13.58,0.0
P1-1716-0527,1716,Spinach_9,Fruit and vegetable,2024-05-27,23.8,2024-05-29,23.8,0.0
P1-1716-0528,1716,Spinach_9,Fruit and vegetable,2024-05-28,26.5,2024-05-30,26.5,0.0
P1-1716-0529,1716,Spinach_9,Fruit and vegetable,2024-05-29,3.3,2024-05-31,3.3,0.0
P1-1716-0530,1716,Spinach_9,Fruit and vegetable,2024-05-30,41.9,2024-06-01,41.9,0.0
P1-1716-0531,1716,Spinach_9,Fruit and vegetable,2024-05-31,24.84,2024-06-02,24.84,0.0
P1-1716-0601,1716,Spinach_9,Fruit and vegetable,2024-06-01,3.63,2024-06-03,3.63,0.0
P1-1716-0602,1716,Spinach_9,Fruit and vegetable,2024-06-02,21.6,2024-06-04,18.77,
P1-1722-0301,1722,Bagel_8,Bakery,2024-03-01,31.01,2024-03-02,31.01,0.0
P1-1722-0302,1722,Bagel_8,Bakery,2024-03-02,31.01,2024-03-03,31.01,0.0
P1-1722-0303,1722,Bagel_8,Bakery,2024-03-03,30.58,2024-03-04,30.58,0.0
P1-1722-0304,1722,Bagel_8,Bakery,2024-03-04,31.82,2024-03-05,31.82,0.0
P1-1722-0305,1722,Bagel_8,Bakery,2024-03-05,43.43,2024-03-06,43.43,0.0
P1-1722-0306,1722,Bagel_8,Bakery,2024-03-06,41.7,2024-03-07,41.7,0.0
P1-1722-0307,1722,Bagel_8,Bakery,2024-03-07,20.91,2024-03-08,20.91,0.0
P1-1722-0308,1722,Bagel_8,Bakery,2024-03-08,74.4,2024-03-09,74.4,0.0
P1-1722-0309,1722,Bagel_8,Bakery,2024-03-09,65.42,2024-03-10,65.42,0.0
P1-1722-0310,1722,Bagel_8,Bakery,2024-03-10,59.12,2024-03-11,53.0,6.12
P1-1722-0311,1722,Bagel_8,Bakery,2024-03-11,28.4,2024-03-12,28.4,0.0
P1-1722-0312,1722,Bagel_8,Bakery,2024-03-12,48.15,2024-03-13,48.15,0.0
P1-1722-0313,1722,Bagel_8,Bakery,2024-03-13,15.13,2024-03-14,15.13,0.0
P1-1722-0314,1722,Bagel_8,Bakery,2024-03-14,65.03,2024-03-15,65.03,0.0
P1-1722-0315,1722,Bagel_8,Bakery,2024-03-15,77.55,2024-03-16,31.99,45.56
P1-1722-0316,1722,Bagel_8,Bakery,2024-03-16,21.87,2024-03-17,21.87,0.0
P1-1722-0317,1722,Bagel_8,Bakery,2024-03-17,25.29,2024-03-18,25.29,0.0
P1-1722-0318,1722,Bagel_8,Bakery,2024-03-18,31.66,2024-03-19,31.66,0.0
P1-1722-0319,1722,Bagel_8,Bakery,2024-03-19,36.23,2024-03-20,36.23,0.0
P1-1722-0320,1722,Bagel_8,Bakery,2024-03-20,77.1,2024-03-21,77.1,0.0
P1-1722-0321,1722,Bagel_8,Bakery,2024-03-21,5.1,2024-03-22,5.1,0.0
P1-1722-0322,1722,Bagel_8,Bakery,2024-03-22,62.79,2024-03-23,61.12,1.67
P1-1722-0323,1722,Bagel_8,Bakery,2024-03-23,4.04,2024-03-24,4.04,0.0
P1-1722-0324,1722,Bagel_8,Bakery,2024-03-24,52.29,2024-03-25,52.29,0.0
P1-1722-0325,1722,Bagel_8,Bakery,2024-03-25,34.7,2024-03-26,34.7,0.0
P1-1722-0326,1722,Bagel_8,Bakery,2024-03-26,69.42,2024-03-27,67.57,1.85
P1-1722-0327,1722,Bagel_8,Bakery,2024-03-27,13.66,2024-03-28,13.66,0.0
P1-1722-0328,1722,Bagel_8,Bakery,2024-03-28,58.73,2024-03-29,38.39,20.35
P1-1722-0330,1722,Bagel_8,Bakery,2024-03-30,44.46,2024-03-31,44.46,0.0
P1-1722-0331,1722,Bagel_8,Bakery,2024-03-31,31.6,2024-04-01,31.6,0.0
P1-1722-0401,1722,Bagel_8,Bakery,2024-04-01,42.52,2024-04-02,36.3,6.22
P1-1722-0402,1722,Bagel_8,Bakery,2024-04-02,26.11,2024-04-03,26.11,0.0
P1-1722-0403,1722,Bagel_8,Bakery,2024-04-03,8.68,2024-04-04,8.68,0.0
P1-1722-0404,1722,Bagel_8,Bakery,2024-04-04,28.29,2024-04-05,28.29,0.0
P1-1722-0405,1722,Bagel_8,Bakery,2024-04-05,56.58,2024-04-06,56.58,0.0
P1-1722-0406,1722,Bagel_8,Bakery,2024-04-06,32.14,2024-04-07,32.14,0.0
P1-1722-0407,1722,Bagel_8,Bakery,2024-04-07,50.7,2024-04-08,50.7,0.0
P1-1722-0408,1722,Bagel_8,Bakery,2024-04-08,30.72,2024-04-09,30.72,0.0
P1-1722-0409,1722,Bagel_8,Bakery,2024-04-09,40.77,2024-04-10,40.77,0.0
P1-1722-0410,1722,Bagel_8,Bakery,2024-04-10,23.88,2024-04-11,23.88,0.0
P1-1722-0411,1722,Bagel_8,Bakery,2024-04-11,34.73,2024-04-12,34.73,0.0
P1-1722-0412,1722,Bagel_8,Bakery,2024-04-12,48.4,2024-04-13,18.25,30.15
P1-1722-0414,1722,Bagel_8,Bakery,2024-04-14,39.11,2024-04-15,39.11,0.0
P1-1722-0415,1722,Bagel_8,Bakery,2024-04-15,50.15,2024-04-16,30.7,19.45
P1-1722-0419,1722,Bagel_8,Bakery,2024-04-19,67.14,2024-04-20,67.14,0.0
P1-1722-0420,1722,Bagel_8,Bakery,2024-04-20,41.15,2024-04-21,41.15,0.0
P1-1722-0421,1722,Bagel_8,Bakery,2024-04-21,32.67,2024-04-22,32.67,0.0
P1-1722-0422,1722,Bagel_8,Bakery,2024-04-22,46.59,2024-04-23,46.59,0.0
P1-1722-0423,1722,Bagel_8,Bakery,2024-04-23,53.59,2024-04-24,53.59,0.0
P1-1722-0424,1722,Bagel_8,Bakery,2024-04-24,48.27,2024-04-25,48.27,0.0
P1-1722-0425,1722,Bagel_8,Bakery,2024-04-25,35.18,2024-04-26,35.18,0.0
P1-1722-0426,1722,Bagel_8,Bakery,2024-04-26,65.52,2024-04-27,65.52,0.0
P1-1722-0427,1722,Bagel_8,Bakery,2024-04-27,17.53,2024-04-28,17.53,0.0
P1-1722-0428,1722,Bagel_8,Bakery,2024-04-28,58.09,2024-04-29,50.59,7.5
P1-1722-0429,1722,Bagel_8,Bakery,2024-04-29,16.46,2024-04-30,16.46,0.0
P1-1722-0430,1722,Bagel_8,Bakery,2024-04-30,55.55,2024-05-01,34.32,21.23
P1-1722-0501,1722,Bagel_8,Bakery,2024-05-01,15.07,2024-05-02,15.07,0.0
P1-1722-0502,1722,Bagel_8,Bakery,2024-05-02,33.87,2024-05-03,33.87,0.0
P1-1722-0503,1722,Bagel_8,Bakery,2024-05-03,55.65,2024-05-04,55.65,0.0
P1-1722-0504,1722,Bagel_8,Bakery,2024-05-04,23.83,2024-05-05,23.83,0.0
P1-1722-0505,1722,Bagel_8,Bakery,2024-05-05,27.43,2024-05-06,27.43,0.0
P1-1722-0506,1722,Bagel_8,Bakery,2024-05-06,46.08,2024-05-07,46.08,0.0
P1-1722-0507,1722,Bagel_8,Bakery,2024-05-07,25.55,2024-05-08,25.55,0.0
P1-1722-0508,1722,Bagel_8,Bakery,2024-05-08,48.79,2024-05-09,48.79,0.0
P1-1722-0509,1722,Bagel_8,Bakery,2024-05-09,40.01,2024-05-10,40.01,0.0
P1-1722-0510,1722,Bagel_8,Bakery,2024-05-10,54.66,2024-05-11,54.66,0.0
P1-1722-0511,1722,Bagel_8,Bakery,2024-05-11,14.84,2024-05-12,14.84,0.0
P1-1722-0512,1722,Bagel_8,Bakery,2024-05-12,40.55,2024-05-13,33.81,6.74
P1-1722-0517,1722,Bagel_8,Bakery,2024-05-17,36.79,2024-05-18,36.79,0.0
P1-1722-0518,1722,Bagel_8,Bakery,2024-05-18,60.31,2024-05-19,60.31,0.0
P1-1722-0519,1722,Bagel_8,Bakery,2024-05-19,23.93,2024-05-20,23.93,0.0
P1-1722-0520,1722,Bagel_8,Bakery,2024-05-20,22.63,2024-05-21,22.63,0.0
P1-1722-0521,1722,Bagel_8,Bakery,2024-05-21,34.28,2024-05-22,34.28,0.0
P1-1722-0522,1722,Bagel_8,Bakery,2024-05-22,34.71,2024-05-23,34.71,0.0
P1-1722-0523,1722,Bagel_8,Bakery,2024-05-23,38.46,2024-05-24,38.46,0.0
P1-1722-0524,1722,Bagel_8,Bakery,2024-05-24,39.1,2024-05-25,32.88,6.22
P1-1722-0525,1722,Bagel_8,Bakery,2024-05-25,28.04,2024-05-26,28.04,0.0
P1-1722-0526,1722,Bagel_8,Bakery,2024-05-26,38.29,2024-05-27,28.54,9.75
P1-1722-0527,1722,Bagel_8,Bakery,2024-05-27,10.68,2024-05-28,10.68,0.0
P1-1722-0528,1722,Bagel_8,Bakery,2024-05-28,38.21,2024-05-29,38.21,0.0
P1-1722-0529,1722,Bagel_8,Bakery,2024-05-29,27.89,2024-05-30,27.89,0.0
P1-1722-0530,1722,Bagel_8,Bakery,2024-05-30,47.37,2024-05-31,47.37,0.0
P1-1722-0531,1722,Bagel_8,Bakery,2024-05-31,59.38,2024-06-01,59.38,0.0
P1-1722-0601,1722,Bagel_8,Bakery,2024-06-01,32.94,2024-06-02,32.94,0.0
P1-1722-0602,1722,Bagel_8,Bakery,2024-06-02,49.9,2024-06-03,23.04,
P1-1726-0301,1726,Lemon_9,Fruit and vegetable,2024-03-01,62.02,2024-03-03,62.02,0.0
P1-1726-0302,1726,Lemon_9,Fruit and vegetable,2024-03-02,62.02,2024-03-04,62.02,0.0
P1-1726-0303,1726,Lemon_9,Fruit and vegetable,2024-03-03,61.34,2024-03-05,61.34,0.0
P1-1726-0304,1726,Lemon_9,Fruit and vegetable,2024-03-04,52.86,2024-03-06,52.86,0.0
P1-1726-0305,1726,Lemon_9,Fruit and vegetable,2024-03-05,46.25,2024-03-07,46.25,0.0
P1-1726-0306,1726,Lemon_9,Fruit and vegetable,2024-03-06,45.44,2024-03-08,45.44,0.0
P1-1726-0307,1726,Lemon_9,Fruit and vegetable,2024-03-07,51.71,2024-03-09,51.71,0.0
P1-1726-0308,1726,Lemon_9,Fruit and vegetable,2024-03-08,85.57,2024-03-10,85.57,0.0
P1-1726-0309,1726,Lemon_9,Fruit and vegetable,2024-03-09,68.4,2024-03-11,68.4,0.0
P1-1726-0310,1726,Lemon_9,Fruit and vegetable,2024-03-10,83.73,2024-03-12,83.73,0.0
P1-1726-0311,1726,Lemon_9,Fruit and vegetable,2024-03-11,60.08,2024-03-13,60.08,0.0
P1-1726-0312,1726,Lemon_9,Fruit and vegetable,2024-03-12,82.98,2024-03-14,82.98,0.0
P1-1726-0313,1726,Lemon_9,Fruit and vegetable,2024-03-13,62.08,2024-03-15,62.08,0.0
P1-1726-0314,1726,Lemon_9,Fruit and vegetable,2024-03-14,107.69,2024-03-16,107.69,0.0
P1-1726-0315,1726,Lemon_9,Fruit and vegetable,2024-03-15,42.73,2024-03-17,42.73,0.0
P1-1726-0316,1726,Lemon_9,Fruit and vegetable,2024-03-16,88.26,2024-03-18,88.26,0.0
P1-1726-0317,1726,Lemon_9,Fruit and vegetable,2024-03-17,90.68,2024-03-19,90.68,0.0
P1-1726-0318,1726,Lemon_9,Fruit and vegetable,2024-03-18,94.36,2024-03-20,94.36,0.0
P1-1726-0319,1726,Lemon_9,Fruit and vegetable,2024-03-19,98.16,2024-03-21,98.16,0.0
P1-1726-0320,1726,Lemon_9,Fruit and vegetable,2024-03-20,30.51,2024-03-22,30.51,0.0
P1-1726-0321,1726,Lemon_9,Fruit and vegetable,2024-03-21,70.99,2024-03-23,70.99,0.0
P1-1726-0322,1726,Lemon_9,Fruit and vegetable,2024-03-22,60.67,2024-03-24,60.67,0.0
P1-1726-0323,1726,Lemon_9,Fruit and vegetable,2024-03-23,120.96,2024-03-25,120.96,0.0
P1-1726-0324,1726,Lemon_9,Fruit and vegetable,2024-03-24,163.6,2024-03-26,163.6,0.0
P1-1726-0326,1726,Lemon_9,Fruit and vegetable,2024-03-26,75.45,2024-03-28,75.45,0.0
P1-1726-0327,1726,Lemon_9,Fruit and vegetable,2024-03-27,86.57,2024-03-29,86.57,0.0
P1-1726-0329,1726,Lemon_9,Fruit and vegetable,2024-03-29,98.52,2024-03-31,98.52,0.0
P1-1726-0330,1726,Lemon_9,Fruit and vegetable,2024-03-30,114.99,2024-04-01,114.99,0.0
P1-1726-0331,1726,Lemon_9,Fruit and vegetable,2024-03-31,122.36,2024-04-02,122.36,0.0
P1-1726-0401,1726,Lemon_9,Fruit and vegetable,2024-04-01,414.08,2024-04-03,414.08,0.0
P1-1726-0402,1726,Lemon_9,Fruit and vegetable,2024-04-02,599.62,2024-04-04,599.62,0.0
P1-1726-0403,1726,Lemon_9,Fruit and vegetable,2024-04-03,427.99,2024-04-05,427.99,0.0
P1-1726-0404,1726,Lemon_9,Fruit and vegetable,2024-04-04,481.28,2024-04-06,481.28,0.0
P1-1726-0405,1726,Lemon_9,Fruit and vegetable,2024-04-05,778.43,2024-04-07,778.43,0.0
P1-1726-0406,1726,Lemon_9,Fruit and vegetable,2024-04-06,400.24,2024-04-08,400.24,0.0
P1-1726-0407,1726,Lemon_9,Fruit and vegetable,2024-04-07,210.18,2024-04-09,210.18,0.0
P1-1726-0408,1726,Lemon_9,Fruit and vegetable,2024-04-08,593.76,2024-04-10,231.74,362.01
P1-1726-0409,1726,Lemon_9,Fruit and vegetable,2024-04-09,286.82,2024-04-11,113.22,173.6
P1-1726-0411,1726,Lemon_9,Fruit and vegetable,2024-04-11,516.82,2024-04-13,328.74,188.08
P1-1726-0412,1726,Lemon_9,Fruit and vegetable,2024-04-12,576.63,2024-04-14,88.47,488.16
P1-1726-0415,1726,Lemon_9,Fruit and vegetable,2024-04-15,140.54,2024-04-17,140.54,0.0
P1-1726-0417,1726,Lemon_9,Fruit and vegetable,2024-04-17,171.3,2024-04-19,171.3,0.0
P1-1726-0418,1726,Lemon_9,Fruit and vegetable,2024-04-18,65.14,2024-04-20,65.14,0.0
P1-1726-0419,1726,Lemon_9,Fruit and vegetable,2024-04-19,66.18,2024-04-21,66.18,0.0
P1-1726-0420,1726,Lemon_9,Fruit and vegetable,2024-04-20,184.52,2024-04-22,184.52,0.0
P1-1726-0421,1726,Lemon_9,Fruit and vegetable,2024-04-21,110.78,2024-04-23,110.78,0.0
P1-1726-0423,1726,Lemon_9,Fruit and vegetable,2024-04-23,128.0,2024-04-25,128.0,0.0
P1-1726-0424,1726,Lemon_9,Fruit and vegetable,2024-04-24,0.42,2024-04-26,0.42,0.0
P1-1726-0425,1726,Lemon_9,Fruit and vegetable,2024-04-25,86.35,2024-04-27,86.35,0.0
P1-1726-0426,1726,Lemon_9,Fruit and vegetable,2024-04-26,152.61,2024-04-28,152.61,0.0
P1-1726-0427,1726,Lemon_9,Fruit and vegetable,2024-04-27,95.4,2024-04-29,95.4,0.0
P1-1726-0428,1726,Lemon_9,Fruit and vegetable,2024-04-28,53.79,2024-04-30,53.79,0.0
P1-1726-0429,1726,Lemon_9,Fruit and vegetable,2024-04-29,59.89,2024-05-01,59.89,0.0
P1-1726-0430,1726,Lemon_9,Fruit and vegetable,2024-04-30,60.81,2024-05-02,60.81,0.0
P1-1726-0501,1726,Lemon_9,Fruit and vegetable,2024-05-01,93.92,2024-05-03,93.92,0.0
P1-1726-0502,1726,Lemon_9,Fruit and vegetable,2024-05-02,53.64,2024-05-04,53.64,0.0
P1-1726-0503,1726,Lemon_9,Fruit and vegetable,2024-05-03,161.79,2024-05-05,161.79,0.0
P1-1726-0504,1726,Lemon_9,Fruit and vegetable,2024-05-04,40.33,2024-05-06,40.33,0.0
P1-1726-0505,1726,Lemon_9,Fruit and vegetable,2024-05-05,87.04,2024-05-07,87.04,0.0
P1-1726-0506,1726,Lemon_9,Fruit and vegetable,2024-05-06,544.04,2024-05-08,544.04,0.0
P1-1726-0507,1726,Lemon_9,Fruit and vegetable,2024-05-07,538.06,2024-05-09,538.06,0.0
P1-1726-0508,1726,Lemon_9,Fruit and vegetable,2024-05-08,393.32,2024-05-10,393.32,0.0
P1-1726-0509,1726,Lemon_9,Fruit and vegetable,2024-05-09,469.66,2024-05-11,469.66,0.0
P1-1726-0510,1726,Lemon_9,Fruit and vegetable,2024-05-10,509.31,2024-05-12,509.31,0.0
P1-1726-0511,1726,Lemon_9,Fruit and vegetable,2024-05-11,647.82,2024-05-13,647.82,0.0
P1-1726-0512,1726,Lemon_9,Fruit and vegetable,2024-05-12,539.31,2024-05-14,539.31,0.0
P1-1726-0515,1726,Lemon_9,Fruit and vegetable,2024-05-15,654.23,2024-05-17,356.38,297.85
P1-1726-0516,1726,Lemon_9,Fruit and vegetable,2024-05-16,198.76,2024-05-18,120.45,78.31
P1-1726-0517,1726,Lemon_9,Fruit and vegetable,2024-05-17,29.16,2024-05-19,29.16,0.0
P1-1726-0518,1726,Lemon_9,Fruit and vegetable,2024-05-18,539.99,2024-05-20,201.09,338.89
P1-1726-0519,1726,Lemon_9,Fruit and vegetable,2024-05-19,251.04,2024-05-21,100.74,150.3
P1-1726-0520,1726,Lemon_9,Fruit and vegetable,2024-05-20,203.52,2024-05-22,68.31,135.21
P1-1726-0521,1726,Lemon_9,Fruit and vegetable,2024-05-21,292.74,2024-05-23,92.59,200.15
P1-1726-0524,1726,Lemon_9,Fruit and vegetable,2024-05-24,182.77,2024-05-26,182.77,0.0
P1-1726-0525,1726,Lemon_9,Fruit and vegetable,2024-05-25,72.05,2024-05-27,72.05,0.0
P1-1726-0526,1726,Lemon_9,Fruit and vegetable,2024-05-26,23.27,2024-05-28,23.27,0.0
P1-1726-0527,1726,Lemon_9,Fruit and vegetable,2024-05-27,160.06,2024-05-29,159.71,0.34
P1-1726-0529,1726,Lemon_9,Fruit and vegetable,2024-05-29,16.27,2024-05-31,16.27,0.0
P1-1726-0530,1726,Lemon_9,Fruit and vegetable,2024-05-30,91.76,2024-06-01,91.76,0.0
P1-1726-0531,1726,Lemon_9,Fruit and vegetable,2024-05-31,68.41,2024-06-02,68.41,0.0
P1-1726-0601,1726,Lemon_9,Fruit and vegetable,2024-06-01,84.36,2024-06-03,84.36,0.0
P1-1726-0602,1726,Lemon_9,Fruit and vegetable,2024-06-02,61.98,2024-06-04,61.98,0.0
P1-1743-0301,1743,Pastry_132,Bakery,2024-03-01,58.03,2024-03-02,58.03,0.0
P1-1743-0302,1743,Pastry_132,Bakery,2024-03-02,58.03,2024-03-03,54.53,3.5
P1-1743-0303,1743,Pastry_132,Bakery,2024-03-03,54.51,2024-03-04,46.93,7.58
P1-1743-0304,1743,Pastry_132,Bakery,2024-03-04,27.63,2024-03-05,14.27,13.36
P1-1743-0305,1743,Pastry_132,Bakery,2024-03-05,50.99,2024-03-06,46.83,4.16
P1-1743-0306,1743,Pastry_132,Bakery,2024-03-06,30.12,2024-03-07,26.54,3.58
P1-1743-0307,1743,Pastry_132,Bakery,2024-03-07,49.49,2024-03-08,30.83,18.66
P1-1743-0308,1743,Pastry_132,Bakery,2024-03-08,28.85,2024-03-09,28.85,0.0
P1-1743-0309,1743,Pastry_132,Bakery,2024-03-09,7.89,2024-03-10,7.89,0.0
P1-1743-0310,1743,Pastry_132,Bakery,2024-03-10,44.7,2024-03-11,37.02,7.68
P1-1743-0311,1743,Pastry_132,Bakery,2024-03-11,35.56,2024-03-12,26.55,9.01
P1-1743-0313,1743,Pastry_132,Bakery,2024-03-13,58.58,2024-03-14,58.58,0.0
P1-1743-0314,1743,Pastry_132,Bakery,2024-03-14,3.12,2024-03-15,3.12,0.0
P1-1743-0315,1743,Pastry_132,Bakery,2024-03-15,46.1,2024-03-16,46.1,0.0
P1-1743-0316,1743,Pastry_132,Bakery,2024-03-16,44.8,2024-03-17,44.8,0.0
P1-1743-0317,1743,Pastry_132,Bakery,2024-03-17,28.9,2024-03-18,28.9,0.0
P1-1743-0318,1743,Pastry_132,Bakery,2024-03-18,36.28,2024-03-19,36.28,0.0
P1-1743-0319,1743,Pastry_132,Bakery,2024-03-19,38.96,2024-03-20,33.79,5.17
P1-1743-0320,1743,Pastry_132,Bakery,2024-03-20,19.75,2024-03-21,19.75,0.0
P1-1743-0321,1743,Pastry_132,Bakery,2024-03-21,29.99,2024-03-22,29.99,0.0
P1-1743-0322,1743,Pastry_132,Bakery,2024-03-22,38.53,2024-03-23,38.53,0.0
P1-1743-0323,1743,Pastry_132,Bakery,2024-03-23,53.58,2024-03-24,51.36,2.22
P1-1743-0324,1743,Pastry_132,Bakery,2024-03-24,10.16,2024-03-25,10.16,0.0
P1-1743-0325,1743,Pastry_132,Bakery,2024-03-25,56.35,2024-03-26,28.78,27.56
P1-1743-0327,1743,Pastry_132,Bakery,2024-03-27,36.7,2024-03-28,36.7,0.0
P1-1743-0328,1743,Pastry_132,Bakery,2024-03-28,38.69,2024-03-29,38.69,0.0
P1-1743-0329,1743,Pastry_132,Bakery,2024-03-29,75.36,2024-03-30,44.02,31.34
P1-1743-0331,1743,Pastry_132,Bakery,2024-03-31,43.9,2024-04-01,33.68,10.22
P1-1743-0402,1743,Pastry_132,Bakery,2024-04-02,37.88,2024-04-03,37.88,0.0
P1-1743-0403,1743,Pastry_132,Bakery,2024-04-03,24.67,2024-04-04,24.67,0.0
P1-1743-0404,1743,Pastry_132,Bakery,2024-04-04,52.47,2024-04-05,47.94,4.53
P1-1743-0406,1743,Pastry_132,Bakery,2024-04-06,32.51,2024-04-07,32.51,0.0
P1-1743-0407,1743,Pastry_132,Bakery,2024-04-07,16.54,2024-04-08,16.54,0.0
P1-1743-0408,1743,Pastry_132,Bakery,2024-04-08,29.22,2024-04-09,29.22,0.0
P1-1743-0409,1743,Pastry_132,Bakery,2024-04-09,31.5,2024-04-10,31.5,0.0
P1-1743-0410,1743,Pastry_132,Bakery,2024-04-10,38.19,2024-04-11,38.19,0.0
P1-1743-0411,1743,Pastry_132,Bakery,2024-04-11,25.24,2024-04-12,25.24,0.0
P1-1743-0412,1743,Pastry_132,Bakery,2024-04-12,43.24,2024-04-13,43.24,0.0
P1-1743-0413,1743,Pastry_132,Bakery,2024-04-13,28.96,2024-04-14,28.96,0.0
P1-1743-0414,1743,Pastry_132,Bakery,2024-04-14,9.79,2024-04-15,9.79,0.0
P1-1743-0415,1743,Pastry_132,Bakery,2024-04-15,43.56,2024-04-16,43.56,0.0
P1-1743-0416,1743,Pastry_132,Bakery,2024-04-16,27.46,2024-04-17,27.46,0.0
P1-1743-0417,1743,Pastry_132,Bakery,2024-04-17,30.1,2024-04-18,30.1,0.0
P1-1743-0418,1743,Pastry_132,Bakery,2024-04-18,43.48,2024-04-19,43.48,0.0
P1-1743-0419,1743,Pastry_132,Bakery,2024-04-19,24.2,2024-04-20,24.2,0.0
P1-1743-0420,1743,Pastry_132,Bakery,2024-04-20,15.58,2024-04-21,15.58,0.0
P1-1743-0421,1743,Pastry_132,Bakery,2024-04-21,25.91,2024-04-22,25.91,0.0
P1-1743-0422,1743,Pastry_132,Bakery,2024-04-22,37.91,2024-04-23,37.91,0.0
P1-1743-0423,1743,Pastry_132,Bakery,2024-04-23,32.9,2024-04-24,32.9,0.0
P1-1743-0424,1743,Pastry_132,Bakery,2024-04-24,19.96,2024-04-25,19.96,0.0
P1-1743-0425,1743,Pastry_132,Bakery,2024-04-25,26.72,2024-04-26,26.72,0.0
P1-1743-0426,1743,Pastry_132,Bakery,2024-04-26,44.21,2024-04-27,44.21,0.0
P1-1743-0427,1743,Pastry_132,Bakery,2024-04-27,43.96,2024-04-28,43.96,0.0
P1-1743-0428,1743,Pastry_132,Bakery,2024-04-28,24.22,2024-04-29,24.22,0.0
P1-1743-0429,1743,Pastry_132,Bakery,2024-04-29,30.88,2024-04-30,27.91,2.97
P1-1743-0501,1743,Pastry_132,Bakery,2024-05-01,45.56,2024-05-02,38.95,6.61
P1-1743-0502,1743,Pastry_132,Bakery,2024-05-02,14.87,2024-05-03,14.87,0.0
P1-1743-0503,1743,Pastry_132,Bakery,2024-05-03,47.54,2024-05-04,47.54,0.0
P1-1743-0504,1743,Pastry_132,Bakery,2024-05-04,1.5,2024-05-05,1.5,0.0
P1-1743-0505,1743,Pastry_132,Bakery,2024-05-05,36.23,2024-05-06,36.23,0.0
P1-1743-0506,1743,Pastry_132,Bakery,2024-05-06,36.1,2024-05-07,36.1,0.0
P1-1743-0507,1743,Pastry_132,Bakery,2024-05-07,39.87,2024-05-08,39.87,0.0
P1-1743-0508,1743,Pastry_132,Bakery,2024-05-08,33.95,2024-05-09,33.95,0.0
P1-1743-0509,1743,Pastry_132,Bakery,2024-05-09,47.27,2024-05-10,47.27,0.0
P1-1743-0510,1743,Pastry_132,Bakery,2024-05-10,18.96,2024-05-11,18.96,0.0
P1-1743-0511,1743,Pastry_132,Bakery,2024-05-11,58.05,2024-05-12,55.98,2.07
P1-1743-0512,1743,Pastry_132,Bakery,2024-05-12,14.66,2024-05-13,14.66,0.0
P1-1743-0513,1743,Pastry_132,Bakery,2024-05-13,27.17,2024-05-14,27.17,0.0
P1-1743-0514,1743,Pastry_132,Bakery,2024-05-14,43.47,2024-05-15,35.47,8.0
P1-1743-0515,1743,Pastry_132,Bakery,2024-05-15,7.51,2024-05-16,7.51,0.0
P1-1743-0516,1743,Pastry_132,Bakery,2024-05-16,27.74,2024-05-17,27.74,0.0
P1-1743-0517,1743,Pastry_132,Bakery,2024-05-17,49.24,2024-05-18,39.73,9.51
P1-1743-0518,1743,Pastry_132,Bakery,2024-05-18,2.66,2024-05-19,2.66,0.0
P1-1743-0519,1743,Pastry_132,Bakery,2024-05-19,31.51,2024-05-20,31.51,0.0
P1-1743-0520,1743,Pastry_132,Bakery,2024-05-20,28.06,2024-05-21,28.06,0.0
P1-1743-0521,1743,Pastry_132,Bakery,2024-05-21,43.23,2024-05-22,43.23,0.0
P1-1743-0522,1743,Pastry_132,Bakery,2024-05-22,50.08,2024-05-23,50.08,0.0
P1-1743-0523,1743,Pastry_132,Bakery,2024-05-23,60.19,2024-05-24,60.19,0.0
P1-1743-0524,1743,Pastry_132,Bakery,2024-05-24,59.07,2024-05-25,59.07,0.0
P1-1743-0525,1743,Pastry_132,Bakery,2024-05-25,55.17,2024-05-26,55.17,0.0
P1-1743-0526,1743,Pastry_132,Bakery,2024-05-26,48.7,2024-05-27,48.7,0.0
P1-1743-0527,1743,Pastry_132,Bakery,2024-05-27,46.06,2024-05-28,46.06,0.0
P1-1743-0528,1743,Pastry_132,Bakery,2024-05-28,58.27,2024-05-29,58.27,0.0
P1-1743-0529,1743,Pastry_132,Bakery,2024-05-29,69.21,2024-05-30,69.21,0.0
P1-1743-0530,1743,Pastry_132,Bakery,2024-05-30,70.05,2024-05-31,70.05,0.0
P1-1743-0531,1743,Pastry_132,Bakery,2024-05-31,67.07,2024-06-01,67.07,0.0
P1-1743-0601,1743,Pastry_132,Bakery,2024-06-01,71.05,2024-06-02,71.05,0.0
P1-1743-0602,1743,Pastry_132,Bakery,2024-06-02,64.17,2024-06-03,64.17,0.0
P1-1821-0301,1821,Pastry_139,Bakery,2024-03-01,25.84,2024-03-02,25.84,0.0
P1-1821-0302,1821,Pastry_139,Bakery,2024-03-02,25.84,2024-03-03,25.84,0.0
P1-1821-0303,1821,Pastry_139,Bakery,2024-03-03,24.9,2024-03-04,24.9,0.0
P1-1821-0304,1821,Pastry_139,Bakery,2024-03-04,32.78,2024-03-05,32.78,0.0
P1-1821-0305,1821,Pastry_139,Bakery,2024-03-05,40.09,2024-03-06,39.13,0.96
P1-1821-0306,1821,Pastry_139,Bakery,2024-03-06,28.44,2024-03-07,24.34,4.1
P1-1821-0307,1821,Pastry_139,Bakery,2024-03-07,12.33,2024-03-08,12.33,0.0
P1-1821-0308,1821,Pastry_139,Bakery,2024-03-08,27.14,2024-03-09,11.91,15.23
P1-1821-0309,1821,Pastry_139,Bakery,2024-03-09,9.27,2024-03-10,9.27,0.0
P1-1821-0310,1821,Pastry_139,Bakery,2024-03-10,31.96,2024-03-11,22.53,9.43
P1-1821-0311,1821,Pastry_139,Bakery,2024-03-11,44.25,2024-03-12,10.57,33.68
P1-1821-0313,1821,Pastry_139,Bakery,2024-03-13,28.22,2024-03-14,28.22,0.0
P1-1821-0314,1821,Pastry_139,Bakery,2024-03-14,37.02,2024-03-15,31.12,5.9
P1-1821-0315,1821,Pastry_139,Bakery,2024-03-15,14.97,2024-03-16,5.3,9.67
P1-1821-0316,1821,Pastry_139,Bakery,2024-03-16,2.81,2024-03-17,2.81,0.0
P1-1821-0317,1821,Pastry_139,Bakery,2024-03-17,36.17,2024-03-18,36.17,0.0
P1-1821-0318,1821,Pastry_139,Bakery,2024-03-18,19.2,2024-03-19,19.2,0.0
P1-1821-0319,1821,Pastry_139,Bakery,2024-03-19,30.21,2024-03-20,30.21,0.0
P1-1821-0320,1821,Pastry_139,Bakery,2024-03-20,72.45,2024-03-21,72.45,0.0
P1-1821-0321,1821,Pastry_139,Bakery,2024-03-21,49.38,2024-03-22,46.68,2.7
P1-1821-0323,1821,Pastry_139,Bakery,2024-03-23,34.18,2024-03-24,34.18,0.0
P1-1821-0324,1821,Pastry_139,Bakery,2024-03-24,34.18,2024-03-25,34.18,0.0
P1-1821-0325,1821,Pastry_139,Bakery,2024-03-25,41.52,2024-03-26,12.33,29.19
P1-1821-0326,1821,Pastry_139,Bakery,2024-03-26,18.01,2024-03-27,5.13,12.88
P1-1821-0327,1821,Pastry_139,Bakery,2024-03-27,82.48,2024-03-28,10.2,72.28
P1-1821-0329,1821,Pastry_139,Bakery,2024-03-29,52.96,2024-03-30,10.8,42.16
P1-1821-0331,1821,Pastry_139,Bakery,2024-03-31,37.97,2024-04-01,26.68,11.29
P1-1821-0401,1821,Pastry_139,Bakery,2024-04-01,2.58,2024-04-02,2.58,0.0
P1-1821-0402,1821,Pastry_139,Bakery,2024-04-02,25.62,2024-04-03,25.62,0.0
P1-1821-0403,1821,Pastry_139,Bakery,2024-04-03,16.57,2024-04-04,16.57,0.0
P1-1821-0404,1821,Pastry_139,Bakery,2024-04-04,21.93,2024-04-05,21.93,0.0
P1-1821-0405,1821,Pastry_139,Bakery,2024-04-05,32.58,2024-04-06,32.58,0.0
P1-1821-0406,1821,Pastry_139,Bakery,2024-04-06,18.75,2024-04-07,18.75,0.0
P1-1821-0407,1821,Pastry_139,Bakery,2024-04-07,9.75,2024-04-08,9.75,0.0
P1-1821-0408,1821,Pastry_139,Bakery,2024-04-08,45.91,2024-04-09,45.91,0.0
P1-1821-0409,1821,Pastry_139,Bakery,2024-04-09,46.03,2024-04-10,46.03,0.0
P1-1821-0410,1821,Pastry_139,Bakery,2024-04-10,3.07,2024-04-11,3.07,0.0
P1-1821-0411,1821,Pastry_139,Bakery,2024-04-11,42.3,2024-04-12,42.3,0.0
P1-1821-0412,1821,Pastry_139,Bakery,2024-04-12,37.94,2024-04-13,16.82,21.11
P1-1821-0414,1821,Pastry_139,Bakery,2024-04-14,42.27,2024-04-15,42.27,0.0
P1-1821-0415,1821,Pastry_139,Bakery,2024-04-15,32.85,2024-04-16,20.88,11.98
P1-1821-0416,1821,Pastry_139,Bakery,2024-04-16,3.68,2024-04-17,3.68,0.0
P1-1821-0417,1821,Pastry_139,Bakery,2024-04-17,43.65,2024-04-18,43.65,0.0
P1-1821-0418,1821,Pastry_139,Bakery,2024-04-18,32.83,2024-04-19,32.83,0.0
P1-1821-0419,1821,Pastry_139,Bakery,2024-04-19,44.87,2024-04-20,28.99,15.88
P1-1821-0420,1821,Pastry_139,Bakery,2024-04-20,15.42,2024-04-21,15.42,0.0
P1-1821-0421,1821,Pastry_139,Bakery,2024-04-21,47.98,2024-04-22,47.98,0.0
P1-1821-0422,1821,Pastry_139,Bakery,2024-04-22,67.17,2024-04-23,63.33,3.84
P1-1821-0423,1821,Pastry_139,Bakery,2024-04-23,16.11,2024-04-24,16.11,0.0
P1-1821-0424,1821,Pastry_139,Bakery,2024-04-24,30.81,2024-04-25,30.81,0.0
P1-1821-0425,1821,Pastry_139,Bakery,2024-04-25,89.62,2024-04-26,69.55,20.07
P1-1821-0427,1821,Pastry_139,Bakery,2024-04-27,30.01,2024-04-28,30.01,0.0
P1-1821-0428,1821,Pastry_139,Bakery,2024-04-28,80.96,2024-04-29,7.43,73.53
P1-1821-0430,1821,Pastry_139,Bakery,2024-04-30,48.84,2024-05-01,45.67,3.17
P1-1821-0501,1821,Pastry_139,Bakery,2024-05-01,43.77,2024-05-02,6.99,36.78
P1-1821-0503,1821,Pastry_139,Bakery,2024-05-03,77.3,2024-05-04,41.77,35.53
P1-1821-0505,1821,Pastry_139,Bakery,2024-05-05,28.31,2024-05-06,28.31,0.0
P1-1821-0506,1821,Pastry_139,Bakery,2024-05-06,18.65,2024-05-07,18.65,0.0
P1-1821-0507,1821,Pastry_139,Bakery,2024-05-07,26.62,2024-05-08,26.62,0.0
P1-1821-0508,1821,Pastry_139,Bakery,2024-05-08,20.6,2024-05-09,11.6,9.0
P1-1821-0510,1821,Pastry_139,Bakery,2024-05-10,37.21,2024-05-11,37.21,0.0
P1-1821-0511,1821,Pastry_139,Bakery,2024-05-11,22.2,2024-05-12,22.2,0.0
P1-1821-0512,1821,Pastry_139,Bakery,2024-05-12,39.58,2024-05-13,39.58,0.0
P1-1821-0513,1821,Pastry_139,Bakery,2024-05-13,18.03,2024-05-14,18.03,0.0
P1-1821-0514,1821,Pastry_139,Bakery,2024-05-14,34.7,2024-05-15,34.7,0.0
P1-1821-0515,1821,Pastry_139,Bakery,2024-05-15,13.22,2024-05-16,13.22,0.0
P1-1821-0516,1821,Pastry_139,Bakery,2024-05-16,20.14,2024-05-17,20.14,0.0
P1-1821-0517,1821,Pastry_139,Bakery,2024-05-17,54.58,2024-05-18,54.58,0.0
P1-1821-0518,1821,Pastry_139,Bakery,2024-05-18,46.04,2024-05-19,31.84,14.2
P1-1821-0520,1821,Pastry_139,Bakery,2024-05-20,61.44,2024-05-21,61.44,0.0
P1-1821-0521,1821,Pastry_139,Bakery,2024-05-21,1.97,2024-05-22,1.97,0.0
P1-1821-0522,1821,Pastry_139,Bakery,2024-05-22,44.35,2024-05-23,33.25,11.1
P1-1821-0523,1821,Pastry_139,Bakery,2024-05-23,19.31,2024-05-24,19.31,0.0
P1-1821-0524,1821,Pastry_139,Bakery,2024-05-24,55.22,2024-05-25,37.97,17.25
P1-1821-0526,1821,Pastry_139,Bakery,2024-05-26,38.48,2024-05-27,38.48,0.0
P1-1821-0527,1821,Pastry_139,Bakery,2024-05-27,28.55,2024-05-28,28.55,0.0
P1-1821-0528,1821,Pastry_139,Bakery,2024-05-28,57.88,2024-05-29,45.77,12.11
P1-1821-0529,1821,Pastry_139,Bakery,2024-05-29,13.23,2024-05-30,10.41,2.82
P1-1821-0530,1821,Pastry_139,Bakery,2024-05-30,19.72,2024-05-31,19.72,0.0
P1-1821-0531,1821,Pastry_139,Bakery,2024-05-31,46.16,2024-06-01,27.09,19.07
P1-1821-0602,1821,Pastry_139,Bakery,2024-06-02,33.7,2024-06-03,26.59,
P1-1828-0301,1828,Cake_8,Bakery,2024-03-01,13.49,2024-03-02,13.49,0.0
P1-1828-0302,1828,Cake_8,Bakery,2024-03-02,36.86,2024-03-03,36.86,0.0
P1-1828-0304,1828,Cake_8,Bakery,2024-03-04,34.64,2024-03-05,11.67,22.97
P1-1828-0305,1828,Cake_8,Bakery,2024-03-05,6.0,2024-03-06,6.0,0.0
P1-1828-0306,1828,Cake_8,Bakery,2024-03-06,27.78,2024-03-07,27.78,0.0
P1-1828-0307,1828,Cake_8,Bakery,2024-03-07,32.88,2024-03-08,25.35,7.53
P1-1828-0308,1828,Cake_8,Bakery,2024-03-08,11.37,2024-03-09,11.09,0.28
P1-1828-0309,1828,Cake_8,Bakery,2024-03-09,18.46,2024-03-10,18.46,0.0
P1-1828-0310,1828,Cake_8,Bakery,2024-03-10,34.93,2024-03-11,2.92,32.02
P1-1828-0312,1828,Cake_8,Bakery,2024-03-12,19.8,2024-03-13,19.8,0.0
P1-1828-0313,1828,Cake_8,Bakery,2024-03-13,6.66,2024-03-14,6.66,0.0
P1-1828-0314,1828,Cake_8,Bakery,2024-03-14,48.11,2024-03-15,44.04,4.07
P1-1828-0316,1828,Cake_8,Bakery,2024-03-16,50.51,2024-03-17,50.51,0.0
P1-1828-0317,1828,Cake_8,Bakery,2024-03-17,32.2,2024-03-18,28.99,3.21
P1-1828-0318,1828,Cake_8,Bakery,2024-03-18,27.97,2024-03-19,3.7,24.27
P1-1828-0320,1828,Cake_8,Bakery,2024-03-20,46.74,2024-03-21,25.67,21.07
P1-1828-0322,1828,Cake_8,Bakery,2024-03-22,52.38,2024-03-23,28.11,24.27
P1-1828-0323,1828,Cake_8,Bakery,2024-03-23,31.42,2024-03-24,20.96,10.46
P1-1828-0325,1828,Cake_8,Bakery,2024-03-25,17.2,2024-03-26,12.56,4.64
P1-1828-0326,1828,Cake_8,Bakery,2024-03-26,2.37,2024-03-27,2.37,0.0
P1-1828-0327,1828,Cake_8,Bakery,2024-03-27,24.18,2024-03-28,24.18,0.0
P1-1828-0328,1828,Cake_8,Bakery,2024-03-28,21.26,2024-03-29,12.31,8.95
P1-1828-0329,1828,Cake_8,Bakery,2024-03-29,11.26,2024-03-30,11.26,0.0
P1-1828-0330,1828,Cake_8,Bakery,2024-03-30,19.88,2024-03-31,19.88,0.0
P1-1828-0402,1828,Cake_8,Bakery,2024-04-02,35.42,2024-04-03,19.01,16.41
P1-1828-0404,1828,Cake_8,Bakery,2024-04-04,17.65,2024-04-05,17.65,0.0
P1-1828-0405,1828,Cake_8,Bakery,2024-04-05,37.6,2024-04-06,22.34,15.26
P1-1828-0407,1828,Cake_8,Bakery,2024-04-07,21.23,2024-04-08,20.14,1.09
P1-1828-0408,1828,Cake_8,Bakery,2024-04-08,3.85,2024-04-09,3.85,0.0
P1-1828-0409,1828,Cake_8,Bakery,2024-04-09,38.46,2024-04-10,17.32,21.14
P1-1828-0411,1828,Cake_8,Bakery,2024-04-11,20.9,2024-04-12,20.9,0.0
P1-1828-0412,1828,Cake_8,Bakery,2024-04-12,17.03,2024-04-13,17.03,0.0
P1-1828-0413,1828,Cake_8,Bakery,2024-04-13,27.34,2024-04-14,27.34,0.0
P1-1828-0414,1828,Cake_8,Bakery,2024-04-14,34.95,2024-04-15,24.63,10.32
P1-1828-0415,1828,Cake_8,Bakery,2024-04-15,1.36,2024-04-16,1.36,0.0
P1-1828-0416,1828,Cake_8,Bakery,2024-04-16,20.37,2024-04-17,15.9,4.48
P1-1828-0417,1828,Cake_8,Bakery,2024-04-17,23.33,2024-04-18,23.33,0.0
P1-1828-0418,1828,Cake_8,Bakery,2024-04-18,9.57,2024-04-19,9.57,0.0
P1-1828-0419,1828,Cake_8,Bakery,2024-04-19,16.92,2024-04-20,16.92,0.0
P1-1828-0420,1828,Cake_8,Bakery,2024-04-20,43.33,2024-04-21,25.45,17.88
P1-1828-0421,1828,Cake_8,Bakery,2024-04-21,4.62,2024-04-22,3.74,0.88
P1-1828-0422,1828,Cake_8,Bakery,2024-04-22,14.35,2024-04-23,14.12,0.23
P1-1828-0423,1828,Cake_8,Bakery,2024-04-23,11.71,2024-04-24,11.71,0.0
P1-1828-0424,1828,Cake_8,Bakery,2024-04-24,14.17,2024-04-25,14.17,0.0
P1-1828-0425,1828,Cake_8,Bakery,2024-04-25,36.8,2024-04-26,29.43,7.37
P1-1828-0426,1828,Cake_8,Bakery,2024-04-26,2.69,2024-04-27,2.69,0.0
P1-1828-0427,1828,Cake_8,Bakery,2024-04-27,32.25,2024-04-28,17.22,15.03
P1-1828-0429,1828,Cake_8,Bakery,2024-04-29,15.92,2024-04-30,15.92,0.0
P1-1828-0430,1828,Cake_8,Bakery,2024-04-30,15.31,2024-05-01,12.43,2.88
P1-1828-0501,1828,Cake_8,Bakery,2024-05-01,25.44,2024-05-02,16.08,9.36
P1-1828-0503,1828,Cake_8,Bakery,2024-05-03,34.75,2024-05-04,24.4,10.35
P1-1828-0505,1828,Cake_8,Bakery,2024-05-05,12.39,2024-05-06,12.39,0.0
P1-1828-0506,1828,Cake_8,Bakery,2024-05-06,9.78,2024-05-07,9.78,0.0
P1-1828-0507,1828,Cake_8,Bakery,2024-05-07,22.46,2024-05-08,22.46,0.0
P1-1828-0509,1828,Cake_8,Bakery,2024-05-09,16.05,2024-05-10,16.05,0.0
P1-1828-0510,1828,Cake_8,Bakery,2024-05-10,17.37,2024-05-11,17.37,0.0
P1-1828-0511,1828,Cake_8,Bakery,2024-05-11,15.66,2024-05-12,15.66,0.0
P1-1828-0512,1828,Cake_8,Bakery,2024-05-12,17.05,2024-05-13,17.05,0.0
P1-1828-0513,1828,Cake_8,Bakery,2024-05-13,15.72,2024-05-14,8.1,7.62
P1-1828-0514,1828,Cake_8,Bakery,2024-05-14,2.98,2024-05-15,2.98,0.0
P1-1828-0515,1828,Cake_8,Bakery,2024-05-15,35.32,2024-05-16,35.32,0.0
P1-1828-0516,1828,Cake_8,Bakery,2024-05-16,25.28,2024-05-17,23.5,1.78
P1-1828-0517,1828,Cake_8,Bakery,2024-05-17,18.3,2024-05-18,14.33,3.97
P1-1828-0518,1828,Cake_8,Bakery,2024-05-18,15.72,2024-05-19,7.07,8.65
P1-1828-0519,1828,Cake_8,Bakery,2024-05-19,12.79,2024-05-20,2.86,9.93
P1-1828-0520,1828,Cake_8,Bakery,2024-05-20,7.06,2024-05-21,7.06,0.0
P1-1828-0521,1828,Cake_8,Bakery,2024-05-21,49.64,2024-05-22,49.64,0.0
P1-1828-0523,1828,Cake_8,Bakery,2024-05-23,63.42,2024-05-24,23.31,40.11
P1-1828-0525,1828,Cake_8,Bakery,2024-05-25,35.1,2024-05-26,16.55,18.55
P1-1828-0526,1828,Cake_8,Bakery,2024-05-26,13.16,2024-05-27,10.79,2.37
P1-1828-0527,1828,Cake_8,Bakery,2024-05-27,17.71,2024-05-28,17.71,0.0
P1-1828-0528,1828,Cake_8,Bakery,2024-05-28,8.67,2024-05-29,8.67,0.0
P1-1828-0529,1828,Cake_8,Bakery,2024-05-29,70.64,2024-05-30,3.25,67.39
P1-1828-0531,1828,Cake_8,Bakery,2024-05-31,17.41,2024-06-01,17.41,0.0
P1-1828-0601,1828,Cake_8,Bakery,2024-06-01,10.07,2024-06-02,8.35,
P1-1828-0602,1828,Cake_8,Bakery,2024-06-02,9.14,2024-06-03,0.0,
P1-1843-0301,1843,Tomato_83,Fruit and vegetable,2024-03-01,44.79,2024-03-03,44.79,0.0
P1-1843-0302,1843,Tomato_83,Fruit and vegetable,2024-03-02,51.3,2024-03-04,51.3,0.0
P1-1843-0303,1843,Tomato_83,Fruit and vegetable,2024-03-03,82.04,2024-03-05,82.04,0.0
P1-1843-0304,1843,Tomato_83,Fruit and vegetable,2024-03-04,70.26,2024-03-06,70.26,0.0
P1-1843-0305,1843,Tomato_83,Fruit and vegetable,2024-03-05,57.56,2024-03-07,57.56,0.0
P1-1843-0306,1843,Tomato_83,Fruit and vegetable,2024-03-06,51.19,2024-03-08,51.19,0.0
P1-1843-0307,1843,Tomato_83,Fruit and vegetable,2024-03-07,40.11,2024-03-09,40.11,0.0
P1-1843-0308,1843,Tomato_83,Fruit and vegetable,2024-03-08,47.29,2024-03-10,47.29,0.0
P1-1843-0309,1843,Tomato_83,Fruit and vegetable,2024-03-09,66.03,2024-03-11,66.03,0.0
P1-1843-0310,1843,Tomato_83,Fruit and vegetable,2024-03-10,83.65,2024-03-12,83.65,0.0
P1-1843-0311,1843,Tomato_83,Fruit and vegetable,2024-03-11,14.97,2024-03-13,14.97,0.0
P1-1843-0312,1843,Tomato_83,Fruit and vegetable,2024-03-12,42.75,2024-03-14,42.75,0.0
P1-1843-0313,1843,Tomato_83,Fruit and vegetable,2024-03-13,38.31,2024-03-15,38.31,0.0
P1-1843-0314,1843,Tomato_83,Fruit and vegetable,2024-03-14,42.75,2024-03-16,42.75,0.0
P1-1843-0315,1843,Tomato_83,Fruit and vegetable,2024-03-15,60.89,2024-03-17,60.89,0.0
P1-1843-0316,1843,Tomato_83,Fruit and vegetable,2024-03-16,70.24,2024-03-18,70.24,0.0
P1-1843-0317,1843,Tomato_83,Fruit and vegetable,2024-03-17,50.34,2024-03-19,50.34,0.0
P1-1843-0318,1843,Tomato_83,Fruit and vegetable,2024-03-18,66.01,2024-03-20,66.01,0.0
P1-1843-0319,1843,Tomato_83,Fruit and vegetable,2024-03-19,47.69,2024-03-21,47.69,0.0
P1-1843-0320,1843,Tomato_83,Fruit and vegetable,2024-03-20,17.43,2024-03-22,17.43,0.0
P1-1843-0321,1843,Tomato_83,Fruit and vegetable,2024-03-21,53.73,2024-03-23,53.73,0.0
P1-1843-0322,1843,Tomato_83,Fruit and vegetable,2024-03-22,75.65,2024-03-24,75.65,0.0
P1-1843-0323,1843,Tomato_83,Fruit and vegetable,2024-03-23,48.7,2024-03-25,48.7,0.0
P1-1843-0324,1843,Tomato_83,Fruit and vegetable,2024-03-24,42.52,2024-03-26,42.52,0.0
P1-1843-0325,1843,Tomato_83,Fruit and vegetable,2024-03-25,37.92,2024-03-27,37.92,0.0
P1-1843-0326,1843,Tomato_83,Fruit and vegetable,2024-03-26,42.51,2024-03-28,42.51,0.0
P1-1843-0327,1843,Tomato_83,Fruit and vegetable,2024-03-27,31.1,2024-03-29,31.1,0.0
P1-1843-0328,1843,Tomato_83,Fruit and vegetable,2024-03-28,61.76,2024-03-30,61.76,0.0
P1-1843-0329,1843,Tomato_83,Fruit and vegetable,2024-03-29,78.05,2024-03-31,78.05,0.0
P1-1843-0330,1843,Tomato_83,Fruit and vegetable,2024-03-30,44.55,2024-04-01,44.55,0.0
P1-1843-0331,1843,Tomato_83,Fruit and vegetable,2024-03-31,23.01,2024-04-02,23.01,0.0
P1-1843-0401,1843,Tomato_83,Fruit and vegetable,2024-04-01,30.48,2024-04-03,30.48,0.0
P1-1843-0402,1843,Tomato_83,Fruit and vegetable,2024-04-02,37.55,2024-04-04,37.55,0.0
P1-1843-0403,1843,Tomato_83,Fruit and vegetable,2024-04-03,65.25,2024-04-05,65.25,0.0
P1-1843-0404,1843,Tomato_83,Fruit and vegetable,2024-04-04,46.08,2024-04-06,46.08,0.0
P1-1843-0405,1843,Tomato_83,Fruit and vegetable,2024-04-05,22.67,2024-04-07,22.67,0.0
P1-1843-0406,1843,Tomato_83,Fruit and vegetable,2024-04-06,9.1,2024-04-08,9.1,0.0
P1-1843-0407,1843,Tomato_83,Fruit and vegetable,2024-04-07,44.43,2024-04-09,44.43,0.0
P1-1843-0408,1843,Tomato_83,Fruit and vegetable,2024-04-08,69.93,2024-04-10,69.93,0.0
P1-1843-0409,1843,Tomato_83,Fruit and vegetable,2024-04-09,26.83,2024-04-11,26.83,0.0
P1-1843-0410,1843,Tomato_83,Fruit and vegetable,2024-04-10,40.86,2024-04-12,40.86,0.0
P1-1843-0411,1843,Tomato_83,Fruit and vegetable,2024-04-11,30.61,2024-04-13,30.61,0.0
P1-1843-0412,1843,Tomato_83,Fruit and vegetable,2024-04-12,54.95,2024-04-14,54.95,0.0
P1-1843-0413,1843,Tomato_83,Fruit and vegetable,2024-04-13,54.55,2024-04-15,54.55,0.0
P1-1843-0414,1843,Tomato_83,Fruit and vegetable,2024-04-14,63.31,2024-04-16,63.31,0.0
P1-1843-0415,1843,Tomato_83,Fruit and vegetable,2024-04-15,36.67,2024-04-17,36.67,0.0
P1-1843-0416,1843,Tomato_83,Fruit and vegetable,2024-04-16,60.61,2024-04-18,60.61,0.0
P1-1843-0417,1843,Tomato_83,Fruit and vegetable,2024-04-17,11.95,2024-04-19,11.95,0.0
P1-1843-0418,1843,Tomato_83,Fruit and vegetable,2024-04-18,41.72,2024-04-20,41.72,0.0
P1-1843-0419,1843,Tomato_83,Fruit and vegetable,2024-04-19,51.72,2024-04-21,51.72,0.0
P1-1843-0420,1843,Tomato_83,Fruit and vegetable,2024-04-20,59.71,2024-04-22,59.71,0.0
P1-1843-0421,1843,Tomato_83,Fruit and vegetable,2024-04-21,47.62,2024-04-23,47.62,0.0
P1-1843-0422,1843,Tomato_83,Fruit and vegetable,2024-04-22,62.89,2024-04-24,62.89,0.0
P1-1843-0423,1843,Tomato_83,Fruit and vegetable,2024-04-23,43.71,2024-04-25,43.71,0.0
P1-1843-0424,1843,Tomato_83,Fruit and vegetable,2024-04-24,34.06,2024-04-26,34.06,0.0
P1-1843-0425,1843,Tomato_83,Fruit and vegetable,2024-04-25,32.3,2024-04-27,32.3,0.0
P1-1843-0426,1843,Tomato_83,Fruit and vegetable,2024-04-26,40.12,2024-04-28,30.62,9.49
P1-1843-0428,1843,Tomato_83,Fruit and vegetable,2024-04-28,39.11,2024-04-30,39.11,0.0
P1-1843-0429,1843,Tomato_83,Fruit and vegetable,2024-04-29,59.84,2024-05-01,59.84,0.0
P1-1843-0430,1843,Tomato_83,Fruit and vegetable,2024-04-30,11.5,2024-05-02,11.5,0.0
P1-1843-0501,1843,Tomato_83,Fruit and vegetable,2024-05-01,7.66,2024-05-03,7.66,0.0
P1-1843-0502,1843,Tomato_83,Fruit and vegetable,2024-05-02,38.73,2024-05-04,38.73,0.0
P1-1843-0503,1843,Tomato_83,Fruit and vegetable,2024-05-03,51.38,2024-05-05,51.38,0.0
P1-1843-0504,1843,Tomato_83,Fruit and vegetable,2024-05-04,30.21,2024-05-06,30.21,0.0
P1-1843-0505,1843,Tomato_83,Fruit and vegetable,2024-05-05,30.63,2024-05-07,30.63,0.0
P1-1843-0506,1843,Tomato_83,Fruit and vegetable,2024-05-06,44.28,2024-05-08,44.28,0.0
P1-1843-0507,1843,Tomato_83,Fruit and vegetable,2024-05-07,39.65,2024-05-09,39.65,0.0
P1-1843-0508,1843,Tomato_83,Fruit and vegetable,2024-05-08,41.55,2024-05-10,41.55,0.0
P1-1843-0509,1843,Tomato_83,Fruit and vegetable,2024-05-09,50.47,2024-05-11,50.47,0.0
P1-1843-0510,1843,Tomato_83,Fruit and vegetable,2024-05-10,26.9,2024-05-12,26.9,0.0
P1-1843-0511,1843,Tomato_83,Fruit and vegetable,2024-05-11,34.21,2024-05-13,34.21,0.0
P1-1843-0512,1843,Tomato_83,Fruit and vegetable,2024-05-12,31.33,2024-05-14,31.33,0.0
P1-1843-0513,1843,Tomato_83,Fruit and vegetable,2024-05-13,43.85,2024-05-15,43.85,0.0
P1-1843-0514,1843,Tomato_83,Fruit and vegetable,2024-05-14,39.02,2024-05-16,39.02,0.0
P1-1843-0515,1843,Tomato_83,Fruit and vegetable,2024-05-15,35.68,2024-05-17,35.68,0.0
P1-1843-0516,1843,Tomato_83,Fruit and vegetable,2024-05-16,15.77,2024-05-18,15.77,0.0
P1-1843-0517,1843,Tomato_83,Fruit and vegetable,2024-05-17,44.65,2024-05-19,44.65,0.0
P1-1843-0518,1843,Tomato_83,Fruit and vegetable,2024-05-18,25.8,2024-05-20,25.8,0.0
P1-1843-0519,1843,Tomato_83,Fruit and vegetable,2024-05-19,53.04,2024-05-21,53.04,0.0
P1-1843-0520,1843,Tomato_83,Fruit and vegetable,2024-05-20,43.24,2024-05-22,43.24,0.0
P1-1843-0521,1843,Tomato_83,Fruit and vegetable,2024-05-21,31.46,2024-05-23,31.46,0.0
P1-1843-0522,1843,Tomato_83,Fruit and vegetable,2024-05-22,10.63,2024-05-24,10.63,0.0
P1-1843-0523,1843,Tomato_83,Fruit and vegetable,2024-05-23,36.67,2024-05-25,36.67,0.0
P1-1843-0524,1843,Tomato_83,Fruit and vegetable,2024-05-24,43.57,2024-05-26,43.57,0.0
P1-1843-0525,1843,Tomato_83,Fruit and vegetable,2024-05-25,28.89,2024-05-27,28.89,0.0
P1-1843-0526,1843,Tomato_83,Fruit and vegetable,2024-05-26,28.33,2024-05-28,28.33,0.0
P1-1843-0528,1843,Tomato_83,Fruit and vegetable,2024-05-28,27.99,2024-05-30,27.99,0.0
P1-1843-0529,1843,Tomato_83,Fruit and vegetable,2024-05-29,45.48,2024-05-31,45.48,0.0
P1-1843-0530,1843,Tomato_83,Fruit and vegetable,2024-05-30,10.75,2024-06-01,10.75,0.0
P1-1843-0531,1843,Tomato_83,Fruit and vegetable,2024-05-31,32.0,2024-06-02,32.0,0.0
P1-1843-0601,1843,Tomato_83,Fruit and vegetable,2024-06-01,26.06,2024-06-03,26.06,0.0
P1-1843-0602,1843,Tomato_83,Fruit and vegetable,2024-06-02,40.44,2024-06-04,30.13,
P1-1878-0301,1878,Celery_13,Fruit and vegetable,2024-03-01,74.08,2024-03-03,74.08,0.0
P1-1878-0302,1878,Celery_13,Fruit and vegetable,2024-03-02,74.08,2024-03-04,74.08,0.0
P1-1878-0303,1878,Celery_13,Fruit and vegetable,2024-03-03,70.07,2024-03-05,70.07,0.0
P1-1878-0304,1878,Celery_13,Fruit and vegetable,2024-03-04,44.15,2024-03-06,44.15,0.0
P1-1878-0305,1878,Celery_13,Fruit and vegetable,2024-03-05,44.91,2024-03-07,44.91,0.0
P1-1878-0306,1878,Celery_13,Fruit and vegetable,2024-03-06,33.65,2024-03-08,33.65,0.0
P1-1878-0307,1878,Celery_13,Fruit and vegetable,2024-03-07,63.18,2024-03-09,63.18,0.0
P1-1878-0308,1878,Celery_13,Fruit and vegetable,2024-03-08,59.52,2024-03-10,59.52,0.0
P1-1878-0309,1878,Celery_13,Fruit and vegetable,2024-03-09,16.87,2024-03-11,16.87,0.0
P1-1878-0310,1878,Celery_13,Fruit and vegetable,2024-03-10,67.67,2024-03-12,67.67,0.0
P1-1878-0311,1878,Celery_13,Fruit and vegetable,2024-03-11,60.1,2024-03-13,60.1,0.0
P1-1878-0312,1878,Celery_13,Fruit and vegetable,2024-03-12,52.87,2024-03-14,52.87,0.0
P1-1878-0313,1878,Celery_13,Fruit and vegetable,2024-03-13,72.47,2024-03-15,72.47,0.0
P1-1878-0314,1878,Celery_13,Fruit and vegetable,2024-03-14,45.69,2024-03-16,45.69,0.0
P1-1878-0315,1878,Celery_13,Fruit and vegetable,2024-03-15,53.2,2024-03-17,53.2,0.0
P1-1878-0316,1878,Celery_13,Fruit and vegetable,2024-03-16,39.13,2024-03-18,39.13,0.0
P1-1878-0317,1878,Celery_13,Fruit and vegetable,2024-03-17,71.89,2024-03-19,64.66,7.23
P1-1878-0318,1878,Celery_13,Fruit and vegetable,2024-03-18,37.09,2024-03-20,0.0,37.09
P1-1878-0321,1878,Celery_13,Fruit and vegetable,2024-03-21,66.28,2024-03-23,66.28,0.0
P1-1878-0322,1878,Celery_13,Fruit and vegetable,2024-03-22,73.52,2024-03-24,73.52,0.0
P1-1878-0323,1878,Celery_13,Fruit and vegetable,2024-03-23,72.29,2024-03-25,72.29,0.0
P1-1878-0324,1878,Celery_13,Fruit and vegetable,2024-03-24,55.82,2024-03-26,55.82,0.0
P1-1878-0325,1878,Celery_13,Fruit and vegetable,2024-03-25,51.07,2024-03-27,51.07,0.0
P1-1878-0326,1878,Celery_13,Fruit and vegetable,2024-03-26,30.41,2024-03-28,30.41,0.0
P1-1878-0327,1878,Celery_13,Fruit and vegetable,2024-03-27,81.42,2024-03-29,81.42,0.0
P1-1878-0328,1878,Celery_13,Fruit and vegetable,2024-03-28,83.34,2024-03-30,83.34,0.0
P1-1878-0329,1878,Celery_13,Fruit and vegetable,2024-03-29,93.53,2024-03-31,93.53,0.0
P1-1878-0330,1878,Celery_13,Fruit and vegetable,2024-03-30,28.63,2024-04-01,28.63,0.0
P1-1878-0331,1878,Celery_13,Fruit and vegetable,2024-03-31,23.73,2024-04-02,23.73,0.0
P1-1878-0401,1878,Celery_13,Fruit and vegetable,2024-04-01,43.78,2024-04-03,43.78,0.0
P1-1878-0402,1878,Celery_13,Fruit and vegetable,2024-04-02,46.16,2024-04-04,46.16,0.0
P1-1878-0403,1878,Celery_13,Fruit and vegetable,2024-04-03,81.97,2024-04-05,81.97,0.0
P1-1878-0404,1878,Celery_13,Fruit and vegetable,2024-04-04,48.46,2024-04-06,48.46,0.0
P1-1878-0405,1878,Celery_13,Fruit and vegetable,2024-04-05,55.73,2024-04-07,55.73,0.0
P1-1878-0406,1878,Celery_13,Fruit and vegetable,2024-04-06,29.63,2024-04-08,29.63,0.0
P1-1878-0407,1878,Celery_13,Fruit and vegetable,2024-04-07,55.52,2024-04-09,55.52,0.0
P1-1878-0408,1878,Celery_13,Fruit and vegetable,2024-04-08,42.24,2024-04-10,42.24,0.0
P1-1878-0409,1878,Celery_13,Fruit and vegetable,2024-04-09,57.69,2024-04-11,57.69,0.0
P1-1878-0410,1878,Celery_13,Fruit and vegetable,2024-04-10,39.73,2024-04-12,39.73,0.0
P1-1878-0411,1878,Celery_13,Fruit and vegetable,2024-04-11,83.25,2024-04-13,83.25,0.0
P1-1878-0413,1878,Celery_13,Fruit and vegetable,2024-04-13,52.89,2024-04-15,52.89,0.0
P1-1878-0414,1878,Celery_13,Fruit and vegetable,2024-04-14,23.1,2024-04-16,23.1,0.0
P1-1878-0416,1878,Celery_13,Fruit and vegetable,2024-04-16,57.56,2024-04-18,57.56,0.0
P1-1878-0417,1878,Celery_13,Fruit and vegetable,2024-04-17,42.77,2024-04-19,42.77,0.0
P1-1878-0418,1878,Celery_13,Fruit and vegetable,2024-04-18,48.68,2024-04-20,48.68,0.0
P1-1878-0419,1878,Celery_13,Fruit and vegetable,2024-04-19,66.8,2024-04-21,66.8,0.0
P1-1878-0420,1878,Celery_13,Fruit and vegetable,2024-04-20,73.7,2024-04-22,73.7,0.0
P1-1878-0421,1878,Celery_13,Fruit and vegetable,2024-04-21,54.75,2024-04-23,54.75,0.0
P1-1878-0422,1878,Celery_13,Fruit and vegetable,2024-04-22,42.6,2024-04-24,42.6,0.0
P1-1878-0423,1878,Celery_13,Fruit and vegetable,2024-04-23,53.74,2024-04-25,53.74,0.0
P1-1878-0424,1878,Celery_13,Fruit and vegetable,2024-04-24,42.33,2024-04-26,42.33,0.0
P1-1878-0425,1878,Celery_13,Fruit and vegetable,2024-04-25,59.13,2024-04-27,59.13,0.0
P1-1878-0426,1878,Celery_13,Fruit and vegetable,2024-04-26,88.22,2024-04-28,88.22,0.0
P1-1878-0427,1878,Celery_13,Fruit and vegetable,2024-04-27,32.26,2024-04-29,32.26,0.0
P1-1878-0428,1878,Celery_13,Fruit and vegetable,2024-04-28,8.8,2024-04-30,8.8,0.0
P1-1878-0429,1878,Celery_13,Fruit and vegetable,2024-04-29,32.04,2024-05-01,32.04,0.0
P1-1878-0430,1878,Celery_13,Fruit and vegetable,2024-04-30,41.93,2024-05-02,41.93,0.0
P1-1878-0501,1878,Celery_13,Fruit and vegetable,2024-05-01,63.14,2024-05-03,63.14,0.0
P1-1878-0502,1878,Celery_13,Fruit and vegetable,2024-05-02,42.42,2024-05-04,42.42,0.0
P1-1878-0503,1878,Celery_13,Fruit and vegetable,2024-05-03,38.49,2024-05-05,38.49,0.0
P1-1878-0504,1878,Celery_13,Fruit and vegetable,2024-05-04,55.91,2024-05-06,55.91,0.0
P1-1878-0505,1878,Celery_13,Fruit and vegetable,2024-05-05,25.94,2024-05-07,25.94,0.0
P1-1878-0506,1878,Celery_13,Fruit and vegetable,2024-05-06,55.15,2024-05-08,55.15,0.0
P1-1878-0507,1878,Celery_13,Fruit and vegetable,2024-05-07,53.85,2024-05-09,53.85,0.0
P1-1878-0508,1878,Celery_13,Fruit and vegetable,2024-05-08,71.43,2024-05-10,71.43,0.0
P1-1878-0509,1878,Celery_13,Fruit and vegetable,2024-05-09,66.35,2024-05-11,66.35,0.0
P1-1878-0510,1878,Celery_13,Fruit and vegetable,2024-05-10,99.98,2024-05-12,99.98,0.0
P1-1878-0511,1878,Celery_13,Fruit and vegetable,2024-05-11,50.82,2024-05-13,50.82,0.0
P1-1878-0512,1878,Celery_13,Fruit and vegetable,2024-05-12,62.61,2024-05-14,62.61,0.0
P1-1878-0513,1878,Celery_13,Fruit and vegetable,2024-05-13,53.05,2024-05-15,53.05,0.0
P1-1878-0514,1878,Celery_13,Fruit and vegetable,2024-05-14,68.06,2024-05-16,68.06,0.0
P1-1878-0515,1878,Celery_13,Fruit and vegetable,2024-05-15,41.31,2024-05-17,41.31,0.0
P1-1878-0516,1878,Celery_13,Fruit and vegetable,2024-05-16,38.06,2024-05-18,38.06,0.0
P1-1878-0517,1878,Celery_13,Fruit and vegetable,2024-05-17,23.73,2024-05-19,23.73,0.0
P1-1878-0518,1878,Celery_13,Fruit and vegetable,2024-05-18,124.78,2024-05-20,124.78,0.0
P1-1878-0520,1878,Celery_13,Fruit and vegetable,2024-05-20,28.36,2024-05-22,28.36,0.0
P1-1878-0521,1878,Celery_13,Fruit and vegetable,2024-05-21,80.48,2024-05-23,80.48,0.0
P1-1878-0522,1878,Celery_13,Fruit and vegetable,2024-05-22,133.11,2024-05-24,133.11,0.0
P1-1878-0523,1878,Celery_13,Fruit and vegetable,2024-05-23,111.81,2024-05-25,111.81,0.0
P1-1878-0524,1878,Celery_13,Fruit and vegetable,2024-05-24,132.86,2024-05-26,132.86,0.0
P1-1878-0525,1878,Celery_13,Fruit and vegetable,2024-05-25,38.34,2024-05-27,38.34,0.0
P1-1878-0526,1878,Celery_13,Fruit and vegetable,2024-05-26,70.94,2024-05-28,70.94,0.0
P1-1878-0527,1878,Celery_13,Fruit and vegetable,2024-05-27,84.17,2024-05-29,84.17,0.0
P1-1878-0528,1878,Celery_13,Fruit and vegetable,2024-05-28,110.43,2024-05-30,110.43,0.0
P1-1878-0529,1878,Celery_13,Fruit and vegetable,2024-05-29,116.22,2024-05-31,116.22,0.0
P1-1878-0530,1878,Celery_13,Fruit and vegetable,2024-05-30,36.89,2024-06-01,36.89,0.0
P1-1878-0531,1878,Celery_13,Fruit and vegetable,2024-05-31,26.65,2024-06-02,26.65,0.0
P1-1878-0601,1878,Celery_13,Fruit and vegetable,2024-06-01,89.81,2024-06-03,89.81,0.0
P1-1878-0602,1878,Celery_13,Fruit and vegetable,2024-06-02,106.13,2024-06-04,16.66,
P1-1884-0301,1884,Bread_153,Bakery,2024-03-01,16.04,2024-03-02,16.04,0.0
P1-1884-0302,1884,Bread_153,Bakery,2024-03-02,16.04,2024-03-03,16.04,0.0
P1-1884-0303,1884,Bread_153,Bakery,2024-03-03,15.91,2024-03-04,15.91,0.0
P1-1884-0304,1884,Bread_153,Bakery,2024-03-04,13.61,2024-03-05,13.61,0.0
P1-1884-0305,1884,Bread_153,Bakery,2024-03-05,9.33,2024-03-06,9.33,0.0
P1-1884-0306,1884,Bread_153,Bakery,2024-03-06,16.75,2024-03-07,16.75,0.0
P1-1884-0307,1884,Bread_153,Bakery,2024-03-07,14.02,2024-03-08,14.02,0.0
P1-1884-0308,1884,Bread_153,Bakery,2024-03-08,14.37,2024-03-09,14.37,0.0
P1-1884-0309,1884,Bread_153,Bakery,2024-03-09,17.94,2024-03-10,17.94,0.0
P1-1884-0310,1884,Bread_153,Bakery,2024-03-10,13.78,2024-03-11,11.93,1.85
P1-1884-0311,1884,Bread_153,Bakery,2024-03-11,3.84,2024-03-12,3.84,0.0
P1-1884-0312,1884,Bread_153,Bakery,2024-03-12,18.73,2024-03-13,18.73,0.0
P1-1884-0313,1884,Bread_153,Bakery,2024-03-13,12.08,2024-03-14,12.08,0.0
P1-1884-0314,1884,Bread_153,Bakery,2024-03-14,8.85,2024-03-15,8.85,0.0
P1-1884-0315,1884,Bread_153,Bakery,2024-03-15,22.54,2024-03-16,22.54,0.0
P1-1884-0316,1884,Bread_153,Bakery,2024-03-16,9.72,2024-03-17,9.72,0.0
P1-1884-0317,1884,Bread_153,Bakery,2024-03-17,10.16,2024-03-18,10.16,0.0
P1-1884-0318,1884,Bread_153,Bakery,2024-03-18,8.06,2024-03-19,8.06,0.0
P1-1884-0319,1884,Bread_153,Bakery,2024-03-19,17.32,2024-03-20,17.32,0.0
P1-1884-0320,1884,Bread_153,Bakery,2024-03-20,12.17,2024-03-21,12.17,0.0
P1-1884-0321,1884,Bread_153,Bakery,2024-03-21,21.64,2024-03-22,21.64,0.0
P1-1884-0322,1884,Bread_153,Bakery,2024-03-22,17.19,2024-03-23,17.19,0.0
P1-1884-0323,1884,Bread_153,Bakery,2024-03-23,19.77,2024-03-24,13.55,6.22
P1-1884-0324,1884,Bread_153,Bakery,2024-03-24,8.44,2024-03-25,8.44,0.0
P1-1884-0325,1884,Bread_153,Bakery,2024-03-25,8.34,2024-03-26,8.34,0.0
P1-1884-0326,1884,Bread_153,Bakery,2024-03-26,16.4,2024-03-27,16.4,0.0
P1-1884-0327,1884,Bread_153,Bakery,2024-03-27,17.31,2024-03-28,17.31,0.0
P1-1884-0328,1884,Bread_153,Bakery,2024-03-28,31.6,2024-03-29,31.6,0.0
P1-1884-0329,1884,Bread_153,Bakery,2024-03-29,33.57,2024-03-30,24.26,9.31
P1-1884-0330,1884,Bread_153,Bakery,2024-03-30,2.91,2024-03-31,2.91,0.0
P1-1884-0331,1884,Bread_153,Bakery,2024-03-31,15.12,2024-04-01,15.12,0.0
P1-1884-0401,1884,Bread_153,Bakery,2024-04-01,16.17,2024-04-02,16.17,0.0
P1-1884-0402,1884,Bread_153,Bakery,2024-04-02,16.7,2024-04-03,16.7,0.0
P1-1884-0403,1884,Bread_153,Bakery,2024-04-03,34.1,2024-04-04,21.69,12.41
P1-1884-0404,1884,Bread_153,Bakery,2024-04-04,13.28,2024-04-05,13.28,0.0
P1-1884-0405,1884,Bread_153,Bakery,2024-04-05,30.3,2024-04-06,30.3,0.0
P1-1884-0406,1884,Bread_153,Bakery,2024-04-06,25.62,2024-04-07,25.62,0.0
P1-1884-0407,1884,Bread_153,Bakery,2024-04-07,25.11,2024-04-08,13.27,11.84
P1-1884-0408,1884,Bread_153,Bakery,2024-04-08,7.68,2024-04-09,7.68,0.0
P1-1884-0409,1884,Bread_153,Bakery,2024-04-09,23.74,2024-04-10,18.63,5.11
P1-1884-0410,1884,Bread_153,Bakery,2024-04-10,9.61,2024-04-11,9.61,0.0
P1-1884-0411,1884,Bread_153,Bakery,2024-04-11,21.76,2024-04-12,21.76,0.0
P1-1884-0412,1884,Bread_153,Bakery,2024-04-12,49.32,2024-04-13,22.8,26.52
P1-1884-0414,1884,Bread_153,Bakery,2024-04-14,13.58,2024-04-15,13.58,0.0
P1-1884-0415,1884,Bread_153,Bakery,2024-04-15,17.05,2024-04-16,16.67,0.38
P1-1884-0416,1884,Bread_153,Bakery,2024-04-16,7.09,2024-04-17,7.09,0.0
P1-1884-0417,1884,Bread_153,Bakery,2024-04-17,18.02,2024-04-18,17.01,1.01
P1-1884-0418,1884,Bread_153,Bakery,2024-04-18,13.39,2024-04-19,13.39,0.0
P1-1884-0419,1884,Bread_153,Bakery,2024-04-19,20.49,2024-04-20,20.49,0.0
P1-1884-0420,1884,Bread_153,Bakery,2024-04-20,9.96,2024-04-21,9.85,0.11
P1-1884-0421,1884,Bread_153,Bakery,2024-04-21,15.46,2024-04-22,6.15,9.31
P1-1884-0422,1884,Bread_153,Bakery,2024-04-22,2.34,2024-04-23,2.34,0.0
P1-1884-0423,1884,Bread_153,Bakery,2024-04-23,18.8,2024-04-24,18.8,0.0
P1-1884-0424,1884,Bread_153,Bakery,2024-04-24,11.35,2024-04-25,11.35,0.0
P1-1884-0425,1884,Bread_153,Bakery,2024-04-25,20.37,2024-04-26,20.37,0.0
P1-1884-0426,1884,Bread_153,Bakery,2024-04-26,32.42,2024-04-27,18.16,14.26
P1-1884-0428,1884,Bread_153,Bakery,2024-04-28,11.04,2024-04-29,11.04,0.0
P1-1884-0429,1884,Bread_153,Bakery,2024-04-29,11.1,2024-04-30,11.1,0.0
P1-1884-0430,1884,Bread_153,Bakery,2024-04-30,36.46,2024-05-01,36.46,0.0
P1-1884-0501,1884,Bread_153,Bakery,2024-05-01,26.81,2024-05-02,26.19,0.62
P1-1884-0502,1884,Bread_153,Bakery,2024-05-02,13.59,2024-05-03,11.02,2.57
P1-1884-0503,1884,Bread_153,Bakery,2024-05-03,15.08,2024-05-04,15.08,0.0
P1-1884-0504,1884,Bread_153,Bakery,2024-05-04,5.67,2024-05-05,5.67,0.0
P1-1884-0505,1884,Bread_153,Bakery,2024-05-05,16.83,2024-05-06,16.46,0.37
P1-1884-0506,1884,Bread_153,Bakery,2024-05-06,11.75,2024-05-07,11.75,0.0
P1-1884-0507,1884,Bread_153,Bakery,2024-05-07,37.42,2024-05-08,33.45,3.97
P1-1884-0508,1884,Bread_153,Bakery,2024-05-08,1.7,2024-05-09,1.7,0.0
P1-1884-0509,1884,Bread_153,Bakery,2024-05-09,27.2,2024-05-10,27.2,0.0
P1-1884-0510,1884,Bread_153,Bakery,2024-05-10,11.94,2024-05-11,11.94,0.0
P1-1884-0511,1884,Bread_153,Bakery,2024-05-11,19.95,2024-05-12,17.72,2.23
P1-1884-0512,1884,Bread_153,Bakery,2024-05-12,6.71,2024-05-13,6.71,0.0
P1-1884-0513,1884,Bread_153,Bakery,2024-05-13,16.42,2024-05-14,12.03,4.4
P1-1884-0514,1884,Bread_153,Bakery,2024-05-14,28.69,2024-05-15,16.98,11.71
P1-1884-0516,1884,Bread_153,Bakery,2024-05-16,24.96,2024-05-17,24.96,0.0
P1-1884-0517,1884,Bread_153,Bakery,2024-05-17,15.67,2024-05-18,15.67,0.0
P1-1884-0518,1884,Bread_153,Bakery,2024-05-18,12.66,2024-05-19,12.66,0.0
P1-1884-0519,1884,Bread_153,Bakery,2024-05-19,7.03,2024-05-20,7.03,0.0
P1-1884-0520,1884,Bread_153,Bakery,2024-05-20,12.04,2024-05-21,12.04,0.0
P1-1884-0521,1884,Bread_153,Bakery,2024-05-21,13.12,2024-05-22,13.12,0.0
P1-1884-0522,1884,Bread_153,Bakery,2024-05-22,17.01,2024-05-23,17.01,0.0
P1-1884-0523,1884,Bread_153,Bakery,2024-05-23,10.84,2024-05-24,10.2,0.64
P1-1884-0524,1884,Bread_153,Bakery,2024-05-24,9.23,2024-05-25,7.48,1.75
P1-1884-0525,1884,Bread_153,Bakery,2024-05-25,6.58,2024-05-26,6.58,0.0
P1-1884-0526,1884,Bread_153,Bakery,2024-05-26,10.1,2024-05-27,10.1,0.0
P1-1884-0527,1884,Bread_153,Bakery,2024-05-27,13.21,2024-05-28,13.21,0.0
P1-1884-0528,1884,Bread_153,Bakery,2024-05-28,5.67,2024-05-29,5.67,0.0
P1-1884-0529,1884,Bread_153,Bakery,2024-05-29,10.68,2024-05-30,10.68,0.0
P1-1884-0530,1884,Bread_153,Bakery,2024-05-30,20.09,2024-05-31,20.09,0.0
P1-1884-0531,1884,Bread_153,Bakery,2024-05-31,15.49,2024-06-01,15.49,0.0
P1-1884-0601,1884,Bread_153,Bakery,2024-06-01,16.4,2024-06-02,16.4,0.0
P1-1884-0602,1884,Bread_153,Bakery,2024-06-02,17.46,2024-06-03,5.49,
P1-1944-0301,1944,Kiwi_19,Fruit and vegetable,2024-03-01,162.16,2024-03-03,162.16,0.0
P1-1944-0302,1944,Kiwi_19,Fruit and vegetable,2024-03-02,231.65,2024-03-04,231.65,0.0
P1-1944-0303,1944,Kiwi_19,Fruit and vegetable,2024-03-03,225.06,2024-03-05,225.06,0.0
P1-1944-0304,1944,Kiwi_19,Fruit and vegetable,2024-03-04,202.79,2024-03-06,202.79,0.0
P1-1944-0305,1944,Kiwi_19,Fruit and vegetable,2024-03-05,245.53,2024-03-07,245.53,0.0
P1-1944-0308,1944,Kiwi_19,Fruit and vegetable,2024-03-08,202.79,2024-03-10,202.79,0.0
P1-1944-0309,1944,Kiwi_19,Fruit and vegetable,2024-03-09,194.59,2024-03-11,194.59,0.0
P1-1944-0310,1944,Kiwi_19,Fruit and vegetable,2024-03-10,160.99,2024-03-12,160.99,0.0
P1-1944-0311,1944,Kiwi_19,Fruit and vegetable,2024-03-11,231.92,2024-03-13,231.92,0.0
P1-1944-0312,1944,Kiwi_19,Fruit and vegetable,2024-03-12,149.07,2024-03-14,149.07,0.0
P1-1944-0313,1944,Kiwi_19,Fruit and vegetable,2024-03-13,239.82,2024-03-15,184.59,55.23
P1-1944-0418,1944,Kiwi_19,Fruit and vegetable,2024-04-18,294.35,2024-04-20,294.35,0.0
P1-1944-0419,1944,Kiwi_19,Fruit and vegetable,2024-04-19,181.85,2024-04-21,181.85,0.0
P1-1944-0421,1944,Kiwi_19,Fruit and vegetable,2024-04-21,157.44,2024-04-23,157.44,0.0
P1-1944-0422,1944,Kiwi_19,Fruit and vegetable,2024-04-22,145.65,2024-04-24,145.65,0.0
P1-1944-0423,1944,Kiwi_19,Fruit and vegetable,2024-04-23,123.59,2024-04-25,123.59,0.0
P1-1944-0424,1944,Kiwi_19,Fruit and vegetable,2024-04-24,225.12,2024-04-26,225.12,0.0
P1-1944-0425,1944,Kiwi_19,Fruit and vegetable,2024-04-25,135.66,2024-04-27,135.66,0.0
P1-1944-0426,1944,Kiwi_19,Fruit and vegetable,2024-04-26,212.9,2024-04-28,212.9,0.0
P1-1944-0427,1944,Kiwi_19,Fruit and vegetable,2024-04-27,116.55,2024-04-29,116.55,0.0
P1-1944-0428,1944,Kiwi_19,Fruit and vegetable,2024-04-28,31.38,2024-04-30,31.38,0.0
P1-1944-0429,1944,Kiwi_19,Fruit and vegetable,2024-04-29,142.52,2024-05-01,142.52,0.0
P1-1944-0430,1944,Kiwi_19,Fruit and vegetable,2024-04-30,179.06,2024-05-02,179.06,0.0
P1-1944-0501,1944,Kiwi_19,Fruit and vegetable,2024-05-01,155.57,2024-05-03,155.57,0.0
P1-1944-0502,1944,Kiwi_19,Fruit and vegetable,2024-05-02,108.14,2024-05-04,108.14,0.0
P1-1944-0503,1944,Kiwi_19,Fruit and vegetable,2024-05-03,98.39,2024-05-05,98.39,0.0
P1-1944-0504,1944,Kiwi_19,Fruit and vegetable,2024-05-04,53.69,2024-05-06,53.69,0.0
P1-1944-0505,1944,Kiwi_19,Fruit and vegetable,2024-05-05,165.1,2024-05-07,165.1,0.0
P1-1944-0506,1944,Kiwi_19,Fruit and vegetable,2024-05-06,117.43,2024-05-08,117.43,0.0
P1-1944-0507,1944,Kiwi_19,Fruit and vegetable,2024-05-07,171.96,2024-05-09,171.96,0.0
P1-1944-0508,1944,Kiwi_19,Fruit and vegetable,2024-05-08,147.58,2024-05-10,147.58,0.0
P1-1944-0509,1944,Kiwi_19,Fruit and vegetable,2024-05-09,155.74,2024-05-11,155.74,0.0
P1-1944-0510,1944,Kiwi_19,Fruit and vegetable,2024-05-10,137.8,2024-05-12,137.8,0.0
P1-1944-0511,1944,Kiwi_19,Fruit and vegetable,2024-05-11,138.54,2024-05-13,138.54,0.0
P1-1944-0512,1944,Kiwi_19,Fruit and vegetable,2024-05-12,150.63,2024-05-14,150.63,0.0
P1-1944-0513,1944,Kiwi_19,Fruit and vegetable,2024-05-13,183.28,2024-05-15,183.28,0.0
P1-1944-0514,1944,Kiwi_19,Fruit and vegetable,2024-05-14,149.3,2024-05-16,149.3,0.0
P1-1944-0515,1944,Kiwi_19,Fruit and vegetable,2024-05-15,93.36,2024-05-17,93.36,0.0
P1-1944-0516,1944,Kiwi_19,Fruit and vegetable,2024-05-16,143.42,2024-05-18,143.42,0.0
P1-1944-0517,1944,Kiwi_19,Fruit and vegetable,2024-05-17,163.54,2024-05-19,163.54,0.0
P1-1944-0518,1944,Kiwi_19,Fruit and vegetable,2024-05-18,166.51,2024-05-20,166.51,0.0
P1-1944-0519,1944,Kiwi_19,Fruit and vegetable,2024-05-19,165.66,2024-05-21,165.66,0.0
P1-1944-0520,1944,Kiwi_19,Fruit and vegetable,2024-05-20,126.3,2024-05-22,126.3,0.0
P1-1944-0521,1944,Kiwi_19,Fruit and vegetable,2024-05-21,163.93,2024-05-23,163.93,0.0
P1-1944-0522,1944,Kiwi_19,Fruit and vegetable,2024-05-22,92.89,2024-05-24,92.89,0.0
P1-1944-0524,1944,Kiwi_19,Fruit and vegetable,2024-05-24,145.55,2024-05-26,145.55,0.0
P1-1944-0525,1944,Kiwi_19,Fruit and vegetable,2024-05-25,109.03,2024-05-27,109.03,0.0
P1-1944-0526,1944,Kiwi_19,Fruit and vegetable,2024-05-26,108.06,2024-05-28,108.06,0.0
P1-1944-0527,1944,Kiwi_19,Fruit and vegetable,2024-05-27,95.18,2024-05-29,95.18,0.0
P1-1944-0529,1944,Kiwi_19,Fruit and vegetable,2024-05-29,163.33,2024-05-31,134.27,
P1-1998-0301,1998,Bread_167,Bakery,2024-03-01,53.82,2024-03-02,53.82,0.0
P1-1998-0302,1998,Bread_167,Bakery,2024-03-02,53.82,2024-03-03,38.47,15.35
P1-1998-0303,1998,Bread_167,Bakery,2024-03-03,52.36,2024-03-04,47.14,5.22
P1-1998-0304,1998,Bread_167,Bakery,2024-03-04,36.95,2024-03-05,35.68,1.27
P1-1998-0305,1998,Bread_167,Bakery,2024-03-05,47.69,2024-03-06,37.5,10.19
P1-1998-0306,1998,Bread_167,Bakery,2024-03-06,32.82,2024-03-07,32.82,0.0
P1-1998-0307,1998,Bread_167,Bakery,2024-03-07,44.91,2024-03-08,44.91,0.0
P1-1998-0308,1998,Bread_167,Bakery,2024-03-08,41.08,2024-03-09,41.08,0.0
P1-1998-0309,1998,Bread_167,Bakery,2024-03-09,48.93,2024-03-10,24.8,24.13
P1-1998-0310,1998,Bread_167,Bakery,2024-03-10,0.06,2024-03-11,0.06,0.0
P1-1998-0311,1998,Bread_167,Bakery,2024-03-11,71.27,2024-03-12,71.27,0.0
P1-1998-0312,1998,Bread_167,Bakery,2024-03-12,29.33,2024-03-13,29.33,0.0
P1-1998-0313,1998,Bread_167,Bakery,2024-03-13,42.59,2024-03-14,42.59,0.0
P1-1998-0314,1998,Bread_167,Bakery,2024-03-14,54.15,2024-03-15,54.15,0.0
P1-1998-0315,1998,Bread_167,Bakery,2024-03-15,63.71,2024-03-16,59.06,4.65
P1-1998-0316,1998,Bread_167,Bakery,2024-03-16,18.5,2024-03-17,0.0,18.5
P1-1998-0317,1998,Bread_167,Bakery,2024-03-17,2.72,2024-03-18,2.72,0.0
P1-1998-0318,1998,Bread_167,Bakery,2024-03-18,59.75,2024-03-19,59.75,0.0
P1-1998-0319,1998,Bread_167,Bakery,2024-03-19,39.94,2024-03-20,39.94,0.0
P1-1998-0320,1998,Bread_167,Bakery,2024-03-20,54.9,2024-03-21,54.9,0.0
P1-1998-0321,1998,Bread_167,Bakery,2024-03-21,14.67,2024-03-22,14.67,0.0
P1-1998-0322,1998,Bread_167,Bakery,2024-03-22,57.25,2024-03-23,57.25,0.0
P1-1998-0323,1998,Bread_167,Bakery,2024-03-23,63.65,2024-03-24,39.93,23.72
P1-1998-0324,1998,Bread_167,Bakery,2024-03-24,5.39,2024-03-25,5.39,0.0
P1-1998-0325,1998,Bread_167,Bakery,2024-03-25,64.24,2024-03-26,64.24,0.0
P1-1998-0326,1998,Bread_167,Bakery,2024-03-26,52.49,2024-03-27,52.49,0.0
P1-1998-0327,1998,Bread_167,Bakery,2024-03-27,4.41,2024-03-28,4.41,0.0
P1-1998-0328,1998,Bread_167,Bakery,2024-03-28,81.46,2024-03-29,81.46,0.0
P1-1998-0329,1998,Bread_167,Bakery,2024-03-29,55.49,2024-03-30,55.49,0.0
P1-1998-0330,1998,Bread_167,Bakery,2024-03-30,24.21,2024-03-31,8.61,15.59
P1-1998-0331,1998,Bread_167,Bakery,2024-03-31,7.69,2024-04-01,7.69,0.0
P1-1998-0401,1998,Bread_167,Bakery,2024-04-01,61.53,2024-04-02,26.91,34.62
P1-1998-0402,1998,Bread_167,Bakery,2024-04-02,22.04,2024-04-03,22.04,0.0
P1-1998-0403,1998,Bread_167,Bakery,2024-04-03,54.19,2024-04-04,54.19,0.0
P1-1998-0404,1998,Bread_167,Bakery,2024-04-04,51.86,2024-04-05,51.86,0.0
P1-1998-0405,1998,Bread_167,Bakery,2024-04-05,47.09,2024-04-06,47.09,0.0
P1-1998-0406,1998,Bread_167,Bakery,2024-04-06,62.54,2024-04-07,29.07,33.47
P1-1998-0408,1998,Bread_167,Bakery,2024-04-08,67.11,2024-04-09,67.11,0.0
P1-1998-0409,1998,Bread_167,Bakery,2024-04-09,32.94,2024-04-10,32.94,0.0
P1-1998-0410,1998,Bread_167,Bakery,2024-04-10,81.13,2024-04-11,81.13,0.0
P1-1998-0411,1998,Bread_167,Bakery,2024-04-11,47.19,2024-04-12,47.19,0.0
P1-1998-0412,1998,Bread_167,Bakery,2024-04-12,75.62,2024-04-13,75.62,0.0
P1-1998-0413,1998,Bread_167,Bakery,2024-04-13,34.25,2024-04-14,17.27,16.98
P1-1998-0414,1998,Bread_167,Bakery,2024-04-14,9.78,2024-04-15,9.78,0.0
P1-1998-0415,1998,Bread_167,Bakery,2024-04-15,68.87,2024-04-16,68.87,0.0
P1-1998-0416,1998,Bread_167,Bakery,2024-04-16,40.01,2024-04-17,40.01,0.0
P1-1998-0417,1998,Bread_167,Bakery,2024-04-17,67.65,2024-04-18,57.57,10.07
P1-1998-0418,1998,Bread_167,Bakery,2024-04-18,20.71,2024-04-19,20.71,0.0
P1-1998-0419,1998,Bread_167,Bakery,2024-04-19,56.09,2024-04-20,56.09,0.0
P1-1998-0420,1998,Bread_167,Bakery,2024-04-20,80.24,2024-04-21,47.92,32.33
P1-1998-0422,1998,Bread_167,Bakery,2024-04-22,72.0,2024-04-23,72.0,0.0
P1-1998-0423,1998,Bread_167,Bakery,2024-04-23,66.48,2024-04-24,66.48,0.0
P1-1998-0424,1998,Bread_167,Bakery,2024-04-24,34.5,2024-04-25,34.5,0.0
P1-1998-0425,1998,Bread_167,Bakery,2024-04-25,44.38,2024-04-26,44.38,0.0
P1-1998-0426,1998,Bread_167,Bakery,2024-04-26,78.7,2024-04-27,74.64,4.06
P1-1998-0427,1998,Bread_167,Bakery,2024-04-27,38.65,2024-04-28,0.0,38.65
P1-1998-0429,1998,Bread_167,Bakery,2024-04-29,83.05,2024-04-30,83.05,0.0
P1-1998-0430,1998,Bread_167,Bakery,2024-04-30,41.34,2024-05-01,41.34,0.0
P1-1998-0501,1998,Bread_167,Bakery,2024-05-01,37.55,2024-05-02,37.55,0.0
P1-1998-0502,1998,Bread_167,Bakery,2024-05-02,63.02,2024-05-03,63.02,0.0
P1-1998-0503,1998,Bread_167,Bakery,2024-05-03,51.06,2024-05-04,51.06,0.0
P1-1998-0504,1998,Bread_167,Bakery,2024-05-04,36.63,2024-05-05,20.51,16.11
P1-1998-0505,1998,Bread_167,Bakery,2024-05-05,8.65,2024-05-06,8.65,0.0
P1-1998-0506,1998,Bread_167,Bakery,2024-05-06,65.78,2024-05-07,65.78,0.0
P1-1998-0507,1998,Bread_167,Bakery,2024-05-07,57.1,2024-05-08,57.1,0.0
P1-1998-0508,1998,Bread_167,Bakery,2024-05-08,65.02,2024-05-09,65.02,0.0
P1-1998-0509,1998,Bread_167,Bakery,2024-05-09,74.96,2024-05-10,74.96,0.0
P1-1998-0510,1998,Bread_167,Bakery,2024-05-10,72.9,2024-05-11,63.35,9.55
P1-1998-0511,1998,Bread_167,Bakery,2024-05-11,38.3,2024-05-12,0.0,38.3
P1-1998-0513,1998,Bread_167,Bakery,2024-05-13,90.8,2024-05-14,88.69,2.11
P1-1998-0514,1998,Bread_167,Bakery,2024-05-14,40.26,2024-05-15,40.26,0.0
P1-1998-0515,1998,Bread_167,Bakery,2024-05-15,75.88,2024-05-16,58.66,17.22
P1-1998-0516,1998,Bread_167,Bakery,2024-05-16,18.66,2024-05-17,18.66,0.0
P1-1998-0517,1998,Bread_167,Bakery,2024-05-17,56.74,2024-05-18,56.74,0.0
P1-1998-0518,1998,Bread_167,Bakery,2024-05-18,57.55,2024-05-19,40.36,17.18
P1-1998-0519,1998,Bread_167,Bakery,2024-05-19,11.11,2024-05-20,11.11,0.0
P1-1998-0520,1998,Bread_167,Bakery,2024-05-20,59.15,2024-05-21,59.15,0.0
P1-1998-0521,1998,Bread_167,Bakery,2024-05-21,50.04,2024-05-22,50.04,0.0
P1-1998-0522,1998,Bread_167,Bakery,2024-05-22,53.91,2024-05-23,53.91,0.0
P1-1998-0523,1998,Bread_167,Bakery,2024-05-23,31.89,2024-05-24,31.89,0.0
P1-1998-0524,1998,Bread_167,Bakery,2024-05-24,78.99,2024-05-25,78.99,0.0
P1-1998-0525,1998,Bread_167,Bakery,2024-05-25,32.1,2024-05-26,4.65,27.46
P1-1998-0527,1998,Bread_167,Bakery,2024-05-27,71.39,2024-05-28,71.39,0.0
P1-1998-0528,1998,Bread_167,Bakery,2024-05-28,50.78,2024-05-29,50.78,0.0
P1-1998-0529,1998,Bread_167,Bakery,2024-05-29,61.49,2024-05-30,61.49,0.0
P1-1998-0530,1998,Bread_167,Bakery,2024-05-30,54.38,2024-05-31,54.38,0.0
P1-1998-0531,1998,Bread_167,Bakery,2024-05-31,59.36,2024-06-01,59.36,0.0
P1-1998-0601,1998,Bread_167,Bakery,2024-06-01,23.34,2024-06-02,1.05,
P1-1998-0602,1998,Bread_167,Bakery,2024-06-02,4.14,2024-06-03,0.0,
P1-2038-0416,2038,Bread_171,Bakery,2024-04-16,9.64,2024-04-17,9.64,0.0
P1-2038-0417,2038,Bread_171,Bakery,2024-04-17,9.64,2024-04-18,9.64,0.0
P1-2038-0418,2038,Bread_171,Bakery,2024-04-18,9.55,2024-04-19,9.55,0.0
P1-2038-0419,2038,Bread_171,Bakery,2024-04-19,32.35,2024-04-20,32.35,0.0
P1-2038-0420,2038,Bread_171,Bakery,2024-04-20,31.51,2024-04-21,31.51,0.0
P1-2038-0421,2038,Bread_171,Bakery,2024-04-21,31.7,2024-04-22,31.7,0.0
P1-2038-0422,2038,Bread_171,Bakery,2024-04-22,25.62,2024-04-23,25.62,0.0
P1-2038-0423,2038,Bread_171,Bakery,2024-04-23,9.96,2024-04-24,9.96,0.0
P1-2038-0424,2038,Bread_171,Bakery,2024-04-24,11.99,2024-04-25,11.99,0.0
P1-2038-0425,2038,Bread_171,Bakery,2024-04-25,27.78,2024-04-26,27.78,0.0
P1-2038-0426,2038,Bread_171,Bakery,2024-04-26,44.7,2024-04-27,44.7,0.0
P1-2038-0427,2038,Bread_171,Bakery,2024-04-27,46.11,2024-04-28,21.41,24.7
P1-2038-0428,2038,Bread_171,Bakery,2024-04-28,13.72,2024-04-29,13.72,0.0
P1-2038-0429,2038,Bread_171,Bakery,2024-04-29,14.15,2024-04-30,14.15,0.0
P1-2038-0430,2038,Bread_171,Bakery,2024-04-30,34.77,2024-05-01,34.77,0.0
P1-2038-0501,2038,Bread_171,Bakery,2024-05-01,37.08,2024-05-02,37.08,0.0
P1-2038-0502,2038,Bread_171,Bakery,2024-05-02,21.67,2024-05-03,21.67,0.0
P1-2038-0503,2038,Bread_171,Bakery,2024-05-03,52.61,2024-05-04,45.89,6.72
P1-2038-0504,2038,Bread_171,Bakery,2024-05-04,10.43,2024-05-05,10.43,0.0
P1-2038-0505,2038,Bread_171,Bakery,2024-05-05,15.44,2024-05-06,15.44,0.0
P1-2038-0506,2038,Bread_171,Bakery,2024-05-06,36.36,2024-05-07,36.36,0.0
P1-2038-0507,2038,Bread_171,Bakery,2024-05-07,46.27,2024-05-08,46.27,0.0
P1-2038-0508,2038,Bread_171,Bakery,2024-05-08,34.86,2024-05-09,34.86,0.0
P1-2038-0509,2038,Bread_171,Bakery,2024-05-09,51.53,2024-05-10,51.53,0.0
P1-2038-0510,2038,Bread_171,Bakery,2024-05-10,39.52,2024-05-11,39.52,0.0
P1-2038-0511,2038,Bread_171,Bakery,2024-05-11,8.62,2024-05-12,8.62,0.0
P1-2038-0512,2038,Bread_171,Bakery,2024-05-12,26.97,2024-05-13,26.97,0.0
P1-2038-0513,2038,Bread_171,Bakery,2024-05-13,39.47,2024-05-14,20.11,19.36
P1-2038-0514,2038,Bread_171,Bakery,2024-05-14,30.1,2024-05-15,15.75,14.35
P1-2038-0515,2038,Bread_171,Bakery,2024-05-15,19.05,2024-05-16,19.05,0.0
P1-2038-0516,2038,Bread_171,Bakery,2024-05-16,24.26,2024-05-17,24.26,0.0
P1-2038-0517,2038,Bread_171,Bakery,2024-05-17,37.2,2024-05-18,37.2,0.0
P1-2038-0518,2038,Bread_171,Bakery,2024-05-18,40.06,2024-05-19,40.06,0.0
P1-2038-0519,2038,Bread_171,Bakery,2024-05-19,24.64,2024-05-20,24.64,0.0
P1-2038-0520,2038,Bread_171,Bakery,2024-05-20,17.53,2024-05-21,17.53,0.0
P1-2038-0521,2038,Bread_171,Bakery,2024-05-21,24.19,2024-05-22,19.99,4.21
P1-2038-0522,2038,Bread_171,Bakery,2024-05-22,14.4,2024-05-23,14.4,0.0
P1-2038-0523,2038,Bread_171,Bakery,2024-05-23,30.42,2024-05-24,30.42,0.0
P1-2038-0524,2038,Bread_171,Bakery,2024-05-24,56.87,2024-05-25,56.87,0.0
P1-2038-0525,2038,Bread_171,Bakery,2024-05-25,39.66,2024-05-26,39.66,0.0
P1-2038-0526,2038,Bread_171,Bakery,2024-05-26,42.68,2024-05-27,42.68,0.0
P1-2038-0527,2038,Bread_171,Bakery,2024-05-27,49.33,2024-05-28,21.25,28.08
P1-2038-0529,2038,Bread_171,Bakery,2024-05-29,39.55,2024-05-30,39.55,0.0
P1-2038-0530,2038,Bread_171,Bakery,2024-05-30,34.44,2024-05-31,34.44,0.0
P1-2038-0531,2038,Bread_171,Bakery,2024-05-31,67.14,2024-06-01,37.49,29.65
P1-2038-0601,2038,Bread_171,Bakery,2024-06-01,5.4,2024-06-02,5.4,0.0
P1-2038-0602,2038,Bread_171,Bakery,2024-06-02,52.83,2024-06-03,21.19,
P1-2054-0301,2054,Chicken_77,Meat and fish,2024-03-01,22.04,2024-03-04,22.04,0.0
P1-2054-0302,2054,Chicken_77,Meat and fish,2024-03-02,22.04,2024-03-05,22.04,0.0
P1-2054-0303,2054,Chicken_77,Meat and fish,2024-03-03,21.26,2024-03-06,21.26,0.0
P1-2054-0304,2054,Chicken_77,Meat and fish,2024-03-04,12.45,2024-03-07,12.45,0.0
P1-2054-0305,2054,Chicken_77,Meat and fish,2024-03-05,16.83,2024-03-08,16.83,0.0
P1-2054-0306,2054,Chicken_77,Meat and fish,2024-03-06,7.55,2024-03-09,7.55,0.0
P1-2054-0307,2054,Chicken_77,Meat and fish,2024-03-07,8.53,2024-03-10,8.53,0.0
P1-2054-0308,2054,Chicken_77,Meat and fish,2024-03-08,13.31,2024-03-11,13.31,0.0
P1-2054-0309,2054,Chicken_77,Meat and fish,2024-03-09,8.07,2024-03-12,8.07,0.0
P1-2054-0310,2054,Chicken_77,Meat and fish,2024-03-10,18.45,2024-03-13,18.45,0.0
P1-2054-0311,2054,Chicken_77,Meat and fish,2024-03-11,17.61,2024-03-14,17.61,0.0
P1-2054-0312,2054,Chicken_77,Meat and fish,2024-03-12,12.14,2024-03-15,12.14,0.0
P1-2054-0313,2054,Chicken_77,Meat and fish,2024-03-13,12.48,2024-03-16,12.48,0.0
P1-2054-0314,2054,Chicken_77,Meat and fish,2024-03-14,26.88,2024-03-17,26.88,0.0
P1-2054-0315,2054,Chicken_77,Meat and fish,2024-03-15,28.61,2024-03-18,28.61,0.0
P1-2054-0316,2054,Chicken_77,Meat and fish,2024-03-16,28.23,2024-03-19,28.23,0.0
P1-2054-0317,2054,Chicken_77,Meat and fish,2024-03-17,7.68,2024-03-20,7.68,0.0
P1-2054-0318,2054,Chicken_77,Meat and fish,2024-03-18,21.44,2024-03-21,21.44,0.0
P1-2054-0320,2054,Chicken_77,Meat and fish,2024-03-20,8.57,2024-03-23,8.57,0.0
P1-2054-0321,2054,Chicken_77,Meat and fish,2024-03-21,41.5,2024-03-24,41.5,0.0
P1-2054-0322,2054,Chicken_77,Meat and fish,2024-03-22,4.7,2024-03-25,4.7,0.0
P1-2054-0323,2054,Chicken_77,Meat and fish,2024-03-23,0.77,2024-03-26,0.77,0.0
P1-2054-0324,2054,Chicken_77,Meat and fish,2024-03-24,16.3,2024-03-27,16.3,0.0
P1-2054-0325,2054,Chicken_77,Meat and fish,2024-03-25,19.71,2024-03-28,19.71,0.0
P1-2054-0326,2054,Chicken_77,Meat and fish,2024-03-26,15.24,2024-03-29,15.24,0.0
P1-2054-0327,2054,Chicken_77,Meat and fish,2024-03-27,23.87,2024-03-30,23.87,0.0
P1-2054-0328,2054,Chicken_77,Meat and fish,2024-03-28,43.27,2024-03-31,43.27,0.0
P1-2054-0329,2054,Chicken_77,Meat and fish,2024-03-29,31.88,2024-04-01,31.88,0.0
P1-2054-0330,2054,Chicken_77,Meat and fish,2024-03-30,24.08,2024-04-02,24.08,0.0
P1-2054-0331,2054,Chicken_77,Meat and fish,2024-03-31,24.16,2024-04-03,24.16,0.0
P1-2054-0401,2054,Chicken_77,Meat and fish,2024-04-01,23.06,2024-04-04,23.06,0.0
P1-2054-0402,2054,Chicken_77,Meat and fish,2024-04-02,10.95,2024-04-05,10.95,0.0
P1-2054-0404,2054,Chicken_77,Meat and fish,2024-04-04,12.18,2024-04-07,12.18,0.0
P1-2054-0405,2054,Chicken_77,Meat and fish,2024-04-05,38.94,2024-04-08,38.94,0.0
P1-2054-0406,2054,Chicken_77,Meat and fish,2024-04-06,6.89,2024-04-09,6.89,0.0
P1-2054-0407,2054,Chicken_77,Meat and fish,2024-04-07,6.71,2024-04-10,6.71,0.0
P1-2054-0408,2054,Chicken_77,Meat and fish,2024-04-08,19.81,2024-04-11,19.81,0.0
P1-2054-0409,2054,Chicken_77,Meat and fish,2024-04-09,4.3,2024-04-12,4.3,0.0
P1-2054-0410,2054,Chicken_77,Meat and fish,2024-04-10,14.42,2024-04-13,14.42,0.0
P1-2054-0411,2054,Chicken_77,Meat and fish,2024-04-11,33.79,2024-04-14,33.79,0.0
P1-2054-0412,2054,Chicken_77,Meat and fish,2024-04-12,34.37,2024-04-15,34.37,0.0
P1-2054-0413,2054,Chicken_77,Meat and fish,2024-04-13,12.05,2024-04-16,12.05,0.0
P1-2054-0415,2054,Chicken_77,Meat and fish,2024-04-15,131.36,2024-04-18,131.36,0.0
P1-2054-0416,2054,Chicken_77,Meat and fish,2024-04-16,123.01,2024-04-19,123.01,0.0
P1-2054-0417,2054,Chicken_77,Meat and fish,2024-04-17,145.64,2024-04-20,145.64,0.0
P1-2054-0418,2054,Chicken_77,Meat and fish,2024-04-18,140.06,2024-04-21,140.06,0.0
P1-2054-0419,2054,Chicken_77,Meat and fish,2024-04-19,187.55,2024-04-22,187.55,0.0
P1-2054-0420,2054,Chicken_77,Meat and fish,2024-04-20,124.89,2024-04-23,124.89,0.0
P1-2054-0421,2054,Chicken_77,Meat and fish,2024-04-21,139.95,2024-04-24,139.95,0.0
P1-2054-0422,2054,Chicken_77,Meat and fish,2024-04-22,173.76,2024-04-25,73.72,100.04
P1-2054-0423,2054,Chicken_77,Meat and fish,2024-04-23,32.99,2024-04-26,13.03,19.96
P1-2054-0424,2054,Chicken_77,Meat and fish,2024-04-24,62.91,2024-04-27,5.95,56.96
P1-2054-0425,2054,Chicken_77,Meat and fish,2024-04-25,17.18,2024-04-28,14.55,2.63
P1-2054-0426,2054,Chicken_77,Meat and fish,2024-04-26,168.29,2024-04-29,21.41,146.88
P1-2054-0428,2054,Chicken_77,Meat and fish,2024-04-28,15.15,2024-05-01,15.15,0.0
P1-2054-0430,2054,Chicken_77,Meat and fish,2024-04-30,17.19,2024-05-03,17.19,0.0
P1-2054-0501,2054,Chicken_77,Meat and fish,2024-05-01,24.3,2024-05-04,24.3,0.0
P1-2054-0502,2054,Chicken_77,Meat and fish,2024-05-02,13.66,2024-05-05,13.66,0.0
P1-2054-0503,2054,Chicken_77,Meat and fish,2024-05-03,13.34,2024-05-06,13.34,0.0
P1-2054-0504,2054,Chicken_77,Meat and fish,2024-05-04,18.56,2024-05-07,18.56,0.0
P1-2054-0505,2054,Chicken_77,Meat and fish,2024-05-05,19.98,2024-05-08,19.98,0.0
P1-2054-0506,2054,Chicken_77,Meat and fish,2024-05-06,22.69,2024-05-09,22.69,0.0
P1-2054-0507,2054,Chicken_77,Meat and fish,2024-05-07,23.86,2024-05-10,23.86,0.0
P1-2054-0509,2054,Chicken_77,Meat and fish,2024-05-09,21.17,2024-05-12,21.17,0.0
P1-2054-0510,2054,Chicken_77,Meat and fish,2024-05-10,20.49,2024-05-13,20.49,0.0
P1-2054-0511,2054,Chicken_77,Meat and fish,2024-05-11,2.64,2024-05-14,2.64,0.0
P1-2054-0512,2054,Chicken_77,Meat and fish,2024-05-12,12.4,2024-05-15,12.4,0.0
P1-2054-0513,2054,Chicken_77,Meat and fish,2024-05-13,10.71,2024-05-16,10.71,0.0
P1-2054-0514,2054,Chicken_77,Meat and fish,2024-05-14,32.35,2024-05-17,32.35,0.0
P1-2054-0515,2054,Chicken_77,Meat and fish,2024-05-15,7.81,2024-05-18,7.81,0.0
P1-2054-0517,2054,Chicken_77,Meat and fish,2024-05-17,19.71,2024-05-20,19.71,0.0
P1-2054-0518,2054,Chicken_77,Meat and fish,2024-05-18,2.5,2024-05-21,2.5,0.0
P1-2054-0519,2054,Chicken_77,Meat and fish,2024-05-19,15.79,2024-05-22,15.79,0.0
P1-2054-0520,2054,Chicken_77,Meat and fish,2024-05-20,27.44,2024-05-23,27.44,0.0
P1-2054-0521,2054,Chicken_77,Meat and fish,2024-05-21,1.84,2024-05-24,1.84,0.0
P1-2054-0522,2054,Chicken_77,Meat and fish,2024-05-22,10.96,2024-05-25,10.96,0.0
P1-2054-0523,2054,Chicken_77,Meat and fish,2024-05-23,18.75,2024-05-26,18.75,0.0
P1-2054-0524,2054,Chicken_77,Meat and fish,2024-05-24,13.07,2024-05-27,13.07,0.0
P1-2054-0525,2054,Chicken_77,Meat and fish,2024-05-25,18.73,2024-05-28,18.73,0.0
P1-2054-0527,2054,Chicken_77,Meat and fish,2024-05-27,18.91,2024-05-30,18.91,0.0
P1-2054-0528,2054,Chicken_77,Meat and fish,2024-05-28,9.27,2024-05-31,9.27,0.0
P1-2054-0529,2054,Chicken_77,Meat and fish,2024-05-29,1.3,2024-06-01,1.3,0.0
P1-2054-0530,2054,Chicken_77,Meat and fish,2024-05-30,23.78,2024-06-02,23.78,0.0
P1-2054-0531,2054,Chicken_77,Meat and fish,2024-05-31,26.74,2024-06-03,26.74,0.0
P1-2054-0601,2054,Chicken_77,Meat and fish,2024-06-01,13.05,2024-06-04,13.05,0.0
P1-2054-0602,2054,Chicken_77,Meat and fish,2024-06-02,23.08,2024-06-05,17.94,
P1-2084-0301,2084,Radish_13,Fruit and vegetable,2024-03-01,859.35,2024-03-03,859.35,0.0
P1-2084-0302,2084,Radish_13,Fruit and vegetable,2024-03-02,1180.41,2024-03-04,1180.41,0.0
P1-2084-0303,2084,Radish_13,Fruit and vegetable,2024-03-03,1149.94,2024-03-05,1149.94,0.0
P1-2084-0304,2084,Radish_13,Fruit and vegetable,2024-03-04,700.09,2024-03-06,700.09,0.0
P1-2084-0305,2084,Radish_13,Fruit and vegetable,2024-03-05,694.51,2024-03-07,694.51,0.0
P1-2084-0306,2084,Radish_13,Fruit and vegetable,2024-03-06,670.22,2024-03-08,670.22,0.0
P1-2084-0307,2084,Radish_13,Fruit and vegetable,2024-03-07,633.67,2024-03-09,633.67,0.0
P1-2084-0308,2084,Radish_13,Fruit and vegetable,2024-03-08,828.76,2024-03-10,828.76,0.0
P1-2084-0309,2084,Radish_13,Fruit and vegetable,2024-03-09,1158.37,2024-03-11,1158.37,0.0
P1-2084-0310,2084,Radish_13,Fruit and vegetable,2024-03-10,103.22,2024-03-12,103.22,0.0
P1-2084-0311,2084,Radish_13,Fruit and vegetable,2024-03-11,816.97,2024-03-13,816.97,0.0
P1-2084-0312,2084,Radish_13,Fruit and vegetable,2024-03-12,614.62,2024-03-14,614.62,0.0
P1-2084-0313,2084,Radish_13,Fruit and vegetable,2024-03-13,649.1,2024-03-15,649.1,0.0
P1-2084-0314,2084,Radish_13,Fruit and vegetable,2024-03-14,842.28,2024-03-16,842.28,0.0
P1-2084-0315,2084,Radish_13,Fruit and vegetable,2024-03-15,740.98,2024-03-17,740.98,0.0
P1-2084-0316,2084,Radish_13,Fruit and vegetable,2024-03-16,904.76,2024-03-18,904.76,0.0
P1-2084-0317,2084,Radish_13,Fruit and vegetable,2024-03-17,764.87,2024-03-19,764.87,0.0
P1-2084-0318,2084,Radish_13,Fruit and vegetable,2024-03-18,571.86,2024-03-20,571.86,0.0
P1-2084-0319,2084,Radish_13,Fruit and vegetable,2024-03-19,737.9,2024-03-21,737.9,0.0
P1-2084-0320,2084,Radish_13,Fruit and vegetable,2024-03-20,552.83,2024-03-22,552.83,0.0
P1-2084-0321,2084,Radish_13,Fruit and vegetable,2024-03-21,856.15,2024-03-23,856.15,0.0
P1-2084-0322,2084,Radish_13,Fruit and vegetable,2024-03-22,1067.91,2024-03-24,1067.91,0.0
P1-2084-0323,2084,Radish_13,Fruit and vegetable,2024-03-23,744.72,2024-03-25,744.72,0.0
P1-2084-0324,2084,Radish_13,Fruit and vegetable,2024-03-24,586.71,2024-03-26,586.71,0.0
P1-2084-0325,2084,Radish_13,Fruit and vegetable,2024-03-25,788.09,2024-03-27,788.09,0.0
P1-2084-0326,2084,Radish_13,Fruit and vegetable,2024-03-26,703.65,2024-03-28,703.65,0.0
P1-2084-0327,2084,Radish_13,Fruit and vegetable,2024-03-27,837.97,2024-03-29,837.97,0.0
P1-2084-0328,2084,Radish_13,Fruit and vegetable,2024-03-28,854.33,2024-03-30,854.33,0.0
P1-2084-0329,2084,Radish_13,Fruit and vegetable,2024-03-29,1031.61,2024-03-31,1031.61,0.0
P1-2084-0330,2084,Radish_13,Fruit and vegetable,2024-03-30,391.33,2024-04-01,391.33,0.0
P1-2084-0331,2084,Radish_13,Fruit and vegetable,2024-03-31,596.13,2024-04-02,596.13,0.0
P1-2084-0401,2084,Radish_13,Fruit and vegetable,2024-04-01,663.15,2024-04-03,663.15,0.0
P1-2084-0402,2084,Radish_13,Fruit and vegetable,2024-04-02,839.67,2024-04-04,839.67,0.0
P1-2084-0403,2084,Radish_13,Fruit and vegetable,2024-04-03,723.1,2024-04-05,723.1,0.0
P1-2084-0404,2084,Radish_13,Fruit and vegetable,2024-04-04,880.53,2024-04-06,880.53,0.0
P1-2084-0405,2084,Radish_13,Fruit and vegetable,2024-04-05,623.45,2024-04-07,623.45,0.0
P1-2084-0406,2084,Radish_13,Fruit and vegetable,2024-04-06,972.83,2024-04-08,972.83,0.0
P1-2084-0407,2084,Radish_13,Fruit and vegetable,2024-04-07,879.72,2024-04-09,879.72,0.0
P1-2084-0408,2084,Radish_13,Fruit and vegetable,2024-04-08,968.64,2024-04-10,968.64,0.0
P1-2084-0409,2084,Radish_13,Fruit and vegetable,2024-04-09,622.67,2024-04-11,622.67,0.0
P1-2084-0410,2084,Radish_13,Fruit and vegetable,2024-04-10,696.25,2024-04-12,696.25,0.0
P1-2084-0411,2084,Radish_13,Fruit and vegetable,2024-04-11,1044.2,2024-04-13,1044.2,0.0
P1-2084-0412,2084,Radish_13,Fruit and vegetable,2024-04-12,860.81,2024-04-14,860.81,0.0
P1-2084-0413,2084,Radish_13,Fruit and vegetable,2024-04-13,1164.03,2024-04-15,1164.03,0.0
P1-2084-0414,2084,Radish_13,Fruit and vegetable,2024-04-14,772.02,2024-04-16,772.02,0.0
P1-2084-0415,2084,Radish_13,Fruit and vegetable,2024-04-15,1768.57,2024-04-17,1768.57,0.0
P1-2084-0416,2084,Radish_13,Fruit and vegetable,2024-04-16,1784.88,2024-04-18,1784.88,0.0
P1-2084-0417,2084,Radish_13,Fruit and vegetable,2024-04-17,1874.77,2024-04-19,1874.77,0.0
P1-2084-0418,2084,Radish_13,Fruit and vegetable,2024-04-18,2114.43,2024-04-20,2114.43,0.0
P1-2084-0419,2084,Radish_13,Fruit and vegetable,2024-04-19,2313.52,2024-04-21,2313.52,0.0
P1-2084-0420,2084,Radish_13,Fruit and vegetable,2024-04-20,1817.35,2024-04-22,1817.35,0.0
P1-2084-0421,2084,Radish_13,Fruit and vegetable,2024-04-21,1755.74,2024-04-23,1755.74,0.0
P1-2084-0422,2084,Radish_13,Fruit and vegetable,2024-04-22,2163.17,2024-04-24,2163.17,0.0
P1-2084-0423,2084,Radish_13,Fruit and vegetable,2024-04-23,1590.02,2024-04-25,1590.02,0.0
P1-2084-0424,2084,Radish_13,Fruit and vegetable,2024-04-24,1841.58,2024-04-26,1841.58,0.0
P1-2084-0425,2084,Radish_13,Fruit and vegetable,2024-04-25,1848.55,2024-04-27,1848.55,0.0
P1-2084-0426,2084,Radish_13,Fruit and vegetable,2024-04-26,1912.5,2024-04-28,1912.5,0.0
P1-2084-0427,2084,Radish_13,Fruit and vegetable,2024-04-27,1417.9,2024-04-29,1417.9,0.0
P1-2084-0428,2084,Radish_13,Fruit and vegetable,2024-04-28,1424.06,2024-04-30,1424.06,0.0
P1-2084-0429,2084,Radish_13,Fruit and vegetable,2024-04-29,1618.5,2024-05-01,1618.5,0.0
P1-2084-0430,2084,Radish_13,Fruit and vegetable,2024-04-30,1121.13,2024-05-02,1121.13,0.0
P1-2084-0501,2084,Radish_13,Fruit and vegetable,2024-05-01,716.52,2024-05-03,716.52,0.0
P1-2084-0502,2084,Radish_13,Fruit and vegetable,2024-05-02,959.49,2024-05-04,959.49,0.0
P1-2084-0503,2084,Radish_13,Fruit and vegetable,2024-05-03,1149.55,2024-05-05,682.45,467.1
P1-2084-0504,2084,Radish_13,Fruit and vegetable,2024-05-04,155.89,2024-05-06,155.89,0.0
P1-2084-0505,2084,Radish_13,Fruit and vegetable,2024-05-05,858.06,2024-05-07,858.06,0.0
P1-2084-0507,2084,Radish_13,Fruit and vegetable,2024-05-07,651.04,2024-05-09,651.04,0.0
P1-2084-0508,2084,Radish_13,Fruit and vegetable,2024-05-08,901.7,2024-05-10,901.7,0.0
P1-2084-0509,2084,Radish_13,Fruit and vegetable,2024-05-09,1012.2,2024-05-11,1012.2,0.0
P1-2084-0510,2084,Radish_13,Fruit and vegetable,2024-05-10,1073.47,2024-05-12,1073.47,0.0
P1-2084-0511,2084,Radish_13,Fruit and vegetable,2024-05-11,654.15,2024-05-13,654.15,0.0
P1-2084-0512,2084,Radish_13,Fruit and vegetable,2024-05-12,881.07,2024-05-14,881.07,0.0
P1-2084-0513,2084,Radish_13,Fruit and vegetable,2024-05-13,950.78,2024-05-15,950.78,0.0
P1-2084-0514,2084,Radish_13,Fruit and vegetable,2024-05-14,1121.17,2024-05-16,1121.17,0.0
P1-2084-0515,2084,Radish_13,Fruit and vegetable,2024-05-15,682.53,2024-05-17,682.53,0.0
P1-2084-0516,2084,Radish_13,Fruit and vegetable,2024-05-16,923.23,2024-05-18,923.23,0.0
P1-2084-0517,2084,Radish_13,Fruit and vegetable,2024-05-17,1042.19,2024-05-19,1042.19,0.0
P1-2084-0518,2084,Radish_13,Fruit and vegetable,2024-05-18,960.3,2024-05-20,960.3,0.0
P1-2084-0519,2084,Radish_13,Fruit and vegetable,2024-05-19,893.21,2024-05-21,893.21,0.0
P1-2084-0520,2084,Radish_13,Fruit and vegetable,2024-05-20,863.24,2024-05-22,863.24,0.0
P1-2084-0521,2084,Radish_13,Fruit and vegetable,2024-05-21,686.68,2024-05-23,686.68,0.0
P1-2084-0522,2084,Radish_13,Fruit and vegetable,2024-05-22,740.2,2024-05-24,740.2,0.0
P1-2084-0523,2084,Radish_13,Fruit and vegetable,2024-05-23,1114.55,2024-05-25,1114.55,0.0
P1-2084-0524,2084,Radish_13,Fruit and vegetable,2024-05-24,1040.07,2024-05-26,1040.07,0.0
P1-2084-0525,2084,Radish_13,Fruit and vegetable,2024-05-25,588.61,2024-05-27,588.61,0.0
P1-2084-0526,2084,Radish_13,Fruit and vegetable,2024-05-26,868.59,2024-05-28,868.59,0.0
P1-2084-0527,2084,Radish_13,Fruit and vegetable,2024-05-27,728.14,2024-05-29,728.14,0.0
P1-2084-0528,2084,Radish_13,Fruit and vegetable,2024-05-28,836.27,2024-05-30,836.27,0.0
P1-2084-0529,2084,Radish_13,Fruit and vegetable,2024-05-29,676.15,2024-05-31,676.15,0.0
P1-2084-0530,2084,Radish_13,Fruit and vegetable,2024-05-30,835.45,2024-06-01,835.45,0.0
P1-2084-0531,2084,Radish_13,Fruit and vegetable,2024-05-31,844.04,2024-06-02,844.04,0.0
P1-2084-0601,2084,Radish_13,Fruit and vegetable,2024-06-01,585.07,2024-06-03,585.07,0.0
P1-2084-0602,2084,Radish_13,Fruit and vegetable,2024-06-02,715.7,2024-06-04,492.69,
P1-2107-0301,2107,Herb_15,Fruit and vegetable,2024-03-01,22.4,2024-03-03,22.4,0.0
P1-2107-0302,2107,Herb_15,Fruit and vegetable,2024-03-02,24.76,2024-03-04,24.76,0.0
P1-2107-0303,2107,Herb_15,Fruit and vegetable,2024-03-03,30.32,2024-03-05,30.32,0.0
P1-2107-0304,2107,Herb_15,Fruit and vegetable,2024-03-04,31.97,2024-03-06,31.97,0.0
P1-2107-0305,2107,Herb_15,Fruit and vegetable,2024-03-05,28.19,2024-03-07,28.19,0.0
P1-2107-0306,2107,Herb_15,Fruit and vegetable,2024-03-06,14.8,2024-03-08,14.8,0.0
P1-2107-0307,2107,Herb_15,Fruit and vegetable,2024-03-07,12.74,2024-03-09,12.74,0.0
P1-2107-0308,2107,Herb_15,Fruit and vegetable,2024-03-08,12.07,2024-03-10,12.07,0.0
P1-2107-0309,2107,Herb_15,Fruit and vegetable,2024-03-09,32.38,2024-03-11,32.38,0.0
P1-2107-0310,2107,Herb_15,Fruit and vegetable,2024-03-10,19.97,2024-03-12,19.97,0.0
P1-2107-0311,2107,Herb_15,Fruit and vegetable,2024-03-11,14.52,2024-03-13,14.52,0.0
P1-2107-0313,2107,Herb_15,Fruit and vegetable,2024-03-13,11.82,2024-03-15,11.82,0.0
P1-2107-0314,2107,Herb_15,Fruit and vegetable,2024-03-14,12.09,2024-03-16,12.09,0.0
P1-2107-0315,2107,Herb_15,Fruit and vegetable,2024-03-15,36.67,2024-03-17,36.67,0.0
P1-2107-0317,2107,Herb_15,Fruit and vegetable,2024-03-17,25.14,2024-03-19,25.14,0.0
P1-2107-0318,2107,Herb_15,Fruit and vegetable,2024-03-18,9.0,2024-03-20,9.0,0.0
P1-2107-0319,2107,Herb_15,Fruit and vegetable,2024-03-19,30.11,2024-03-21,30.11,0.0
P1-2107-0320,2107,Herb_15,Fruit and vegetable,2024-03-20,15.98,2024-03-22,15.98,0.0
P1-2107-0321,2107,Herb_15,Fruit and vegetable,2024-03-21,17.34,2024-03-23,17.34,0.0
P1-2107-0322,2107,Herb_15,Fruit and vegetable,2024-03-22,44.87,2024-03-24,44.87,0.0
P1-2107-0323,2107,Herb_15,Fruit and vegetable,2024-03-23,54.77,2024-03-25,54.77,0.0
P1-2107-0325,2107,Herb_15,Fruit and vegetable,2024-03-25,37.18,2024-03-27,37.18,0.0
P1-2107-0326,2107,Herb_15,Fruit and vegetable,2024-03-26,8.84,2024-03-28,8.84,0.0
P1-2107-0327,2107,Herb_15,Fruit and vegetable,2024-03-27,18.05,2024-03-29,18.05,0.0
P1-2107-0328,2107,Herb_15,Fruit and vegetable,2024-03-28,47.23,2024-03-30,47.23,0.0
P1-2107-0329,2107,Herb_15,Fruit and vegetable,2024-03-29,22.72,2024-03-31,17.04,5.69
P1-2107-0331,2107,Herb_15,Fruit and vegetable,2024-03-31,27.6,2024-04-02,27.6,0.0
P1-2107-0402,2107,Herb_15,Fruit and vegetable,2024-04-02,22.79,2024-04-04,22.79,0.0
P1-2107-0403,2107,Herb_15,Fruit and vegetable,2024-04-03,30.91,2024-04-05,30.91,0.0
P1-2107-0405,2107,Herb_15,Fruit and vegetable,2024-04-05,15.42,2024-04-07,15.42,0.0
P1-2107-0406,2107,Herb_15,Fruit and vegetable,2024-04-06,29.08,2024-04-08,29.08,0.0
P1-2107-0407,2107,Herb_15,Fruit and vegetable,2024-04-07,6.17,2024-04-09,6.17,0.0
P1-2107-0408,2107,Herb_15,Fruit and vegetable,2024-04-08,26.06,2024-04-10,26.06,0.0
P1-2107-0409,2107,Herb_15,Fruit and vegetable,2024-04-09,21.14,2024-04-11,21.14,0.0
P1-2107-0410,2107,Herb_15,Fruit and vegetable,2024-04-10,21.26,2024-04-12,21.26,0.0
P1-2107-0411,2107,Herb_15,Fruit and vegetable,2024-04-11,28.12,2024-04-13,16.84,11.28
P1-2107-0414,2107,Herb_15,Fruit and vegetable,2024-04-14,37.93,2024-04-16,33.21,4.72
P1-2107-0416,2107,Herb_15,Fruit and vegetable,2024-04-16,19.64,2024-04-18,19.21,0.43
P1-2107-0417,2107,Herb_15,Fruit and vegetable,2024-04-17,16.34,2024-04-19,16.34,0.0
P1-2107-0419,2107,Herb_15,Fruit and vegetable,2024-04-19,38.6,2024-04-21,38.6,0.0
P1-2107-0420,2107,Herb_15,Fruit and vegetable,2024-04-20,3.03,2024-04-22,3.03,0.0
P1-2107-0421,2107,Herb_15,Fruit and vegetable,2024-04-21,13.84,2024-04-23,13.84,0.0
P1-2107-0422,2107,Herb_15,Fruit and vegetable,2024-04-22,20.84,2024-04-24,20.84,0.0
P1-2107-0423,2107,Herb_15,Fruit and vegetable,2024-04-23,23.48,2024-04-25,23.48,0.0
P1-2107-0424,2107,Herb_15,Fruit and vegetable,2024-04-24,1.18,2024-04-26,1.18,0.0
P1-2107-0425,2107,Herb_15,Fruit and vegetable,2024-04-25,21.74,2024-04-27,21.74,0.0
P1-2107-0426,2107,Herb_15,Fruit and vegetable,2024-04-26,29.25,2024-04-28,29.13,0.12
P1-2107-0428,2107,Herb_15,Fruit and vegetable,2024-04-28,11.62,2024-04-30,11.62,0.0
P1-2107-0429,2107,Herb_15,Fruit and vegetable,2024-04-29,13.86,2024-05-01,13.86,0.0
P1-2107-0501,2107,Herb_15,Fruit and vegetable,2024-05-01,23.78,2024-05-03,23.78,0.0
P1-2107-0502,2107,Herb_15,Fruit and vegetable,2024-05-02,0.67,2024-05-04,0.67,0.0
P1-2107-0503,2107,Herb_15,Fruit and vegetable,2024-05-03,13.72,2024-05-05,13.72,0.0
P1-2107-0504,2107,Herb_15,Fruit and vegetable,2024-05-04,16.91,2024-05-06,16.91,0.0
P1-2107-0505,2107,Herb_15,Fruit and vegetable,2024-05-05,24.3,2024-05-07,24.3,0.0
P1-2107-0506,2107,Herb_15,Fruit and vegetable,2024-05-06,27.51,2024-05-08,27.51,0.0
P1-2107-0507,2107,Herb_15,Fruit and vegetable,2024-05-07,24.12,2024-05-09,24.12,0.0
P1-2107-0508,2107,Herb_15,Fruit and vegetable,2024-05-08,13.45,2024-05-10,13.45,0.0
P1-2107-0509,2107,Herb_15,Fruit and vegetable,2024-05-09,9.77,2024-05-11,9.77,0.0
P1-2107-0510,2107,Herb_15,Fruit and vegetable,2024-05-10,12.28,2024-05-12,12.28,0.0
P1-2107-0511,2107,Herb_15,Fruit and vegetable,2024-05-11,21.2,2024-05-13,21.2,0.0
P1-2107-0512,2107,Herb_15,Fruit and vegetable,2024-05-12,28.53,2024-05-14,28.53,0.0
P1-2107-0513,2107,Herb_15,Fruit and vegetable,2024-05-13,49.4,2024-05-15,49.4,0.0
P1-2107-0514,2107,Herb_15,Fruit and vegetable,2024-05-14,4.71,2024-05-16,4.71,0.0
P1-2107-0515,2107,Herb_15,Fruit and vegetable,2024-05-15,3.28,2024-05-17,3.28,0.0
P1-2107-0516,2107,Herb_15,Fruit and vegetable,2024-05-16,20.83,2024-05-18,20.83,0.0
P1-2107-0517,2107,Herb_15,Fruit and vegetable,2024-05-17,19.76,2024-05-19,19.76,0.0
P1-2107-0518,2107,Herb_15,Fruit and vegetable,2024-05-18,28.34,2024-05-20,28.34,0.0
P1-2107-0519,2107,Herb_15,Fruit and vegetable,2024-05-19,37.88,2024-05-21,34.52,3.36
P1-2107-0521,2107,Herb_15,Fruit and vegetable,2024-05-21,6.95,2024-05-23,6.95,0.0
P1-2107-0522,2107,Herb_15,Fruit and vegetable,2024-05-22,19.38,2024-05-24,19.38,0.0
P1-2107-0523,2107,Herb_15,Fruit and vegetable,2024-05-23,8.96,2024-05-25,8.96,0.0
P1-2107-0524,2107,Herb_15,Fruit and vegetable,2024-05-24,21.7,2024-05-26,21.7,0.0
P1-2107-0525,2107,Herb_15,Fruit and vegetable,2024-05-25,3.65,2024-05-27,3.65,0.0
P1-2107-0526,2107,Herb_15,Fruit and vegetable,2024-05-26,18.24,2024-05-28,18.24,0.0
P1-2107-0527,2107,Herb_15,Fruit and vegetable,2024-05-27,7.44,2024-05-29,7.44,0.0
P1-2107-0528,2107,Herb_15,Fruit and vegetable,2024-05-28,3.78,2024-05-30,3.78,0.0
P1-2107-0529,2107,Herb_15,Fruit and vegetable,2024-05-29,18.6,2024-05-31,18.6,0.0
P1-2107-0530,2107,Herb_15,Fruit and vegetable,2024-05-30,12.3,2024-06-01,12.3,0.0
P1-2107-0531,2107,Herb_15,Fruit and vegetable,2024-05-31,13.72,2024-06-02,13.72,0.0
P1-2107-0601,2107,Herb_15,Fruit and vegetable,2024-06-01,19.77,2024-06-03,13.21,
P1-2128-0301,2128,Chicken_80,Meat and fish,2024-03-01,318.18,2024-03-04,318.18,0.0
P1-2128-0302,2128,Chicken_80,Meat and fish,2024-03-02,318.18,2024-03-05,318.18,0.0
P1-2128-0303,2128,Chicken_80,Meat and fish,2024-03-03,307.99,2024-03-06,307.99,0.0
P1-2128-0304,2128,Chicken_80,Meat and fish,2024-03-04,231.32,2024-03-07,231.32,0.0
P1-2128-0305,2128,Chicken_80,Meat and fish,2024-03-05,353.31,2024-03-08,353.31,0.0
P1-2128-0306,2128,Chicken_80,Meat and fish,2024-03-06,355.85,2024-03-09,355.85,0.0
P1-2128-0307,2128,Chicken_80,Meat and fish,2024-03-07,304.44,2024-03-10,304.44,0.0
P1-2128-0308,2128,Chicken_80,Meat and fish,2024-03-08,336.05,2024-03-11,336.05,0.0
P1-2128-0309,2128,Chicken_80,Meat and fish,2024-03-09,315.39,2024-03-12,315.39,0.0
P1-2128-0310,2128,Chicken_80,Meat and fish,2024-03-10,304.49,2024-03-13,304.49,0.0
P1-2128-0311,2128,Chicken_80,Meat and fish,2024-03-11,354.22,2024-03-14,354.22,0.0
P1-2128-0312,2128,Chicken_80,Meat and fish,2024-03-12,327.16,2024-03-15,327.16,0.0
P1-2128-0313,2128,Chicken_80,Meat and fish,2024-03-13,224.92,2024-03-16,224.92,0.0
P1-2128-0314,2128,Chicken_80,Meat and fish,2024-03-14,297.93,2024-03-17,297.93,0.0
P1-2128-0315,2128,Chicken_80,Meat and fish,2024-03-15,301.4,2024-03-18,301.4,0.0
P1-2128-0316,2128,Chicken_80,Meat and fish,2024-03-16,277.18,2024-03-19,277.18,0.0
P1-2128-0317,2128,Chicken_80,Meat and fish,2024-03-17,176.58,2024-03-20,176.58,0.0
P1-2128-0318,2128,Chicken_80,Meat and fish,2024-03-18,324.5,2024-03-21,324.5,0.0
P1-2128-0319,2128,Chicken_80,Meat and fish,2024-03-19,232.99,2024-03-22,232.99,0.0
P1-2128-0320,2128,Chicken_80,Meat and fish,2024-03-20,277.67,2024-03-23,277.67,0.0
P1-2128-0321,2128,Chicken_80,Meat and fish,2024-03-21,264.3,2024-03-24,264.3,0.0
P1-2128-0322,2128,Chicken_80,Meat and fish,2024-03-22,321.82,2024-03-25,321.82,0.0
P1-2128-0323,2128,Chicken_80,Meat and fish,2024-03-23,285.32,2024-03-26,285.32,0.0
P1-2128-0324,2128,Chicken_80,Meat and fish,2024-03-24,320.2,2024-03-27,320.2,0.0
P1-2128-0325,2128,Chicken_80,Meat and fish,2024-03-25,332.82,2024-03-28,332.82,0.0
P1-2128-0326,2128,Chicken_80,Meat and fish,2024-03-26,251.24,2024-03-29,251.24,0.0
P1-2128-0327,2128,Chicken_80,Meat and fish,2024-03-27,270.54,2024-03-30,270.54,0.0
P1-2128-0328,2128,Chicken_80,Meat and fish,2024-03-28,392.34,2024-03-31,392.34,0.0
P1-2128-0329,2128,Chicken_80,Meat and fish,2024-03-29,403.94,2024-04-01,403.94,0.0
P1-2128-0330,2128,Chicken_80,Meat and fish,2024-03-30,199.0,2024-04-02,199.0,0.0
P1-2128-0331,2128,Chicken_80,Meat and fish,2024-03-31,246.35,2024-04-03,246.35,0.0
P1-2128-0401,2128,Chicken_80,Meat and fish,2024-04-01,228.03,2024-04-04,228.03,0.0
P1-2128-0402,2128,Chicken_80,Meat and fish,2024-04-02,238.09,2024-04-05,238.09,0.0
P1-2128-0403,2128,Chicken_80,Meat and fish,2024-04-03,262.78,2024-04-06,262.78,0.0
P1-2128-0404,2128,Chicken_80,Meat and fish,2024-04-04,321.47,2024-04-07,321.47,0.0
P1-2128-0405,2128,Chicken_80,Meat and fish,2024-04-05,185.33,2024-04-08,185.33,0.0
P1-2128-0406,2128,Chicken_80,Meat and fish,2024-04-06,284.59,2024-04-09,284.59,0.0
P1-2128-0407,2128,Chicken_80,Meat and fish,2024-04-07,335.27,2024-04-10,335.27,0.0
P1-2128-0408,2128,Chicken_80,Meat and fish,2024-04-08,270.4,2024-04-11,270.4,0.0
P1-2128-0409,2128,Chicken_80,Meat and fish,2024-04-09,277.07,2024-04-12,277.07,0.0
P1-2128-0410,2128,Chicken_80,Meat and fish,2024-04-10,312.16,2024-04-13,312.16,0.0
P1-2128-0411,2128,Chicken_80,Meat and fish,2024-04-11,346.3,2024-04-14,346.3,0.0
P1-2128-0412,2128,Chicken_80,Meat and fish,2024-04-12,356.2,2024-04-15,356.2,0.0
P1-2128-0413,2128,Chicken_80,Meat and fish,2024-04-13,187.46,2024-04-16,187.46,0.0
P1-2128-0414,2128,Chicken_80,Meat and fish,2024-04-14,215.5,2024-04-17,215.5,0.0
P1-2128-0415,2128,Chicken_80,Meat and fish,2024-04-15,247.5,2024-04-18,247.5,0.0
P1-2128-0416,2128,Chicken_80,Meat and fish,2024-04-16,383.09,2024-04-19,383.09,0.0
P1-2128-0417,2128,Chicken_80,Meat and fish,2024-04-17,248.36,2024-04-20,248.36,0.0
P1-2128-0418,2128,Chicken_80,Meat and fish,2024-04-18,244.53,2024-04-21,244.53,0.0
P1-2128-0419,2128,Chicken_80,Meat and fish,2024-04-19,349.6,2024-04-22,349.6,0.0
P1-2128-0420,2128,Chicken_80,Meat and fish,2024-04-20,298.99,2024-04-23,298.99,0.0
P1-2128-0421,2128,Chicken_80,Meat and fish,2024-04-21,323.52,2024-04-24,323.52,0.0
P1-2128-0422,2128,Chicken_80,Meat and fish,2024-04-22,414.75,2024-04-25,414.75,0.0
P1-2128-0423,2128,Chicken_80,Meat and fish,2024-04-23,184.74,2024-04-26,184.74,0.0
P1-2128-0424,2128,Chicken_80,Meat and fish,2024-04-24,244.34,2024-04-27,244.34,0.0
P1-2128-0425,2128,Chicken_80,Meat and fish,2024-04-25,349.83,2024-04-28,349.83,0.0
P1-2128-0426,2128,Chicken_80,Meat and fish,2024-04-26,381.44,2024-04-29,381.44,0.0
P1-2128-0427,2128,Chicken_80,Meat and fish,2024-04-27,256.1,2024-04-30,256.1,0.0
P1-2128-0428,2128,Chicken_80,Meat and fish,2024-04-28,273.1,2024-05-01,273.1,0.0
P1-2128-0429,2128,Chicken_80,Meat and fish,2024-04-29,230.74,2024-05-02,230.74,0.0
P1-2128-0430,2128,Chicken_80,Meat and fish,2024-04-30,308.7,2024-05-03,308.7,0.0
P1-2128-0501,2128,Chicken_80,Meat and fish,2024-05-01,326.34,2024-05-04,326.34,0.0
P1-2128-0502,2128,Chicken_80,Meat and fish,2024-05-02,340.67,2024-05-05,340.67,0.0
P1-2128-0503,2128,Chicken_80,Meat and fish,2024-05-03,398.5,2024-05-06,398.5,0.0
P1-2128-0504,2128,Chicken_80,Meat and fish,2024-05-04,323.59,2024-05-07,323.59,0.0
P1-2128-0505,2128,Chicken_80,Meat and fish,2024-05-05,328.74,2024-05-08,328.74,0.0
P1-2128-0506,2128,Chicken_80,Meat and fish,2024-05-06,263.21,2024-05-09,263.21,0.0
P1-2128-0507,2128,Chicken_80,Meat and fish,2024-05-07,373.77,2024-05-10,373.77,0.0
P1-2128-0508,2128,Chicken_80,Meat and fish,2024-05-08,409.83,2024-05-11,409.83,0.0
P1-2128-0509,2128,Chicken_80,Meat and fish,2024-05-09,345.35,2024-05-12,345.35,0.0
P1-2128-0510,2128,Chicken_80,Meat and fish,2024-05-10,478.47,2024-05-13,478.47,0.0
P1-2128-0511,2128,Chicken_80,Meat and fish,2024-05-11,270.37,2024-05-14,270.37,0.0
P1-2128-0512,2128,Chicken_80,Meat and fish,2024-05-12,218.13,2024-05-15,218.13,0.0
P1-2128-0513,2128,Chicken_80,Meat and fish,2024-05-13,322.77,2024-05-16,322.77,0.0
P1-2128-0514,2128,Chicken_80,Meat and fish,2024-05-14,451.65,2024-05-17,451.65,0.0
P1-2128-0515,2128,Chicken_80,Meat and fish,2024-05-15,139.2,2024-05-18,139.2,0.0
P1-2128-0516,2128,Chicken_80,Meat and fish,2024-05-16,299.36,2024-05-19,299.36,0.0
P1-2128-0517,2128,Chicken_80,Meat and fish,2024-05-17,425.62,2024-05-20,425.62,0.0
P1-2128-0518,2128,Chicken_80,Meat and fish,2024-05-18,324.34,2024-05-21,324.34,0.0
P1-2128-0519,2128,Chicken_80,Meat and fish,2024-05-19,332.02,2024-05-22,332.02,0.0
P1-2128-0520,2128,Chicken_80,Meat and fish,2024-05-20,326.12,2024-05-23,326.12,0.0
P1-2128-0521,2128,Chicken_80,Meat and fish,2024-05-21,228.89,2024-05-24,228.89,0.0
P1-2128-0522,2128,Chicken_80,Meat and fish,2024-05-22,289.84,2024-05-25,289.84,0.0
P1-2128-0523,2128,Chicken_80,Meat and fish,2024-05-23,337.8,2024-05-26,337.8,0.0
P1-2128-0524,2128,Chicken_80,Meat and fish,2024-05-24,425.18,2024-05-27,425.18,0.0
P1-2128-0525,2128,Chicken_80,Meat and fish,2024-05-25,187.49,2024-05-28,187.49,0.0
P1-2128-0526,2128,Chicken_80,Meat and fish,2024-05-26,217.61,2024-05-29,217.61,0.0
P1-2128-0527,2128,Chicken_80,Meat and fish,2024-05-27,183.86,2024-05-30,183.86,0.0
P1-2128-0528,2128,Chicken_80,Meat and fish,2024-05-28,318.28,2024-05-31,318.28,0.0
P1-2128-0529,2128,Chicken_80,Meat and fish,2024-05-29,292.53,2024-06-01,292.53,0.0
P1-2128-0530,2128,Chicken_80,Meat and fish,2024-05-30,227.77,2024-06-02,227.77,0.0
P1-2128-0531,2128,Chicken_80,Meat and fish,2024-05-31,418.15,2024-06-03,418.15,0.0
P1-2128-0601,2128,Chicken_80,Meat and fish,2024-06-01,183.86,2024-06-04,183.86,0.0
P1-2128-0602,2128,Chicken_80,Meat and fish,2024-06-02,292.7,2024-06-05,292.7,0.0
P1-2165-0301,2165,Herb_17,Fruit and vegetable,2024-03-01,161.95,2024-03-03,161.95,0.0
P1-2165-0302,2165,Herb_17,Fruit and vegetable,2024-03-02,161.95,2024-03-04,161.95,0.0
P1-2165-0303,2165,Herb_17,Fruit and vegetable,2024-03-03,159.17,2024-03-05,159.17,0.0
P1-2165-0304,2165,Herb_17,Fruit and vegetable,2024-03-04,119.24,2024-03-06,119.24,0.0
P1-2165-0305,2165,Herb_17,Fruit and vegetable,2024-03-05,102.81,2024-03-07,102.81,0.0
P1-2165-0306,2165,Herb_17,Fruit and vegetable,2024-03-06,114.83,2024-03-08,114.83,0.0
P1-2165-0307,2165,Herb_17,Fruit and vegetable,2024-03-07,128.53,2024-03-09,128.53,0.0
P1-2165-0308,2165,Herb_17,Fruit and vegetable,2024-03-08,178.02,2024-03-10,178.02,0.0
P1-2165-0309,2165,Herb_17,Fruit and vegetable,2024-03-09,82.46,2024-03-11,82.46,0.0
P1-2165-0310,2165,Herb_17,Fruit and vegetable,2024-03-10,146.4,2024-03-12,146.4,0.0
P1-2165-0311,2165,Herb_17,Fruit and vegetable,2024-03-11,124.27,2024-03-13,124.27,0.0
P1-2165-0312,2165,Herb_17,Fruit and vegetable,2024-03-12,120.07,2024-03-14,120.07,0.0
P1-2165-0313,2165,Herb_17,Fruit and vegetable,2024-03-13,138.52,2024-03-15,138.52,0.0
P1-2165-0314,2165,Herb_17,Fruit and vegetable,2024-03-14,193.04,2024-03-16,193.04,0.0
P1-2165-0315,2165,Herb_17,Fruit and vegetable,2024-03-15,44.52,2024-03-17,44.52,0.0
P1-2165-0316,2165,Herb_17,Fruit and vegetable,2024-03-16,180.38,2024-03-18,180.38,0.0
P1-2165-0317,2165,Herb_17,Fruit and vegetable,2024-03-17,123.86,2024-03-19,123.86,0.0
P1-2165-0318,2165,Herb_17,Fruit and vegetable,2024-03-18,107.03,2024-03-20,107.03,0.0
P1-2165-0319,2165,Herb_17,Fruit and vegetable,2024-03-19,117.45,2024-03-21,117.45,0.0
P1-2165-0320,2165,Herb_17,Fruit and vegetable,2024-03-20,179.72,2024-03-22,179.72,0.0
P1-2165-0321,2165,Herb_17,Fruit and vegetable,2024-03-21,99.5,2024-03-23,99.5,0.0
P1-2165-0322,2165,Herb_17,Fruit and vegetable,2024-03-22,172.23,2024-03-24,172.23,0.0
P1-2165-0323,2165,Herb_17,Fruit and vegetable,2024-03-23,140.43,2024-03-25,140.43,0.0
P1-2165-0324,2165,Herb_17,Fruit and vegetable,2024-03-24,137.32,2024-03-26,137.32,0.0
P1-2165-0325,2165,Herb_17,Fruit and vegetable,2024-03-25,62.13,2024-03-27,62.13,0.0
P1-2165-0326,2165,Herb_17,Fruit and vegetable,2024-03-26,175.75,2024-03-28,175.75,0.0
P1-2165-0327,2165,Herb_17,Fruit and vegetable,2024-03-27,86.33,2024-03-29,86.33,0.0
P1-2165-0328,2165,Herb_17,Fruit and vegetable,2024-03-28,192.79,2024-03-30,192.79,0.0
P1-2165-0329,2165,Herb_17,Fruit and vegetable,2024-03-29,150.26,2024-03-31,150.26,0.0
P1-2165-0330,2165,Herb_17,Fruit and vegetable,2024-03-30,147.16,2024-04-01,147.16,0.0
P1-2165-0331,2165,Herb_17,Fruit and vegetable,2024-03-31,87.95,2024-04-02,87.95,0.0
P1-2165-0401,2165,Herb_17,Fruit and vegetable,2024-04-01,118.63,2024-04-03,118.63,0.0
P1-2165-0402,2165,Herb_17,Fruit and vegetable,2024-04-02,92.23,2024-04-04,92.23,0.0
P1-2165-0403,2165,Herb_17,Fruit and vegetable,2024-04-03,159.53,2024-04-05,159.53,0.0
P1-2165-0404,2165,Herb_17,Fruit and vegetable,2024-04-04,148.24,2024-04-06,148.24,0.0
P1-2165-0405,2165,Herb_17,Fruit and vegetable,2024-04-05,97.42,2024-04-07,97.42,0.0
P1-2165-0406,2165,Herb_17,Fruit and vegetable,2024-04-06,94.53,2024-04-08,94.53,0.0
P1-2165-0407,2165,Herb_17,Fruit and vegetable,2024-04-07,145.99,2024-04-09,145.99,0.0
P1-2165-0408,2165,Herb_17,Fruit and vegetable,2024-04-08,107.56,2024-04-10,107.56,0.0
P1-2165-0409,2165,Herb_17,Fruit and vegetable,2024-04-09,134.16,2024-04-11,134.16,0.0
P1-2165-0410,2165,Herb_17,Fruit and vegetable,2024-04-10,141.49,2024-04-12,141.49,0.0
P1-2165-0411,2165,Herb_17,Fruit and vegetable,2024-04-11,156.2,2024-04-13,156.2,0.0
P1-2165-0412,2165,Herb_17,Fruit and vegetable,2024-04-12,151.1,2024-04-14,151.1,0.0
P1-2165-0413,2165,Herb_17,Fruit and vegetable,2024-04-13,111.66,2024-04-15,111.66,0.0
P1-2165-0414,2165,Herb_17,Fruit and vegetable,2024-04-14,134.15,2024-04-16,134.15,0.0
P1-2165-0415,2165,Herb_17,Fruit and vegetable,2024-04-15,148.23,2024-04-17,148.23,0.0
P1-2165-0416,2165,Herb_17,Fruit and vegetable,2024-04-16,135.79,2024-04-18,135.79,0.0
P1-2165-0417,2165,Herb_17,Fruit and vegetable,2024-04-17,162.08,2024-04-19,162.08,0.0
P1-2165-0418,2165,Herb_17,Fruit and vegetable,2024-04-18,94.23,2024-04-20,94.23,0.0
P1-2165-0419,2165,Herb_17,Fruit and vegetable,2024-04-19,146.35,2024-04-21,146.35,0.0
P1-2165-0420,2165,Herb_17,Fruit and vegetable,2024-04-20,106.59,2024-04-22,106.59,0.0
P1-2165-0421,2165,Herb_17,Fruit and vegetable,2024-04-21,148.16,2024-04-23,148.16,0.0
P1-2165-0422,2165,Herb_17,Fruit and vegetable,2024-04-22,147.3,2024-04-24,147.3,0.0
P1-2165-0423,2165,Herb_17,Fruit and vegetable,2024-04-23,115.01,2024-04-25,115.01,0.0
P1-2165-0424,2165,Herb_17,Fruit and vegetable,2024-04-24,32.91,2024-04-26,32.91,0.0
P1-2165-0425,2165,Herb_17,Fruit and vegetable,2024-04-25,131.21,2024-04-27,131.21,0.0
P1-2165-0426,2165,Herb_17,Fruit and vegetable,2024-04-26,141.4,2024-04-28,141.4,0.0
P1-2165-0427,2165,Herb_17,Fruit and vegetable,2024-04-27,139.36,2024-04-29,139.36,0.0
P1-2165-0428,2165,Herb_17,Fruit and vegetable,2024-04-28,149.03,2024-04-30,149.03,0.0
P1-2165-0429,2165,Herb_17,Fruit and vegetable,2024-04-29,32.12,2024-05-01,32.12,0.0
P1-2165-0430,2165,Herb_17,Fruit and vegetable,2024-04-30,125.17,2024-05-02,125.17,0.0
P1-2165-0501,2165,Herb_17,Fruit and vegetable,2024-05-01,130.52,2024-05-03,130.52,0.0
P1-2165-0502,2165,Herb_17,Fruit and vegetable,2024-05-02,128.11,2024-05-04,128.11,0.0
P1-2165-0503,2165,Herb_17,Fruit and vegetable,2024-05-03,167.85,2024-05-05,167.85,0.0
P1-2165-0504,2165,Herb_17,Fruit and vegetable,2024-05-04,103.47,2024-05-06,103.47,0.0
P1-2165-0505,2165,Herb_17,Fruit and vegetable,2024-05-05,130.94,2024-05-07,130.94,0.0
P1-2165-0506,2165,Herb_17,Fruit and vegetable,2024-05-06,136.51,2024-05-08,136.51,0.0
P1-2165-0507,2165,Herb_17,Fruit and vegetable,2024-05-07,130.85,2024-05-09,130.85,0.0
P1-2165-0508,2165,Herb_17,Fruit and vegetable,2024-05-08,128.22,2024-05-10,128.22,0.0
P1-2165-0509,2165,Herb_17,Fruit and vegetable,2024-05-09,134.78,2024-05-11,134.78,0.0
P1-2165-0510,2165,Herb_17,Fruit and vegetable,2024-05-10,75.4,2024-05-12,75.4,0.0
P1-2165-0511,2165,Herb_17,Fruit and vegetable,2024-05-11,128.5,2024-05-13,128.5,0.0
P1-2165-0512,2165,Herb_17,Fruit and vegetable,2024-05-12,87.63,2024-05-14,87.63,0.0
P1-2165-0513,2165,Herb_17,Fruit and vegetable,2024-05-13,98.28,2024-05-15,98.28,0.0
P1-2165-0514,2165,Herb_17,Fruit and vegetable,2024-05-14,102.88,2024-05-16,102.88,0.0
P1-2165-0515,2165,Herb_17,Fruit and vegetable,2024-05-15,31.18,2024-05-17,31.18,0.0
P1-2165-0516,2165,Herb_17,Fruit and vegetable,2024-05-16,115.75,2024-05-18,115.75,0.0
P1-2165-0517,2165,Herb_17,Fruit and vegetable,2024-05-17,135.5,2024-05-19,135.5,0.0
P1-2165-0518,2165,Herb_17,Fruit and vegetable,2024-05-18,113.78,2024-05-20,113.78,0.0
P1-2165-0519,2165,Herb_17,Fruit and vegetable,2024-05-19,114.44,2024-05-21,114.44,0.0
P1-2165-0520,2165,Herb_17,Fruit and vegetable,2024-05-20,72.7,2024-05-22,72.7,0.0
P1-2165-0521,2165,Herb_17,Fruit and vegetable,2024-05-21,75.02,2024-05-23,75.02,0.0
P1-2165-0522,2165,Herb_17,Fruit and vegetable,2024-05-22,126.29,2024-05-24,126.29,0.0
P1-2165-0523,2165,Herb_17,Fruit and vegetable,2024-05-23,132.59,2024-05-25,132.59,0.0
P1-2165-0524,2165,Herb_17,Fruit and vegetable,2024-05-24,95.04,2024-05-26,95.04,0.0
P1-2165-0525,2165,Herb_17,Fruit and vegetable,2024-05-25,100.21,2024-05-27,100.21,0.0
P1-2165-0526,2165,Herb_17,Fruit and vegetable,2024-05-26,96.33,2024-05-28,96.33,0.0
P1-2165-0527,2165,Herb_17,Fruit and vegetable,2024-05-27,86.62,2024-05-29,86.62,0.0
P1-2165-0528,2165,Herb_17,Fruit and vegetable,2024-05-28,113.5,2024-05-30,113.5,0.0
P1-2165-0529,2165,Herb_17,Fruit and vegetable,2024-05-29,126.85,2024-05-31,126.85,0.0
P1-2165-0530,2165,Herb_17,Fruit and vegetable,2024-05-30,52.84,2024-06-01,52.84,0.0
P1-2165-0531,2165,Herb_17,Fruit and vegetable,2024-05-31,135.7,2024-06-02,135.7,0.0
P1-2165-0601,2165,Herb_17,Fruit and vegetable,2024-06-01,124.3,2024-06-03,124.3,0.0
P1-2165-0602,2165,Herb_17,Fruit and vegetable,2024-06-02,110.7,2024-06-04,99.26,
P1-2174-0301,2174,Chicken_85,Meat and fish,2024-03-01,33.2,2024-03-04,33.2,0.0
P1-2174-0302,2174,Chicken_85,Meat and fish,2024-03-02,33.2,2024-03-05,33.2,0.0
P1-2174-0303,2174,Chicken_85,Meat and fish,2024-03-03,34.85,2024-03-06,34.85,0.0
P1-2174-0304,2174,Chicken_85,Meat and fish,2024-03-04,49.11,2024-03-07,49.11,0.0
P1-2174-0305,2174,Chicken_85,Meat and fish,2024-03-05,43.46,2024-03-08,43.46,0.0
P1-2174-0306,2174,Chicken_85,Meat and fish,2024-03-06,40.24,2024-03-09,40.24,0.0
P1-2174-0307,2174,Chicken_85,Meat and fish,2024-03-07,34.66,2024-03-10,34.66,0.0
P1-2174-0308,2174,Chicken_85,Meat and fish,2024-03-08,37.61,2024-03-11,37.61,0.0
P1-2174-0309,2174,Chicken_85,Meat and fish,2024-03-09,55.04,2024-03-12,55.04,0.0
P1-2174-0310,2174,Chicken_85,Meat and fish,2024-03-10,48.49,2024-03-13,48.49,0.0
P1-2174-0311,2174,Chicken_85,Meat and fish,2024-03-11,50.49,2024-03-14,50.49,0.0
P1-2174-0312,2174,Chicken_85,Meat and fish,2024-03-12,46.71,2024-03-15,46.71,0.0
P1-2174-0313,2174,Chicken_85,Meat and fish,2024-03-13,29.28,2024-03-16,29.28,0.0
P1-2174-0314,2174,Chicken_85,Meat and fish,2024-03-14,48.43,2024-03-17,48.43,0.0
P1-2174-0315,2174,Chicken_85,Meat and fish,2024-03-15,38.87,2024-03-18,38.87,0.0
P1-2174-0316,2174,Chicken_85,Meat and fish,2024-03-16,65.92,2024-03-19,65.92,0.0
P1-2174-0317,2174,Chicken_85,Meat and fish,2024-03-17,16.94,2024-03-20,16.94,0.0
P1-2174-0318,2174,Chicken_85,Meat and fish,2024-03-18,50.63,2024-03-21,50.63,0.0
P1-2174-0319,2174,Chicken_85,Meat and fish,2024-03-19,12.61,2024-03-22,12.61,0.0
P1-2174-0320,2174,Chicken_85,Meat and fish,2024-03-20,35.66,2024-03-23,35.66,0.0
P1-2174-0321,2174,Chicken_85,Meat and fish,2024-03-21,18.06,2024-03-24,18.06,0.0
P1-2174-0322,2174,Chicken_85,Meat and fish,2024-03-22,45.39,2024-03-25,45.39,0.0
P1-2174-0323,2174,Chicken_85,Meat and fish,2024-03-23,47.39,2024-03-26,47.39,0.0
P1-2174-0324,2174,Chicken_85,Meat and fish,2024-03-24,20.33,2024-03-27,20.33,0.0
P1-2174-0325,2174,Chicken_85,Meat and fish,2024-03-25,42.87,2024-03-28,42.87,0.0
P1-2174-0326,2174,Chicken_85,Meat and fish,2024-03-26,69.89,2024-03-29,69.89,0.0
P1-2174-0327,2174,Chicken_85,Meat and fish,2024-03-27,41.46,2024-03-30,41.46,0.0
P1-2174-0328,2174,Chicken_85,Meat and fish,2024-03-28,54.32,2024-03-31,54.32,0.0
P1-2174-0329,2174,Chicken_85,Meat and fish,2024-03-29,54.75,2024-04-01,54.75,0.0
P1-2174-0330,2174,Chicken_85,Meat and fish,2024-03-30,10.98,2024-04-02,10.98,0.0
P1-2174-0331,2174,Chicken_85,Meat and fish,2024-03-31,41.31,2024-04-03,41.31,0.0
P1-2174-0401,2174,Chicken_85,Meat and fish,2024-04-01,39.45,2024-04-04,39.45,0.0
P1-2174-0402,2174,Chicken_85,Meat and fish,2024-04-02,48.93,2024-04-05,48.93,0.0
P1-2174-0405,2174,Chicken_85,Meat and fish,2024-04-05,58.57,2024-04-08,58.57,0.0
P1-2174-0406,2174,Chicken_85,Meat and fish,2024-04-06,28.82,2024-04-09,28.82,0.0
P1-2174-0407,2174,Chicken_85,Meat and fish,2024-04-07,35.94,2024-04-10,35.94,0.0
P1-2174-0408,2174,Chicken_85,Meat and fish,2024-04-08,59.8,2024-04-11,59.8,0.0
P1-2174-0409,2174,Chicken_85,Meat and fish,2024-04-09,57.79,2024-04-12,57.79,0.0
P1-2174-0410,2174,Chicken_85,Meat and fish,2024-04-10,12.24,2024-04-13,12.24,0.0
P1-2174-0411,2174,Chicken_85,Meat and fish,2024-04-11,84.84,2024-04-14,84.84,0.0
P1-2174-0412,2174,Chicken_85,Meat and fish,2024-04-12,39.52,2024-04-15,39.52,0.0
P1-2174-0413,2174,Chicken_85,Meat and fish,2024-04-13,37.87,2024-04-16,37.87,0.0
P1-2174-0414,2174,Chicken_85,Meat and fish,2024-04-14,44.67,2024-04-17,44.67,0.0
P1-2174-0415,2174,Chicken_85,Meat and fish,2024-04-15,80.66,2024-04-18,80.66,0.0
P1-2174-0416,2174,Chicken_85,Meat and fish,2024-04-16,35.24,2024-04-19,35.24,0.0
P1-2174-0417,2174,Chicken_85,Meat and fish,2024-04-17,29.96,2024-04-20,29.96,0.0
P1-2174-0418,2174,Chicken_85,Meat and fish,2024-04-18,53.91,2024-04-21,53.91,0.0
P1-2174-0419,2174,Chicken_85,Meat and fish,2024-04-19,46.79,2024-04-22,46.79,0.0
P1-2174-0420,2174,Chicken_85,Meat and fish,2024-04-20,15.41,2024-04-23,15.41,0.0
P1-2174-0421,2174,Chicken_85,Meat and fish,2024-04-21,73.1,2024-04-24,73.1,0.0
P1-2174-0422,2174,Chicken_85,Meat and fish,2024-04-22,46.24,2024-04-25,46.24,0.0
P1-2174-0423,2174,Chicken_85,Meat and fish,2024-04-23,1.07,2024-04-26,1.07,0.0
P1-2174-0424,2174,Chicken_85,Meat and fish,2024-04-24,20.38,2024-04-27,20.38,0.0
P1-2174-0425,2174,Chicken_85,Meat and fish,2024-04-25,52.43,2024-04-28,52.43,0.0
P1-2174-0426,2174,Chicken_85,Meat and fish,2024-04-26,43.23,2024-04-29,43.23,0.0
P1-2174-0427,2174,Chicken_85,Meat and fish,2024-04-27,68.25,2024-04-30,68.25,0.0
P1-2174-0428,2174,Chicken_85,Meat and fish,2024-04-28,8.94,2024-05-01,8.94,0.0
P1-2174-0429,2174,Chicken_85,Meat and fish,2024-04-29,34.74,2024-05-02,34.74,0.0
P1-2174-0430,2174,Chicken_85,Meat and fish,2024-04-30,33.86,2024-05-03,33.86,0.0
P1-2174-0501,2174,Chicken_85,Meat and fish,2024-05-01,47.35,2024-05-04,47.35,0.0
P1-2174-0502,2174,Chicken_85,Meat and fish,2024-05-02,49.53,2024-05-05,49.53,0.0
P1-2174-0503,2174,Chicken_85,Meat and fish,2024-05-03,37.93,2024-05-06,37.93,0.0
P1-2174-0504,2174,Chicken_85,Meat and fish,2024-05-04,23.91,2024-05-07,23.91,0.0
P1-2174-0505,2174,Chicken_85,Meat and fish,2024-05-05,24.75,2024-05-08,24.75,0.0
P1-2174-0506,2174,Chicken_85,Meat and fish,2024-05-06,31.35,2024-05-09,31.35,0.0
P1-2174-0507,2174,Chicken_85,Meat and fish,2024-05-07,63.73,2024-05-10,63.73,0.0
P1-2174-0508,2174,Chicken_85,Meat and fish,2024-05-08,40.44,2024-05-11,40.44,0.0
P1-2174-0509,2174,Chicken_85,Meat and fish,2024-05-09,49.23,2024-05-12,49.23,0.0
P1-2174-0510,2174,Chicken_85,Meat and fish,2024-05-10,36.15,2024-05-13,36.15,0.0
P1-2174-0511,2174,Chicken_85,Meat and fish,2024-05-11,33.31,2024-05-14,33.31,0.0
P1-2174-0512,2174,Chicken_85,Meat and fish,2024-05-12,51.81,2024-05-15,51.81,0.0
P1-2174-0513,2174,Chicken_85,Meat and fish,2024-05-13,96.7,2024-05-16,96.7,0.0
P1-2174-0514,2174,Chicken_85,Meat and fish,2024-05-14,91.24,2024-05-17,91.24,0.0
P1-2174-0515,2174,Chicken_85,Meat and fish,2024-05-15,20.32,2024-05-18,20.32,0.0
P1-2174-0516,2174,Chicken_85,Meat and fish,2024-05-16,9.71,2024-05-19,9.71,0.0
P1-2174-0517,2174,Chicken_85,Meat and fish,2024-05-17,37.95,2024-05-20,37.95,0.0
P1-2174-0518,2174,Chicken_85,Meat and fish,2024-05-18,64.95,2024-05-21,64.95,0.0
P1-2174-0519,2174,Chicken_85,Meat and fish,2024-05-19,27.81,2024-05-22,27.81,0.0
P1-2174-0520,2174,Chicken_85,Meat and fish,2024-05-20,90.42,2024-05-23,90.42,0.0
P1-2174-0522,2174,Chicken_85,Meat and fish,2024-05-22,10.81,2024-05-25,10.81,0.0
P1-2174-0523,2174,Chicken_85,Meat and fish,2024-05-23,37.72,2024-05-26,37.72,0.0
P1-2174-0524,2174,Chicken_85,Meat and fish,2024-05-24,52.82,2024-05-27,52.82,0.0
P1-2174-0525,2174,Chicken_85,Meat and fish,2024-05-25,57.5,2024-05-28,57.5,0.0
P1-2174-0526,2174,Chicken_85,Meat and fish,2024-05-26,53.17,2024-05-29,53.17,0.0
P1-2174-0527,2174,Chicken_85,Meat and fish,2024-05-27,72.22,2024-05-30,72.22,0.0
P1-2174-0528,2174,Chicken_85,Meat and fish,2024-05-28,62.3,2024-05-31,62.3,0.0
P1-2174-0529,2174,Chicken_85,Meat and fish,2024-05-29,48.06,2024-06-01,48.06,0.0
P1-2174-0530,2174,Chicken_85,Meat and fish,2024-05-30,20.26,2024-06-02,20.26,0.0
P1-2174-0531,2174,Chicken_85,Meat and fish,2024-05-31,40.51,2024-06-03,40.51,0.0
P1-2174-0601,2174,Chicken_85,Meat and fish,2024-06-01,69.6,2024-06-04,43.79,
P1-2174-0602,2174,Chicken_85,Meat and fish,2024-06-02,3.25,2024-06-05,0.0,
P1-2227-0301,2227,Parsley_11,Fruit and vegetable,2024-03-01,99.27,2024-03-03,99.27,0.0
P1-2227-0302,2227,Parsley_11,Fruit and vegetable,2024-03-02,99.27,2024-03-04,99.27,0.0
P1-2227-0303,2227,Parsley_11,Fruit and vegetable,2024-03-03,98.79,2024-03-05,98.79,0.0
P1-2227-0304,2227,Parsley_11,Fruit and vegetable,2024-03-04,84.81,2024-03-06,84.81,0.0
P1-2227-0305,2227,Parsley_11,Fruit and vegetable,2024-03-05,67.42,2024-03-07,67.42,0.0
P1-2227-0306,2227,Parsley_11,Fruit and vegetable,2024-03-06,65.44,2024-03-08,65.44,0.0
P1-2227-0307,2227,Parsley_11,Fruit and vegetable,2024-03-07,82.23,2024-03-09,82.23,0.0
P1-2227-0308,2227,Parsley_11,Fruit and vegetable,2024-03-08,68.03,2024-03-10,68.03,0.0
P1-2227-0309,2227,Parsley_11,Fruit and vegetable,2024-03-09,88.29,2024-03-11,88.29,0.0
P1-2227-0310,2227,Parsley_11,Fruit and vegetable,2024-03-10,68.11,2024-03-12,68.11,0.0
P1-2227-0311,2227,Parsley_11,Fruit and vegetable,2024-03-11,69.97,2024-03-13,69.97,0.0
P1-2227-0312,2227,Parsley_11,Fruit and vegetable,2024-03-12,61.61,2024-03-14,61.61,0.0
P1-2227-0313,2227,Parsley_11,Fruit and vegetable,2024-03-13,97.27,2024-03-15,97.27,0.0
P1-2227-0314,2227,Parsley_11,Fruit and vegetable,2024-03-14,45.16,2024-03-16,45.16,0.0
P1-2227-0315,2227,Parsley_11,Fruit and vegetable,2024-03-15,96.64,2024-03-17,96.64,0.0
P1-2227-0316,2227,Parsley_11,Fruit and vegetable,2024-03-16,110.04,2024-03-18,110.04,0.0
P1-2227-0317,2227,Parsley_11,Fruit and vegetable,2024-03-17,75.03,2024-03-19,75.03,0.0
P1-2227-0318,2227,Parsley_11,Fruit and vegetable,2024-03-18,44.75,2024-03-20,44.75,0.0
P1-2227-0319,2227,Parsley_11,Fruit and vegetable,2024-03-19,87.01,2024-03-21,87.01,0.0
P1-2227-0320,2227,Parsley_11,Fruit and vegetable,2024-03-20,40.48,2024-03-22,40.48,0.0
P1-2227-0321,2227,Parsley_11,Fruit and vegetable,2024-03-21,76.83,2024-03-23,76.83,0.0
P1-2227-0322,2227,Parsley_11,Fruit and vegetable,2024-03-22,131.7,2024-03-24,131.7,0.0
P1-2227-0323,2227,Parsley_11,Fruit and vegetable,2024-03-23,101.8,2024-03-25,101.8,0.0
P1-2227-0324,2227,Parsley_11,Fruit and vegetable,2024-03-24,25.33,2024-03-26,25.33,0.0
P1-2227-0325,2227,Parsley_11,Fruit and vegetable,2024-03-25,91.21,2024-03-27,91.21,0.0
P1-2227-0326,2227,Parsley_11,Fruit and vegetable,2024-03-26,80.51,2024-03-28,80.51,0.0
P1-2227-0327,2227,Parsley_11,Fruit and vegetable,2024-03-27,145.49,2024-03-29,145.49,0.0
P1-2227-0328,2227,Parsley_11,Fruit and vegetable,2024-03-28,167.46,2024-03-30,167.46,0.0
P1-2227-0329,2227,Parsley_11,Fruit and vegetable,2024-03-29,161.42,2024-03-31,161.42,0.0
P1-2227-0330,2227,Parsley_11,Fruit and vegetable,2024-03-30,51.11,2024-04-01,51.11,0.0
P1-2227-0331,2227,Parsley_11,Fruit and vegetable,2024-03-31,66.81,2024-04-02,66.81,0.0
P1-2227-0401,2227,Parsley_11,Fruit and vegetable,2024-04-01,62.2,2024-04-03,62.2,0.0
P1-2227-0402,2227,Parsley_11,Fruit and vegetable,2024-04-02,58.01,2024-04-04,58.01,0.0
P1-2227-0403,2227,Parsley_11,Fruit and vegetable,2024-04-03,164.41,2024-04-05,164.41,0.0
P1-2227-0404,2227,Parsley_11,Fruit and vegetable,2024-04-04,58.29,2024-04-06,58.29,0.0
P1-2227-0406,2227,Parsley_11,Fruit and vegetable,2024-04-06,20.59,2024-04-08,20.59,0.0
P1-2227-0407,2227,Parsley_11,Fruit and vegetable,2024-04-07,67.42,2024-04-09,67.42,0.0
P1-2227-0408,2227,Parsley_11,Fruit and vegetable,2024-04-08,71.69,2024-04-10,71.69,0.0
P1-2227-0409,2227,Parsley_11,Fruit and vegetable,2024-04-09,67.21,2024-04-11,67.21,0.0
P1-2227-0410,2227,Parsley_11,Fruit and vegetable,2024-04-10,34.45,2024-04-12,34.45,0.0
P1-2227-0411,2227,Parsley_11,Fruit and vegetable,2024-04-11,94.49,2024-04-13,94.49,0.0
P1-2227-0412,2227,Parsley_11,Fruit and vegetable,2024-04-12,130.93,2024-04-14,130.93,0.0
P1-2227-0415,2227,Parsley_11,Fruit and vegetable,2024-04-15,115.17,2024-04-17,115.17,0.0
P1-2227-0416,2227,Parsley_11,Fruit and vegetable,2024-04-16,44.93,2024-04-18,44.93,0.0
P1-2227-0417,2227,Parsley_11,Fruit and vegetable,2024-04-17,62.77,2024-04-19,62.77,0.0
P1-2227-0418,2227,Parsley_11,Fruit and vegetable,2024-04-18,54.32,2024-04-20,54.32,0.0
P1-2227-0419,2227,Parsley_11,Fruit and vegetable,2024-04-19,99.02,2024-04-21,99.02,0.0
P1-2227-0420,2227,Parsley_11,Fruit and vegetable,2024-04-20,111.1,2024-04-22,111.1,0.0
P1-2227-0421,2227,Parsley_11,Fruit and vegetable,2024-04-21,133.2,2024-04-23,133.2,0.0
P1-2227-0423,2227,Parsley_11,Fruit and vegetable,2024-04-23,41.81,2024-04-25,41.81,0.0
P1-2227-0424,2227,Parsley_11,Fruit and vegetable,2024-04-24,80.78,2024-04-26,80.78,0.0
P1-2227-0425,2227,Parsley_11,Fruit and vegetable,2024-04-25,98.57,2024-04-27,98.57,0.0
P1-2227-0426,2227,Parsley_11,Fruit and vegetable,2024-04-26,72.25,2024-04-28,72.25,0.0
P1-2227-0427,2227,Parsley_11,Fruit and vegetable,2024-04-27,68.68,2024-04-29,68.68,0.0
P1-2227-0428,2227,Parsley_11,Fruit and vegetable,2024-04-28,51.89,2024-04-30,51.89,0.0
P1-2227-0429,2227,Parsley_11,Fruit and vegetable,2024-04-29,73.0,2024-05-01,73.0,0.0
P1-2227-0430,2227,Parsley_11,Fruit and vegetable,2024-04-30,52.44,2024-05-02,52.44,0.0
P1-2227-0501,2227,Parsley_11,Fruit and vegetable,2024-05-01,58.54,2024-05-03,58.54,0.0
P1-2227-0502,2227,Parsley_11,Fruit and vegetable,2024-05-02,48.67,2024-05-04,48.67,0.0
P1-2227-0503,2227,Parsley_11,Fruit and vegetable,2024-05-03,58.67,2024-05-05,58.67,0.0
P1-2227-0504,2227,Parsley_11,Fruit and vegetable,2024-05-04,73.79,2024-05-06,73.79,0.0
P1-2227-0505,2227,Parsley_11,Fruit and vegetable,2024-05-05,68.05,2024-05-07,68.05,0.0
P1-2227-0506,2227,Parsley_11,Fruit and vegetable,2024-05-06,59.25,2024-05-08,59.25,0.0
P1-2227-0507,2227,Parsley_11,Fruit and vegetable,2024-05-07,68.3,2024-05-09,68.3,0.0
P1-2227-0508,2227,Parsley_11,Fruit and vegetable,2024-05-08,78.73,2024-05-10,78.73,0.0
P1-2227-0509,2227,Parsley_11,Fruit and vegetable,2024-05-09,76.95,2024-05-11,76.95,0.0
P1-2227-0510,2227,Parsley_11,Fruit and vegetable,2024-05-10,79.24,2024-05-12,79.24,0.0
P1-2227-0511,2227,Parsley_11,Fruit and vegetable,2024-05-11,51.73,2024-05-13,51.73,0.0
P1-2227-0512,2227,Parsley_11,Fruit and vegetable,2024-05-12,73.85,2024-05-14,73.85,0.0
P1-2227-0513,2227,Parsley_11,Fruit and vegetable,2024-05-13,41.8,2024-05-15,41.8,0.0
P1-2227-0514,2227,Parsley_11,Fruit and vegetable,2024-05-14,62.88,2024-05-16,62.88,0.0
P1-2227-0515,2227,Parsley_11,Fruit and vegetable,2024-05-15,67.35,2024-05-17,67.35,0.0
P1-2227-0516,2227,Parsley_11,Fruit and vegetable,2024-05-16,41.32,2024-05-18,41.32,0.0
P1-2227-0517,2227,Parsley_11,Fruit and vegetable,2024-05-17,91.08,2024-05-19,91.08,0.0
P1-2227-0518,2227,Parsley_11,Fruit and vegetable,2024-05-18,61.19,2024-05-20,61.19,0.0
P1-2227-0519,2227,Parsley_11,Fruit and vegetable,2024-05-19,56.6,2024-05-21,56.6,0.0
P1-2227-0520,2227,Parsley_11,Fruit and vegetable,2024-05-20,64.44,2024-05-22,64.44,0.0
P1-2227-0521,2227,Parsley_11,Fruit and vegetable,2024-05-21,41.66,2024-05-23,41.66,0.0
P1-2227-0522,2227,Parsley_11,Fruit and vegetable,2024-05-22,46.65,2024-05-24,46.65,0.0
P1-2227-0523,2227,Parsley_11,Fruit and vegetable,2024-05-23,69.11,2024-05-25,69.11,0.0
P1-2227-0524,2227,Parsley_11,Fruit and vegetable,2024-05-24,77.99,2024-05-26,77.99,0.0
P1-2227-0525,2227,Parsley_11,Fruit and vegetable,2024-05-25,57.61,2024-05-27,57.61,0.0
P1-2227-0526,2227,Parsley_11,Fruit and vegetable,2024-05-26,44.6,2024-05-28,44.6,0.0
P1-2227-0528,2227,Parsley_11,Fruit and vegetable,2024-05-28,47.82,2024-05-30,47.82,0.0
P1-2227-0529,2227,Parsley_11,Fruit and vegetable,2024-05-29,45.86,2024-05-31,45.86,0.0
P1-2227-0530,2227,Parsley_11,Fruit and vegetable,2024-05-30,53.08,2024-06-01,53.08,0.0
P1-2227-0531,2227,Parsley_11,Fruit and vegetable,2024-05-31,93.52,2024-06-02,93.52,0.0
P1-2227-0601,2227,Parsley_11,Fruit and vegetable,2024-06-01,59.46,2024-06-03,59.46,0.0
P1-2227-0602,2227,Parsley_11,Fruit and vegetable,2024-06-02,39.35,2024-06-04,24.75,
P1-2236-0301,2236,Beet_5,Fruit and vegetable,2024-03-01,167.12,2024-03-03,167.12,0.0
P1-2236-0302,2236,Beet_5,Fruit and vegetable,2024-03-02,167.12,2024-03-04,167.12,0.0
P1-2236-0303,2236,Beet_5,Fruit and vegetable,2024-03-03,164.19,2024-03-05,164.19,0.0
P1-2236-0304,2236,Beet_5,Fruit and vegetable,2024-03-04,124.03,2024-03-06,124.03,0.0
P1-2236-0305,2236,Beet_5,Fruit and vegetable,2024-03-05,119.12,2024-03-07,119.12,0.0
P1-2236-0306,2236,Beet_5,Fruit and vegetable,2024-03-06,113.58,2024-03-08,113.58,0.0
P1-2236-0307,2236,Beet_5,Fruit and vegetable,2024-03-07,99.67,2024-03-09,99.67,0.0
P1-2236-0308,2236,Beet_5,Fruit and vegetable,2024-03-08,114.19,2024-03-10,114.19,0.0
P1-2236-0309,2236,Beet_5,Fruit and vegetable,2024-03-09,49.59,2024-03-11,49.59,0.0
P1-2236-0310,2236,Beet_5,Fruit and vegetable,2024-03-10,107.75,2024-03-12,107.75,0.0
P1-2236-0311,2236,Beet_5,Fruit and vegetable,2024-03-11,351.59,2024-03-13,351.59,0.0
P1-2236-0312,2236,Beet_5,Fruit and vegetable,2024-03-12,275.99,2024-03-14,275.99,0.0
P1-2236-0313,2236,Beet_5,Fruit and vegetable,2024-03-13,276.91,2024-03-15,276.91,0.0
P1-2236-0314,2236,Beet_5,Fruit and vegetable,2024-03-14,343.52,2024-03-16,343.52,0.0
P1-2236-0315,2236,Beet_5,Fruit and vegetable,2024-03-15,331.33,2024-03-17,331.33,0.0
P1-2236-0316,2236,Beet_5,Fruit and vegetable,2024-03-16,236.38,2024-03-18,236.38,0.0
P1-2236-0317,2236,Beet_5,Fruit and vegetable,2024-03-17,291.6,2024-03-19,291.6,0.0
P1-2236-0318,2236,Beet_5,Fruit and vegetable,2024-03-18,409.68,2024-03-20,293.69,115.99
P1-2236-0319,2236,Beet_5,Fruit and vegetable,2024-03-19,68.55,2024-03-21,68.55,0.0
P1-2236-0320,2236,Beet_5,Fruit and vegetable,2024-03-20,134.74,2024-03-22,134.74,0.0
P1-2236-0321,2236,Beet_5,Fruit and vegetable,2024-03-21,287.49,2024-03-23,147.08,140.41
P1-2236-0322,2236,Beet_5,Fruit and vegetable,2024-03-22,99.24,2024-03-24,99.24,0.0
P1-2236-0324,2236,Beet_5,Fruit and vegetable,2024-03-24,300.79,2024-03-26,300.79,0.0
P1-2236-0325,2236,Beet_5,Fruit and vegetable,2024-03-25,18.73,2024-03-27,18.73,0.0
P1-2236-0326,2236,Beet_5,Fruit and vegetable,2024-03-26,272.24,2024-03-28,272.24,0.0
P1-2236-0327,2236,Beet_5,Fruit and vegetable,2024-03-27,311.19,2024-03-29,311.19,0.0
P1-2236-0328,2236,Beet_5,Fruit and vegetable,2024-03-28,272.13,2024-03-30,272.13,0.0
P1-2236-0329,2236,Beet_5,Fruit and vegetable,2024-03-29,234.84,2024-03-31,234.84,0.0
P1-2236-0330,2236,Beet_5,Fruit and vegetable,2024-03-30,193.2,2024-04-01,193.2,0.0
P1-2236-0331,2236,Beet_5,Fruit and vegetable,2024-03-31,181.78,2024-04-02,181.78,0.0
P1-2236-0401,2236,Beet_5,Fruit and vegetable,2024-04-01,330.07,2024-04-03,321.8,8.27
P1-2236-0402,2236,Beet_5,Fruit and vegetable,2024-04-02,150.93,2024-04-04,132.05,18.88
P1-2236-0403,2236,Beet_5,Fruit and vegetable,2024-04-03,147.95,2024-04-05,135.44,12.51
P1-2236-0404,2236,Beet_5,Fruit and vegetable,2024-04-04,56.73,2024-04-06,56.73,0.0
P1-2236-0405,2236,Beet_5,Fruit and vegetable,2024-04-05,78.91,2024-04-07,78.91,0.0
P1-2236-0406,2236,Beet_5,Fruit and vegetable,2024-04-06,85.32,2024-04-08,85.32,0.0
P1-2236-0407,2236,Beet_5,Fruit and vegetable,2024-04-07,110.16,2024-04-09,110.16,0.0
P1-2236-0408,2236,Beet_5,Fruit and vegetable,2024-04-08,51.9,2024-04-10,51.9,0.0
P1-2236-0409,2236,Beet_5,Fruit and vegetable,2024-04-09,20.24,2024-04-11,20.24,0.0
P1-2236-0410,2236,Beet_5,Fruit and vegetable,2024-04-10,121.97,2024-04-12,121.97,0.0
P1-2236-0411,2236,Beet_5,Fruit and vegetable,2024-04-11,145.67,2024-04-13,145.67,0.0
P1-2236-0412,2236,Beet_5,Fruit and vegetable,2024-04-12,142.37,2024-04-14,142.37,0.0
P1-2236-0413,2236,Beet_5,Fruit and vegetable,2024-04-13,122.2,2024-04-15,122.2,0.0
P1-2236-0414,2236,Beet_5,Fruit and vegetable,2024-04-14,126.09,2024-04-16,126.09,0.0
P1-2236-0415,2236,Beet_5,Fruit and vegetable,2024-04-15,117.01,2024-04-17,117.01,0.0
P1-2236-0416,2236,Beet_5,Fruit and vegetable,2024-04-16,119.16,2024-04-18,119.16,0.0
P1-2236-0417,2236,Beet_5,Fruit and vegetable,2024-04-17,111.72,2024-04-19,111.72,0.0
P1-2236-0418,2236,Beet_5,Fruit and vegetable,2024-04-18,115.08,2024-04-20,115.08,0.0
P1-2236-0419,2236,Beet_5,Fruit and vegetable,2024-04-19,160.22,2024-04-21,160.22,0.0
P1-2236-0420,2236,Beet_5,Fruit and vegetable,2024-04-20,76.65,2024-04-22,76.65,0.0
P1-2236-0421,2236,Beet_5,Fruit and vegetable,2024-04-21,149.4,2024-04-23,149.4,0.0
P1-2236-0422,2236,Beet_5,Fruit and vegetable,2024-04-22,226.7,2024-04-24,226.7,0.0
P1-2236-0423,2236,Beet_5,Fruit and vegetable,2024-04-23,236.44,2024-04-25,236.44,0.0
P1-2236-0424,2236,Beet_5,Fruit and vegetable,2024-04-24,246.77,2024-04-26,246.77,0.0
P1-2236-0425,2236,Beet_5,Fruit and vegetable,2024-04-25,267.36,2024-04-27,267.36,0.0
P1-2236-0426,2236,Beet_5,Fruit and vegetable,2024-04-26,321.49,2024-04-28,321.49,0.0
P1-2236-0427,2236,Beet_5,Fruit and vegetable,2024-04-27,235.52,2024-04-29,235.52,0.0
P1-2236-0428,2236,Beet_5,Fruit and vegetable,2024-04-28,259.03,2024-04-30,259.03,0.0
P1-2236-0429,2236,Beet_5,Fruit and vegetable,2024-04-29,310.58,2024-05-01,310.58,0.0
P1-2236-0430,2236,Beet_5,Fruit and vegetable,2024-04-30,138.52,2024-05-02,138.52,0.0
P1-2236-0501,2236,Beet_5,Fruit and vegetable,2024-05-01,164.32,2024-05-03,148.42,15.91
P1-2236-0502,2236,Beet_5,Fruit and vegetable,2024-05-02,127.56,2024-05-04,74.66,52.9
P1-2236-0503,2236,Beet_5,Fruit and vegetable,2024-05-03,163.55,2024-05-05,122.09,41.46
P1-2236-0504,2236,Beet_5,Fruit and vegetable,2024-05-04,1.54,2024-05-06,1.54,0.0
P1-2236-0505,2236,Beet_5,Fruit and vegetable,2024-05-05,218.84,2024-05-07,218.84,0.0
P1-2236-0507,2236,Beet_5,Fruit and vegetable,2024-05-07,57.07,2024-05-09,57.07,0.0
P1-2236-0508,2236,Beet_5,Fruit and vegetable,2024-05-08,97.5,2024-05-10,97.5,0.0
P1-2236-0509,2236,Beet_5,Fruit and vegetable,2024-05-09,131.28,2024-05-11,131.28,0.0
P1-2236-0510,2236,Beet_5,Fruit and vegetable,2024-05-10,132.48,2024-05-12,132.48,0.0
P1-2236-0511,2236,Beet_5,Fruit and vegetable,2024-05-11,93.17,2024-05-13,93.17,0.0
P1-2236-0512,2236,Beet_5,Fruit and vegetable,2024-05-12,142.35,2024-05-14,142.35,0.0
P1-2236-0513,2236,Beet_5,Fruit and vegetable,2024-05-13,105.44,2024-05-15,105.44,0.0
P1-2236-0514,2236,Beet_5,Fruit and vegetable,2024-05-14,128.78,2024-05-16,128.78,0.0
P1-2236-0515,2236,Beet_5,Fruit and vegetable,2024-05-15,53.73,2024-05-17,53.73,0.0
P1-2236-0516,2236,Beet_5,Fruit and vegetable,2024-05-16,108.9,2024-05-18,108.9,0.0
P1-2236-0517,2236,Beet_5,Fruit and vegetable,2024-05-17,117.99,2024-05-19,117.99,0.0
P1-2236-0518,2236,Beet_5,Fruit and vegetable,2024-05-18,158.15,2024-05-20,158.15,0.0
P1-2236-0519,2236,Beet_5,Fruit and vegetable,2024-05-19,70.69,2024-05-21,70.69,0.0
P1-2236-0520,2236,Beet_5,Fruit and vegetable,2024-05-20,74.92,2024-05-22,74.92,0.0
P1-2236-0521,2236,Beet_5,Fruit and vegetable,2024-05-21,107.36,2024-05-23,107.36,0.0
P1-2236-0522,2236,Beet_5,Fruit and vegetable,2024-05-22,101.83,2024-05-24,101.83,0.0
P1-2236-0523,2236,Beet_5,Fruit and vegetable,2024-05-23,63.34,2024-05-25,63.34,0.0
P1-2236-0524,2236,Beet_5,Fruit and vegetable,2024-05-24,136.04,2024-05-26,136.04,0.0
P1-2236-0525,2236,Beet_5,Fruit and vegetable,2024-05-25,69.6,2024-05-27,69.6,0.0
P1-2236-0526,2236,Beet_5,Fruit and vegetable,2024-05-26,104.09,2024-05-28,104.09,0.0
P1-2236-0527,2236,Beet_5,Fruit and vegetable,2024-05-27,121.32,2024-05-29,121.32,0.0
P1-2236-0528,2236,Beet_5,Fruit and vegetable,2024-05-28,61.08,2024-05-30,61.08,0.0
P1-2236-0529,2236,Beet_5,Fruit and vegetable,2024-05-29,83.5,2024-05-31,83.5,0.0
P1-2236-0530,2236,Beet_5,Fruit and vegetable,2024-05-30,120.69,2024-06-01,120.69,0.0
P1-2236-0531,2236,Beet_5,Fruit and vegetable,2024-05-31,102.28,2024-06-02,102.28,0.0
P1-2236-0601,2236,Beet_5,Fruit and vegetable,2024-06-01,65.99,2024-06-03,65.99,0.0
P1-2236-0602,2236,Beet_5,Fruit and vegetable,2024-06-02,155.02,2024-06-04,81.53,
P1-2248-0301,2248,Mango_9,Fruit and vegetable,2024-03-01,49.96,2024-03-03,49.96,0.0
P1-2248-0302,2248,Mango_9,Fruit and vegetable,2024-03-02,49.96,2024-03-04,49.96,0.0
P1-2248-0303,2248,Mango_9,Fruit and vegetable,2024-03-03,57.98,2024-03-05,57.98,0.0
P1-2248-0304,2248,Mango_9,Fruit and vegetable,2024-03-04,71.69,2024-03-06,71.69,0.0
P1-2248-0305,2248,Mango_9,Fruit and vegetable,2024-03-05,42.88,2024-03-07,42.88,0.0
P1-2248-0306,2248,Mango_9,Fruit and vegetable,2024-03-06,35.47,2024-03-08,35.47,0.0
P1-2248-0307,2248,Mango_9,Fruit and vegetable,2024-03-07,32.13,2024-03-09,32.13,0.0
P1-2248-0308,2248,Mango_9,Fruit and vegetable,2024-03-08,40.23,2024-03-10,40.23,0.0
P1-2248-0309,2248,Mango_9,Fruit and vegetable,2024-03-09,20.52,2024-03-11,20.52,0.0
P1-2248-0310,2248,Mango_9,Fruit and vegetable,2024-03-10,77.6,2024-03-12,77.6,0.0
P1-2248-0312,2248,Mango_9,Fruit and vegetable,2024-03-12,25.2,2024-03-14,25.2,0.0
P1-2248-0313,2248,Mango_9,Fruit and vegetable,2024-03-13,23.98,2024-03-15,23.98,0.0
P1-2248-0314,2248,Mango_9,Fruit and vegetable,2024-03-14,30.26,2024-03-16,30.26,0.0
P1-2248-0315,2248,Mango_9,Fruit and vegetable,2024-03-15,23.71,2024-03-17,23.71,0.0
P1-2248-0316,2248,Mango_9,Fruit and vegetable,2024-03-16,62.93,2024-03-18,62.93,0.0
P1-2248-0317,2248,Mango_9,Fruit and vegetable,2024-03-17,19.5,2024-03-19,19.5,0.0
P1-2248-0318,2248,Mango_9,Fruit and vegetable,2024-03-18,46.6,2024-03-20,46.6,0.0
P1-2248-0320,2248,Mango_9,Fruit and vegetable,2024-03-20,19.32,2024-03-22,19.32,0.0
P1-2248-0321,2248,Mango_9,Fruit and vegetable,2024-03-21,40.17,2024-03-23,40.17,0.0
P1-2248-0322,2248,Mango_9,Fruit and vegetable,2024-03-22,59.75,2024-03-24,59.75,0.0
P1-2248-0323,2248,Mango_9,Fruit and vegetable,2024-03-23,7.37,2024-03-25,7.37,0.0
P1-2248-0324,2248,Mango_9,Fruit and vegetable,2024-03-24,24.1,2024-03-26,24.1,0.0
P1-2248-0325,2248,Mango_9,Fruit and vegetable,2024-03-25,28.15,2024-03-27,28.15,0.0
P1-2248-0326,2248,Mango_9,Fruit and vegetable,2024-03-26,34.74,2024-03-28,34.74,0.0
P1-2248-0327,2248,Mango_9,Fruit and vegetable,2024-03-27,41.44,2024-03-29,41.44,0.0
P1-2248-0328,2248,Mango_9,Fruit and vegetable,2024-03-28,30.21,2024-03-30,30.21,0.0
P1-2248-0329,2248,Mango_9,Fruit and vegetable,2024-03-29,37.42,2024-03-31,37.42,0.0
P1-2248-0330,2248,Mango_9,Fruit and vegetable,2024-03-30,30.18,2024-04-01,30.18,0.0
P1-2248-0331,2248,Mango_9,Fruit and vegetable,2024-03-31,17.9,2024-04-02,17.9,0.0
P1-2248-0401,2248,Mango_9,Fruit and vegetable,2024-04-01,44.12,2024-04-03,44.12,0.0
P1-2248-0402,2248,Mango_9,Fruit and vegetable,2024-04-02,11.53,2024-04-04,11.53,0.0
P1-2248-0403,2248,Mango_9,Fruit and vegetable,2024-04-03,48.32,2024-04-05,48.32,0.0
P1-2248-0404,2248,Mango_9,Fruit and vegetable,2024-04-04,57.65,2024-04-06,57.65,0.0
P1-2248-0405,2248,Mango_9,Fruit and vegetable,2024-04-05,7.87,2024-04-07,7.87,0.0
P1-2248-0406,2248,Mango_9,Fruit and vegetable,2024-04-06,43.48,2024-04-08,43.48,0.0
P1-2248-0407,2248,Mango_9,Fruit and vegetable,2024-04-07,31.34,2024-04-09,31.34,0.0
P1-2248-0408,2248,Mango_9,Fruit and vegetable,2024-04-08,19.5,2024-04-10,19.5,0.0
P1-2248-0409,2248,Mango_9,Fruit and vegetable,2024-04-09,48.43,2024-04-11,48.43,0.0
P1-2248-0410,2248,Mango_9,Fruit and vegetable,2024-04-10,32.34,2024-04-12,32.34,0.0
P1-2248-0411,2248,Mango_9,Fruit and vegetable,2024-04-11,8.12,2024-04-13,6.47,1.65
P1-2248-0414,2248,Mango_9,Fruit and vegetable,2024-04-14,45.83,2024-04-16,45.83,0.0
P1-2248-0415,2248,Mango_9,Fruit and vegetable,2024-04-15,38.98,2024-04-17,38.98,0.0
P1-2248-0416,2248,Mango_9,Fruit and vegetable,2024-04-16,47.58,2024-04-18,47.58,0.0
P1-2248-0417,2248,Mango_9,Fruit and vegetable,2024-04-17,53.29,2024-04-19,53.29,0.0
P1-2248-0418,2248,Mango_9,Fruit and vegetable,2024-04-18,58.97,2024-04-20,58.97,0.0
P1-2248-0421,2248,Mango_9,Fruit and vegetable,2024-04-21,57.94,2024-04-23,57.94,0.0
P1-2248-0422,2248,Mango_9,Fruit and vegetable,2024-04-22,48.92,2024-04-24,48.92,0.0
P1-2248-0423,2248,Mango_9,Fruit and vegetable,2024-04-23,38.15,2024-04-25,38.15,0.0
P1-2248-0424,2248,Mango_9,Fruit and vegetable,2024-04-24,54.25,2024-04-26,54.25,0.0
P1-2248-0425,2248,Mango_9,Fruit and vegetable,2024-04-25,33.94,2024-04-27,33.94,0.0
P1-2248-0426,2248,Mango_9,Fruit and vegetable,2024-04-26,59.88,2024-04-28,59.88,0.0
P1-2248-0427,2248,Mango_9,Fruit and vegetable,2024-04-27,55.3,2024-04-29,55.3,0.0
P1-2248-0428,2248,Mango_9,Fruit and vegetable,2024-04-28,38.97,2024-04-30,38.97,0.0
P1-2248-0429,2248,Mango_9,Fruit and vegetable,2024-04-29,35.58,2024-05-01,17.03,18.55
P1-2248-0502,2248,Mango_9,Fruit and vegetable,2024-05-02,41.22,2024-05-04,41.22,0.0
P1-2248-0503,2248,Mango_9,Fruit and vegetable,2024-05-03,43.8,2024-05-05,43.8,0.0
P1-2248-0504,2248,Mango_9,Fruit and vegetable,2024-05-04,43.63,2024-05-06,43.63,0.0
P1-2248-0505,2248,Mango_9,Fruit and vegetable,2024-05-05,23.97,2024-05-07,23.97,0.0
P1-2248-0506,2248,Mango_9,Fruit and vegetable,2024-05-06,25.03,2024-05-08,25.03,0.0
P1-2248-0507,2248,Mango_9,Fruit and vegetable,2024-05-07,41.01,2024-05-09,41.01,0.0
P1-2248-0508,2248,Mango_9,Fruit and vegetable,2024-05-08,32.57,2024-05-10,32.57,0.0
P1-2248-0509,2248,Mango_9,Fruit and vegetable,2024-05-09,25.79,2024-05-11,25.79,0.0
P1-2248-0510,2248,Mango_9,Fruit and vegetable,2024-05-10,42.12,2024-05-12,42.12,0.0
P1-2248-0511,2248,Mango_9,Fruit and vegetable,2024-05-11,41.83,2024-05-13,41.83,0.0
P1-2248-0512,2248,Mango_9,Fruit and vegetable,2024-05-12,37.37,2024-05-14,37.37,0.0
P1-2248-0513,2248,Mango_9,Fruit and vegetable,2024-05-13,47.94,2024-05-15,47.94,0.0
P1-2248-0514,2248,Mango_9,Fruit and vegetable,2024-05-14,46.01,2024-05-16,46.01,0.0
P1-2248-0515,2248,Mango_9,Fruit and vegetable,2024-05-15,6.33,2024-05-17,6.33,0.0
P1-2248-0516,2248,Mango_9,Fruit and vegetable,2024-05-16,27.67,2024-05-18,27.67,0.0
P1-2248-0517,2248,Mango_9,Fruit and vegetable,2024-05-17,39.57,2024-05-19,27.48,12.09
P1-2248-0519,2248,Mango_9,Fruit and vegetable,2024-05-19,37.83,2024-05-21,29.88,7.95
P1-2248-0521,2248,Mango_9,Fruit and vegetable,2024-05-21,18.58,2024-05-23,18.58,0.0
P1-2248-0522,2248,Mango_9,Fruit and vegetable,2024-05-22,6.47,2024-05-24,6.47,0.0
P1-2248-0523,2248,Mango_9,Fruit and vegetable,2024-05-23,10.89,2024-05-25,10.89,0.0
P1-2248-0524,2248,Mango_9,Fruit and vegetable,2024-05-24,19.06,2024-05-26,19.06,0.0
P1-2248-0525,2248,Mango_9,Fruit and vegetable,2024-05-25,7.13,2024-05-27,7.13,0.0
P1-2248-0526,2248,Mango_9,Fruit and vegetable,2024-05-26,17.62,2024-05-28,17.62,0.0
P1-2248-0527,2248,Mango_9,Fruit and vegetable,2024-05-27,4.24,2024-05-29,4.24,0.0
P1-2248-0528,2248,Mango_9,Fruit and vegetable,2024-05-28,5.55,2024-05-30,5.55,0.0
P1-2248-0529,2248,Mango_9,Fruit and vegetable,2024-05-29,22.9,2024-05-31,22.9,0.0
P1-2248-0530,2248,Mango_9,Fruit and vegetable,2024-05-30,21.51,2024-06-01,21.51,0.0
P1-2248-0531,2248,Mango_9,Fruit and vegetable,2024-05-31,16.37,2024-06-02,16.37,0.0
P1-2248-0601,2248,Mango_9,Fruit and vegetable,2024-06-01,25.16,2024-06-03,25.16,0.0
P1-2248-0602,2248,Mango_9,Fruit and vegetable,2024-06-02,17.23,2024-06-04,17.23,0.0
P1-2312-0301,2312,Bread_198,Bakery,2024-03-01,299.78,2024-03-02,299.78,0.0
P1-2312-0302,2312,Bread_198,Bakery,2024-03-02,299.78,2024-03-03,299.78,0.0
P1-2312-0303,2312,Bread_198,Bakery,2024-03-03,292.31,2024-03-04,292.31,0.0
P1-2312-0304,2312,Bread_198,Bakery,2024-03-04,215.25,2024-03-05,215.25,0.0
P1-2312-0305,2312,Bread_198,Bakery,2024-03-05,195.67,2024-03-06,195.67,0.0
P1-2312-0306,2312,Bread_198,Bakery,2024-03-06,199.86,2024-03-07,199.86,0.0
P1-2312-0307,2312,Bread_198,Bakery,2024-03-07,196.07,2024-03-08,196.07,0.0
P1-2312-0308,2312,Bread_198,Bakery,2024-03-08,291.34,2024-03-09,291.34,0.0
P1-2312-0309,2312,Bread_198,Bakery,2024-03-09,135.85,2024-03-10,135.85,0.0
P1-2312-0310,2312,Bread_198,Bakery,2024-03-10,223.29,2024-03-11,223.29,0.0
P1-2312-0311,2312,Bread_198,Bakery,2024-03-11,180.42,2024-03-12,180.42,0.0
P1-2312-0312,2312,Bread_198,Bakery,2024-03-12,187.71,2024-03-13,187.71,0.0
P1-2312-0313,2312,Bread_198,Bakery,2024-03-13,202.3,2024-03-14,202.3,0.0
P1-2312-0314,2312,Bread_198,Bakery,2024-03-14,319.65,2024-03-15,319.65,0.0
P1-2312-0315,2312,Bread_198,Bakery,2024-03-15,197.46,2024-03-16,197.46,0.0
P1-2312-0316,2312,Bread_198,Bakery,2024-03-16,245.07,2024-03-17,245.07,0.0
P1-2312-0317,2312,Bread_198,Bakery,2024-03-17,250.09,2024-03-18,250.09,0.0
P1-2312-0318,2312,Bread_198,Bakery,2024-03-18,253.7,2024-03-19,253.7,0.0
P1-2312-0319,2312,Bread_198,Bakery,2024-03-19,260.22,2024-03-20,260.22,0.0
P1-2312-0320,2312,Bread_198,Bakery,2024-03-20,229.97,2024-03-21,229.97,0.0
P1-2312-0321,2312,Bread_198,Bakery,2024-03-21,285.02,2024-03-22,285.02,0.0
P1-2312-0322,2312,Bread_198,Bakery,2024-03-22,244.99,2024-03-23,244.99,0.0
P1-2312-0323,2312,Bread_198,Bakery,2024-03-23,250.32,2024-03-24,250.32,0.0
P1-2312-0324,2312,Bread_198,Bakery,2024-03-24,328.31,2024-03-25,328.31,0.0
P1-2312-0325,2312,Bread_198,Bakery,2024-03-25,146.67,2024-03-26,146.67,0.0
P1-2312-0326,2312,Bread_198,Bakery,2024-03-26,140.36,2024-03-27,140.36,0.0
P1-2312-0327,2312,Bread_198,Bakery,2024-03-27,314.49,2024-03-28,314.49,0.0
P1-2312-0328,2312,Bread_198,Bakery,2024-03-28,319.75,2024-03-29,319.75,0.0
P1-2312-0329,2312,Bread_198,Bakery,2024-03-29,388.26,2024-03-30,337.91,50.35
P1-2312-0330,2312,Bread_198,Bakery,2024-03-30,79.27,2024-03-31,79.27,0.0
P1-2312-0331,2312,Bread_198,Bakery,2024-03-31,222.11,2024-04-01,222.11,0.0
P1-2312-0401,2312,Bread_198,Bakery,2024-04-01,252.05,2024-04-02,252.05,0.0
P1-2312-0402,2312,Bread_198,Bakery,2024-04-02,314.34,2024-04-03,314.34,0.0
P1-2312-0403,2312,Bread_198,Bakery,2024-04-03,298.48,2024-04-04,293.43,5.04
P1-2312-0404,2312,Bread_198,Bakery,2024-04-04,163.57,2024-04-05,163.57,0.0
P1-2312-0405,2312,Bread_198,Bakery,2024-04-05,138.18,2024-04-06,138.18,0.0
P1-2312-0406,2312,Bread_198,Bakery,2024-04-06,224.35,2024-04-07,224.35,0.0
P1-2312-0407,2312,Bread_198,Bakery,2024-04-07,321.11,2024-04-08,321.11,0.0
P1-2312-0408,2312,Bread_198,Bakery,2024-04-08,197.82,2024-04-09,197.82,0.0
P1-2312-0409,2312,Bread_198,Bakery,2024-04-09,196.32,2024-04-10,196.32,0.0
P1-2312-0410,2312,Bread_198,Bakery,2024-04-10,263.55,2024-04-11,263.55,0.0
P1-2312-0411,2312,Bread_198,Bakery,2024-04-11,275.09,2024-04-12,275.09,0.0
P1-2312-0412,2312,Bread_198,Bakery,2024-04-12,336.47,2024-04-13,336.47,0.0
P1-2312-0413,2312,Bread_198,Bakery,2024-04-13,187.53,2024-04-14,187.53,0.0
P1-2312-0414,2312,Bread_198,Bakery,2024-04-14,264.9,2024-04-15,264.9,0.0
P1-2312-0415,2312,Bread_198,Bakery,2024-04-15,234.89,2024-04-16,234.89,0.0
P1-2312-0416,2312,Bread_198,Bakery,2024-04-16,244.22,2024-04-17,244.22,0.0
P1-2312-0417,2312,Bread_198,Bakery,2024-04-17,337.27,2024-04-18,337.27,0.0
P1-2312-0418,2312,Bread_198,Bakery,2024-04-18,347.2,2024-04-19,347.2,0.0
P1-2312-0419,2312,Bread_198,Bakery,2024-04-19,358.28,2024-04-20,358.28,0.0
P1-2312-0420,2312,Bread_198,Bakery,2024-04-20,294.98,2024-04-21,294.98,0.0
P1-2312-0421,2312,Bread_198,Bakery,2024-04-21,200.12,2024-04-22,200.12,0.0
P1-2312-0422,2312,Bread_198,Bakery,2024-04-22,202.41,2024-04-23,202.41,0.0
P1-2312-0423,2312,Bread_198,Bakery,2024-04-23,325.69,2024-04-24,325.69,0.0
P1-2312-0424,2312,Bread_198,Bakery,2024-04-24,305.67,2024-04-25,305.67,0.0
P1-2312-0425,2312,Bread_198,Bakery,2024-04-25,276.71,2024-04-26,276.71,0.0
P1-2312-0426,2312,Bread_198,Bakery,2024-04-26,268.78,2024-04-27,268.78,0.0
P1-2312-0427,2312,Bread_198,Bakery,2024-04-27,183.71,2024-04-28,183.71,0.0
P1-2312-0428,2312,Bread_198,Bakery,2024-04-28,229.46,2024-04-29,229.46,0.0
P1-2312-0429,2312,Bread_198,Bakery,2024-04-29,332.7,2024-04-30,332.7,0.0
P1-2312-0430,2312,Bread_198,Bakery,2024-04-30,229.24,2024-05-01,229.24,0.0
P1-2312-0501,2312,Bread_198,Bakery,2024-05-01,377.64,2024-05-02,377.64,0.0
P1-2312-0502,2312,Bread_198,Bakery,2024-05-02,267.79,2024-05-03,267.79,0.0
P1-2312-0503,2312,Bread_198,Bakery,2024-05-03,300.38,2024-05-04,300.38,0.0
P1-2312-0504,2312,Bread_198,Bakery,2024-05-04,275.53,2024-05-05,275.53,0.0
P1-2312-0505,2312,Bread_198,Bakery,2024-05-05,246.97,2024-05-06,246.97,0.0
P1-2312-0506,2312,Bread_198,Bakery,2024-05-06,299.76,2024-05-07,299.76,0.0
P1-2312-0507,2312,Bread_198,Bakery,2024-05-07,222.69,2024-05-08,222.69,0.0
P1-2312-0508,2312,Bread_198,Bakery,2024-05-08,259.69,2024-05-09,259.69,0.0
P1-2312-0509,2312,Bread_198,Bakery,2024-05-09,275.91,2024-05-10,275.91,0.0
P1-2312-0510,2312,Bread_198,Bakery,2024-05-10,342.42,2024-05-11,303.16,39.25
P1-2312-0511,2312,Bread_198,Bakery,2024-05-11,6.96,2024-05-12,6.96,0.0
P1-2312-0512,2312,Bread_198,Bakery,2024-05-12,279.92,2024-05-13,279.92,0.0
P1-2312-0513,2312,Bread_198,Bakery,2024-05-13,186.64,2024-05-14,186.64,0.0
P1-2312-0514,2312,Bread_198,Bakery,2024-05-14,340.49,2024-05-15,340.49,0.0
P1-2312-0515,2312,Bread_198,Bakery,2024-05-15,286.9,2024-05-16,286.9,0.0
P1-2312-0516,2312,Bread_198,Bakery,2024-05-16,242.61,2024-05-17,242.61,0.0
P1-2312-0517,2312,Bread_198,Bakery,2024-05-17,258.16,2024-05-18,258.16,0.0
P1-2312-0518,2312,Bread_198,Bakery,2024-05-18,244.82,2024-05-19,244.82,0.0
P1-2312-0519,2312,Bread_198,Bakery,2024-05-19,188.47,2024-05-20,188.47,0.0
P1-2312-0520,2312,Bread_198,Bakery,2024-05-20,304.17,2024-05-21,304.17,0.0
P1-2312-0521,2312,Bread_198,Bakery,2024-05-21,280.95,2024-05-22,280.95,0.0
P1-2312-0522,2312,Bread_198,Bakery,2024-05-22,163.05,2024-05-23,163.05,0.0
P1-2312-0523,2312,Bread_198,Bakery,2024-05-23,330.86,2024-05-24,330.86,0.0
P1-2312-0524,2312,Bread_198,Bakery,2024-05-24,163.97,2024-05-25,163.97,0.0
P1-2312-0525,2312,Bread_198,Bakery,2024-05-25,208.14,2024-05-26,208.14,0.0
P1-2312-0526,2312,Bread_198,Bakery,2024-05-26,307.49,2024-05-27,307.49,0.0
P1-2312-0527,2312,Bread_198,Bakery,2024-05-27,250.83,2024-05-28,250.83,0.0
P1-2312-0528,2312,Bread_198,Bakery,2024-05-28,214.68,2024-05-29,214.68,0.0
P1-2312-0529,2312,Bread_198,Bakery,2024-05-29,336.89,2024-05-30,336.89,0.0
P1-2312-0530,2312,Bread_198,Bakery,2024-05-30,121.0,2024-05-31,121.0,0.0
P1-2312-0531,2312,Bread_198,Bakery,2024-05-31,323.02,2024-06-01,323.02,0.0
P1-2312-0601,2312,Bread_198,Bakery,2024-06-01,197.02,2024-06-02,197.02,0.0
P1-2312-0602,2312,Bread_198,Bakery,2024-06-02,355.9,2024-06-03,217.7,
P1-2314-0301,2314,Parsley_12,Fruit and vegetable,2024-03-01,165.4,2024-03-03,165.4,0.0
P1-2314-0302,2314,Parsley_12,Fruit and vegetable,2024-03-02,165.4,2024-03-04,165.4,0.0
P1-2314-0303,2314,Parsley_12,Fruit and vegetable,2024-03-03,161.96,2024-03-05,161.96,0.0
P1-2314-0304,2314,Parsley_12,Fruit and vegetable,2024-03-04,105.77,2024-03-06,105.77,0.0
P1-2314-0305,2314,Parsley_12,Fruit and vegetable,2024-03-05,106.07,2024-03-07,106.07,0.0
P1-2314-0306,2314,Parsley_12,Fruit and vegetable,2024-03-06,97.12,2024-03-08,97.12,0.0
P1-2314-0307,2314,Parsley_12,Fruit and vegetable,2024-03-07,101.83,2024-03-09,101.83,0.0
P1-2314-0308,2314,Parsley_12,Fruit and vegetable,2024-03-08,120.57,2024-03-10,120.57,0.0
P1-2314-0309,2314,Parsley_12,Fruit and vegetable,2024-03-09,112.17,2024-03-11,112.17,0.0
P1-2314-0310,2314,Parsley_12,Fruit and vegetable,2024-03-10,62.46,2024-03-12,62.46,0.0
P1-2314-0311,2314,Parsley_12,Fruit and vegetable,2024-03-11,121.62,2024-03-13,121.62,0.0
P1-2314-0312,2314,Parsley_12,Fruit and vegetable,2024-03-12,79.97,2024-03-14,79.97,0.0
P1-2314-0313,2314,Parsley_12,Fruit and vegetable,2024-03-13,115.6,2024-03-15,115.6,0.0
P1-2314-0314,2314,Parsley_12,Fruit and vegetable,2024-03-14,105.01,2024-03-16,105.01,0.0
P1-2314-0315,2314,Parsley_12,Fruit and vegetable,2024-03-15,136.26,2024-03-17,136.26,0.0
P1-2314-0316,2314,Parsley_12,Fruit and vegetable,2024-03-16,84.46,2024-03-18,84.46,0.0
P1-2314-0317,2314,Parsley_12,Fruit and vegetable,2024-03-17,125.35,2024-03-19,125.35,0.0
P1-2314-0318,2314,Parsley_12,Fruit and vegetable,2024-03-18,85.57,2024-03-20,85.57,0.0
P1-2314-0319,2314,Parsley_12,Fruit and vegetable,2024-03-19,99.84,2024-03-21,99.84,0.0
P1-2314-0320,2314,Parsley_12,Fruit and vegetable,2024-03-20,40.54,2024-03-22,40.54,0.0
P1-2314-0321,2314,Parsley_12,Fruit and vegetable,2024-03-21,103.13,2024-03-23,103.13,0.0
P1-2314-0322,2314,Parsley_12,Fruit and vegetable,2024-03-22,160.59,2024-03-24,160.59,0.0
P1-2314-0323,2314,Parsley_12,Fruit and vegetable,2024-03-23,122.85,2024-03-25,122.85,0.0
P1-2314-0324,2314,Parsley_12,Fruit and vegetable,2024-03-24,102.3,2024-03-26,102.3,0.0
P1-2314-0325,2314,Parsley_12,Fruit and vegetable,2024-03-25,92.16,2024-03-27,92.16,0.0
P1-2314-0326,2314,Parsley_12,Fruit and vegetable,2024-03-26,67.84,2024-03-28,67.84,0.0
P1-2314-0328,2314,Parsley_12,Fruit and vegetable,2024-03-28,102.36,2024-03-30,102.36,0.0
P1-2314-0329,2314,Parsley_12,Fruit and vegetable,2024-03-29,160.32,2024-03-31,160.32,0.0
P1-2314-0330,2314,Parsley_12,Fruit and vegetable,2024-03-30,97.69,2024-04-01,97.69,0.0
P1-2314-0331,2314,Parsley_12,Fruit and vegetable,2024-03-31,97.4,2024-04-02,97.4,0.0
P1-2314-0401,2314,Parsley_12,Fruit and vegetable,2024-04-01,23.63,2024-04-03,23.63,0.0
P1-2314-0402,2314,Parsley_12,Fruit and vegetable,2024-04-02,39.37,2024-04-04,39.37,0.0
P1-2314-0403,2314,Parsley_12,Fruit and vegetable,2024-04-03,95.29,2024-04-05,95.29,0.0
P1-2314-0404,2314,Parsley_12,Fruit and vegetable,2024-04-04,114.6,2024-04-06,114.6,0.0
P1-2314-0405,2314,Parsley_12,Fruit and vegetable,2024-04-05,83.18,2024-04-07,83.18,0.0
P1-2314-0406,2314,Parsley_12,Fruit and vegetable,2024-04-06,72.92,2024-04-08,72.92,0.0
P1-2314-0407,2314,Parsley_12,Fruit and vegetable,2024-04-07,76.48,2024-04-09,76.48,0.0
P1-2314-0408,2314,Parsley_12,Fruit and vegetable,2024-04-08,72.7,2024-04-10,72.7,0.0
P1-2314-0409,2314,Parsley_12,Fruit and vegetable,2024-04-09,103.16,2024-04-11,103.16,0.0
P1-2314-0410,2314,Parsley_12,Fruit and vegetable,2024-04-10,82.3,2024-04-12,82.3,0.0
P1-2314-0411,2314,Parsley_12,Fruit and vegetable,2024-04-11,118.45,2024-04-13,118.45,0.0
P1-2314-0412,2314,Parsley_12,Fruit and vegetable,2024-04-12,131.2,2024-04-14,131.2,0.0
P1-2314-0413,2314,Parsley_12,Fruit and vegetable,2024-04-13,196.77,2024-04-15,196.77,0.0
P1-2314-0414,2314,Parsley_12,Fruit and vegetable,2024-04-14,128.13,2024-04-16,128.13,0.0
P1-2314-0415,2314,Parsley_12,Fruit and vegetable,2024-04-15,121.99,2024-04-17,121.99,0.0
P1-2314-0416,2314,Parsley_12,Fruit and vegetable,2024-04-16,131.34,2024-04-18,131.34,0.0
P1-2314-0417,2314,Parsley_12,Fruit and vegetable,2024-04-17,114.26,2024-04-19,114.26,0.0
P1-2314-0418,2314,Parsley_12,Fruit and vegetable,2024-04-18,109.16,2024-04-20,109.16,0.0
P1-2314-0419,2314,Parsley_12,Fruit and vegetable,2024-04-19,124.37,2024-04-21,124.37,0.0
P1-2314-0420,2314,Parsley_12,Fruit and vegetable,2024-04-20,247.01,2024-04-22,247.01,0.0
P1-2314-0421,2314,Parsley_12,Fruit and vegetable,2024-04-21,30.89,2024-04-23,30.89,0.0
P1-2314-0422,2314,Parsley_12,Fruit and vegetable,2024-04-22,126.94,2024-04-24,126.94,0.0
P1-2314-0423,2314,Parsley_12,Fruit and vegetable,2024-04-23,71.32,2024-04-25,71.32,0.0
P1-2314-0424,2314,Parsley_12,Fruit and vegetable,2024-04-24,72.94,2024-04-26,72.94,0.0
P1-2314-0425,2314,Parsley_12,Fruit and vegetable,2024-04-25,117.23,2024-04-27,117.23,0.0
P1-2314-0426,2314,Parsley_12,Fruit and vegetable,2024-04-26,200.79,2024-04-28,200.79,0.0
P1-2314-0427,2314,Parsley_12,Fruit and vegetable,2024-04-27,86.35,2024-04-29,86.35,0.0
P1-2314-0428,2314,Parsley_12,Fruit and vegetable,2024-04-28,53.97,2024-04-30,53.97,0.0
P1-2314-0429,2314,Parsley_12,Fruit and vegetable,2024-04-29,97.88,2024-05-01,97.88,0.0
P1-2314-0430,2314,Parsley_12,Fruit and vegetable,2024-04-30,46.39,2024-05-02,46.39,0.0
P1-2314-0501,2314,Parsley_12,Fruit and vegetable,2024-05-01,108.09,2024-05-03,108.09,0.0
P1-2314-0502,2314,Parsley_12,Fruit and vegetable,2024-05-02,117.95,2024-05-04,117.95,0.0
P1-2314-0503,2314,Parsley_12,Fruit and vegetable,2024-05-03,72.61,2024-05-05,72.61,0.0
P1-2314-0504,2314,Parsley_12,Fruit and vegetable,2024-05-04,21.94,2024-05-06,21.94,0.0
P1-2314-0505,2314,Parsley_12,Fruit and vegetable,2024-05-05,97.94,2024-05-07,97.94,0.0
P1-2314-0506,2314,Parsley_12,Fruit and vegetable,2024-05-06,75.74,2024-05-08,75.74,0.0
P1-2314-0507,2314,Parsley_12,Fruit and vegetable,2024-05-07,135.14,2024-05-09,135.14,0.0
P1-2314-0508,2314,Parsley_12,Fruit and vegetable,2024-05-08,123.72,2024-05-10,123.72,0.0
P1-2314-0509,2314,Parsley_12,Fruit and vegetable,2024-05-09,102.96,2024-05-11,102.96,0.0
P1-2314-0510,2314,Parsley_12,Fruit and vegetable,2024-05-10,130.11,2024-05-12,130.11,0.0
P1-2314-0511,2314,Parsley_12,Fruit and vegetable,2024-05-11,101.78,2024-05-13,101.78,0.0
P1-2314-0512,2314,Parsley_12,Fruit and vegetable,2024-05-12,55.74,2024-05-14,55.74,0.0
P1-2314-0513,2314,Parsley_12,Fruit and vegetable,2024-05-13,110.62,2024-05-15,110.62,0.0
P1-2314-0514,2314,Parsley_12,Fruit and vegetable,2024-05-14,98.81,2024-05-16,98.81,0.0
P1-2314-0515,2314,Parsley_12,Fruit and vegetable,2024-05-15,49.83,2024-05-17,49.83,0.0
P1-2314-0516,2314,Parsley_12,Fruit and vegetable,2024-05-16,16.87,2024-05-18,16.87,0.0
P1-2314-0517,2314,Parsley_12,Fruit and vegetable,2024-05-17,100.28,2024-05-19,100.28,0.0
P1-2314-0518,2314,Parsley_12,Fruit and vegetable,2024-05-18,104.09,2024-05-20,104.09,0.0
P1-2314-0519,2314,Parsley_12,Fruit and vegetable,2024-05-19,110.41,2024-05-21,110.41,0.0
P1-2314-0520,2314,Parsley_12,Fruit and vegetable,2024-05-20,90.57,2024-05-22,90.57,0.0
P1-2314-0521,2314,Parsley_12,Fruit and vegetable,2024-05-21,67.14,2024-05-23,67.14,0.0
P1-2314-0522,2314,Parsley_12,Fruit and vegetable,2024-05-22,63.51,2024-05-24,63.51,0.0
P1-2314-0523,2314,Parsley_12,Fruit and vegetable,2024-05-23,108.35,2024-05-25,108.35,0.0
P1-2314-0524,2314,Parsley_12,Fruit and vegetable,2024-05-24,122.5,2024-05-26,122.5,0.0
P1-2314-0525,2314,Parsley_12,Fruit and vegetable,2024-05-25,64.74,2024-05-27,64.74,0.0
P1-2314-0526,2314,Parsley_12,Fruit and vegetable,2024-05-26,75.16,2024-05-28,75.16,0.0
P1-2314-0527,2314,Parsley_12,Fruit and vegetable,2024-05-27,149.62,2024-05-29,149.62,0.0
P1-2314-0528,2314,Parsley_12,Fruit and vegetable,2024-05-28,131.7,2024-05-30,131.7,0.0
P1-2314-0529,2314,Parsley_12,Fruit and vegetable,2024-05-29,65.71,2024-05-31,65.71,0.0
P1-2314-0530,2314,Parsley_12,Fruit and vegetable,2024-05-30,83.88,2024-06-01,83.88,0.0
P1-2314-0531,2314,Parsley_12,Fruit and vegetable,2024-05-31,119.94,2024-06-02,119.94,0.0
P1-2314-0601,2314,Parsley_12,Fruit and vegetable,2024-06-01,129.55,2024-06-03,129.55,0.0
P1-2314-0602,2314,Parsley_12,Fruit and vegetable,2024-06-02,166.99,2024-06-04,72.67,
P1-2328-0301,2328,Bread_200,Bakery,2024-03-01,383.17,2024-03-02,383.17,0.0
P1-2328-0302,2328,Bread_200,Bakery,2024-03-02,461.28,2024-03-03,461.28,0.0
P1-2328-0303,2328,Bread_200,Bakery,2024-03-03,453.87,2024-03-04,332.42,121.45
P1-2328-0304,2328,Bread_200,Bakery,2024-03-04,295.7,2024-03-05,182.31,113.39
P1-2328-0305,2328,Bread_200,Bakery,2024-03-05,281.71,2024-03-06,158.91,122.8
P1-2328-0306,2328,Bread_200,Bakery,2024-03-06,281.46,2024-03-07,226.37,55.09
P1-2328-0307,2328,Bread_200,Bakery,2024-03-07,273.18,2024-03-08,273.18,0.0
P1-2328-0308,2328,Bread_200,Bakery,2024-03-08,267.05,2024-03-09,267.05,0.0
P1-2328-0309,2328,Bread_200,Bakery,2024-03-09,518.71,2024-03-10,518.71,0.0
P1-2328-0310,2328,Bread_200,Bakery,2024-03-10,11.99,2024-03-11,11.99,0.0
P1-2328-0311,2328,Bread_200,Bakery,2024-03-11,286.8,2024-03-12,286.8,0.0
P1-2328-0312,2328,Bread_200,Bakery,2024-03-12,193.66,2024-03-13,177.34,16.32
P1-2328-0313,2328,Bread_200,Bakery,2024-03-13,135.57,2024-03-14,135.57,0.0
P1-2328-0314,2328,Bread_200,Bakery,2024-03-14,231.83,2024-03-15,231.83,0.0
P1-2328-0315,2328,Bread_200,Bakery,2024-03-15,497.85,2024-03-16,497.85,0.0
P1-2328-0316,2328,Bread_200,Bakery,2024-03-16,394.96,2024-03-17,394.96,0.0
P1-2328-0317,2328,Bread_200,Bakery,2024-03-17,534.91,2024-03-18,459.18,75.72
P1-2328-0318,2328,Bread_200,Bakery,2024-03-18,102.36,2024-03-19,102.36,0.0
P1-2328-0319,2328,Bread_200,Bakery,2024-03-19,236.41,2024-03-20,236.41,0.0
P1-2328-0320,2328,Bread_200,Bakery,2024-03-20,143.41,2024-03-21,143.41,0.0
P1-2328-0321,2328,Bread_200,Bakery,2024-03-21,369.71,2024-03-22,369.71,0.0
P1-2328-0322,2328,Bread_200,Bakery,2024-03-22,454.04,2024-03-23,454.04,0.0
P1-2328-0323,2328,Bread_200,Bakery,2024-03-23,138.4,2024-03-24,138.4,0.0
P1-2328-0324,2328,Bread_200,Bakery,2024-03-24,305.51,2024-03-25,305.51,0.0
P1-2328-0325,2328,Bread_200,Bakery,2024-03-25,189.84,2024-03-26,149.25,40.59
P1-2328-0326,2328,Bread_200,Bakery,2024-03-26,137.65,2024-03-27,137.65,0.0
P1-2328-0327,2328,Bread_200,Bakery,2024-03-27,238.77,2024-03-28,238.77,0.0
P1-2328-0328,2328,Bread_200,Bakery,2024-03-28,190.65,2024-03-29,190.65,0.0
P1-2328-0329,2328,Bread_200,Bakery,2024-03-29,491.49,2024-03-30,491.49,0.0
P1-2328-0330,2328,Bread_200,Bakery,2024-03-30,659.84,2024-03-31,659.84,0.0
P1-2328-0331,2328,Bread_200,Bakery,2024-03-31,266.72,2024-04-01,266.72,0.0
P1-2328-0401,2328,Bread_200,Bakery,2024-04-01,147.08,2024-04-02,147.08,0.0
P1-2328-0402,2328,Bread_200,Bakery,2024-04-02,179.48,2024-04-03,179.48,0.0
P1-2328-0403,2328,Bread_200,Bakery,2024-04-03,294.52,2024-04-04,277.49,17.03
P1-2328-0404,2328,Bread_200,Bakery,2024-04-04,286.8,2024-04-05,286.8,0.0
P1-2328-0405,2328,Bread_200,Bakery,2024-04-05,470.26,2024-04-06,470.26,0.0
P1-2328-0406,2328,Bread_200,Bakery,2024-04-06,219.35,2024-04-07,219.35,0.0
P1-2328-0407,2328,Bread_200,Bakery,2024-04-07,586.28,2024-04-08,586.28,0.0
P1-2328-0408,2328,Bread_200,Bakery,2024-04-08,478.59,2024-04-09,453.84,24.75
P1-2328-0409,2328,Bread_200,Bakery,2024-04-09,236.61,2024-04-10,236.61,0.0
P1-2328-0410,2328,Bread_200,Bakery,2024-04-10,171.77,2024-04-11,171.77,0.0
P1-2328-0411,2328,Bread_200,Bakery,2024-04-11,350.65,2024-04-12,350.65,0.0
P1-2328-0412,2328,Bread_200,Bakery,2024-04-12,547.12,2024-04-13,547.12,0.0
P1-2328-0413,2328,Bread_200,Bakery,2024-04-13,824.71,2024-04-14,824.71,0.0
P1-2328-0414,2328,Bread_200,Bakery,2024-04-14,845.21,2024-04-15,652.17,193.04
P1-2328-0415,2328,Bread_200,Bakery,2024-04-15,123.84,2024-04-16,123.84,0.0
P1-2328-0416,2328,Bread_200,Bakery,2024-04-16,379.49,2024-04-17,379.49,0.0
P1-2328-0417,2328,Bread_200,Bakery,2024-04-17,436.65,2024-04-18,262.79,173.86
P1-2328-0418,2328,Bread_200,Bakery,2024-04-18,171.57,2024-04-19,171.57,0.0
P1-2328-0419,2328,Bread_200,Bakery,2024-04-19,785.07,2024-04-20,690.32,94.75
P1-2328-0420,2328,Bread_200,Bakery,2024-04-20,545.22,2024-04-21,329.77,215.45
P1-2328-0421,2328,Bread_200,Bakery,2024-04-21,78.72,2024-04-22,78.72,0.0
P1-2328-0422,2328,Bread_200,Bakery,2024-04-22,247.88,2024-04-23,247.88,0.0
P1-2328-0423,2328,Bread_200,Bakery,2024-04-23,307.5,2024-04-24,307.5,0.0
P1-2328-0424,2328,Bread_200,Bakery,2024-04-24,171.74,2024-04-25,171.74,0.0
P1-2328-0425,2328,Bread_200,Bakery,2024-04-25,272.4,2024-04-26,272.4,0.0
P1-2328-0426,2328,Bread_200,Bakery,2024-04-26,500.48,2024-04-27,500.48,0.0
P1-2328-0427,2328,Bread_200,Bakery,2024-04-27,829.02,2024-04-28,829.02,0.0
P1-2328-0428,2328,Bread_200,Bakery,2024-04-28,637.92,2024-04-29,637.92,0.0
P1-2328-0429,2328,Bread_200,Bakery,2024-04-29,394.26,2024-04-30,394.26,0.0
P1-2328-0430,2328,Bread_200,Bakery,2024-04-30,301.66,2024-05-01,301.66,0.0
P1-2328-0501,2328,Bread_200,Bakery,2024-05-01,594.67,2024-05-02,594.67,0.0
P1-2328-0502,2328,Bread_200,Bakery,2024-05-02,466.15,2024-05-03,466.15,0.0
P1-2328-0503,2328,Bread_200,Bakery,2024-05-03,717.95,2024-05-04,717.95,0.0
P1-2328-0504,2328,Bread_200,Bakery,2024-05-04,686.85,2024-05-05,490.31,196.54
P1-2328-0505,2328,Bread_200,Bakery,2024-05-05,102.27,2024-05-06,102.27,0.0
P1-2328-0506,2328,Bread_200,Bakery,2024-05-06,318.08,2024-05-07,318.08,0.0
P1-2328-0507,2328,Bread_200,Bakery,2024-05-07,607.95,2024-05-08,607.95,0.0
P1-2328-0508,2328,Bread_200,Bakery,2024-05-08,368.32,2024-05-09,368.32,0.0
P1-2328-0509,2328,Bread_200,Bakery,2024-05-09,320.74,2024-05-10,320.74,0.0
P1-2328-0510,2328,Bread_200,Bakery,2024-05-10,875.42,2024-05-11,875.42,0.0
P1-2328-0511,2328,Bread_200,Bakery,2024-05-11,763.78,2024-05-12,763.78,0.0
P1-2328-0512,2328,Bread_200,Bakery,2024-05-12,780.37,2024-05-13,780.37,0.0
P1-2328-0513,2328,Bread_200,Bakery,2024-05-13,581.78,2024-05-14,581.78,0.0
P1-2328-0514,2328,Bread_200,Bakery,2024-05-14,384.98,2024-05-15,384.98,0.0
P1-2328-0515,2328,Bread_200,Bakery,2024-05-15,484.37,2024-05-16,484.37,0.0
P1-2328-0516,2328,Bread_200,Bakery,2024-05-16,526.96,2024-05-17,526.96,0.0
P1-2328-0517,2328,Bread_200,Bakery,2024-05-17,685.11,2024-05-18,579.63,105.48
P1-2328-0518,2328,Bread_200,Bakery,2024-05-18,366.16,2024-05-19,366.16,0.0
P1-2328-0519,2328,Bread_200,Bakery,2024-05-19,677.52,2024-05-20,423.9,253.62
P1-2328-0521,2328,Bread_200,Bakery,2024-05-21,515.9,2024-05-22,515.9,0.0
P1-2328-0522,2328,Bread_200,Bakery,2024-05-22,415.25,2024-05-23,415.25,0.0
P1-2328-0523,2328,Bread_200,Bakery,2024-05-23,204.95,2024-05-24,204.95,0.0
P1-2328-0524,2328,Bread_200,Bakery,2024-05-24,636.77,2024-05-25,636.77,0.0
P1-2328-0525,2328,Bread_200,Bakery,2024-05-25,678.92,2024-05-26,678.92,0.0
P1-2328-0526,2328,Bread_200,Bakery,2024-05-26,665.87,2024-05-27,665.87,0.0
P1-2328-0527,2328,Bread_200,Bakery,2024-05-27,376.42,2024-05-28,376.42,0.0
P1-2328-0528,2328,Bread_200,Bakery,2024-05-28,288.54,2024-05-29,288.54,0.0
P1-2328-0529,2328,Bread_200,Bakery,2024-05-29,438.61,2024-05-30,438.61,0.0
P1-2328-0530,2328,Bread_200,Bakery,2024-05-30,303.08,2024-05-31,303.08,0.0
P1-2328-0531,2328,Bread_200,Bakery,2024-05-31,684.7,2024-06-01,684.7,0.0
P1-2328-0601,2328,Bread_200,Bakery,2024-06-01,858.47,2024-06-02,858.47,0.0
P1-2328-0602,2328,Bread_200,Bakery,2024-06-02,267.93,2024-06-03,170.06,
P1-2343-0301,2343,Bread_201,Bakery,2024-03-01,51.69,2024-03-02,51.69,0.0
P1-2343-0302,2343,Bread_201,Bakery,2024-03-02,51.69,2024-03-03,51.69,0.0
P1-2343-0303,2343,Bread_201,Bakery,2024-03-03,51.15,2024-03-04,51.15,0.0
P1-2343-0304,2343,Bread_201,Bakery,2024-03-04,53.36,2024-03-05,53.36,0.0
P1-2343-0305,2343,Bread_201,Bakery,2024-03-05,44.99,2024-03-06,44.99,0.0
P1-2343-0306,2343,Bread_201,Bakery,2024-03-06,39.01,2024-03-07,39.01,0.0
P1-2343-0307,2343,Bread_201,Bakery,2024-03-07,37.63,2024-03-08,37.63,0.0
P1-2343-0308,2343,Bread_201,Bakery,2024-03-08,38.0,2024-03-09,38.0,0.0
P1-2343-0309,2343,Bread_201,Bakery,2024-03-09,37.97,2024-03-10,37.97,0.0
P1-2343-0310,2343,Bread_201,Bakery,2024-03-10,62.65,2024-03-11,62.65,0.0
P1-2343-0311,2343,Bread_201,Bakery,2024-03-11,60.47,2024-03-12,60.47,0.0
P1-2343-0312,2343,Bread_201,Bakery,2024-03-12,21.46,2024-03-13,21.46,0.0
P1-2343-0313,2343,Bread_201,Bakery,2024-03-13,45.33,2024-03-14,45.33,0.0
P1-2343-0314,2343,Bread_201,Bakery,2024-03-14,53.78,2024-03-15,53.78,0.0
P1-2343-0315,2343,Bread_201,Bakery,2024-03-15,54.48,2024-03-16,54.48,0.0
P1-2343-0316,2343,Bread_201,Bakery,2024-03-16,56.46,2024-03-17,56.46,0.0
P1-2343-0317,2343,Bread_201,Bakery,2024-03-17,77.45,2024-03-18,77.45,0.0
P1-2343-0318,2343,Bread_201,Bakery,2024-03-18,0.45,2024-03-19,0.45,0.0
P1-2343-0319,2343,Bread_201,Bakery,2024-03-19,53.32,2024-03-20,53.32,0.0
P1-2343-0320,2343,Bread_201,Bakery,2024-03-20,59.44,2024-03-21,59.44,0.0
P1-2343-0321,2343,Bread_201,Bakery,2024-03-21,55.04,2024-03-22,55.04,0.0
P1-2343-0322,2343,Bread_201,Bakery,2024-03-22,51.19,2024-03-23,51.19,0.0
P1-2343-0323,2343,Bread_201,Bakery,2024-03-23,61.84,2024-03-24,61.84,0.0
P1-2343-0324,2343,Bread_201,Bakery,2024-03-24,41.58,2024-03-25,41.58,0.0
P1-2343-0325,2343,Bread_201,Bakery,2024-03-25,43.56,2024-03-26,43.56,0.0
P1-2343-0326,2343,Bread_201,Bakery,2024-03-26,59.18,2024-03-27,59.18,0.0
P1-2343-0327,2343,Bread_201,Bakery,2024-03-27,43.4,2024-03-28,43.4,0.0
P1-2343-0328,2343,Bread_201,Bakery,2024-03-28,60.52,2024-03-29,60.52,0.0
P1-2343-0329,2343,Bread_201,Bakery,2024-03-29,84.43,2024-03-30,66.46,17.97
P1-2343-0330,2343,Bread_201,Bakery,2024-03-30,10.22,2024-03-31,10.22,0.0
P1-2343-0331,2343,Bread_201,Bakery,2024-03-31,61.43,2024-04-01,61.43,0.0
P1-2343-0401,2343,Bread_201,Bakery,2024-04-01,46.72,2024-04-02,46.72,0.0
P1-2343-0402,2343,Bread_201,Bakery,2024-04-02,54.7,2024-04-03,54.7,0.0
P1-2343-0403,2343,Bread_201,Bakery,2024-04-03,88.35,2024-04-04,88.35,0.0
P1-2343-0404,2343,Bread_201,Bakery,2024-04-04,41.32,2024-04-05,41.32,0.0
P1-2343-0405,2343,Bread_201,Bakery,2024-04-05,31.29,2024-04-06,31.29,0.0
P1-2343-0406,2343,Bread_201,Bakery,2024-04-06,42.98,2024-04-07,42.98,0.0
P1-2343-0407,2343,Bread_201,Bakery,2024-04-07,56.32,2024-04-08,56.32,0.0
P1-2343-0408,2343,Bread_201,Bakery,2024-04-08,67.4,2024-04-09,67.4,0.0
P1-2343-0409,2343,Bread_201,Bakery,2024-04-09,45.65,2024-04-10,45.65,0.0
P1-2343-0410,2343,Bread_201,Bakery,2024-04-10,43.8,2024-04-11,43.8,0.0
P1-2343-0411,2343,Bread_201,Bakery,2024-04-11,57.01,2024-04-12,57.01,0.0
P1-2343-0412,2343,Bread_201,Bakery,2024-04-12,53.17,2024-04-13,53.17,0.0
P1-2343-0413,2343,Bread_201,Bakery,2024-04-13,34.84,2024-04-14,34.84,0.0
P1-2343-0414,2343,Bread_201,Bakery,2024-04-14,62.42,2024-04-15,62.42,0.0
P1-2343-0415,2343,Bread_201,Bakery,2024-04-15,44.65,2024-04-16,44.65,0.0
P1-2343-0416,2343,Bread_201,Bakery,2024-04-16,55.0,2024-04-17,55.0,0.0
P1-2343-0417,2343,Bread_201,Bakery,2024-04-17,65.33,2024-04-18,65.33,0.0
P1-2343-0418,2343,Bread_201,Bakery,2024-04-18,33.3,2024-04-19,33.3,0.0
P1-2343-0419,2343,Bread_201,Bakery,2024-04-19,60.17,2024-04-20,60.17,0.0
P1-2343-0420,2343,Bread_201,Bakery,2024-04-20,68.11,2024-04-21,68.11,0.0
P1-2343-0421,2343,Bread_201,Bakery,2024-04-21,58.11,2024-04-22,58.11,0.0
P1-2343-0422,2343,Bread_201,Bakery,2024-04-22,82.69,2024-04-23,82.69,0.0
P1-2343-0423,2343,Bread_201,Bakery,2024-04-23,43.42,2024-04-24,43.42,0.0
P1-2343-0424,2343,Bread_201,Bakery,2024-04-24,22.61,2024-04-25,22.61,0.0
P1-2343-0425,2343,Bread_201,Bakery,2024-04-25,69.66,2024-04-26,62.85,6.81
P1-2343-0426,2343,Bread_201,Bakery,2024-04-26,33.22,2024-04-27,33.22,0.0
P1-2343-0427,2343,Bread_201,Bakery,2024-04-27,55.52,2024-04-28,55.52,0.0
P1-2343-0428,2343,Bread_201,Bakery,2024-04-28,23.4,2024-04-29,23.4,0.0
P1-2343-0429,2343,Bread_201,Bakery,2024-04-29,55.15,2024-04-30,55.15,0.0
P1-2343-0430,2343,Bread_201,Bakery,2024-04-30,26.17,2024-05-01,26.17,0.0
P1-2343-0501,2343,Bread_201,Bakery,2024-05-01,53.6,2024-05-02,53.6,0.0
P1-2343-0502,2343,Bread_201,Bakery,2024-05-02,36.76,2024-05-03,36.76,0.0
P1-2343-0503,2343,Bread_201,Bakery,2024-05-03,66.44,2024-05-04,66.44,0.0
P1-2343-0504,2343,Bread_201,Bakery,2024-05-04,57.55,2024-05-05,57.55,0.0
P1-2343-0505,2343,Bread_201,Bakery,2024-05-05,55.65,2024-05-06,55.65,0.0
P1-2343-0506,2343,Bread_201,Bakery,2024-05-06,57.7,2024-05-07,57.7,0.0
P1-2343-0507,2343,Bread_201,Bakery,2024-05-07,70.14,2024-05-08,70.14,0.0
P1-2343-0508,2343,Bread_201,Bakery,2024-05-08,80.15,2024-05-09,80.15,0.0
P1-2343-0509,2343,Bread_201,Bakery,2024-05-09,61.32,2024-05-10,61.32,0.0
P1-2343-0510,2343,Bread_201,Bakery,2024-05-10,83.98,2024-05-11,76.7,7.29
P1-2343-0511,2343,Bread_201,Bakery,2024-05-11,12.93,2024-05-12,12.93,0.0
P1-2343-0512,2343,Bread_201,Bakery,2024-05-12,64.92,2024-05-13,64.92,0.0
P1-2343-0513,2343,Bread_201,Bakery,2024-05-13,60.51,2024-05-14,60.51,0.0
P1-2343-0514,2343,Bread_201,Bakery,2024-05-14,94.48,2024-05-15,66.63,27.84
P1-2343-0515,2343,Bread_201,Bakery,2024-05-15,29.11,2024-05-16,29.11,0.0
P1-2343-0516,2343,Bread_201,Bakery,2024-05-16,24.99,2024-05-17,24.99,0.0
P1-2343-0517,2343,Bread_201,Bakery,2024-05-17,50.45,2024-05-18,50.45,0.0
P1-2343-0518,2343,Bread_201,Bakery,2024-05-18,59.69,2024-05-19,59.69,0.0
P1-2343-0519,2343,Bread_201,Bakery,2024-05-19,64.84,2024-05-20,64.84,0.0
P1-2343-0520,2343,Bread_201,Bakery,2024-05-20,40.89,2024-05-21,40.89,0.0
P1-2343-0521,2343,Bread_201,Bakery,2024-05-21,51.18,2024-05-22,51.18,0.0
P1-2343-0522,2343,Bread_201,Bakery,2024-05-22,40.4,2024-05-23,40.4,0.0
P1-2343-0523,2343,Bread_201,Bakery,2024-05-23,24.95,2024-05-24,24.95,0.0
P1-2343-0524,2343,Bread_201,Bakery,2024-05-24,75.39,2024-05-25,75.39,0.0
P1-2343-0525,2343,Bread_201,Bakery,2024-05-25,36.29,2024-05-26,36.29,0.0
P1-2343-0526,2343,Bread_201,Bakery,2024-05-26,40.96,2024-05-27,40.96,0.0
P1-2343-0527,2343,Bread_201,Bakery,2024-05-27,89.46,2024-05-28,86.25,3.21
P1-2343-0528,2343,Bread_201,Bakery,2024-05-28,21.57,2024-05-29,21.57,0.0
P1-2343-0529,2343,Bread_201,Bakery,2024-05-29,20.61,2024-05-30,20.61,0.0
P1-2343-0530,2343,Bread_201,Bakery,2024-05-30,65.54,2024-05-31,65.54,0.0
P1-2343-0531,2343,Bread_201,Bakery,2024-05-31,56.75,2024-06-01,56.75,0.0
P1-2343-0601,2343,Bread_201,Bakery,2024-06-01,48.08,2024-06-02,48.08,0.0
P1-2343-0602,2343,Bread_201,Bakery,2024-06-02,93.18,2024-06-03,56.72,
P1-2349-0301,2349,Roll_53,Bakery,2024-03-01,48.11,2024-03-02,48.11,0.0
P1-2349-0302,2349,Roll_53,Bakery,2024-03-02,48.11,2024-03-03,48.11,0.0
P1-2349-0303,2349,Roll_53,Bakery,2024-03-03,64.57,2024-03-04,64.57,0.0
P1-2349-0304,2349,Roll_53,Bakery,2024-03-04,65.38,2024-03-05,65.38,0.0
P1-2349-0305,2349,Roll_53,Bakery,2024-03-05,34.47,2024-03-06,34.47,0.0
P1-2349-0306,2349,Roll_53,Bakery,2024-03-06,55.95,2024-03-07,55.95,0.0
P1-2349-0307,2349,Roll_53,Bakery,2024-03-07,32.79,2024-03-08,32.79,0.0
P1-2349-0308,2349,Roll_53,Bakery,2024-03-08,37.76,2024-03-09,37.76,0.0
P1-2349-0309,2349,Roll_53,Bakery,2024-03-09,56.89,2024-03-10,56.89,0.0
P1-2349-0310,2349,Roll_53,Bakery,2024-03-10,70.71,2024-03-11,70.71,0.0
P1-2349-0311,2349,Roll_53,Bakery,2024-03-11,11.02,2024-03-12,11.02,0.0
P1-2349-0312,2349,Roll_53,Bakery,2024-03-12,70.41,2024-03-13,70.41,0.0
P1-2349-0313,2349,Roll_53,Bakery,2024-03-13,61.65,2024-03-14,61.65,0.0
P1-2349-0314,2349,Roll_53,Bakery,2024-03-14,52.74,2024-03-15,52.74,0.0
P1-2349-0315,2349,Roll_53,Bakery,2024-03-15,69.05,2024-03-16,69.05,0.0
P1-2349-0316,2349,Roll_53,Bakery,2024-03-16,51.49,2024-03-17,51.37,0.12
P1-2349-0317,2349,Roll_53,Bakery,2024-03-17,44.77,2024-03-18,44.77,0.0
P1-2349-0318,2349,Roll_53,Bakery,2024-03-18,29.77,2024-03-19,29.77,0.0
P1-2349-0319,2349,Roll_53,Bakery,2024-03-19,71.56,2024-03-20,55.55,16.01
P1-2349-0320,2349,Roll_53,Bakery,2024-03-20,41.55,2024-03-21,41.55,0.0
P1-2349-0321,2349,Roll_53,Bakery,2024-03-21,30.39,2024-03-22,30.39,0.0
P1-2349-0322,2349,Roll_53,Bakery,2024-03-22,79.79,2024-03-23,79.79,0.0
P1-2349-0323,2349,Roll_53,Bakery,2024-03-23,10.1,2024-03-24,10.1,0.0
P1-2349-0324,2349,Roll_53,Bakery,2024-03-24,53.36,2024-03-25,53.36,0.0
P1-2349-0325,2349,Roll_53,Bakery,2024-03-25,76.85,2024-03-26,76.85,0.0
P1-2349-0326,2349,Roll_53,Bakery,2024-03-26,10.16,2024-03-27,10.16,0.0
P1-2349-0327,2349,Roll_53,Bakery,2024-03-27,66.03,2024-03-28,66.03,0.0
P1-2349-0328,2349,Roll_53,Bakery,2024-03-28,79.2,2024-03-29,79.2,0.0
P1-2349-0329,2349,Roll_53,Bakery,2024-03-29,56.85,2024-03-30,56.85,0.0
P1-2349-0330,2349,Roll_53,Bakery,2024-03-30,77.01,2024-03-31,44.97,32.04
P1-2349-0331,2349,Roll_53,Bakery,2024-03-31,16.2,2024-04-01,16.2,0.0
P1-2349-0401,2349,Roll_53,Bakery,2024-04-01,47.69,2024-04-02,47.69,0.0
P1-2349-0402,2349,Roll_53,Bakery,2024-04-02,52.37,2024-04-03,52.37,0.0
P1-2349-0403,2349,Roll_53,Bakery,2024-04-03,57.29,2024-04-04,57.29,0.0
P1-2349-0404,2349,Roll_53,Bakery,2024-04-04,45.06,2024-04-05,45.06,0.0
P1-2349-0405,2349,Roll_53,Bakery,2024-04-05,68.18,2024-04-06,68.18,0.0
P1-2349-0406,2349,Roll_53,Bakery,2024-04-06,18.44,2024-04-07,18.44,0.0
P1-2349-0407,2349,Roll_53,Bakery,2024-04-07,50.21,2024-04-08,50.21,0.0
P1-2349-0408,2349,Roll_53,Bakery,2024-04-08,59.15,2024-04-09,59.15,0.0
P1-2349-0409,2349,Roll_53,Bakery,2024-04-09,46.85,2024-04-10,46.85,0.0
P1-2349-0410,2349,Roll_53,Bakery,2024-04-10,47.14,2024-04-11,47.14,0.0
P1-2349-0411,2349,Roll_53,Bakery,2024-04-11,65.59,2024-04-12,65.59,0.0
P1-2349-0412,2349,Roll_53,Bakery,2024-04-12,53.95,2024-04-13,53.95,0.0
P1-2349-0413,2349,Roll_53,Bakery,2024-04-13,4.16,2024-04-14,4.16,0.0
P1-2349-0414,2349,Roll_53,Bakery,2024-04-14,68.01,2024-04-15,68.01,0.0
P1-2349-0415,2349,Roll_53,Bakery,2024-04-15,36.87,2024-04-16,36.87,0.0
P1-2349-0416,2349,Roll_53,Bakery,2024-04-16,52.44,2024-04-17,52.44,0.0
P1-2349-0417,2349,Roll_53,Bakery,2024-04-17,56.35,2024-04-18,56.35,0.0
P1-2349-0418,2349,Roll_53,Bakery,2024-04-18,51.47,2024-04-19,51.47,0.0
P1-2349-0419,2349,Roll_53,Bakery,2024-04-19,59.62,2024-04-20,59.62,0.0
P1-2349-0420,2349,Roll_53,Bakery,2024-04-20,44.41,2024-04-21,44.41,0.0
P1-2349-0421,2349,Roll_53,Bakery,2024-04-21,45.8,2024-04-22,45.8,0.0
P1-2349-0422,2349,Roll_53,Bakery,2024-04-22,65.81,2024-04-23,65.81,0.0
P1-2349-0423,2349,Roll_53,Bakery,2024-04-23,57.57,2024-04-24,43.54,14.03
P1-2349-0424,2349,Roll_53,Bakery,2024-04-24,35.8,2024-04-25,35.8,0.0
P1-2349-0425,2349,Roll_53,Bakery,2024-04-25,42.61,2024-04-26,42.61,0.0
P1-2349-0426,2349,Roll_53,Bakery,2024-04-26,38.52,2024-04-27,38.52,0.0
P1-2349-0427,2349,Roll_53,Bakery,2024-04-27,39.31,2024-04-28,39.31,0.0
P1-2349-0428,2349,Roll_53,Bakery,2024-04-28,88.7,2024-04-29,88.7,0.0
P1-2349-0429,2349,Roll_53,Bakery,2024-04-29,28.37,2024-04-30,28.37,0.0
P1-2349-0430,2349,Roll_53,Bakery,2024-04-30,41.3,2024-05-01,41.3,0.0
P1-2349-0501,2349,Roll_53,Bakery,2024-05-01,43.17,2024-05-02,43.17,0.0
P1-2349-0502,2349,Roll_53,Bakery,2024-05-02,58.64,2024-05-03,58.64,0.0
P1-2349-0503,2349,Roll_53,Bakery,2024-05-03,76.78,2024-05-04,72.73,4.05
P1-2349-0504,2349,Roll_53,Bakery,2024-05-04,20.69,2024-05-05,20.69,0.0
P1-2349-0505,2349,Roll_53,Bakery,2024-05-05,49.28,2024-05-06,49.28,0.0
P1-2349-0506,2349,Roll_53,Bakery,2024-05-06,56.7,2024-05-07,56.7,0.0
P1-2349-0507,2349,Roll_53,Bakery,2024-05-07,49.28,2024-05-08,49.28,0.0
P1-2349-0508,2349,Roll_53,Bakery,2024-05-08,69.32,2024-05-09,69.32,0.0
P1-2349-0509,2349,Roll_53,Bakery,2024-05-09,62.19,2024-05-10,62.19,0.0
P1-2349-0510,2349,Roll_53,Bakery,2024-05-10,87.4,2024-05-11,87.4,0.0
P1-2349-0511,2349,Roll_53,Bakery,2024-05-11,54.65,2024-05-12,54.65,0.0
P1-2349-0512,2349,Roll_53,Bakery,2024-05-12,74.88,2024-05-13,74.88,0.0
P1-2349-0513,2349,Roll_53,Bakery,2024-05-13,38.64,2024-05-14,38.64,0.0
P1-2349-0514,2349,Roll_53,Bakery,2024-05-14,67.74,2024-05-15,67.74,0.0
P1-2349-0515,2349,Roll_53,Bakery,2024-05-15,26.8,2024-05-16,26.8,0.0
P1-2349-0516,2349,Roll_53,Bakery,2024-05-16,99.05,2024-05-17,70.2,28.84
P1-2349-0517,2349,Roll_53,Bakery,2024-05-17,26.77,2024-05-18,26.77,0.0
P1-2349-0518,2349,Roll_53,Bakery,2024-05-18,30.38,2024-05-19,30.38,0.0
P1-2349-0519,2349,Roll_53,Bakery,2024-05-19,62.43,2024-05-20,62.43,0.0
P1-2349-0520,2349,Roll_53,Bakery,2024-05-20,48.4,2024-05-21,48.4,0.0
P1-2349-0521,2349,Roll_53,Bakery,2024-05-21,55.92,2024-05-22,55.92,0.0
P1-2349-0522,2349,Roll_53,Bakery,2024-05-22,64.39,2024-05-23,64.39,0.0
P1-2349-0523,2349,Roll_53,Bakery,2024-05-23,32.96,2024-05-24,32.96,0.0
P1-2349-0524,2349,Roll_53,Bakery,2024-05-24,65.52,2024-05-25,65.52,0.0
P1-2349-0525,2349,Roll_53,Bakery,2024-05-25,51.08,2024-05-26,51.08,0.0
P1-2349-0526,2349,Roll_53,Bakery,2024-05-26,51.46,2024-05-27,51.46,0.0
P1-2349-0527,2349,Roll_53,Bakery,2024-05-27,73.72,2024-05-28,73.72,0.0
P1-2349-0528,2349,Roll_53,Bakery,2024-05-28,37.2,2024-05-29,37.2,0.0
P1-2349-0529,2349,Roll_53,Bakery,2024-05-29,43.01,2024-05-30,43.01,0.0
P1-2349-0530,2349,Roll_53,Bakery,2024-05-30,48.57,2024-05-31,48.57,0.0
P1-2349-0531,2349,Roll_53,Bakery,2024-05-31,46.73,2024-06-01,46.73,0.0
P1-2349-0601,2349,Roll_53,Bakery,2024-06-01,79.14,2024-06-02,78.61,
P1-2349-0602,2349,Roll_53,Bakery,2024-06-02,31.18,2024-06-03,0.0,
P1-2365-0301,2365,Croissant_34,Bakery,2024-03-01,39.63,2024-03-02,39.63,0.0
P1-2365-0302,2365,Croissant_34,Bakery,2024-03-02,42.45,2024-03-03,42.45,0.0
P1-2365-0303,2365,Croissant_34,Bakery,2024-03-03,48.15,2024-03-04,48.15,0.0
P1-2365-0304,2365,Croissant_34,Bakery,2024-03-04,45.19,2024-03-05,19.54,25.65
P1-2365-0305,2365,Croissant_34,Bakery,2024-03-05,29.24,2024-03-06,17.78,11.46
P1-2365-0306,2365,Croissant_34,Bakery,2024-03-06,35.37,2024-03-07,5.22,30.15
P1-2365-0307,2365,Croissant_34,Bakery,2024-03-07,27.49,2024-03-08,18.94,8.55
P1-2365-0308,2365,Croissant_34,Bakery,2024-03-08,36.03,2024-03-09,7.07,28.96
P1-2365-0309,2365,Croissant_34,Bakery,2024-03-09,28.82,2024-03-10,10.6,18.22
P1-2365-0310,2365,Croissant_34,Bakery,2024-03-10,39.18,2024-03-11,19.43,19.75
P1-2365-0312,2365,Croissant_34,Bakery,2024-03-12,17.62,2024-03-13,17.62,0.0
P1-2365-0313,2365,Croissant_34,Bakery,2024-03-13,29.98,2024-03-14,29.98,0.0
P1-2365-0314,2365,Croissant_34,Bakery,2024-03-14,16.21,2024-03-15,16.21,0.0
P1-2365-0315,2365,Croissant_34,Bakery,2024-03-15,21.6,2024-03-16,21.6,0.0
P1-2365-0316,2365,Croissant_34,Bakery,2024-03-16,12.77,2024-03-17,12.77,0.0
P1-2365-0317,2365,Croissant_34,Bakery,2024-03-17,20.13,2024-03-18,20.13,0.0
P1-2365-0318,2365,Croissant_34,Bakery,2024-03-18,25.48,2024-03-19,25.48,0.0
P1-2365-0319,2365,Croissant_34,Bakery,2024-03-19,25.29,2024-03-20,25.29,0.0
P1-2365-0320,2365,Croissant_34,Bakery,2024-03-20,26.99,2024-03-21,19.0,7.99
P1-2365-0322,2365,Croissant_34,Bakery,2024-03-22,70.76,2024-03-23,70.76,0.0
P1-2365-0323,2365,Croissant_34,Bakery,2024-03-23,50.48,2024-03-24,40.44,10.04
P1-2365-0324,2365,Croissant_34,Bakery,2024-03-24,17.63,2024-03-25,10.53,7.1
P1-2365-0325,2365,Croissant_34,Bakery,2024-03-25,34.74,2024-03-26,15.71,19.03
P1-2365-0326,2365,Croissant_34,Bakery,2024-03-26,6.5,2024-03-27,3.42,3.08
P1-2365-0327,2365,Croissant_34,Bakery,2024-03-27,38.05,2024-03-28,38.05,0.0
P1-2365-0328,2365,Croissant_34,Bakery,2024-03-28,16.38,2024-03-29,16.38,0.0
P1-2365-0329,2365,Croissant_34,Bakery,2024-03-29,102.76,2024-03-30,16.1,86.66
P1-2365-0331,2365,Croissant_34,Bakery,2024-03-31,37.91,2024-04-01,10.69,27.22
P1-2365-0401,2365,Croissant_34,Bakery,2024-04-01,0.83,2024-04-02,0.83,0.0
P1-2365-0402,2365,Croissant_34,Bakery,2024-04-02,38.14,2024-04-03,23.88,14.27
P1-2365-0403,2365,Croissant_34,Bakery,2024-04-03,5.38,2024-04-04,5.38,0.0
P1-2365-0404,2365,Croissant_34,Bakery,2024-04-04,71.95,2024-04-05,23.9,48.05
P1-2365-0406,2365,Croissant_34,Bakery,2024-04-06,21.37,2024-04-07,21.37,0.0
P1-2365-0407,2365,Croissant_34,Bakery,2024-04-07,14.12,2024-04-08,14.12,0.0
P1-2365-0408,2365,Croissant_34,Bakery,2024-04-08,8.84,2024-04-09,8.84,0.0
P1-2365-0409,2365,Croissant_34,Bakery,2024-04-09,28.43,2024-04-10,28.43,0.0
P1-2365-0410,2365,Croissant_34,Bakery,2024-04-10,11.81,2024-04-11,11.81,0.0
P1-2365-0411,2365,Croissant_34,Bakery,2024-04-11,26.58,2024-04-12,26.58,0.0
P1-2365-0412,2365,Croissant_34,Bakery,2024-04-12,25.52,2024-04-13,9.81,15.71
P1-2365-0413,2365,Croissant_34,Bakery,2024-04-13,19.67,2024-04-14,19.46,0.21
P1-2365-0415,2365,Croissant_34,Bakery,2024-04-15,71.63,2024-04-16,71.63,0.0
P1-2365-0416,2365,Croissant_34,Bakery,2024-04-16,59.79,2024-04-17,59.79,0.0
P1-2365-0417,2365,Croissant_34,Bakery,2024-04-17,69.21,2024-04-18,69.21,0.0
P1-2365-0418,2365,Croissant_34,Bakery,2024-04-18,45.61,2024-04-19,45.61,0.0
P1-2365-0419,2365,Croissant_34,Bakery,2024-04-19,49.07,2024-04-20,49.07,0.0
P1-2365-0420,2365,Croissant_34,Bakery,2024-04-20,76.45,2024-04-21,76.45,0.0
P1-2365-0421,2365,Croissant_34,Bakery,2024-04-21,56.35,2024-04-22,56.35,0.0
P1-2365-0422,2365,Croissant_34,Bakery,2024-04-22,86.5,2024-04-23,21.13,65.37
P1-2365-0423,2365,Croissant_34,Bakery,2024-04-23,11.13,2024-04-24,11.13,0.0
P1-2365-0424,2365,Croissant_34,Bakery,2024-04-24,84.04,2024-04-25,59.03,25.01
P1-2365-0425,2365,Croissant_34,Bakery,2024-04-25,34.92,2024-04-26,17.19,17.73
P1-2365-0426,2365,Croissant_34,Bakery,2024-04-26,46.05,2024-04-27,14.38,31.67
P1-2365-0427,2365,Croissant_34,Bakery,2024-04-27,68.97,2024-04-28,17.66,51.31
P1-2365-0428,2365,Croissant_34,Bakery,2024-04-28,11.25,2024-04-29,11.25,0.0
P1-2365-0429,2365,Croissant_34,Bakery,2024-04-29,35.78,2024-04-30,35.78,0.0
P1-2365-0430,2365,Croissant_34,Bakery,2024-04-30,30.39,2024-05-01,19.2,11.19
P1-2365-0501,2365,Croissant_34,Bakery,2024-05-01,51.76,2024-05-02,1.75,50.01
P1-2365-0503,2365,Croissant_34,Bakery,2024-05-03,36.2,2024-05-04,31.49,4.71
P1-2365-0504,2365,Croissant_34,Bakery,2024-05-04,12.69,2024-05-05,10.62,2.07
P1-2365-0505,2365,Croissant_34,Bakery,2024-05-05,23.96,2024-05-06,19.16,4.8
P1-2365-0506,2365,Croissant_34,Bakery,2024-05-06,42.27,2024-05-07,10.14,32.13
P1-2365-0508,2365,Croissant_34,Bakery,2024-05-08,13.94,2024-05-09,13.94,0.0
P1-2365-0509,2365,Croissant_34,Bakery,2024-05-09,12.22,2024-05-10,12.22,0.0
P1-2365-0510,2365,Croissant_34,Bakery,2024-05-10,19.62,2024-05-11,19.62,0.0
P1-2365-0511,2365,Croissant_34,Bakery,2024-05-11,18.03,2024-05-12,18.03,0.0
P1-2365-0512,2365,Croissant_34,Bakery,2024-05-12,2.7,2024-05-13,2.7,0.0
P1-2365-0513,2365,Croissant_34,Bakery,2024-05-13,60.74,2024-05-14,60.74,0.0
P1-2365-0514,2365,Croissant_34,Bakery,2024-05-14,34.79,2024-05-15,34.79,0.0
P1-2365-0515,2365,Croissant_34,Bakery,2024-05-15,26.12,2024-05-16,26.12,0.0
P1-2365-0516,2365,Croissant_34,Bakery,2024-05-16,19.17,2024-05-17,19.17,0.0
P1-2365-0517,2365,Croissant_34,Bakery,2024-05-17,42.71,2024-05-18,20.93,21.78
P1-2365-0519,2365,Croissant_34,Bakery,2024-05-19,39.8,2024-05-20,39.8,0.0
P1-2365-0520,2365,Croissant_34,Bakery,2024-05-20,56.74,2024-05-21,18.19,38.55
P1-2365-0522,2365,Croissant_34,Bakery,2024-05-22,33.76,2024-05-23,33.76,0.0
P1-2365-0523,2365,Croissant_34,Bakery,2024-05-23,55.43,2024-05-24,39.26,16.16
P1-2365-0525,2365,Croissant_34,Bakery,2024-05-25,28.11,2024-05-26,19.53,8.58
P1-2365-0527,2365,Croissant_34,Bakery,2024-05-27,56.98,2024-05-28,35.2,21.78
P1-2365-0529,2365,Croissant_34,Bakery,2024-05-29,41.97,2024-05-30,19.11,22.86
P1-2365-0531,2365,Croissant_34,Bakery,2024-05-31,47.8,2024-06-01,36.42,11.38
P1-2365-0602,2365,Croissant_34,Bakery,2024-06-02,31.09,2024-06-03,7.09,
P1-2366-0301,2366,Chicken_92,Meat and fish,2024-03-01,49.21,2024-03-04,49.21,0.0
P1-2366-0302,2366,Chicken_92,Meat and fish,2024-03-02,49.21,2024-03-05,49.21,0.0
P1-2366-0303,2366,Chicken_92,Meat and fish,2024-03-03,47.27,2024-03-06,47.27,0.0
P1-2366-0304,2366,Chicken_92,Meat and fish,2024-03-04,32.74,2024-03-07,32.74,0.0
P1-2366-0305,2366,Chicken_92,Meat and fish,2024-03-05,36.86,2024-03-08,36.86,0.0
P1-2366-0306,2366,Chicken_92,Meat and fish,2024-03-06,23.2,2024-03-09,23.2,0.0
P1-2366-0307,2366,Chicken_92,Meat and fish,2024-03-07,22.28,2024-03-10,22.28,0.0
P1-2366-0308,2366,Chicken_92,Meat and fish,2024-03-08,28.53,2024-03-11,28.53,0.0
P1-2366-0309,2366,Chicken_92,Meat and fish,2024-03-09,39.92,2024-03-12,39.92,0.0
P1-2366-0310,2366,Chicken_92,Meat and fish,2024-03-10,40.13,2024-03-13,40.13,0.0
P1-2366-0311,2366,Chicken_92,Meat and fish,2024-03-11,31.37,2024-03-14,31.37,0.0
P1-2366-0312,2366,Chicken_92,Meat and fish,2024-03-12,8.51,2024-03-15,8.51,0.0
P1-2366-0313,2366,Chicken_92,Meat and fish,2024-03-13,26.49,2024-03-16,26.49,0.0
P1-2366-0314,2366,Chicken_92,Meat and fish,2024-03-14,47.99,2024-03-17,47.99,0.0
P1-2366-0315,2366,Chicken_92,Meat and fish,2024-03-15,75.52,2024-03-18,75.52,0.0
P1-2366-0316,2366,Chicken_92,Meat and fish,2024-03-16,27.87,2024-03-19,27.87,0.0
P1-2366-0317,2366,Chicken_92,Meat and fish,2024-03-17,34.59,2024-03-20,34.59,0.0
P1-2366-0318,2366,Chicken_92,Meat and fish,2024-03-18,47.0,2024-03-21,47.0,0.0
P1-2366-0319,2366,Chicken_92,Meat and fish,2024-03-19,18.52,2024-03-22,18.52,0.0
P1-2366-0320,2366,Chicken_92,Meat and fish,2024-03-20,59.19,2024-03-23,59.19,0.0
P1-2366-0321,2366,Chicken_92,Meat and fish,2024-03-21,33.89,2024-03-24,33.89,0.0
P1-2366-0322,2366,Chicken_92,Meat and fish,2024-03-22,51.65,2024-03-25,51.65,0.0
P1-2366-0323,2366,Chicken_92,Meat and fish,2024-03-23,25.89,2024-03-26,25.89,0.0
P1-2366-0324,2366,Chicken_92,Meat and fish,2024-03-24,63.41,2024-03-27,63.41,0.0
P1-2366-0325,2366,Chicken_92,Meat and fish,2024-03-25,23.77,2024-03-28,23.77,0.0
P1-2366-0326,2366,Chicken_92,Meat and fish,2024-03-26,37.54,2024-03-29,37.54,0.0
P1-2366-0327,2366,Chicken_92,Meat and fish,2024-03-27,63.9,2024-03-30,63.9,0.0
P1-2366-0328,2366,Chicken_92,Meat and fish,2024-03-28,63.0,2024-03-31,63.0,0.0
P1-2366-0329,2366,Chicken_92,Meat and fish,2024-03-29,59.75,2024-04-01,59.75,0.0
P1-2366-0330,2366,Chicken_92,Meat and fish,2024-03-30,53.96,2024-04-02,53.96,0.0
P1-2366-0331,2366,Chicken_92,Meat and fish,2024-03-31,46.36,2024-04-03,46.36,0.0
P1-2366-0401,2366,Chicken_92,Meat and fish,2024-04-01,12.8,2024-04-04,12.8,0.0
P1-2366-0402,2366,Chicken_92,Meat and fish,2024-04-02,67.18,2024-04-05,67.18,0.0
P1-2366-0403,2366,Chicken_92,Meat and fish,2024-04-03,46.21,2024-04-06,46.21,0.0
P1-2366-0404,2366,Chicken_92,Meat and fish,2024-04-04,33.63,2024-04-07,33.63,0.0
P1-2366-0405,2366,Chicken_92,Meat and fish,2024-04-05,29.42,2024-04-08,29.42,0.0
P1-2366-0406,2366,Chicken_92,Meat and fish,2024-04-06,71.0,2024-04-09,71.0,0.0
P1-2366-0407,2366,Chicken_92,Meat and fish,2024-04-07,46.58,2024-04-10,46.58,0.0
P1-2366-0408,2366,Chicken_92,Meat and fish,2024-04-08,74.83,2024-04-11,74.83,0.0
P1-2366-0409,2366,Chicken_92,Meat and fish,2024-04-09,5.91,2024-04-12,5.91,0.0
P1-2366-0410,2366,Chicken_92,Meat and fish,2024-04-10,54.94,2024-04-13,54.94,0.0
P1-2366-0411,2366,Chicken_92,Meat and fish,2024-04-11,51.65,2024-04-14,51.65,0.0
P1-2366-0412,2366,Chicken_92,Meat and fish,2024-04-12,76.09,2024-04-15,76.09,0.0
P1-2366-0413,2366,Chicken_92,Meat and fish,2024-04-13,49.29,2024-04-16,49.29,0.0
P1-2366-0414,2366,Chicken_92,Meat and fish,2024-04-14,28.7,2024-04-17,28.7,0.0
P1-2366-0415,2366,Chicken_92,Meat and fish,2024-04-15,43.96,2024-04-18,43.96,0.0
P1-2366-0416,2366,Chicken_92,Meat and fish,2024-04-16,43.47,2024-04-19,43.47,0.0
P1-2366-0417,2366,Chicken_92,Meat and fish,2024-04-17,44.81,2024-04-20,44.81,0.0
P1-2366-0418,2366,Chicken_92,Meat and fish,2024-04-18,34.56,2024-04-21,34.56,0.0
P1-2366-0419,2366,Chicken_92,Meat and fish,2024-04-19,48.63,2024-04-22,48.63,0.0
P1-2366-0420,2366,Chicken_92,Meat and fish,2024-04-20,50.01,2024-04-23,50.01,0.0
P1-2366-0421,2366,Chicken_92,Meat and fish,2024-04-21,37.24,2024-04-24,37.24,0.0
P1-2366-0422,2366,Chicken_92,Meat and fish,2024-04-22,2.58,2024-04-25,2.58,0.0
P1-2366-0423,2366,Chicken_92,Meat and fish,2024-04-23,38.42,2024-04-26,38.42,0.0
P1-2366-0424,2366,Chicken_92,Meat and fish,2024-04-24,42.75,2024-04-27,42.75,0.0
P1-2366-0425,2366,Chicken_92,Meat and fish,2024-04-25,46.35,2024-04-28,46.35,0.0
P1-2366-0426,2366,Chicken_92,Meat and fish,2024-04-26,68.82,2024-04-29,68.82,0.0
P1-2366-0427,2366,Chicken_92,Meat and fish,2024-04-27,58.26,2024-04-30,58.26,0.0
P1-2366-0428,2366,Chicken_92,Meat and fish,2024-04-28,22.86,2024-05-01,22.86,0.0
P1-2366-0429,2366,Chicken_92,Meat and fish,2024-04-29,34.84,2024-05-02,34.84,0.0
P1-2366-0430,2366,Chicken_92,Meat and fish,2024-04-30,49.13,2024-05-03,49.13,0.0
P1-2366-0501,2366,Chicken_92,Meat and fish,2024-05-01,19.88,2024-05-04,19.88,0.0
P1-2366-0502,2366,Chicken_92,Meat and fish,2024-05-02,53.81,2024-05-05,53.81,0.0
P1-2366-0503,2366,Chicken_92,Meat and fish,2024-05-03,52.24,2024-05-06,52.24,0.0
P1-2366-0504,2366,Chicken_92,Meat and fish,2024-05-04,26.54,2024-05-07,26.54,0.0
P1-2366-0505,2366,Chicken_92,Meat and fish,2024-05-05,46.74,2024-05-08,46.74,0.0
P1-2366-0506,2366,Chicken_92,Meat and fish,2024-05-06,45.65,2024-05-09,45.65,0.0
P1-2366-0507,2366,Chicken_92,Meat and fish,2024-05-07,45.1,2024-05-10,45.1,0.0
P1-2366-0508,2366,Chicken_92,Meat and fish,2024-05-08,52.85,2024-05-11,52.85,0.0
P1-2366-0509,2366,Chicken_92,Meat and fish,2024-05-09,49.71,2024-05-12,49.71,0.0
P1-2366-0510,2366,Chicken_92,Meat and fish,2024-05-10,55.52,2024-05-13,55.52,0.0
P1-2366-0511,2366,Chicken_92,Meat and fish,2024-05-11,73.57,2024-05-14,73.57,0.0
P1-2366-0512,2366,Chicken_92,Meat and fish,2024-05-12,19.43,2024-05-15,19.43,0.0
P1-2366-0513,2366,Chicken_92,Meat and fish,2024-05-13,51.53,2024-05-16,51.53,0.0
P1-2366-0514,2366,Chicken_92,Meat and fish,2024-05-14,42.33,2024-05-17,42.33,0.0
P1-2366-0515,2366,Chicken_92,Meat and fish,2024-05-15,50.57,2024-05-18,50.57,0.0
P1-2366-0516,2366,Chicken_92,Meat and fish,2024-05-16,24.54,2024-05-19,24.54,0.0
P1-2366-0517,2366,Chicken_92,Meat and fish,2024-05-17,89.61,2024-05-20,89.61,0.0
P1-2366-0518,2366,Chicken_92,Meat and fish,2024-05-18,25.22,2024-05-21,25.22,0.0
P1-2366-0519,2366,Chicken_92,Meat and fish,2024-05-19,50.7,2024-05-22,50.7,0.0
P1-2366-0520,2366,Chicken_92,Meat and fish,2024-05-20,37.0,2024-05-23,37.0,0.0
P1-2366-0521,2366,Chicken_92,Meat and fish,2024-05-21,39.63,2024-05-24,39.63,0.0
P1-2366-0522,2366,Chicken_92,Meat and fish,2024-05-22,28.84,2024-05-25,28.84,0.0
P1-2366-0523,2366,Chicken_92,Meat and fish,2024-05-23,63.16,2024-05-26,63.16,0.0
P1-2366-0524,2366,Chicken_92,Meat and fish,2024-05-24,64.81,2024-05-27,64.81,0.0
P1-2366-0525,2366,Chicken_92,Meat and fish,2024-05-25,28.41,2024-05-28,28.41,0.0
P1-2366-0526,2366,Chicken_92,Meat and fish,2024-05-26,50.8,2024-05-29,50.8,0.0
P1-2366-0527,2366,Chicken_92,Meat and fish,2024-05-27,37.58,2024-05-30,37.58,0.0
P1-2366-0528,2366,Chicken_92,Meat and fish,2024-05-28,26.12,2024-05-31,26.12,0.0
P1-2366-0529,2366,Chicken_92,Meat and fish,2024-05-29,61.89,2024-06-01,61.89,0.0
P1-2366-0530,2366,Chicken_92,Meat and fish,2024-05-30,43.68,2024-06-02,43.68,0.0
P1-2366-0531,2366,Chicken_92,Meat and fish,2024-05-31,45.05,2024-06-03,45.05,0.0
P1-2366-0601,2366,Chicken_92,Meat and fish,2024-06-01,59.51,2024-06-04,59.51,0.0
P1-2366-0602,2366,Chicken_92,Meat and fish,2024-06-02,57.39,2024-06-05,57.39,0.0
P1-2368-0301,2368,Bread_203,Bakery,2024-03-01,35.22,2024-03-02,35.22,0.0
P1-2368-0302,2368,Bread_203,Bakery,2024-03-02,46.56,2024-03-03,46.56,0.0
P1-2368-0303,2368,Bread_203,Bakery,2024-03-03,49.44,2024-03-04,49.44,0.0
P1-2368-0304,2368,Bread_203,Bakery,2024-03-04,44.84,2024-03-05,44.84,0.0
P1-2368-0305,2368,Bread_203,Bakery,2024-03-05,35.37,2024-03-06,35.37,0.0
P1-2368-0306,2368,Bread_203,Bakery,2024-03-06,36.39,2024-03-07,36.39,0.0
P1-2368-0307,2368,Bread_203,Bakery,2024-03-07,38.81,2024-03-08,38.81,0.0
P1-2368-0308,2368,Bread_203,Bakery,2024-03-08,39.61,2024-03-09,39.61,0.0
P1-2368-0309,2368,Bread_203,Bakery,2024-03-09,61.45,2024-03-10,61.45,0.0
P1-2368-0310,2368,Bread_203,Bakery,2024-03-10,48.8,2024-03-11,48.8,0.0
P1-2368-0311,2368,Bread_203,Bakery,2024-03-11,37.22,2024-03-12,37.22,0.0
P1-2368-0312,2368,Bread_203,Bakery,2024-03-12,35.55,2024-03-13,35.55,0.0
P1-2368-0313,2368,Bread_203,Bakery,2024-03-13,33.4,2024-03-14,33.4,0.0
P1-2368-0314,2368,Bread_203,Bakery,2024-03-14,19.91,2024-03-15,19.91,0.0
P1-2368-0315,2368,Bread_203,Bakery,2024-03-15,72.29,2024-03-16,72.29,0.0
P1-2368-0316,2368,Bread_203,Bakery,2024-03-16,39.12,2024-03-17,39.12,0.0
P1-2368-0317,2368,Bread_203,Bakery,2024-03-17,55.45,2024-03-18,53.73,1.72
P1-2368-0318,2368,Bread_203,Bakery,2024-03-18,20.16,2024-03-19,20.16,0.0
P1-2368-0319,2368,Bread_203,Bakery,2024-03-19,23.76,2024-03-20,23.76,0.0
P1-2368-0320,2368,Bread_203,Bakery,2024-03-20,42.08,2024-03-21,42.08,0.0
P1-2368-0321,2368,Bread_203,Bakery,2024-03-21,30.31,2024-03-22,30.31,0.0
P1-2368-0322,2368,Bread_203,Bakery,2024-03-22,52.54,2024-03-23,52.54,0.0
P1-2368-0323,2368,Bread_203,Bakery,2024-03-23,50.16,2024-03-24,50.16,0.0
P1-2368-0324,2368,Bread_203,Bakery,2024-03-24,47.76,2024-03-25,47.76,0.0
P1-2368-0325,2368,Bread_203,Bakery,2024-03-25,54.2,2024-03-26,54.2,0.0
P1-2368-0326,2368,Bread_203,Bakery,2024-03-26,52.08,2024-03-27,52.08,0.0
P1-2368-0327,2368,Bread_203,Bakery,2024-03-27,38.66,2024-03-28,38.66,0.0
P1-2368-0328,2368,Bread_203,Bakery,2024-03-28,46.44,2024-03-29,46.44,0.0
P1-2368-0329,2368,Bread_203,Bakery,2024-03-29,57.38,2024-03-30,57.38,0.0
P1-2368-0330,2368,Bread_203,Bakery,2024-03-30,63.61,2024-03-31,63.61,0.0
P1-2368-0331,2368,Bread_203,Bakery,2024-03-31,61.57,2024-04-01,48.21,13.36
P1-2368-0401,2368,Bread_203,Bakery,2024-04-01,50.67,2024-04-02,41.32,9.35
P1-2368-0402,2368,Bread_203,Bakery,2024-04-02,19.72,2024-04-03,19.72,0.0
P1-2368-0403,2368,Bread_203,Bakery,2024-04-03,53.74,2024-04-04,35.36,18.38
P1-2368-0404,2368,Bread_203,Bakery,2024-04-04,19.18,2024-04-05,19.18,0.0
P1-2368-0405,2368,Bread_203,Bakery,2024-04-05,70.54,2024-04-06,58.82,11.72
P1-2368-0406,2368,Bread_203,Bakery,2024-04-06,34.47,2024-04-07,34.47,0.0
P1-2368-0407,2368,Bread_203,Bakery,2024-04-07,41.18,2024-04-08,30.76,10.42
P1-2368-0409,2368,Bread_203,Bakery,2024-04-09,49.43,2024-04-10,49.43,0.0
P1-2368-0410,2368,Bread_203,Bakery,2024-04-10,28.44,2024-04-11,28.44,0.0
P1-2368-0411,2368,Bread_203,Bakery,2024-04-11,36.91,2024-04-12,36.91,0.0
P1-2368-0412,2368,Bread_203,Bakery,2024-04-12,36.8,2024-04-13,36.8,0.0
P1-2368-0413,2368,Bread_203,Bakery,2024-04-13,42.08,2024-04-14,42.08,0.0
P1-2368-0414,2368,Bread_203,Bakery,2024-04-14,45.02,2024-04-15,45.02,0.0
P1-2368-0415,2368,Bread_203,Bakery,2024-04-15,29.98,2024-04-16,29.98,0.0
P1-2368-0416,2368,Bread_203,Bakery,2024-04-16,48.43,2024-04-17,48.43,0.0
P1-2368-0417,2368,Bread_203,Bakery,2024-04-17,36.11,2024-04-18,36.11,0.0
P1-2368-0418,2368,Bread_203,Bakery,2024-04-18,14.14,2024-04-19,14.14,0.0
P1-2368-0419,2368,Bread_203,Bakery,2024-04-19,55.16,2024-04-20,55.16,0.0
P1-2368-0420,2368,Bread_203,Bakery,2024-04-20,67.76,2024-04-21,64.97,2.79
P1-2368-0421,2368,Bread_203,Bakery,2024-04-21,30.22,2024-04-22,30.22,0.0
P1-2368-0422,2368,Bread_203,Bakery,2024-04-22,27.26,2024-04-23,27.26,0.0
P1-2368-0423,2368,Bread_203,Bakery,2024-04-23,41.3,2024-04-24,41.3,0.0
P1-2368-0424,2368,Bread_203,Bakery,2024-04-24,21.19,2024-04-25,21.19,0.0
P1-2368-0425,2368,Bread_203,Bakery,2024-04-25,50.36,2024-04-26,50.36,0.0
P1-2368-0426,2368,Bread_203,Bakery,2024-04-26,49.88,2024-04-27,49.88,0.0
P1-2368-0427,2368,Bread_203,Bakery,2024-04-27,45.71,2024-04-28,45.71,0.0
P1-2368-0428,2368,Bread_203,Bakery,2024-04-28,47.7,2024-04-29,47.7,0.0
P1-2368-0429,2368,Bread_203,Bakery,2024-04-29,57.46,2024-04-30,57.46,0.0
P1-2368-0430,2368,Bread_203,Bakery,2024-04-30,57.51,2024-05-01,57.51,0.0
P1-2368-0501,2368,Bread_203,Bakery,2024-05-01,43.58,2024-05-02,43.58,0.0
P1-2368-0502,2368,Bread_203,Bakery,2024-05-02,39.42,2024-05-03,39.42,0.0
P1-2368-0503,2368,Bread_203,Bakery,2024-05-03,56.99,2024-05-04,56.99,0.0
P1-2368-0504,2368,Bread_203,Bakery,2024-05-04,57.53,2024-05-05,57.53,0.0
P1-2368-0505,2368,Bread_203,Bakery,2024-05-05,41.14,2024-05-06,41.14,0.0
P1-2368-0506,2368,Bread_203,Bakery,2024-05-06,51.26,2024-05-07,51.26,0.0
P1-2368-0507,2368,Bread_203,Bakery,2024-05-07,31.59,2024-05-08,21.67,9.92
P1-2368-0508,2368,Bread_203,Bakery,2024-05-08,41.07,2024-05-09,30.22,10.85
P1-2368-0509,2368,Bread_203,Bakery,2024-05-09,3.6,2024-05-10,3.6,0.0
P1-2368-0510,2368,Bread_203,Bakery,2024-05-10,74.96,2024-05-11,74.96,0.0
P1-2368-0511,2368,Bread_203,Bakery,2024-05-11,37.1,2024-05-12,37.1,0.0
P1-2368-0512,2368,Bread_203,Bakery,2024-05-12,62.09,2024-05-13,62.09,0.0
P1-2368-0513,2368,Bread_203,Bakery,2024-05-13,19.89,2024-05-14,19.89,0.0
P1-2368-0514,2368,Bread_203,Bakery,2024-05-14,43.96,2024-05-15,43.96,0.0
P1-2368-0515,2368,Bread_203,Bakery,2024-05-15,19.44,2024-05-16,19.44,0.0
P1-2368-0516,2368,Bread_203,Bakery,2024-05-16,42.93,2024-05-17,42.93,0.0
P1-2368-0517,2368,Bread_203,Bakery,2024-05-17,61.93,2024-05-18,61.93,0.0
P1-2368-0518,2368,Bread_203,Bakery,2024-05-18,43.94,2024-05-19,43.94,0.0
P1-2368-0519,2368,Bread_203,Bakery,2024-05-19,18.82,2024-05-20,18.82,0.0
P1-2368-0520,2368,Bread_203,Bakery,2024-05-20,48.21,2024-05-21,48.21,0.0
P1-2368-0521,2368,Bread_203,Bakery,2024-05-21,29.18,2024-05-22,29.18,0.0
P1-2368-0522,2368,Bread_203,Bakery,2024-05-22,42.21,2024-05-23,42.21,0.0
P1-2368-0523,2368,Bread_203,Bakery,2024-05-23,16.75,2024-05-24,16.75,0.0
P1-2368-0524,2368,Bread_203,Bakery,2024-05-24,57.88,2024-05-25,57.88,0.0
P1-2368-0525,2368,Bread_203,Bakery,2024-05-25,24.16,2024-05-26,24.16,0.0
P1-2368-0526,2368,Bread_203,Bakery,2024-05-26,32.42,2024-05-27,32.42,0.0
P1-2368-0527,2368,Bread_203,Bakery,2024-05-27,29.95,2024-05-28,29.95,0.0
P1-2368-0528,2368,Bread_203,Bakery,2024-05-28,27.76,2024-05-29,27.76,0.0
P1-2368-0529,2368,Bread_203,Bakery,2024-05-29,22.91,2024-05-30,22.91,0.0
P1-2368-0530,2368,Bread_203,Bakery,2024-05-30,47.46,2024-05-31,47.46,0.0
P1-2368-0531,2368,Bread_203,Bakery,2024-05-31,27.59,2024-06-01,27.59,0.0
P1-2368-0601,2368,Bread_203,Bakery,2024-06-01,50.97,2024-06-02,50.97,0.0
P1-2368-0602,2368,Bread_203,Bakery,2024-06-02,50.51,2024-06-03,24.1,
P1-2385-0301,2385,Celery_16,Fruit and vegetable,2024-03-01,70.64,2024-03-03,70.64,0.0
P1-2385-0302,2385,Celery_16,Fruit and vegetable,2024-03-02,70.64,2024-03-04,70.64,0.0
P1-2385-0303,2385,Celery_16,Fruit and vegetable,2024-03-03,67.46,2024-03-05,67.46,0.0
P1-2385-0304,2385,Celery_16,Fruit and vegetable,2024-03-04,35.44,2024-03-06,35.44,0.0
P1-2385-0305,2385,Celery_16,Fruit and vegetable,2024-03-05,32.29,2024-03-07,32.29,0.0
P1-2385-0306,2385,Celery_16,Fruit and vegetable,2024-03-06,30.81,2024-03-08,30.81,0.0
P1-2385-0307,2385,Celery_16,Fruit and vegetable,2024-03-07,37.11,2024-03-09,37.11,0.0
P1-2385-0308,2385,Celery_16,Fruit and vegetable,2024-03-08,49.25,2024-03-10,49.25,0.0
P1-2385-0309,2385,Celery_16,Fruit and vegetable,2024-03-09,43.19,2024-03-11,43.19,0.0
P1-2385-0310,2385,Celery_16,Fruit and vegetable,2024-03-10,72.43,2024-03-12,72.43,0.0
P1-2385-0311,2385,Celery_16,Fruit and vegetable,2024-03-11,61.47,2024-03-13,61.47,0.0
P1-2385-0312,2385,Celery_16,Fruit and vegetable,2024-03-12,51.5,2024-03-14,51.5,0.0
P1-2385-0313,2385,Celery_16,Fruit and vegetable,2024-03-13,48.58,2024-03-15,48.58,0.0
P1-2385-0314,2385,Celery_16,Fruit and vegetable,2024-03-14,66.01,2024-03-16,66.01,0.0
P1-2385-0315,2385,Celery_16,Fruit and vegetable,2024-03-15,51.29,2024-03-17,51.29,0.0
P1-2385-0316,2385,Celery_16,Fruit and vegetable,2024-03-16,52.29,2024-03-18,52.29,0.0
P1-2385-0317,2385,Celery_16,Fruit and vegetable,2024-03-17,56.62,2024-03-19,56.62,0.0
P1-2385-0318,2385,Celery_16,Fruit and vegetable,2024-03-18,23.52,2024-03-20,23.52,0.0
P1-2385-0319,2385,Celery_16,Fruit and vegetable,2024-03-19,24.39,2024-03-21,24.39,0.0
P1-2385-0320,2385,Celery_16,Fruit and vegetable,2024-03-20,59.95,2024-03-22,59.95,0.0
P1-2385-0321,2385,Celery_16,Fruit and vegetable,2024-03-21,6.33,2024-03-23,6.33,0.0
P1-2385-0322,2385,Celery_16,Fruit and vegetable,2024-03-22,53.1,2024-03-24,53.1,0.0
P1-2385-0323,2385,Celery_16,Fruit and vegetable,2024-03-23,51.57,2024-03-25,51.57,0.0
P1-2385-0324,2385,Celery_16,Fruit and vegetable,2024-03-24,13.67,2024-03-26,13.67,0.0
P1-2385-0325,2385,Celery_16,Fruit and vegetable,2024-03-25,60.72,2024-03-27,60.72,0.0
P1-2385-0326,2385,Celery_16,Fruit and vegetable,2024-03-26,11.37,2024-03-28,11.37,0.0
P1-2385-0327,2385,Celery_16,Fruit and vegetable,2024-03-27,28.81,2024-03-29,28.81,0.0
P1-2385-0328,2385,Celery_16,Fruit and vegetable,2024-03-28,61.65,2024-03-30,61.65,0.0
P1-2385-0329,2385,Celery_16,Fruit and vegetable,2024-03-29,63.67,2024-03-31,63.67,0.0
P1-2385-0330,2385,Celery_16,Fruit and vegetable,2024-03-30,48.33,2024-04-01,48.33,0.0
P1-2385-0331,2385,Celery_16,Fruit and vegetable,2024-03-31,51.52,2024-04-02,51.52,0.0
P1-2385-0401,2385,Celery_16,Fruit and vegetable,2024-04-01,40.04,2024-04-03,40.04,0.0
P1-2385-0402,2385,Celery_16,Fruit and vegetable,2024-04-02,48.08,2024-04-04,48.08,0.0
P1-2385-0403,2385,Celery_16,Fruit and vegetable,2024-04-03,48.29,2024-04-05,48.29,0.0
P1-2385-0404,2385,Celery_16,Fruit and vegetable,2024-04-04,83.87,2024-04-06,83.87,0.0
P1-2385-0405,2385,Celery_16,Fruit and vegetable,2024-04-05,26.35,2024-04-07,26.35,0.0
P1-2385-0406,2385,Celery_16,Fruit and vegetable,2024-04-06,34.68,2024-04-08,34.68,0.0
P1-2385-0407,2385,Celery_16,Fruit and vegetable,2024-04-07,51.2,2024-04-09,51.2,0.0
P1-2385-0408,2385,Celery_16,Fruit and vegetable,2024-04-08,92.96,2024-04-10,92.96,0.0
P1-2385-0409,2385,Celery_16,Fruit and vegetable,2024-04-09,25.31,2024-04-11,25.31,0.0
P1-2385-0410,2385,Celery_16,Fruit and vegetable,2024-04-10,54.9,2024-04-12,54.9,0.0
P1-2385-0411,2385,Celery_16,Fruit and vegetable,2024-04-11,33.81,2024-04-13,33.81,0.0
P1-2385-0412,2385,Celery_16,Fruit and vegetable,2024-04-12,44.02,2024-04-14,44.02,0.0
P1-2385-0413,2385,Celery_16,Fruit and vegetable,2024-04-13,76.57,2024-04-15,76.57,0.0
P1-2385-0414,2385,Celery_16,Fruit and vegetable,2024-04-14,100.6,2024-04-16,100.6,0.0
P1-2385-0415,2385,Celery_16,Fruit and vegetable,2024-04-15,78.35,2024-04-17,78.35,0.0
P1-2385-0416,2385,Celery_16,Fruit and vegetable,2024-04-16,65.18,2024-04-18,65.18,0.0
P1-2385-0417,2385,Celery_16,Fruit and vegetable,2024-04-17,22.55,2024-04-19,22.55,0.0
P1-2385-0418,2385,Celery_16,Fruit and vegetable,2024-04-18,58.73,2024-04-20,58.73,0.0
P1-2385-0419,2385,Celery_16,Fruit and vegetable,2024-04-19,32.55,2024-04-21,32.55,0.0
P1-2385-0420,2385,Celery_16,Fruit and vegetable,2024-04-20,147.04,2024-04-22,147.04,0.0
P1-2385-0421,2385,Celery_16,Fruit and vegetable,2024-04-21,22.49,2024-04-23,22.49,0.0
P1-2385-0422,2385,Celery_16,Fruit and vegetable,2024-04-22,63.12,2024-04-24,63.12,0.0
P1-2385-0423,2385,Celery_16,Fruit and vegetable,2024-04-23,18.16,2024-04-25,18.16,0.0
P1-2385-0424,2385,Celery_16,Fruit and vegetable,2024-04-24,25.63,2024-04-26,25.63,0.0
P1-2385-0425,2385,Celery_16,Fruit and vegetable,2024-04-25,36.38,2024-04-27,36.38,0.0
P1-2385-0426,2385,Celery_16,Fruit and vegetable,2024-04-26,87.7,2024-04-28,87.7,0.0
P1-2385-0428,2385,Celery_16,Fruit and vegetable,2024-04-28,64.57,2024-04-30,64.57,0.0
P1-2385-0429,2385,Celery_16,Fruit and vegetable,2024-04-29,38.19,2024-05-01,38.19,0.0
P1-2385-0430,2385,Celery_16,Fruit and vegetable,2024-04-30,12.82,2024-05-02,12.82,0.0
P1-2385-0501,2385,Celery_16,Fruit and vegetable,2024-05-01,44.09,2024-05-03,44.09,0.0
P1-2385-0502,2385,Celery_16,Fruit and vegetable,2024-05-02,56.15,2024-05-04,56.15,0.0
P1-2385-0503,2385,Celery_16,Fruit and vegetable,2024-05-03,82.32,2024-05-05,82.32,0.0
P1-2385-0504,2385,Celery_16,Fruit and vegetable,2024-05-04,78.21,2024-05-06,78.21,0.0
P1-2385-0505,2385,Celery_16,Fruit and vegetable,2024-05-05,78.65,2024-05-07,78.65,0.0
P1-2385-0506,2385,Celery_16,Fruit and vegetable,2024-05-06,28.74,2024-05-08,28.74,0.0
P1-2385-0507,2385,Celery_16,Fruit and vegetable,2024-05-07,75.27,2024-05-09,75.27,0.0
P1-2385-0508,2385,Celery_16,Fruit and vegetable,2024-05-08,26.52,2024-05-10,26.52,0.0
P1-2385-0509,2385,Celery_16,Fruit and vegetable,2024-05-09,48.34,2024-05-11,48.34,0.0
P1-2385-0510,2385,Celery_16,Fruit and vegetable,2024-05-10,67.82,2024-05-12,62.5,5.32
P1-2385-0511,2385,Celery_16,Fruit and vegetable,2024-05-11,14.8,2024-05-13,14.8,0.0
P1-2385-0513,2385,Celery_16,Fruit and vegetable,2024-05-13,85.36,2024-05-15,85.36,0.0
P1-2385-0515,2385,Celery_16,Fruit and vegetable,2024-05-15,34.8,2024-05-17,34.8,0.0
P1-2385-0516,2385,Celery_16,Fruit and vegetable,2024-05-16,45.53,2024-05-18,45.53,0.0
P1-2385-0517,2385,Celery_16,Fruit and vegetable,2024-05-17,35.03,2024-05-19,35.03,0.0
P1-2385-0518,2385,Celery_16,Fruit and vegetable,2024-05-18,53.41,2024-05-20,53.41,0.0
P1-2385-0519,2385,Celery_16,Fruit and vegetable,2024-05-19,61.59,2024-05-21,61.59,0.0
P1-2385-0520,2385,Celery_16,Fruit and vegetable,2024-05-20,45.37,2024-05-22,45.37,0.0
P1-2385-0521,2385,Celery_16,Fruit and vegetable,2024-05-21,48.75,2024-05-23,48.75,0.0
P1-2385-0522,2385,Celery_16,Fruit and vegetable,2024-05-22,36.78,2024-05-24,36.78,0.0
P1-2385-0523,2385,Celery_16,Fruit and vegetable,2024-05-23,8.29,2024-05-25,8.29,0.0
P1-2385-0524,2385,Celery_16,Fruit and vegetable,2024-05-24,52.94,2024-05-26,52.94,0.0
P1-2385-0525,2385,Celery_16,Fruit and vegetable,2024-05-25,16.43,2024-05-27,16.43,0.0
P1-2385-0526,2385,Celery_16,Fruit and vegetable,2024-05-26,67.17,2024-05-28,67.17,0.0
P1-2385-0527,2385,Celery_16,Fruit and vegetable,2024-05-27,5.89,2024-05-29,5.89,0.0
P1-2385-0528,2385,Celery_16,Fruit and vegetable,2024-05-28,40.64,2024-05-30,40.64,0.0
P1-2385-0529,2385,Celery_16,Fruit and vegetable,2024-05-29,42.82,2024-05-31,42.82,0.0
P1-2385-0530,2385,Celery_16,Fruit and vegetable,2024-05-30,33.69,2024-06-01,33.69,0.0
P1-2385-0531,2385,Celery_16,Fruit and vegetable,2024-05-31,54.96,2024-06-02,54.96,0.0
P1-2385-0601,2385,Celery_16,Fruit and vegetable,2024-06-01,51.9,2024-06-03,51.9,0.0
P1-2385-0602,2385,Celery_16,Fruit and vegetable,2024-06-02,46.28,2024-06-04,45.42,
P1-2392-0301,2392,Roll_56,Bakery,2024-03-01,2893.28,2024-03-02,2893.28,0.0
P1-2392-0302,2392,Roll_56,Bakery,2024-03-02,2893.28,2024-03-03,2893.28,0.0
P1-2392-0303,2392,Roll_56,Bakery,2024-03-03,2871.35,2024-03-04,2871.35,0.0
P1-2392-0304,2392,Roll_56,Bakery,2024-03-04,2375.49,2024-03-05,2375.49,0.0
P1-2392-0305,2392,Roll_56,Bakery,2024-03-05,2110.7,2024-03-06,2110.7,0.0
P1-2392-0306,2392,Roll_56,Bakery,2024-03-06,2021.02,2024-03-07,2021.02,0.0
P1-2392-0307,2392,Roll_56,Bakery,2024-03-07,1859.62,2024-03-08,1859.62,0.0
P1-2392-0308,2392,Roll_56,Bakery,2024-03-08,2099.37,2024-03-09,2099.37,0.0
P1-2392-0309,2392,Roll_56,Bakery,2024-03-09,2299.61,2024-03-10,2299.61,0.0
P1-2392-0310,2392,Roll_56,Bakery,2024-03-10,1824.15,2024-03-11,1824.15,0.0
P1-2392-0311,2392,Roll_56,Bakery,2024-03-11,2281.22,2024-03-12,2281.22,0.0
P1-2392-0312,2392,Roll_56,Bakery,2024-03-12,1900.84,2024-03-13,1900.84,0.0
P1-2392-0313,2392,Roll_56,Bakery,2024-03-13,1754.37,2024-03-14,1754.37,0.0
P1-2392-0314,2392,Roll_56,Bakery,2024-03-14,2288.12,2024-03-15,2288.12,0.0
P1-2392-0315,2392,Roll_56,Bakery,2024-03-15,2522.84,2024-03-16,2522.84,0.0
P1-2392-0316,2392,Roll_56,Bakery,2024-03-16,2551.16,2024-03-17,2551.16,0.0
P1-2392-0317,2392,Roll_56,Bakery,2024-03-17,2512.99,2024-03-18,2512.99,0.0
P1-2392-0318,2392,Roll_56,Bakery,2024-03-18,2268.03,2024-03-19,2268.03,0.0
P1-2392-0319,2392,Roll_56,Bakery,2024-03-19,1916.41,2024-03-20,1916.41,0.0
P1-2392-0320,2392,Roll_56,Bakery,2024-03-20,2019.35,2024-03-21,2019.35,0.0
P1-2392-0321,2392,Roll_56,Bakery,2024-03-21,2197.0,2024-03-22,2197.0,0.0
P1-2392-0322,2392,Roll_56,Bakery,2024-03-22,2603.97,2024-03-23,2603.97,0.0
P1-2392-0323,2392,Roll_56,Bakery,2024-03-23,3084.77,2024-03-24,3084.77,0.0
P1-2392-0324,2392,Roll_56,Bakery,2024-03-24,2088.2,2024-03-25,2088.2,0.0
P1-2392-0325,2392,Roll_56,Bakery,2024-03-25,2080.89,2024-03-26,2080.89,0.0
P1-2392-0326,2392,Roll_56,Bakery,2024-03-26,1916.68,2024-03-27,1916.68,0.0
P1-2392-0327,2392,Roll_56,Bakery,2024-03-27,2165.2,2024-03-28,2165.2,0.0
P1-2392-0328,2392,Roll_56,Bakery,2024-03-28,2928.28,2024-03-29,2928.28,0.0
P1-2392-0329,2392,Roll_56,Bakery,2024-03-29,3517.6,2024-03-30,3517.6,0.0
P1-2392-0330,2392,Roll_56,Bakery,2024-03-30,3284.2,2024-03-31,3284.2,0.0
P1-2392-0331,2392,Roll_56,Bakery,2024-03-31,2095.2,2024-04-01,2095.2,0.0
P1-2392-0401,2392,Roll_56,Bakery,2024-04-01,1861.52,2024-04-02,1861.52,0.0
P1-2392-0402,2392,Roll_56,Bakery,2024-04-02,2531.84,2024-04-03,2531.84,0.0
P1-2392-0403,2392,Roll_56,Bakery,2024-04-03,2190.94,2024-04-04,2190.94,0.0
P1-2392-0404,2392,Roll_56,Bakery,2024-04-04,3237.57,2024-04-05,3237.57,0.0
P1-2392-0405,2392,Roll_56,Bakery,2024-04-05,1633.11,2024-04-06,1633.11,0.0
P1-2392-0406,2392,Roll_56,Bakery,2024-04-06,1768.58,2024-04-07,1768.58,0.0
P1-2392-0407,2392,Roll_56,Bakery,2024-04-07,2675.6,2024-04-08,2675.6,0.0
P1-2392-0408,2392,Roll_56,Bakery,2024-04-08,2661.29,2024-04-09,2661.29,0.0
P1-2392-0409,2392,Roll_56,Bakery,2024-04-09,1339.39,2024-04-10,1339.39,0.0
P1-2392-0410,2392,Roll_56,Bakery,2024-04-10,1691.05,2024-04-11,1691.05,0.0
P1-2392-0411,2392,Roll_56,Bakery,2024-04-11,2112.14,2024-04-12,2112.14,0.0
P1-2392-0412,2392,Roll_56,Bakery,2024-04-12,2891.23,2024-04-13,2891.23,0.0
P1-2392-0413,2392,Roll_56,Bakery,2024-04-13,2399.3,2024-04-14,2399.3,0.0
P1-2392-0414,2392,Roll_56,Bakery,2024-04-14,2057.12,2024-04-15,2057.12,0.0
P1-2392-0415,2392,Roll_56,Bakery,2024-04-15,2435.45,2024-04-16,2435.45,0.0
P1-2392-0416,2392,Roll_56,Bakery,2024-04-16,1817.09,2024-04-17,1817.09,0.0
P1-2392-0417,2392,Roll_56,Bakery,2024-04-17,1954.65,2024-04-18,1954.65,0.0
P1-2392-0418,2392,Roll_56,Bakery,2024-04-18,1915.95,2024-04-19,1915.95,0.0
P1-2392-0419,2392,Roll_56,Bakery,2024-04-19,2704.62,2024-04-20,2704.62,0.0
P1-2392-0420,2392,Roll_56,Bakery,2024-04-20,2829.5,2024-04-21,2829.5,0.0
P1-2392-0421,2392,Roll_56,Bakery,2024-04-21,2974.65,2024-04-22,2974.65,0.0
P1-2392-0422,2392,Roll_56,Bakery,2024-04-22,1476.07,2024-04-23,1476.07,0.0
P1-2392-0423,2392,Roll_56,Bakery,2024-04-23,2289.82,2024-04-24,2289.82,0.0
P1-2392-0424,2392,Roll_56,Bakery,2024-04-24,1843.6,2024-04-25,1843.6,0.0
P1-2392-0425,2392,Roll_56,Bakery,2024-04-25,2066.05,2024-04-26,2066.05,0.0
P1-2392-0426,2392,Roll_56,Bakery,2024-04-26,2847.76,2024-04-27,2847.76,0.0
P1-2392-0427,2392,Roll_56,Bakery,2024-04-27,2440.88,2024-04-28,2440.88,0.0
P1-2392-0428,2392,Roll_56,Bakery,2024-04-28,2087.39,2024-04-29,2087.39,0.0
P1-2392-0429,2392,Roll_56,Bakery,2024-04-29,2215.3,2024-04-30,2215.3,0.0
P1-2392-0430,2392,Roll_56,Bakery,2024-04-30,1691.9,2024-05-01,1691.9,0.0
P1-2392-0501,2392,Roll_56,Bakery,2024-05-01,2217.73,2024-05-02,2217.73,0.0
P1-2392-0502,2392,Roll_56,Bakery,2024-05-02,2497.71,2024-05-03,2497.71,0.0
P1-2392-0503,2392,Roll_56,Bakery,2024-05-03,2409.11,2024-05-04,2409.11,0.0
P1-2392-0504,2392,Roll_56,Bakery,2024-05-04,2420.23,2024-05-05,2420.23,0.0
P1-2392-0505,2392,Roll_56,Bakery,2024-05-05,2758.49,2024-05-06,2758.49,0.0
P1-2392-0506,2392,Roll_56,Bakery,2024-05-06,1336.58,2024-05-07,1336.58,0.0
P1-2392-0507,2392,Roll_56,Bakery,2024-05-07,2665.24,2024-05-08,2665.24,0.0
P1-2392-0508,2392,Roll_56,Bakery,2024-05-08,2975.18,2024-05-09,2975.18,0.0
P1-2392-0509,2392,Roll_56,Bakery,2024-05-09,2582.57,2024-05-10,2582.57,0.0
P1-2392-0510,2392,Roll_56,Bakery,2024-05-10,2678.42,2024-05-11,2678.42,0.0
P1-2392-0511,2392,Roll_56,Bakery,2024-05-11,2894.36,2024-05-12,2894.36,0.0
P1-2392-0512,2392,Roll_56,Bakery,2024-05-12,1681.91,2024-05-13,1681.91,0.0
P1-2392-0513,2392,Roll_56,Bakery,2024-05-13,2306.71,2024-05-14,2306.71,0.0
P1-2392-0514,2392,Roll_56,Bakery,2024-05-14,2176.68,2024-05-15,2176.68,0.0
P1-2392-0515,2392,Roll_56,Bakery,2024-05-15,3007.53,2024-05-16,2878.54,128.99
P1-2392-0516,2392,Roll_56,Bakery,2024-05-16,325.28,2024-05-17,325.28,0.0
P1-2392-0517,2392,Roll_56,Bakery,2024-05-17,2538.62,2024-05-18,2538.62,0.0
P1-2392-0518,2392,Roll_56,Bakery,2024-05-18,2916.26,2024-05-19,2916.26,0.0
P1-2392-0519,2392,Roll_56,Bakery,2024-05-19,2525.63,2024-05-20,2525.63,0.0
P1-2392-0520,2392,Roll_56,Bakery,2024-05-20,1655.91,2024-05-21,1655.91,0.0
P1-2392-0521,2392,Roll_56,Bakery,2024-05-21,2221.11,2024-05-22,2221.11,0.0
P1-2392-0522,2392,Roll_56,Bakery,2024-05-22,1865.77,2024-05-23,1865.77,0.0
P1-2392-0523,2392,Roll_56,Bakery,2024-05-23,2238.34,2024-05-24,2238.34,0.0
P1-2392-0524,2392,Roll_56,Bakery,2024-05-24,2407.18,2024-05-25,2407.18,0.0
P1-2392-0525,2392,Roll_56,Bakery,2024-05-25,2132.89,2024-05-26,2132.89,0.0
P1-2392-0526,2392,Roll_56,Bakery,2024-05-26,1522.62,2024-05-27,1522.62,0.0
P1-2392-0527,2392,Roll_56,Bakery,2024-05-27,2110.03,2024-05-28,2110.03,0.0
P1-2392-0528,2392,Roll_56,Bakery,2024-05-28,1623.32,2024-05-29,1623.32,0.0
P1-2392-0529,2392,Roll_56,Bakery,2024-05-29,2405.61,2024-05-30,2405.61,0.0
P1-2392-0530,2392,Roll_56,Bakery,2024-05-30,1413.01,2024-05-31,1413.01,0.0
P1-2392-0531,2392,Roll_56,Bakery,2024-05-31,2326.92,2024-06-01,2326.92,0.0
P1-2392-0601,2392,Roll_56,Bakery,2024-06-01,2622.29,2024-06-02,2622.29,0.0
P1-2392-0602,2392,Roll_56,Bakery,2024-06-02,2560.07,2024-06-03,1967.43,
P1-2396-0301,2396,Roll_57,Bakery,2024-03-01,12239.06,2024-03-02,12239.06,0.0
P1-2396-0302,2396,Roll_57,Bakery,2024-03-02,12239.06,2024-03-03,12239.06,0.0
P1-2396-0303,2396,Roll_57,Bakery,2024-03-03,12148.85,2024-03-04,12148.85,0.0
P1-2396-0304,2396,Roll_57,Bakery,2024-03-04,10563.89,2024-03-05,10563.89,0.0
P1-2396-0305,2396,Roll_57,Bakery,2024-03-05,9076.89,2024-03-06,9076.89,0.0
P1-2396-0306,2396,Roll_57,Bakery,2024-03-06,9055.81,2024-03-07,9055.81,0.0
P1-2396-0307,2396,Roll_57,Bakery,2024-03-07,8139.46,2024-03-08,8139.46,0.0
P1-2396-0308,2396,Roll_57,Bakery,2024-03-08,9040.09,2024-03-09,9040.09,0.0
P1-2396-0309,2396,Roll_57,Bakery,2024-03-09,11673.34,2024-03-10,11673.34,0.0
P1-2396-0310,2396,Roll_57,Bakery,2024-03-10,8766.57,2024-03-11,8766.57,0.0
P1-2396-0311,2396,Roll_57,Bakery,2024-03-11,8394.36,2024-03-12,8394.36,0.0
P1-2396-0312,2396,Roll_57,Bakery,2024-03-12,9593.86,2024-03-13,9593.86,0.0
P1-2396-0313,2396,Roll_57,Bakery,2024-03-13,7994.8,2024-03-14,7994.8,0.0
P1-2396-0314,2396,Roll_57,Bakery,2024-03-14,9769.06,2024-03-15,9769.06,0.0
P1-2396-0315,2396,Roll_57,Bakery,2024-03-15,12992.09,2024-03-16,12992.09,0.0
P1-2396-0316,2396,Roll_57,Bakery,2024-03-16,10482.04,2024-03-17,10482.04,0.0
P1-2396-0317,2396,Roll_57,Bakery,2024-03-17,10897.98,2024-03-18,10897.98,0.0
P1-2396-0318,2396,Roll_57,Bakery,2024-03-18,9044.63,2024-03-19,9044.63,0.0
P1-2396-0319,2396,Roll_57,Bakery,2024-03-19,9439.84,2024-03-20,9439.84,0.0
P1-2396-0320,2396,Roll_57,Bakery,2024-03-20,8400.65,2024-03-21,8400.65,0.0
P1-2396-0321,2396,Roll_57,Bakery,2024-03-21,10071.63,2024-03-22,10071.63,0.0
P1-2396-0322,2396,Roll_57,Bakery,2024-03-22,12656.57,2024-03-23,12656.57,0.0
P1-2396-0323,2396,Roll_57,Bakery,2024-03-23,10978.47,2024-03-24,10978.47,0.0
P1-2396-0324,2396,Roll_57,Bakery,2024-03-24,10134.81,2024-03-25,10134.81,0.0
P1-2396-0325,2396,Roll_57,Bakery,2024-03-25,9893.94,2024-03-26,9893.94,0.0
P1-2396-0326,2396,Roll_57,Bakery,2024-03-26,8528.84,2024-03-27,8528.84,0.0
P1-2396-0327,2396,Roll_57,Bakery,2024-03-27,10267.5,2024-03-28,10267.5,0.0
P1-2396-0328,2396,Roll_57,Bakery,2024-03-28,19788.57,2024-03-29,19788.57,0.0
P1-2396-0329,2396,Roll_57,Bakery,2024-03-29,18511.15,2024-03-30,18511.15,0.0
P1-2396-0330,2396,Roll_57,Bakery,2024-03-30,16866.74,2024-03-31,16866.74,0.0
P1-2396-0331,2396,Roll_57,Bakery,2024-03-31,11064.74,2024-04-01,11064.74,0.0
P1-2396-0401,2396,Roll_57,Bakery,2024-04-01,8911.85,2024-04-02,8911.85,0.0
P1-2396-0402,2396,Roll_57,Bakery,2024-04-02,10535.09,2024-04-03,10535.09,0.0
P1-2396-0403,2396,Roll_57,Bakery,2024-04-03,10776.25,2024-04-04,10776.25,0.0
P1-2396-0404,2396,Roll_57,Bakery,2024-04-04,17428.18,2024-04-05,13304.4,4123.78
P1-2396-0405,2396,Roll_57,Bakery,2024-04-05,5996.08,2024-04-06,5996.08,0.0
P1-2396-0406,2396,Roll_57,Bakery,2024-04-06,7741.8,2024-04-07,7741.8,0.0
P1-2396-0407,2396,Roll_57,Bakery,2024-04-07,10452.35,2024-04-08,10452.35,0.0
P1-2396-0408,2396,Roll_57,Bakery,2024-04-08,8246.43,2024-04-09,8246.43,0.0
P1-2396-0409,2396,Roll_57,Bakery,2024-04-09,9745.06,2024-04-10,9745.06,0.0
P1-2396-0410,2396,Roll_57,Bakery,2024-04-10,6356.36,2024-04-11,6356.36,0.0
P1-2396-0411,2396,Roll_57,Bakery,2024-04-11,9827.8,2024-04-12,9827.8,0.0
P1-2396-0412,2396,Roll_57,Bakery,2024-04-12,12625.63,2024-04-13,12625.63,0.0
P1-2396-0413,2396,Roll_57,Bakery,2024-04-13,9570.67,2024-04-14,9570.67,0.0
P1-2396-0414,2396,Roll_57,Bakery,2024-04-14,9734.81,2024-04-15,9734.81,0.0
P1-2396-0415,2396,Roll_57,Bakery,2024-04-15,9128.0,2024-04-16,9128.0,0.0
P1-2396-0416,2396,Roll_57,Bakery,2024-04-16,9291.75,2024-04-17,9291.75,0.0
P1-2396-0417,2396,Roll_57,Bakery,2024-04-17,8270.41,2024-04-18,8270.41,0.0
P1-2396-0418,2396,Roll_57,Bakery,2024-04-18,8739.25,2024-04-19,8739.25,0.0
P1-2396-0419,2396,Roll_57,Bakery,2024-04-19,12730.14,2024-04-20,12730.14,0.0
P1-2396-0420,2396,Roll_57,Bakery,2024-04-20,12379.83,2024-04-21,12379.83,0.0
P1-2396-0421,2396,Roll_57,Bakery,2024-04-21,11032.96,2024-04-22,11032.96,0.0
P1-2396-0422,2396,Roll_57,Bakery,2024-04-22,8400.17,2024-04-23,8400.17,0.0
P1-2396-0423,2396,Roll_57,Bakery,2024-04-23,9019.56,2024-04-24,9019.56,0.0
P1-2396-0424,2396,Roll_57,Bakery,2024-04-24,7632.41,2024-04-25,7632.41,0.0
P1-2396-0425,2396,Roll_57,Bakery,2024-04-25,9815.69,2024-04-26,9815.69,0.0
P1-2396-0426,2396,Roll_57,Bakery,2024-04-26,12478.86,2024-04-27,12478.86,0.0
P1-2396-0427,2396,Roll_57,Bakery,2024-04-27,11391.95,2024-04-28,11391.95,0.0
P1-2396-0428,2396,Roll_57,Bakery,2024-04-28,7310.24,2024-04-29,7310.24,0.0
P1-2396-0429,2396,Roll_57,Bakery,2024-04-29,9605.84,2024-04-30,9605.84,0.0
P1-2396-0430,2396,Roll_57,Bakery,2024-04-30,9553.67,2024-05-01,9553.67,0.0
P1-2396-0501,2396,Roll_57,Bakery,2024-05-01,10216.42,2024-05-02,10216.42,0.0
P1-2396-0502,2396,Roll_57,Bakery,2024-05-02,10416.19,2024-05-03,10416.19,0.0
P1-2396-0503,2396,Roll_57,Bakery,2024-05-03,11202.97,2024-05-04,11202.97,0.0
P1-2396-0504,2396,Roll_57,Bakery,2024-05-04,9803.9,2024-05-05,9803.9,0.0
P1-2396-0505,2396,Roll_57,Bakery,2024-05-05,8612.39,2024-05-06,8612.39,0.0
P1-2396-0506,2396,Roll_57,Bakery,2024-05-06,8271.06,2024-05-07,8271.06,0.0
P1-2396-0507,2396,Roll_57,Bakery,2024-05-07,9813.85,2024-05-08,9813.85,0.0
P1-2396-0508,2396,Roll_57,Bakery,2024-05-08,11907.85,2024-05-09,11907.85,0.0
P1-2396-0509,2396,Roll_57,Bakery,2024-05-09,10661.84,2024-05-10,10661.84,0.0
P1-2396-0510,2396,Roll_57,Bakery,2024-05-10,12630.1,2024-05-11,12630.1,0.0
P1-2396-0511,2396,Roll_57,Bakery,2024-05-11,9601.58,2024-05-12,9601.58,0.0
P1-2396-0512,2396,Roll_57,Bakery,2024-05-12,9031.55,2024-05-13,9031.55,0.0
P1-2396-0513,2396,Roll_57,Bakery,2024-05-13,8734.5,2024-05-14,8734.5,0.0
P1-2396-0514,2396,Roll_57,Bakery,2024-05-14,13052.78,2024-05-15,13052.78,0.0
P1-2396-0515,2396,Roll_57,Bakery,2024-05-15,9159.52,2024-05-16,9159.52,0.0
P1-2396-0516,2396,Roll_57,Bakery,2024-05-16,4522.01,2024-05-17,4522.01,0.0
P1-2396-0517,2396,Roll_57,Bakery,2024-05-17,12183.39,2024-05-18,12183.39,0.0
P1-2396-0518,2396,Roll_57,Bakery,2024-05-18,11061.43,2024-05-19,11061.43,0.0
P1-2396-0519,2396,Roll_57,Bakery,2024-05-19,9943.68,2024-05-20,9943.68,0.0
P1-2396-0520,2396,Roll_57,Bakery,2024-05-20,8945.78,2024-05-21,8945.78,0.0
P1-2396-0521,2396,Roll_57,Bakery,2024-05-21,7675.89,2024-05-22,7675.89,0.0
P1-2396-0522,2396,Roll_57,Bakery,2024-05-22,9364.81,2024-05-23,9364.81,0.0
P1-2396-0523,2396,Roll_57,Bakery,2024-05-23,8985.7,2024-05-24,8985.7,0.0
P1-2396-0524,2396,Roll_57,Bakery,2024-05-24,12467.69,2024-05-25,12467.69,0.0
P1-2396-0525,2396,Roll_57,Bakery,2024-05-25,8964.88,2024-05-26,8964.88,0.0
P1-2396-0526,2396,Roll_57,Bakery,2024-05-26,9673.43,2024-05-27,9673.43,0.0
P1-2396-0527,2396,Roll_57,Bakery,2024-05-27,9669.13,2024-05-28,9669.13,0.0
P1-2396-0528,2396,Roll_57,Bakery,2024-05-28,8266.44,2024-05-29,8266.44,0.0
P1-2396-0529,2396,Roll_57,Bakery,2024-05-29,8600.33,2024-05-30,8600.33,0.0
P1-2396-0530,2396,Roll_57,Bakery,2024-05-30,8576.16,2024-05-31,8576.16,0.0
P1-2396-0531,2396,Roll_57,Bakery,2024-05-31,12101.94,2024-06-01,12101.94,0.0
P1-2396-0601,2396,Roll_57,Bakery,2024-06-01,10262.96,2024-06-02,10262.96,0.0
P1-2396-0602,2396,Roll_57,Bakery,2024-06-02,9865.23,2024-06-03,7854.29,
P1-2426-0301,2426,Herb_19,Fruit and vegetable,2024-03-01,39.63,2024-03-03,39.63,0.0
P1-2426-0302,2426,Herb_19,Fruit and vegetable,2024-03-02,39.63,2024-03-04,39.63,0.0
P1-2426-0303,2426,Herb_19,Fruit and vegetable,2024-03-03,38.74,2024-03-05,38.74,0.0
P1-2426-0305,2426,Herb_19,Fruit and vegetable,2024-03-05,28.07,2024-03-07,28.07,0.0
P1-2426-0306,2426,Herb_19,Fruit and vegetable,2024-03-06,22.93,2024-03-08,22.93,0.0
P1-2426-0307,2426,Herb_19,Fruit and vegetable,2024-03-07,23.94,2024-03-09,23.94,0.0
P1-2426-0308,2426,Herb_19,Fruit and vegetable,2024-03-08,14.89,2024-03-10,14.89,0.0
P1-2426-0309,2426,Herb_19,Fruit and vegetable,2024-03-09,21.47,2024-03-11,21.47,0.0
P1-2426-0310,2426,Herb_19,Fruit and vegetable,2024-03-10,6.92,2024-03-12,6.92,0.0
P1-2426-0311,2426,Herb_19,Fruit and vegetable,2024-03-11,28.91,2024-03-13,28.91,0.0
P1-2426-0312,2426,Herb_19,Fruit and vegetable,2024-03-12,6.28,2024-03-14,6.28,0.0
P1-2426-0313,2426,Herb_19,Fruit and vegetable,2024-03-13,18.26,2024-03-15,18.26,0.0
P1-2426-0315,2426,Herb_19,Fruit and vegetable,2024-03-15,34.29,2024-03-17,34.29,0.0
P1-2426-0318,2426,Herb_19,Fruit and vegetable,2024-03-18,31.09,2024-03-20,31.09,0.0
P1-2426-0319,2426,Herb_19,Fruit and vegetable,2024-03-19,24.81,2024-03-21,24.81,0.0
P1-2426-0320,2426,Herb_19,Fruit and vegetable,2024-03-20,13.96,2024-03-22,13.96,0.0
P1-2426-0322,2426,Herb_19,Fruit and vegetable,2024-03-22,15.2,2024-03-24,15.2,0.0
P1-2426-0323,2426,Herb_19,Fruit and vegetable,2024-03-23,17.0,2024-03-25,13.82,3.18
P1-2426-0327,2426,Herb_19,Fruit and vegetable,2024-03-27,70.1,2024-03-29,70.1,0.0
P1-2426-0329,2426,Herb_19,Fruit and vegetable,2024-03-29,61.24,2024-03-31,55.83,5.41
P1-2426-0330,2426,Herb_19,Fruit and vegetable,2024-03-30,5.01,2024-04-01,5.01,0.0
P1-2426-0331,2426,Herb_19,Fruit and vegetable,2024-03-31,26.91,2024-04-02,26.91,0.0
P1-2426-0401,2426,Herb_19,Fruit and vegetable,2024-04-01,12.62,2024-04-03,12.62,0.0
P1-2426-0402,2426,Herb_19,Fruit and vegetable,2024-04-02,25.09,2024-04-04,25.09,0.0
P1-2426-0403,2426,Herb_19,Fruit and vegetable,2024-04-03,29.43,2024-04-05,29.43,0.0
P1-2426-0404,2426,Herb_19,Fruit and vegetable,2024-04-04,77.69,2024-04-06,45.98,31.71
P1-2426-0407,2426,Herb_19,Fruit and vegetable,2024-04-07,30.28,2024-04-09,30.28,0.0
P1-2426-0408,2426,Herb_19,Fruit and vegetable,2024-04-08,32.72,2024-04-10,32.72,0.0
P1-2426-0409,2426,Herb_19,Fruit and vegetable,2024-04-09,15.79,2024-04-11,15.79,0.0
P1-2426-0410,2426,Herb_19,Fruit and vegetable,2024-04-10,18.5,2024-04-12,18.5,0.0
P1-2426-0411,2426,Herb_19,Fruit and vegetable,2024-04-11,3.56,2024-04-13,3.56,0.0
P1-2426-0412,2426,Herb_19,Fruit and vegetable,2024-04-12,13.14,2024-04-14,13.14,0.0
P1-2426-0413,2426,Herb_19,Fruit and vegetable,2024-04-13,16.09,2024-04-15,16.09,0.0
P1-2426-0414,2426,Herb_19,Fruit and vegetable,2024-04-14,26.95,2024-04-16,26.95,0.0
P1-2426-0416,2426,Herb_19,Fruit and vegetable,2024-04-16,7.63,2024-04-18,7.63,0.0
P1-2426-0417,2426,Herb_19,Fruit and vegetable,2024-04-17,8.08,2024-04-19,8.08,0.0
P1-2426-0418,2426,Herb_19,Fruit and vegetable,2024-04-18,24.3,2024-04-20,24.3,0.0
P1-2426-0419,2426,Herb_19,Fruit and vegetable,2024-04-19,29.32,2024-04-21,29.32,0.0
P1-2426-0420,2426,Herb_19,Fruit and vegetable,2024-04-20,18.74,2024-04-22,18.74,0.0
P1-2426-0421,2426,Herb_19,Fruit and vegetable,2024-04-21,18.79,2024-04-23,18.79,0.0
P1-2426-0422,2426,Herb_19,Fruit and vegetable,2024-04-22,7.75,2024-04-24,7.75,0.0
P1-2426-0423,2426,Herb_19,Fruit and vegetable,2024-04-23,22.26,2024-04-25,22.26,0.0
P1-2426-0424,2426,Herb_19,Fruit and vegetable,2024-04-24,3.37,2024-04-26,3.37,0.0
P1-2426-0425,2426,Herb_19,Fruit and vegetable,2024-04-25,24.28,2024-04-27,24.28,0.0
P1-2426-0426,2426,Herb_19,Fruit and vegetable,2024-04-26,25.15,2024-04-28,13.34,11.81
P1-2426-0429,2426,Herb_19,Fruit and vegetable,2024-04-29,27.84,2024-05-01,27.84,0.0
P1-2426-0430,2426,Herb_19,Fruit and vegetable,2024-04-30,17.55,2024-05-02,17.55,0.0
P1-2426-0501,2426,Herb_19,Fruit and vegetable,2024-05-01,19.89,2024-05-03,19.89,0.0
P1-2426-0502,2426,Herb_19,Fruit and vegetable,2024-05-02,13.9,2024-05-04,13.9,0.0
P1-2426-0503,2426,Herb_19,Fruit and vegetable,2024-05-03,24.79,2024-05-05,24.79,0.0
P1-2426-0504,2426,Herb_19,Fruit and vegetable,2024-05-04,28.13,2024-05-06,28.13,0.0
P1-2426-0505,2426,Herb_19,Fruit and vegetable,2024-05-05,14.6,2024-05-07,14.6,0.0
P1-2426-0506,2426,Herb_19,Fruit and vegetable,2024-05-06,24.56,2024-05-08,24.56,0.0
P1-2426-0507,2426,Herb_19,Fruit and vegetable,2024-05-07,48.5,2024-05-09,48.5,0.0
P1-2426-0510,2426,Herb_19,Fruit and vegetable,2024-05-10,42.33,2024-05-12,42.33,0.0
P1-2426-0511,2426,Herb_19,Fruit and vegetable,2024-05-11,42.5,2024-05-13,40.37,2.12
P1-2426-0512,2426,Herb_19,Fruit and vegetable,2024-05-12,23.42,2024-05-14,14.01,9.41
P1-2426-0514,2426,Herb_19,Fruit and vegetable,2024-05-14,26.83,2024-05-16,26.83,0.0
P1-2426-0515,2426,Herb_19,Fruit and vegetable,2024-05-15,13.3,2024-05-17,13.3,0.0
P1-2426-0516,2426,Herb_19,Fruit and vegetable,2024-05-16,76.73,2024-05-18,0.16,76.57
P1-2426-0520,2426,Herb_19,Fruit and vegetable,2024-05-20,48.97,2024-05-22,39.79,9.18
P1-2426-0523,2426,Herb_19,Fruit and vegetable,2024-05-23,23.1,2024-05-25,23.1,0.0
P1-2426-0524,2426,Herb_19,Fruit and vegetable,2024-05-24,11.54,2024-05-26,11.54,0.0
P1-2426-0525,2426,Herb_19,Fruit and vegetable,2024-05-25,26.46,2024-05-27,26.46,0.0
P1-2426-0526,2426,Herb_19,Fruit and vegetable,2024-05-26,11.26,2024-05-28,11.26,0.0
P1-2426-0527,2426,Herb_19,Fruit and vegetable,2024-05-27,9.5,2024-05-29,9.5,0.0
P1-2426-0528,2426,Herb_19,Fruit and vegetable,2024-05-28,18.32,2024-05-30,18.32,0.0
P1-2426-0529,2426,Herb_19,Fruit and vegetable,2024-05-29,8.47,2024-05-31,8.47,0.0
P1-2426-0530,2426,Herb_19,Fruit and vegetable,2024-05-30,22.56,2024-06-01,22.56,0.0
P1-2426-0531,2426,Herb_19,Fruit and vegetable,2024-05-31,29.2,2024-06-02,29.2,0.0
P1-2426-0601,2426,Herb_19,Fruit and vegetable,2024-06-01,17.38,2024-06-03,17.38,0.0
P1-2426-0602,2426,Herb_19,Fruit and vegetable,2024-06-02,20.3,2024-06-04,17.99,
P1-2436-0301,2436,Pastry_181,Bakery,2024-03-01,182.62,2024-03-02,182.62,0.0
P1-2436-0302,2436,Pastry_181,Bakery,2024-03-02,182.62,2024-03-03,182.62,0.0
P1-2436-0303,2436,Pastry_181,Bakery,2024-03-03,177.04,2024-03-04,177.04,0.0
P1-2436-0304,2436,Pastry_181,Bakery,2024-03-04,122.16,2024-03-05,122.16,0.0
P1-2436-0305,2436,Pastry_181,Bakery,2024-03-05,155.57,2024-03-06,155.57,0.0
P1-2436-0306,2436,Pastry_181,Bakery,2024-03-06,116.2,2024-03-07,116.2,0.0
P1-2436-0307,2436,Pastry_181,Bakery,2024-03-07,137.24,2024-03-08,137.24,0.0
P1-2436-0308,2436,Pastry_181,Bakery,2024-03-08,229.3,2024-03-09,229.3,0.0
P1-2436-0309,2436,Pastry_181,Bakery,2024-03-09,95.03,2024-03-10,95.03,0.0
P1-2436-0310,2436,Pastry_181,Bakery,2024-03-10,146.9,2024-03-11,146.9,0.0
P1-2436-0311,2436,Pastry_181,Bakery,2024-03-11,205.04,2024-03-12,205.04,0.0
P1-2436-0312,2436,Pastry_181,Bakery,2024-03-12,126.67,2024-03-13,126.67,0.0
P1-2436-0313,2436,Pastry_181,Bakery,2024-03-13,174.74,2024-03-14,174.74,0.0
P1-2436-0314,2436,Pastry_181,Bakery,2024-03-14,217.83,2024-03-15,217.83,0.0
P1-2436-0315,2436,Pastry_181,Bakery,2024-03-15,168.21,2024-03-16,168.21,0.0
P1-2436-0316,2436,Pastry_181,Bakery,2024-03-16,138.8,2024-03-17,138.8,0.0
P1-2436-0317,2436,Pastry_181,Bakery,2024-03-17,172.25,2024-03-18,172.25,0.0
P1-2436-0318,2436,Pastry_181,Bakery,2024-03-18,125.34,2024-03-19,125.34,0.0
P1-2436-0319,2436,Pastry_181,Bakery,2024-03-19,154.23,2024-03-20,154.23,0.0
P1-2436-0320,2436,Pastry_181,Bakery,2024-03-20,105.31,2024-03-21,105.31,0.0
P1-2436-0321,2436,Pastry_181,Bakery,2024-03-21,213.4,2024-03-22,213.4,0.0
P1-2436-0322,2436,Pastry_181,Bakery,2024-03-22,149.93,2024-03-23,149.93,0.0
P1-2436-0323,2436,Pastry_181,Bakery,2024-03-23,101.88,2024-03-24,101.88,0.0
P1-2436-0324,2436,Pastry_181,Bakery,2024-03-24,172.4,2024-03-25,172.4,0.0
P1-2436-0325,2436,Pastry_181,Bakery,2024-03-25,148.1,2024-03-26,148.1,0.0
P1-2436-0326,2436,Pastry_181,Bakery,2024-03-26,142.95,2024-03-27,142.95,0.0
P1-2436-0327,2436,Pastry_181,Bakery,2024-03-27,90.53,2024-03-28,90.53,0.0
P1-2436-0328,2436,Pastry_181,Bakery,2024-03-28,215.6,2024-03-29,142.66,72.94
P1-2436-0330,2436,Pastry_181,Bakery,2024-03-30,187.86,2024-03-31,187.86,0.0
P1-2436-0331,2436,Pastry_181,Bakery,2024-03-31,124.42,2024-04-01,124.42,0.0
P1-2436-0401,2436,Pastry_181,Bakery,2024-04-01,67.4,2024-04-02,67.4,0.0
P1-2436-0402,2436,Pastry_181,Bakery,2024-04-02,83.39,2024-04-03,83.39,0.0
P1-2436-0403,2436,Pastry_181,Bakery,2024-04-03,153.13,2024-04-04,153.13,0.0
P1-2436-0404,2436,Pastry_181,Bakery,2024-04-04,118.03,2024-04-05,118.03,0.0
P1-2436-0405,2436,Pastry_181,Bakery,2024-04-05,149.16,2024-04-06,149.16,0.0
P1-2436-0406,2436,Pastry_181,Bakery,2024-04-06,168.45,2024-04-07,168.45,0.0
P1-2436-0407,2436,Pastry_181,Bakery,2024-04-07,96.93,2024-04-08,96.93,0.0
P1-2436-0408,2436,Pastry_181,Bakery,2024-04-08,146.58,2024-04-09,146.58,0.0
P1-2436-0409,2436,Pastry_181,Bakery,2024-04-09,183.07,2024-04-10,183.07,0.0
P1-2436-0410,2436,Pastry_181,Bakery,2024-04-10,44.47,2024-04-11,44.47,0.0
P1-2436-0411,2436,Pastry_181,Bakery,2024-04-11,198.98,2024-04-12,198.98,0.0
P1-2436-0412,2436,Pastry_181,Bakery,2024-04-12,131.93,2024-04-13,131.93,0.0
P1-2436-0413,2436,Pastry_181,Bakery,2024-04-13,79.08,2024-04-14,79.08,0.0
P1-2436-0414,2436,Pastry_181,Bakery,2024-04-14,172.26,2024-04-15,172.26,0.0
P1-2436-0415,2436,Pastry_181,Bakery,2024-04-15,183.61,2024-04-16,183.61,0.0
P1-2436-0416,2436,Pastry_181,Bakery,2024-04-16,160.02,2024-04-17,160.02,0.0
P1-2436-0417,2436,Pastry_181,Bakery,2024-04-17,160.01,2024-04-18,160.01,0.0
P1-2436-0418,2436,Pastry_181,Bakery,2024-04-18,152.4,2024-04-19,152.4,0.0
P1-2436-0419,2436,Pastry_181,Bakery,2024-04-19,200.88,2024-04-20,200.88,0.0
P1-2436-0420,2436,Pastry_181,Bakery,2024-04-20,179.9,2024-04-21,179.9,0.0
P1-2436-0421,2436,Pastry_181,Bakery,2024-04-21,185.42,2024-04-22,185.42,0.0
P1-2436-0422,2436,Pastry_181,Bakery,2024-04-22,201.88,2024-04-23,201.88,0.0
P1-2436-0423,2436,Pastry_181,Bakery,2024-04-23,115.41,2024-04-24,115.41,0.0
P1-2436-0424,2436,Pastry_181,Bakery,2024-04-24,81.53,2024-04-25,81.53,0.0
P1-2436-0425,2436,Pastry_181,Bakery,2024-04-25,227.48,2024-04-26,227.48,0.0
P1-2436-0426,2436,Pastry_181,Bakery,2024-04-26,139.01,2024-04-27,139.01,0.0
P1-2436-0427,2436,Pastry_181,Bakery,2024-04-27,154.6,2024-04-28,154.6,0.0
P1-2436-0428,2436,Pastry_181,Bakery,2024-04-28,126.15,2024-04-29,126.15,0.0
P1-2436-0429,2436,Pastry_181,Bakery,2024-04-29,103.43,2024-04-30,103.43,0.0
P1-2436-0430,2436,Pastry_181,Bakery,2024-04-30,145.76,2024-05-01,145.76,0.0
P1-2436-0501,2436,Pastry_181,Bakery,2024-05-01,79.07,2024-05-02,79.07,0.0
P1-2436-0502,2436,Pastry_181,Bakery,2024-05-02,164.83,2024-05-03,164.83,0.0
P1-2436-0503,2436,Pastry_181,Bakery,2024-05-03,274.48,2024-05-04,274.48,0.0
P1-2436-0504,2436,Pastry_181,Bakery,2024-05-04,83.17,2024-05-05,83.17,0.0
P1-2436-0505,2436,Pastry_181,Bakery,2024-05-05,105.12,2024-05-06,105.12,0.0
P1-2436-0506,2436,Pastry_181,Bakery,2024-05-06,199.62,2024-05-07,199.62,0.0
P1-2436-0507,2436,Pastry_181,Bakery,2024-05-07,79.06,2024-05-08,79.06,0.0
P1-2436-0508,2436,Pastry_181,Bakery,2024-05-08,186.0,2024-05-09,186.0,0.0
P1-2436-0509,2436,Pastry_181,Bakery,2024-05-09,228.67,2024-05-10,228.67,0.0
P1-2436-0510,2436,Pastry_181,Bakery,2024-05-10,125.84,2024-05-11,125.84,0.0
P1-2436-0511,2436,Pastry_181,Bakery,2024-05-11,73.44,2024-05-12,73.44,0.0
P1-2436-0512,2436,Pastry_181,Bakery,2024-05-12,126.94,2024-05-13,126.94,0.0
P1-2436-0513,2436,Pastry_181,Bakery,2024-05-13,119.27,2024-05-14,119.27,0.0
P1-2436-0514,2436,Pastry_181,Bakery,2024-05-14,192.17,2024-05-15,192.17,0.0
P1-2436-0515,2436,Pastry_181,Bakery,2024-05-15,57.2,2024-05-16,57.2,0.0
P1-2436-0516,2436,Pastry_181,Bakery,2024-05-16,177.36,2024-05-17,177.36,0.0
P1-2436-0517,2436,Pastry_181,Bakery,2024-05-17,232.89,2024-05-18,232.89,0.0
P1-2436-0518,2436,Pastry_181,Bakery,2024-05-18,33.28,2024-05-19,33.28,0.0
P1-2436-0519,2436,Pastry_181,Bakery,2024-05-19,163.21,2024-05-20,163.21,0.0
P1-2436-0520,2436,Pastry_181,Bakery,2024-05-20,111.94,2024-05-21,111.94,0.0
P1-2436-0521,2436,Pastry_181,Bakery,2024-05-21,93.62,2024-05-22,93.62,0.0
P1-2436-0522,2436,Pastry_181,Bakery,2024-05-22,162.81,2024-05-23,162.81,0.0
P1-2436-0523,2436,Pastry_181,Bakery,2024-05-23,165.08,2024-05-24,165.08,0.0
P1-2436-0524,2436,Pastry_181,Bakery,2024-05-24,90.13,2024-05-25,90.13,0.0
P1-2436-0525,2436,Pastry_181,Bakery,2024-05-25,112.84,2024-05-26,112.84,0.0
P1-2436-0526,2436,Pastry_181,Bakery,2024-05-26,139.49,2024-05-27,139.49,0.0
P1-2436-0527,2436,Pastry_181,Bakery,2024-05-27,130.8,2024-05-28,130.8,0.0
P1-2436-0528,2436,Pastry_181,Bakery,2024-05-28,127.76,2024-05-29,127.76,0.0
P1-2436-0529,2436,Pastry_181,Bakery,2024-05-29,119.56,2024-05-30,119.56,0.0
P1-2436-0530,2436,Pastry_181,Bakery,2024-05-30,159.03,2024-05-31,159.03,0.0
P1-2436-0531,2436,Pastry_181,Bakery,2024-05-31,213.39,2024-06-01,213.39,0.0
P1-2436-0601,2436,Pastry_181,Bakery,2024-06-01,170.79,2024-06-02,155.88,
P1-2436-0602,2436,Pastry_181,Bakery,2024-06-02,72.85,2024-06-03,0.0,
P1-2438-0301,2438,Cabbage_22,Fruit and vegetable,2024-03-01,50.15,2024-03-03,50.15,0.0
P1-2438-0302,2438,Cabbage_22,Fruit and vegetable,2024-03-02,50.15,2024-03-04,50.15,0.0
P1-2438-0303,2438,Cabbage_22,Fruit and vegetable,2024-03-03,46.91,2024-03-05,46.91,0.0
P1-2438-0304,2438,Cabbage_22,Fruit and vegetable,2024-03-04,42.21,2024-03-06,42.21,0.0
P1-2438-0305,2438,Cabbage_22,Fruit and vegetable,2024-03-05,22.69,2024-03-07,22.69,0.0
P1-2438-0306,2438,Cabbage_22,Fruit and vegetable,2024-03-06,10.67,2024-03-08,10.67,0.0
P1-2438-0307,2438,Cabbage_22,Fruit and vegetable,2024-03-07,41.13,2024-03-09,41.13,0.0
P1-2438-0308,2438,Cabbage_22,Fruit and vegetable,2024-03-08,34.4,2024-03-10,34.4,0.0
P1-2438-0309,2438,Cabbage_22,Fruit and vegetable,2024-03-09,8.32,2024-03-11,8.32,0.0
P1-2438-0310,2438,Cabbage_22,Fruit and vegetable,2024-03-10,65.0,2024-03-12,65.0,0.0
P1-2438-0312,2438,Cabbage_22,Fruit and vegetable,2024-03-12,22.41,2024-03-14,22.41,0.0
P1-2438-0313,2438,Cabbage_22,Fruit and vegetable,2024-03-13,51.55,2024-03-15,51.55,0.0
P1-2438-0314,2438,Cabbage_22,Fruit and vegetable,2024-03-14,15.25,2024-03-16,15.25,0.0
P1-2438-0315,2438,Cabbage_22,Fruit and vegetable,2024-03-15,53.9,2024-03-17,53.9,0.0
P1-2438-0316,2438,Cabbage_22,Fruit and vegetable,2024-03-16,10.89,2024-03-18,10.89,0.0
P1-2438-0317,2438,Cabbage_22,Fruit and vegetable,2024-03-17,18.75,2024-03-19,18.75,0.0
P1-2438-0318,2438,Cabbage_22,Fruit and vegetable,2024-03-18,35.5,2024-03-20,35.5,0.0
P1-2438-0319,2438,Cabbage_22,Fruit and vegetable,2024-03-19,22.77,2024-03-21,22.77,0.0
P1-2438-0320,2438,Cabbage_22,Fruit and vegetable,2024-03-20,22.68,2024-03-22,22.68,0.0
P1-2438-0321,2438,Cabbage_22,Fruit and vegetable,2024-03-21,56.05,2024-03-23,56.05,0.0
P1-2438-0322,2438,Cabbage_22,Fruit and vegetable,2024-03-22,32.87,2024-03-24,32.87,0.0
P1-2438-0323,2438,Cabbage_22,Fruit and vegetable,2024-03-23,76.4,2024-03-25,76.4,0.0
P1-2438-0324,2438,Cabbage_22,Fruit and vegetable,2024-03-24,51.64,2024-03-26,51.64,0.0
P1-2438-0325,2438,Cabbage_22,Fruit and vegetable,2024-03-25,45.51,2024-03-27,45.51,0.0
P1-2438-0326,2438,Cabbage_22,Fruit and vegetable,2024-03-26,51.89,2024-03-28,51.89,0.0
P1-2438-0327,2438,Cabbage_22,Fruit and vegetable,2024-03-27,156.63,2024-03-29,156.63,0.0
P1-2438-0328,2438,Cabbage_22,Fruit and vegetable,2024-03-28,118.78,2024-03-30,118.78,0.0
P1-2438-0329,2438,Cabbage_22,Fruit and vegetable,2024-03-29,132.28,2024-03-31,132.28,0.0
P1-2438-0330,2438,Cabbage_22,Fruit and vegetable,2024-03-30,149.45,2024-04-01,102.28,47.17
P1-2438-0331,2438,Cabbage_22,Fruit and vegetable,2024-03-31,9.76,2024-04-02,9.76,0.0
P1-2438-0401,2438,Cabbage_22,Fruit and vegetable,2024-04-01,51.47,2024-04-03,33.38,18.09
P1-2438-0402,2438,Cabbage_22,Fruit and vegetable,2024-04-02,45.1,2024-04-04,45.1,0.0
P1-2438-0403,2438,Cabbage_22,Fruit and vegetable,2024-04-03,177.51,2024-04-05,66.33,111.18
P1-2438-0405,2438,Cabbage_22,Fruit and vegetable,2024-04-05,16.26,2024-04-07,16.26,0.0
P1-2438-0407,2438,Cabbage_22,Fruit and vegetable,2024-04-07,43.8,2024-04-09,43.8,0.0
P1-2438-0408,2438,Cabbage_22,Fruit and vegetable,2024-04-08,27.96,2024-04-10,27.96,0.0
P1-2438-0409,2438,Cabbage_22,Fruit and vegetable,2024-04-09,16.99,2024-04-11,16.99,0.0
P1-2438-0410,2438,Cabbage_22,Fruit and vegetable,2024-04-10,20.33,2024-04-12,20.33,0.0
P1-2438-0411,2438,Cabbage_22,Fruit and vegetable,2024-04-11,30.24,2024-04-13,30.24,0.0
P1-2438-0412,2438,Cabbage_22,Fruit and vegetable,2024-04-12,50.15,2024-04-14,50.15,0.0
P1-2438-0413,2438,Cabbage_22,Fruit and vegetable,2024-04-13,46.11,2024-04-15,46.11,0.0
P1-2438-0414,2438,Cabbage_22,Fruit and vegetable,2024-04-14,35.03,2024-04-16,35.03,0.0
P1-2438-0415,2438,Cabbage_22,Fruit and vegetable,2024-04-15,28.21,2024-04-17,28.21,0.0
P1-2438-0416,2438,Cabbage_22,Fruit and vegetable,2024-04-16,38.73,2024-04-18,38.73,0.0
P1-2438-0417,2438,Cabbage_22,Fruit and vegetable,2024-04-17,27.63,2024-04-19,27.63,0.0
P1-2438-0418,2438,Cabbage_22,Fruit and vegetable,2024-04-18,35.11,2024-04-20,35.11,0.0
P1-2438-0419,2438,Cabbage_22,Fruit and vegetable,2024-04-19,61.07,2024-04-21,61.07,0.0
P1-2438-0420,2438,Cabbage_22,Fruit and vegetable,2024-04-20,35.24,2024-04-22,35.24,0.0
P1-2438-0422,2438,Cabbage_22,Fruit and vegetable,2024-04-22,35.74,2024-04-24,35.74,0.0
P1-2438-0423,2438,Cabbage_22,Fruit and vegetable,2024-04-23,23.99,2024-04-25,23.99,0.0
P1-2438-0424,2438,Cabbage_22,Fruit and vegetable,2024-04-24,36.64,2024-04-26,36.64,0.0
P1-2438-0425,2438,Cabbage_22,Fruit and vegetable,2024-04-25,25.38,2024-04-27,25.38,0.0
P1-2438-0426,2438,Cabbage_22,Fruit and vegetable,2024-04-26,5.53,2024-04-28,5.53,0.0
P1-2438-0427,2438,Cabbage_22,Fruit and vegetable,2024-04-27,40.47,2024-04-29,40.47,0.0
P1-2438-0428,2438,Cabbage_22,Fruit and vegetable,2024-04-28,15.5,2024-04-30,15.5,0.0
P1-2438-0429,2438,Cabbage_22,Fruit and vegetable,2024-04-29,46.32,2024-05-01,46.32,0.0
P1-2438-0430,2438,Cabbage_22,Fruit and vegetable,2024-04-30,55.35,2024-05-02,55.35,0.0
P1-2438-0501,2438,Cabbage_22,Fruit and vegetable,2024-05-01,19.44,2024-05-03,19.44,0.0
P1-2438-0502,2438,Cabbage_22,Fruit and vegetable,2024-05-02,42.81,2024-05-04,42.81,0.0
P1-2438-0503,2438,Cabbage_22,Fruit and vegetable,2024-05-03,48.63,2024-05-05,48.63,0.0
P1-2438-0504,2438,Cabbage_22,Fruit and vegetable,2024-05-04,42.42,2024-05-06,42.42,0.0
P1-2438-0505,2438,Cabbage_22,Fruit and vegetable,2024-05-05,24.36,2024-05-07,24.36,0.0
P1-2438-0506,2438,Cabbage_22,Fruit and vegetable,2024-05-06,65.44,2024-05-08,65.44,0.0
P1-2438-0507,2438,Cabbage_22,Fruit and vegetable,2024-05-07,15.9,2024-05-09,15.9,0.0
P1-2438-0508,2438,Cabbage_22,Fruit and vegetable,2024-05-08,40.59,2024-05-10,40.59,0.0
P1-2438-0509,2438,Cabbage_22,Fruit and vegetable,2024-05-09,64.27,2024-05-11,64.27,0.0
P1-2438-0510,2438,Cabbage_22,Fruit and vegetable,2024-05-10,63.67,2024-05-12,63.67,0.0
P1-2438-0511,2438,Cabbage_22,Fruit and vegetable,2024-05-11,14.19,2024-05-13,14.19,0.0
P1-2438-0512,2438,Cabbage_22,Fruit and vegetable,2024-05-12,44.56,2024-05-14,44.56,0.0
P1-2438-0513,2438,Cabbage_22,Fruit and vegetable,2024-05-13,51.01,2024-05-15,51.01,0.0
P1-2438-0514,2438,Cabbage_22,Fruit and vegetable,2024-05-14,30.24,2024-05-16,30.24,0.0
P1-2438-0515,2438,Cabbage_22,Fruit and vegetable,2024-05-15,58.68,2024-05-17,58.68,0.0
P1-2438-0516,2438,Cabbage_22,Fruit and vegetable,2024-05-16,47.26,2024-05-18,47.26,0.0
P1-2438-0517,2438,Cabbage_22,Fruit and vegetable,2024-05-17,32.15,2024-05-19,32.15,0.0
P1-2438-0518,2438,Cabbage_22,Fruit and vegetable,2024-05-18,22.18,2024-05-20,22.18,0.0
P1-2438-0519,2438,Cabbage_22,Fruit and vegetable,2024-05-19,42.38,2024-05-21,42.38,0.0
P1-2438-0520,2438,Cabbage_22,Fruit and vegetable,2024-05-20,4.78,2024-05-22,4.78,0.0
P1-2438-0521,2438,Cabbage_22,Fruit and vegetable,2024-05-21,44.78,2024-05-23,44.78,0.0
P1-2438-0522,2438,Cabbage_22,Fruit and vegetable,2024-05-22,18.31,2024-05-24,18.31,0.0
P1-2438-0523,2438,Cabbage_22,Fruit and vegetable,2024-05-23,52.45,2024-05-25,17.88,34.57
P1-2438-0527,2438,Cabbage_22,Fruit and vegetable,2024-05-27,35.73,2024-05-29,35.73,0.0
P1-2438-0528,2438,Cabbage_22,Fruit and vegetable,2024-05-28,37.53,2024-05-30,37.53,0.0
P1-2438-0529,2438,Cabbage_22,Fruit and vegetable,2024-05-29,15.34,2024-05-31,15.34,0.0
P1-2438-0530,2438,Cabbage_22,Fruit and vegetable,2024-05-30,35.09,2024-06-01,35.09,0.0
P1-2438-0531,2438,Cabbage_22,Fruit and vegetable,2024-05-31,32.94,2024-06-02,32.94,0.0
P1-2438-0601,2438,Cabbage_22,Fruit and vegetable,2024-06-01,33.01,2024-06-03,30.54,
P1-2438-0602,2438,Cabbage_22,Fruit and vegetable,2024-06-02,28.78,2024-06-04,0.0,
P1-2488-0301,2488,Onion_46,Fruit and vegetable,2024-03-01,28.55,2024-03-03,28.55,0.0
P1-2488-0302,2488,Onion_46,Fruit and vegetable,2024-03-02,28.55,2024-03-04,28.55,0.0
P1-2488-0303,2488,Onion_46,Fruit and vegetable,2024-03-03,27.62,2024-03-05,22.98,4.64
P1-2488-0304,2488,Onion_46,Fruit and vegetable,2024-03-04,17.52,2024-03-06,0.0,17.52
P1-2488-0308,2488,Onion_46,Fruit and vegetable,2024-03-08,36.59,2024-03-10,36.59,0.0
P1-2488-0309,2488,Onion_46,Fruit and vegetable,2024-03-09,21.69,2024-03-11,21.69,0.0
P1-2488-0310,2488,Onion_46,Fruit and vegetable,2024-03-10,16.29,2024-03-12,16.29,0.0
P1-2488-0311,2488,Onion_46,Fruit and vegetable,2024-03-11,25.95,2024-03-13,25.95,0.0
P1-2488-0312,2488,Onion_46,Fruit and vegetable,2024-03-12,8.38,2024-03-14,8.38,0.0
P1-2488-0313,2488,Onion_46,Fruit and vegetable,2024-03-13,10.77,2024-03-15,10.77,0.0
P1-2488-0314,2488,Onion_46,Fruit and vegetable,2024-03-14,5.34,2024-03-16,5.34,0.0
P1-2488-0315,2488,Onion_46,Fruit and vegetable,2024-03-15,26.21,2024-03-17,26.21,0.0
P1-2488-0316,2488,Onion_46,Fruit and vegetable,2024-03-16,9.05,2024-03-18,9.05,0.0
P1-2488-0317,2488,Onion_46,Fruit and vegetable,2024-03-17,23.4,2024-03-19,23.4,0.0
P1-2488-0318,2488,Onion_46,Fruit and vegetable,2024-03-18,0.79,2024-03-20,0.79,0.0
P1-2488-0319,2488,Onion_46,Fruit and vegetable,2024-03-19,6.89,2024-03-21,6.89,0.0
P1-2488-0320,2488,Onion_46,Fruit and vegetable,2024-03-20,15.7,2024-03-22,15.7,0.0
P1-2488-0321,2488,Onion_46,Fruit and vegetable,2024-03-21,20.45,2024-03-23,20.45,0.0
P1-2488-0322,2488,Onion_46,Fruit and vegetable,2024-03-22,9.08,2024-03-24,9.08,0.0
P1-2488-0323,2488,Onion_46,Fruit and vegetable,2024-03-23,17.2,2024-03-25,17.2,0.0
P1-2488-0325,2488,Onion_46,Fruit and vegetable,2024-03-25,15.09,2024-03-27,15.09,0.0
P1-2488-0326,2488,Onion_46,Fruit and vegetable,2024-03-26,17.69,2024-03-28,17.69,0.0
P1-2488-0327,2488,Onion_46,Fruit and vegetable,2024-03-27,23.21,2024-03-29,23.21,0.0
P1-2488-0328,2488,Onion_46,Fruit and vegetable,2024-03-28,16.48,2024-03-30,16.48,0.0
P1-2488-0329,2488,Onion_46,Fruit and vegetable,2024-03-29,21.09,2024-03-31,21.09,0.0
P1-2488-0330,2488,Onion_46,Fruit and vegetable,2024-03-30,19.67,2024-04-01,19.67,0.0
P1-2488-0331,2488,Onion_46,Fruit and vegetable,2024-03-31,25.83,2024-04-02,25.83,0.0
P1-2488-0401,2488,Onion_46,Fruit and vegetable,2024-04-01,2.87,2024-04-03,2.87,0.0
P1-2488-0402,2488,Onion_46,Fruit and vegetable,2024-04-02,15.79,2024-04-04,15.79,0.0
P1-2488-0404,2488,Onion_46,Fruit and vegetable,2024-04-04,21.03,2024-04-06,21.03,0.0
P1-2488-0405,2488,Onion_46,Fruit and vegetable,2024-04-05,12.18,2024-04-07,12.18,0.0
P1-2488-0406,2488,Onion_46,Fruit and vegetable,2024-04-06,8.76,2024-04-08,8.76,0.0
P1-2488-0407,2488,Onion_46,Fruit and vegetable,2024-04-07,14.78,2024-04-09,14.78,0.0
P1-2488-0408,2488,Onion_46,Fruit and vegetable,2024-04-08,7.59,2024-04-10,7.59,0.0
P1-2488-0409,2488,Onion_46,Fruit and vegetable,2024-04-09,19.59,2024-04-11,19.59,0.0
P1-2488-0410,2488,Onion_46,Fruit and vegetable,2024-04-10,14.48,2024-04-12,14.48,0.0
P1-2488-0411,2488,Onion_46,Fruit and vegetable,2024-04-11,0.89,2024-04-13,0.89,0.0
P1-2488-0412,2488,Onion_46,Fruit and vegetable,2024-04-12,9.5,2024-04-14,9.5,0.0
P1-2488-0413,2488,Onion_46,Fruit and vegetable,2024-04-13,22.57,2024-04-15,22.57,0.0
P1-2488-0414,2488,Onion_46,Fruit and vegetable,2024-04-14,10.24,2024-04-16,10.24,0.0
P1-2488-0415,2488,Onion_46,Fruit and vegetable,2024-04-15,20.04,2024-04-17,20.04,0.0
P1-2488-0416,2488,Onion_46,Fruit and vegetable,2024-04-16,19.6,2024-04-18,19.6,0.0
P1-2488-0417,2488,Onion_46,Fruit and vegetable,2024-04-17,8.58,2024-04-19,8.58,0.0
P1-2488-0418,2488,Onion_46,Fruit and vegetable,2024-04-18,14.83,2024-04-20,14.83,0.0
P1-2488-0419,2488,Onion_46,Fruit and vegetable,2024-04-19,15.6,2024-04-21,15.6,0.0
P1-2488-0420,2488,Onion_46,Fruit and vegetable,2024-04-20,12.06,2024-04-22,12.06,0.0
P1-2488-0421,2488,Onion_46,Fruit and vegetable,2024-04-21,19.44,2024-04-23,19.44,0.0
P1-2488-0422,2488,Onion_46,Fruit and vegetable,2024-04-22,29.14,2024-04-24,29.14,0.0
P1-2488-0423,2488,Onion_46,Fruit and vegetable,2024-04-23,9.14,2024-04-25,9.14,0.0
P1-2488-0424,2488,Onion_46,Fruit and vegetable,2024-04-24,3.75,2024-04-26,3.75,0.0
P1-2488-0425,2488,Onion_46,Fruit and vegetable,2024-04-25,9.8,2024-04-27,9.8,0.0
P1-2488-0426,2488,Onion_46,Fruit and vegetable,2024-04-26,18.35,2024-04-28,18.35,0.0
P1-2488-0427,2488,Onion_46,Fruit and vegetable,2024-04-27,24.45,2024-04-29,24.45,0.0
P1-2488-0428,2488,Onion_46,Fruit and vegetable,2024-04-28,14.37,2024-04-30,14.37,0.0
P1-2488-0429,2488,Onion_46,Fruit and vegetable,2024-04-29,8.3,2024-05-01,8.3,0.0
P1-2488-0430,2488,Onion_46,Fruit and vegetable,2024-04-30,0.93,2024-05-02,0.93,0.0
P1-2488-0501,2488,Onion_46,Fruit and vegetable,2024-05-01,13.62,2024-05-03,13.62,0.0
P1-2488-0502,2488,Onion_46,Fruit and vegetable,2024-05-02,16.17,2024-05-04,16.17,0.0
P1-2488-0503,2488,Onion_46,Fruit and vegetable,2024-05-03,22.15,2024-05-05,22.15,0.0
P1-2488-0505,2488,Onion_46,Fruit and vegetable,2024-05-05,11.09,2024-05-07,11.09,0.0
P1-2488-0506,2488,Onion_46,Fruit and vegetable,2024-05-06,15.54,2024-05-08,15.54,0.0
P1-2488-0507,2488,Onion_46,Fruit and vegetable,2024-05-07,22.37,2024-05-09,22.37,0.0
P1-2488-0508,2488,Onion_46,Fruit and vegetable,2024-05-08,16.72,2024-05-10,16.72,0.0
P1-2488-0509,2488,Onion_46,Fruit and vegetable,2024-05-09,15.55,2024-05-11,15.55,0.0
P1-2488-0510,2488,Onion_46,Fruit and vegetable,2024-05-10,11.8,2024-05-12,11.8,0.0
P1-2488-0511,2488,Onion_46,Fruit and vegetable,2024-05-11,17.37,2024-05-13,17.37,0.0
P1-2488-0512,2488,Onion_46,Fruit and vegetable,2024-05-12,16.37,2024-05-14,16.37,0.0
P1-2488-0513,2488,Onion_46,Fruit and vegetable,2024-05-13,9.73,2024-05-15,9.73,0.0
P1-2488-0514,2488,Onion_46,Fruit and vegetable,2024-05-14,22.47,2024-05-16,22.47,0.0
P1-2488-0515,2488,Onion_46,Fruit and vegetable,2024-05-15,6.18,2024-05-17,6.18,0.0
P1-2488-0516,2488,Onion_46,Fruit and vegetable,2024-05-16,16.9,2024-05-18,16.9,0.0
P1-2488-0517,2488,Onion_46,Fruit and vegetable,2024-05-17,28.68,2024-05-19,28.68,0.0
P1-2488-0518,2488,Onion_46,Fruit and vegetable,2024-05-18,9.11,2024-05-20,9.11,0.0
P1-2488-0519,2488,Onion_46,Fruit and vegetable,2024-05-19,12.23,2024-05-21,12.23,0.0
P1-2488-0520,2488,Onion_46,Fruit and vegetable,2024-05-20,14.38,2024-05-22,14.38,0.0
P1-2488-0521,2488,Onion_46,Fruit and vegetable,2024-05-21,10.02,2024-05-23,10.02,0.0
P1-2488-0522,2488,Onion_46,Fruit and vegetable,2024-05-22,32.77,2024-05-24,32.77,0.0
P1-2488-0523,2488,Onion_46,Fruit and vegetable,2024-05-23,9.55,2024-05-25,9.55,0.0
P1-2488-0524,2488,Onion_46,Fruit and vegetable,2024-05-24,13.59,2024-05-26,13.59,0.0
P1-2488-0525,2488,Onion_46,Fruit and vegetable,2024-05-25,17.46,2024-05-27,17.46,0.0
P1-2488-0526,2488,Onion_46,Fruit and vegetable,2024-05-26,3.37,2024-05-28,3.37,0.0
P1-2488-0527,2488,Onion_46,Fruit and vegetable,2024-05-27,19.66,2024-05-29,19.66,0.0
P1-2488-0528,2488,Onion_46,Fruit and vegetable,2024-05-28,23.62,2024-05-30,23.62,0.0
P1-2488-0529,2488,Onion_46,Fruit and vegetable,2024-05-29,14.62,2024-05-31,14.62,0.0
P1-2488-0530,2488,Onion_46,Fruit and vegetable,2024-05-30,6.69,2024-06-01,6.69,0.0
P1-2488-0531,2488,Onion_46,Fruit and vegetable,2024-05-31,19.13,2024-06-02,19.13,0.0
P1-2488-0601,2488,Onion_46,Fruit and vegetable,2024-06-01,20.19,2024-06-03,20.19,0.0
P1-2488-0602,2488,Onion_46,Fruit and vegetable,2024-06-02,14.57,2024-06-04,14.57,0.0
P1-2521-0301,2521,Apple_132,Fruit and vegetable,2024-03-01,253.55,2024-03-03,253.55,0.0
P1-2521-0302,2521,Apple_132,Fruit and vegetable,2024-03-02,253.55,2024-03-04,253.55,0.0
P1-2521-0303,2521,Apple_132,Fruit and vegetable,2024-03-03,245.23,2024-03-05,245.23,0.0
P1-2521-0304,2521,Apple_132,Fruit and vegetable,2024-03-04,183.61,2024-03-06,183.61,0.0
P1-2521-0305,2521,Apple_132,Fruit and vegetable,2024-03-05,185.44,2024-03-07,185.44,0.0
P1-2521-0306,2521,Apple_132,Fruit and vegetable,2024-03-06,175.42,2024-03-08,175.42,0.0
P1-2521-0307,2521,Apple_132,Fruit and vegetable,2024-03-07,144.93,2024-03-09,144.93,0.0
P1-2521-0308,2521,Apple_132,Fruit and vegetable,2024-03-08,164.93,2024-03-10,164.93,0.0
P1-2521-0309,2521,Apple_132,Fruit and vegetable,2024-03-09,104.09,2024-03-11,104.09,0.0
P1-2521-0310,2521,Apple_132,Fruit and vegetable,2024-03-10,203.45,2024-03-12,203.45,0.0
P1-2521-0311,2521,Apple_132,Fruit and vegetable,2024-03-11,190.08,2024-03-13,190.08,0.0
P1-2521-0312,2521,Apple_132,Fruit and vegetable,2024-03-12,184.05,2024-03-14,184.05,0.0
P1-2521-0313,2521,Apple_132,Fruit and vegetable,2024-03-13,125.33,2024-03-15,125.33,0.0
P1-2521-0314,2521,Apple_132,Fruit and vegetable,2024-03-14,189.01,2024-03-16,189.01,0.0
P1-2521-0315,2521,Apple_132,Fruit and vegetable,2024-03-15,226.71,2024-03-17,226.71,0.0
P1-2521-0316,2521,Apple_132,Fruit and vegetable,2024-03-16,185.42,2024-03-18,185.42,0.0
P1-2521-0317,2521,Apple_132,Fruit and vegetable,2024-03-17,185.74,2024-03-19,185.74,0.0
P1-2521-0318,2521,Apple_132,Fruit and vegetable,2024-03-18,184.18,2024-03-20,184.18,0.0
P1-2521-0319,2521,Apple_132,Fruit and vegetable,2024-03-19,172.05,2024-03-21,172.05,0.0
P1-2521-0320,2521,Apple_132,Fruit and vegetable,2024-03-20,136.39,2024-03-22,136.39,0.0
P1-2521-0321,2521,Apple_132,Fruit and vegetable,2024-03-21,154.39,2024-03-23,154.39,0.0
P1-2521-0322,2521,Apple_132,Fruit and vegetable,2024-03-22,166.32,2024-03-24,166.32,0.0
P1-2521-0323,2521,Apple_132,Fruit and vegetable,2024-03-23,75.59,2024-03-25,75.59,0.0
P1-2521-0324,2521,Apple_132,Fruit and vegetable,2024-03-24,161.54,2024-03-26,161.54,0.0
P1-2521-0325,2521,Apple_132,Fruit and vegetable,2024-03-25,148.89,2024-03-27,148.89,0.0
P1-2521-0326,2521,Apple_132,Fruit and vegetable,2024-03-26,83.28,2024-03-28,83.28,0.0
P1-2521-0327,2521,Apple_132,Fruit and vegetable,2024-03-27,184.08,2024-03-29,184.08,0.0
P1-2521-0328,2521,Apple_132,Fruit and vegetable,2024-03-28,164.81,2024-03-30,164.81,0.0
P1-2521-0329,2521,Apple_132,Fruit and vegetable,2024-03-29,194.11,2024-03-31,194.11,0.0
P1-2521-0330,2521,Apple_132,Fruit and vegetable,2024-03-30,39.42,2024-04-01,39.42,0.0
P1-2521-0331,2521,Apple_132,Fruit and vegetable,2024-03-31,130.2,2024-04-02,130.2,0.0
P1-2521-0401,2521,Apple_132,Fruit and vegetable,2024-04-01,151.28,2024-04-03,151.28,0.0
P1-2521-0402,2521,Apple_132,Fruit and vegetable,2024-04-02,190.06,2024-04-04,190.06,0.0
P1-2521-0403,2521,Apple_132,Fruit and vegetable,2024-04-03,249.01,2024-04-05,249.01,0.0
P1-2521-0404,2521,Apple_132,Fruit and vegetable,2024-04-04,142.14,2024-04-06,142.14,0.0
P1-2521-0405,2521,Apple_132,Fruit and vegetable,2024-04-05,101.67,2024-04-07,101.67,0.0
P1-2521-0406,2521,Apple_132,Fruit and vegetable,2024-04-06,155.0,2024-04-08,155.0,0.0
P1-2521-0407,2521,Apple_132,Fruit and vegetable,2024-04-07,189.72,2024-04-09,189.72,0.0
P1-2521-0408,2521,Apple_132,Fruit and vegetable,2024-04-08,313.36,2024-04-10,313.36,0.0
P1-2521-0409,2521,Apple_132,Fruit and vegetable,2024-04-09,316.39,2024-04-11,316.39,0.0
P1-2521-0410,2521,Apple_132,Fruit and vegetable,2024-04-10,178.68,2024-04-12,178.68,0.0
P1-2521-0411,2521,Apple_132,Fruit and vegetable,2024-04-11,131.43,2024-04-13,131.43,0.0
P1-2521-0412,2521,Apple_132,Fruit and vegetable,2024-04-12,254.09,2024-04-14,254.09,0.0
P1-2521-0413,2521,Apple_132,Fruit and vegetable,2024-04-13,203.62,2024-04-15,203.62,0.0
P1-2521-0414,2521,Apple_132,Fruit and vegetable,2024-04-14,200.75,2024-04-16,200.75,0.0
P1-2521-0415,2521,Apple_132,Fruit and vegetable,2024-04-15,307.08,2024-04-17,307.08,0.0
P1-2521-0416,2521,Apple_132,Fruit and vegetable,2024-04-16,166.96,2024-04-18,166.96,0.0
P1-2521-0417,2521,Apple_132,Fruit and vegetable,2024-04-17,119.18,2024-04-19,119.18,0.0
P1-2521-0418,2521,Apple_132,Fruit and vegetable,2024-04-18,158.0,2024-04-20,158.0,0.0
P1-2521-0419,2521,Apple_132,Fruit and vegetable,2024-04-19,212.61,2024-04-21,212.61,0.0
P1-2521-0420,2521,Apple_132,Fruit and vegetable,2024-04-20,132.12,2024-04-22,132.12,0.0
P1-2521-0421,2521,Apple_132,Fruit and vegetable,2024-04-21,192.31,2024-04-23,192.31,0.0
P1-2521-0422,2521,Apple_132,Fruit and vegetable,2024-04-22,283.3,2024-04-24,283.3,0.0
P1-2521-0423,2521,Apple_132,Fruit and vegetable,2024-04-23,95.53,2024-04-25,95.53,0.0
P1-2521-0424,2521,Apple_132,Fruit and vegetable,2024-04-24,116.28,2024-04-26,116.28,0.0
P1-2521-0425,2521,Apple_132,Fruit and vegetable,2024-04-25,175.22,2024-04-27,175.22,0.0
P1-2521-0426,2521,Apple_132,Fruit and vegetable,2024-04-26,204.99,2024-04-28,204.99,0.0
P1-2521-0427,2521,Apple_132,Fruit and vegetable,2024-04-27,85.65,2024-04-29,85.65,0.0
P1-2521-0428,2521,Apple_132,Fruit and vegetable,2024-04-28,195.45,2024-04-30,195.45,0.0
P1-2521-0429,2521,Apple_132,Fruit and vegetable,2024-04-29,110.54,2024-05-01,110.54,0.0
P1-2521-0430,2521,Apple_132,Fruit and vegetable,2024-04-30,153.77,2024-05-02,153.77,0.0
P1-2521-0501,2521,Apple_132,Fruit and vegetable,2024-05-01,104.13,2024-05-03,104.13,0.0
P1-2521-0502,2521,Apple_132,Fruit and vegetable,2024-05-02,122.0,2024-05-04,122.0,0.0
P1-2521-0503,2521,Apple_132,Fruit and vegetable,2024-05-03,231.62,2024-05-05,231.62,0.0
P1-2521-0504,2521,Apple_132,Fruit and vegetable,2024-05-04,161.39,2024-05-06,161.39,0.0
P1-2521-0505,2521,Apple_132,Fruit and vegetable,2024-05-05,151.45,2024-05-07,151.45,0.0
P1-2521-0506,2521,Apple_132,Fruit and vegetable,2024-05-06,219.64,2024-05-08,219.64,0.0
P1-2521-0507,2521,Apple_132,Fruit and vegetable,2024-05-07,130.13,2024-05-09,130.13,0.0
P1-2521-0508,2521,Apple_132,Fruit and vegetable,2024-05-08,155.89,2024-05-10,155.89,0.0
P1-2521-0509,2521,Apple_132,Fruit and vegetable,2024-05-09,196.69,2024-05-11,196.69,0.0
P1-2521-0510,2521,Apple_132,Fruit and vegetable,2024-05-10,260.89,2024-05-12,260.89,0.0
P1-2521-0511,2521,Apple_132,Fruit and vegetable,2024-05-11,115.54,2024-05-13,115.54,0.0
P1-2521-0512,2521,Apple_132,Fruit and vegetable,2024-05-12,165.6,2024-05-14,165.6,0.0
P1-2521-0513,2521,Apple_132,Fruit and vegetable,2024-05-13,160.11,2024-05-15,160.11,0.0
P1-2521-0514,2521,Apple_132,Fruit and vegetable,2024-05-14,185.92,2024-05-16,185.92,0.0
P1-2521-0515,2521,Apple_132,Fruit and vegetable,2024-05-15,149.94,2024-05-17,149.94,0.0
P1-2521-0516,2521,Apple_132,Fruit and vegetable,2024-05-16,207.98,2024-05-18,207.98,0.0
P1-2521-0517,2521,Apple_132,Fruit and vegetable,2024-05-17,166.36,2024-05-19,166.36,0.0
P1-2521-0518,2521,Apple_132,Fruit and vegetable,2024-05-18,51.82,2024-05-20,51.82,0.0
P1-2521-0519,2521,Apple_132,Fruit and vegetable,2024-05-19,181.05,2024-05-21,181.05,0.0
P1-2521-0520,2521,Apple_132,Fruit and vegetable,2024-05-20,210.8,2024-05-22,210.8,0.0
P1-2521-0521,2521,Apple_132,Fruit and vegetable,2024-05-21,90.44,2024-05-23,90.44,0.0
P1-2521-0522,2521,Apple_132,Fruit and vegetable,2024-05-22,155.25,2024-05-24,155.25,0.0
P1-2521-0523,2521,Apple_132,Fruit and vegetable,2024-05-23,136.94,2024-05-25,136.94,0.0
P1-2521-0524,2521,Apple_132,Fruit and vegetable,2024-05-24,173.54,2024-05-26,173.54,0.0
P1-2521-0525,2521,Apple_132,Fruit and vegetable,2024-05-25,157.09,2024-05-27,157.09,0.0
P1-2521-0526,2521,Apple_132,Fruit and vegetable,2024-05-26,158.24,2024-05-28,158.24,0.0
P1-2521-0527,2521,Apple_132,Fruit and vegetable,2024-05-27,136.97,2024-05-29,136.97,0.0
P1-2521-0528,2521,Apple_132,Fruit and vegetable,2024-05-28,189.7,2024-05-30,189.7,0.0
P1-2521-0529,2521,Apple_132,Fruit and vegetable,2024-05-29,155.85,2024-05-31,155.85,0.0
P1-2521-0530,2521,Apple_132,Fruit and vegetable,2024-05-30,138.66,2024-06-01,138.66,0.0
P1-2521-0531,2521,Apple_132,Fruit and vegetable,2024-05-31,207.73,2024-06-02,207.73,0.0
P1-2521-0601,2521,Apple_132,Fruit and vegetable,2024-06-01,76.3,2024-06-03,76.3,0.0
P1-2521-0602,2521,Apple_132,Fruit and vegetable,2024-06-02,166.88,2024-06-04,151.47,
P1-2524-0301,2524,Lemon_16,Fruit and vegetable,2024-03-01,298.64,2024-03-03,298.64,0.0
P1-2524-0302,2524,Lemon_16,Fruit and vegetable,2024-03-02,298.64,2024-03-04,298.64,0.0
P1-2524-0303,2524,Lemon_16,Fruit and vegetable,2024-03-03,286.65,2024-03-05,286.65,0.0
P1-2524-0304,2524,Lemon_16,Fruit and vegetable,2024-03-04,183.03,2024-03-06,183.03,0.0
P1-2524-0305,2524,Lemon_16,Fruit and vegetable,2024-03-05,200.3,2024-03-07,200.3,0.0
P1-2524-0306,2524,Lemon_16,Fruit and vegetable,2024-03-06,163.76,2024-03-08,163.76,0.0
P1-2524-0307,2524,Lemon_16,Fruit and vegetable,2024-03-07,198.0,2024-03-09,198.0,0.0
P1-2524-0308,2524,Lemon_16,Fruit and vegetable,2024-03-08,305.97,2024-03-10,305.97,0.0
P1-2524-0309,2524,Lemon_16,Fruit and vegetable,2024-03-09,360.95,2024-03-11,360.95,0.0
P1-2524-0310,2524,Lemon_16,Fruit and vegetable,2024-03-10,320.94,2024-03-12,320.94,0.0
P1-2524-0311,2524,Lemon_16,Fruit and vegetable,2024-03-11,243.34,2024-03-13,243.34,0.0
P1-2524-0312,2524,Lemon_16,Fruit and vegetable,2024-03-12,171.71,2024-03-14,171.71,0.0
P1-2524-0313,2524,Lemon_16,Fruit and vegetable,2024-03-13,240.91,2024-03-15,240.91,0.0
P1-2524-0314,2524,Lemon_16,Fruit and vegetable,2024-03-14,287.08,2024-03-16,287.08,0.0
P1-2524-0315,2524,Lemon_16,Fruit and vegetable,2024-03-15,323.85,2024-03-17,323.85,0.0
P1-2524-0316,2524,Lemon_16,Fruit and vegetable,2024-03-16,462.56,2024-03-18,462.56,0.0
P1-2524-0317,2524,Lemon_16,Fruit and vegetable,2024-03-17,289.46,2024-03-19,289.46,0.0
P1-2524-0318,2524,Lemon_16,Fruit and vegetable,2024-03-18,303.55,2024-03-20,303.55,0.0
P1-2524-0319,2524,Lemon_16,Fruit and vegetable,2024-03-19,257.35,2024-03-21,257.35,0.0
P1-2524-0320,2524,Lemon_16,Fruit and vegetable,2024-03-20,213.28,2024-03-22,213.28,0.0
P1-2524-0321,2524,Lemon_16,Fruit and vegetable,2024-03-21,262.15,2024-03-23,262.15,0.0
P1-2524-0322,2524,Lemon_16,Fruit and vegetable,2024-03-22,501.25,2024-03-24,501.25,0.0
P1-2524-0323,2524,Lemon_16,Fruit and vegetable,2024-03-23,321.39,2024-03-25,321.39,0.0
P1-2524-0324,2524,Lemon_16,Fruit and vegetable,2024-03-24,347.81,2024-03-26,347.81,0.0
P1-2524-0325,2524,Lemon_16,Fruit and vegetable,2024-03-25,368.65,2024-03-27,368.65,0.0
P1-2524-0326,2524,Lemon_16,Fruit and vegetable,2024-03-26,314.03,2024-03-28,314.03,0.0
P1-2524-0327,2524,Lemon_16,Fruit and vegetable,2024-03-27,461.12,2024-03-29,461.12,0.0
P1-2524-0328,2524,Lemon_16,Fruit and vegetable,2024-03-28,465.14,2024-03-30,465.14,0.0
P1-2524-0329,2524,Lemon_16,Fruit and vegetable,2024-03-29,453.59,2024-03-31,453.59,0.0
P1-2524-0330,2524,Lemon_16,Fruit and vegetable,2024-03-30,382.55,2024-04-01,382.55,0.0
P1-2524-0331,2524,Lemon_16,Fruit and vegetable,2024-03-31,231.57,2024-04-02,231.57,0.0
P1-2524-0401,2524,Lemon_16,Fruit and vegetable,2024-04-01,129.98,2024-04-03,129.98,0.0
P1-2524-0402,2524,Lemon_16,Fruit and vegetable,2024-04-02,263.86,2024-04-04,263.86,0.0
P1-2524-0403,2524,Lemon_16,Fruit and vegetable,2024-04-03,630.59,2024-04-05,630.59,0.0
P1-2524-0404,2524,Lemon_16,Fruit and vegetable,2024-04-04,223.55,2024-04-06,223.55,0.0
P1-2524-0405,2524,Lemon_16,Fruit and vegetable,2024-04-05,211.62,2024-04-07,211.62,0.0
P1-2524-0406,2524,Lemon_16,Fruit and vegetable,2024-04-06,132.36,2024-04-08,132.36,0.0
P1-2524-0407,2524,Lemon_16,Fruit and vegetable,2024-04-07,286.92,2024-04-09,286.92,0.0
P1-2524-0408,2524,Lemon_16,Fruit and vegetable,2024-04-08,386.85,2024-04-10,386.85,0.0
P1-2524-0409,2524,Lemon_16,Fruit and vegetable,2024-04-09,524.32,2024-04-11,524.32,0.0
P1-2524-0410,2524,Lemon_16,Fruit and vegetable,2024-04-10,134.72,2024-04-12,134.72,0.0
P1-2524-0411,2524,Lemon_16,Fruit and vegetable,2024-04-11,385.42,2024-04-13,385.42,0.0
P1-2524-0412,2524,Lemon_16,Fruit and vegetable,2024-04-12,457.98,2024-04-14,457.98,0.0
P1-2524-0413,2524,Lemon_16,Fruit and vegetable,2024-04-13,438.79,2024-04-15,438.79,0.0
P1-2524-0414,2524,Lemon_16,Fruit and vegetable,2024-04-14,344.7,2024-04-16,344.7,0.0
P1-2524-0415,2524,Lemon_16,Fruit and vegetable,2024-04-15,360.08,2024-04-17,360.08,0.0
P1-2524-0416,2524,Lemon_16,Fruit and vegetable,2024-04-16,461.37,2024-04-18,461.37,0.0
P1-2524-0417,2524,Lemon_16,Fruit and vegetable,2024-04-17,391.72,2024-04-19,391.72,0.0
P1-2524-0418,2524,Lemon_16,Fruit and vegetable,2024-04-18,305.33,2024-04-20,305.33,0.0
P1-2524-0419,2524,Lemon_16,Fruit and vegetable,2024-04-19,533.68,2024-04-21,533.68,0.0
P1-2524-0421,2524,Lemon_16,Fruit and vegetable,2024-04-21,184.58,2024-04-23,184.58,0.0
P1-2524-0422,2524,Lemon_16,Fruit and vegetable,2024-04-22,246.06,2024-04-24,246.06,0.0
P1-2524-0423,2524,Lemon_16,Fruit and vegetable,2024-04-23,370.94,2024-04-25,370.94,0.0
P1-2524-0424,2524,Lemon_16,Fruit and vegetable,2024-04-24,361.29,2024-04-26,361.29,0.0
P1-2524-0425,2524,Lemon_16,Fruit and vegetable,2024-04-25,331.58,2024-04-27,331.58,0.0
P1-2524-0426,2524,Lemon_16,Fruit and vegetable,2024-04-26,408.79,2024-04-28,408.79,0.0
P1-2524-0427,2524,Lemon_16,Fruit and vegetable,2024-04-27,383.03,2024-04-29,383.03,0.0
P1-2524-0428,2524,Lemon_16,Fruit and vegetable,2024-04-28,230.65,2024-04-30,230.65,0.0
P1-2524-0429,2524,Lemon_16,Fruit and vegetable,2024-04-29,343.72,2024-05-01,343.72,0.0
P1-2524-0430,2524,Lemon_16,Fruit and vegetable,2024-04-30,291.32,2024-05-02,291.32,0.0
P1-2524-0501,2524,Lemon_16,Fruit and vegetable,2024-05-01,465.62,2024-05-03,465.62,0.0
P1-2524-0502,2524,Lemon_16,Fruit and vegetable,2024-05-02,312.43,2024-05-04,312.43,0.0
P1-2524-0503,2524,Lemon_16,Fruit and vegetable,2024-05-03,193.18,2024-05-05,193.18,0.0
P1-2524-0504,2524,Lemon_16,Fruit and vegetable,2024-05-04,199.23,2024-05-06,199.23,0.0
P1-2524-0505,2524,Lemon_16,Fruit and vegetable,2024-05-05,349.58,2024-05-07,349.58,0.0
P1-2524-0506,2524,Lemon_16,Fruit and vegetable,2024-05-06,257.96,2024-05-08,257.96,0.0
P1-2524-0507,2524,Lemon_16,Fruit and vegetable,2024-05-07,407.25,2024-05-09,407.25,0.0
P1-2524-0508,2524,Lemon_16,Fruit and vegetable,2024-05-08,248.4,2024-05-10,248.4,0.0
P1-2524-0509,2524,Lemon_16,Fruit and vegetable,2024-05-09,316.19,2024-05-11,316.19,0.0
P1-2524-0510,2524,Lemon_16,Fruit and vegetable,2024-05-10,334.39,2024-05-12,334.39,0.0
P1-2524-0511,2524,Lemon_16,Fruit and vegetable,2024-05-11,218.53,2024-05-13,218.53,0.0
P1-2524-0512,2524,Lemon_16,Fruit and vegetable,2024-05-12,308.77,2024-05-14,308.77,0.0
P1-2524-0513,2524,Lemon_16,Fruit and vegetable,2024-05-13,292.39,2024-05-15,292.39,0.0
P1-2524-0514,2524,Lemon_16,Fruit and vegetable,2024-05-14,286.39,2024-05-16,286.39,0.0
P1-2524-0515,2524,Lemon_16,Fruit and vegetable,2024-05-15,70.81,2024-05-17,70.81,0.0
P1-2524-0516,2524,Lemon_16,Fruit and vegetable,2024-05-16,205.33,2024-05-18,205.33,0.0
P1-2524-0517,2524,Lemon_16,Fruit and vegetable,2024-05-17,247.95,2024-05-19,247.95,0.0
P1-2524-0518,2524,Lemon_16,Fruit and vegetable,2024-05-18,214.65,2024-05-20,214.65,0.0
P1-2524-0519,2524,Lemon_16,Fruit and vegetable,2024-05-19,172.86,2024-05-21,172.86,0.0
P1-2524-0520,2524,Lemon_16,Fruit and vegetable,2024-05-20,282.97,2024-05-22,282.97,0.0
P1-2524-0521,2524,Lemon_16,Fruit and vegetable,2024-05-21,313.0,2024-05-23,313.0,0.0
P1-2524-0522,2524,Lemon_16,Fruit and vegetable,2024-05-22,306.34,2024-05-24,306.34,0.0
P1-2524-0523,2524,Lemon_16,Fruit and vegetable,2024-05-23,272.57,2024-05-25,272.57,0.0
P1-2524-0524,2524,Lemon_16,Fruit and vegetable,2024-05-24,183.79,2024-05-26,183.79,0.0
P1-2524-0525,2524,Lemon_16,Fruit and vegetable,2024-05-25,244.3,2024-05-27,244.3,0.0
P1-2524-0526,2524,Lemon_16,Fruit and vegetable,2024-05-26,217.06,2024-05-28,217.06,0.0
P1-2524-0527,2524,Lemon_16,Fruit and vegetable,2024-05-27,439.88,2024-05-29,439.88,0.0
P1-2524-0528,2524,Lemon_16,Fruit and vegetable,2024-05-28,116.88,2024-05-30,116.88,0.0
P1-2524-0529,2524,Lemon_16,Fruit and vegetable,2024-05-29,92.37,2024-05-31,92.37,0.0
P1-2524-0530,2524,Lemon_16,Fruit and vegetable,2024-05-30,264.89,2024-06-01,264.89,0.0
P1-2524-0531,2524,Lemon_16,Fruit and vegetable,2024-05-31,330.14,2024-06-02,330.14,0.0
P1-2524-0601,2524,Lemon_16,Fruit and vegetable,2024-06-01,253.99,2024-06-03,253.99,0.0
P1-2524-0602,2524,Lemon_16,Fruit and vegetable,2024-06-02,284.5,2024-06-04,284.5,0.0
P1-2551-0301,2551,Chicken_98,Meat and fish,2024-03-01,48.1,2024-03-04,48.1,0.0
P1-2551-0302,2551,Chicken_98,Meat and fish,2024-03-02,48.1,2024-03-05,48.1,0.0
P1-2551-0303,2551,Chicken_98,Meat and fish,2024-03-03,45.56,2024-03-06,45.56,0.0
P1-2551-0304,2551,Chicken_98,Meat and fish,2024-03-04,11.03,2024-03-07,11.03,0.0
P1-2551-0305,2551,Chicken_98,Meat and fish,2024-03-05,16.88,2024-03-08,16.88,0.0
P1-2551-0306,2551,Chicken_98,Meat and fish,2024-03-06,26.65,2024-03-09,26.65,0.0
P1-2551-0307,2551,Chicken_98,Meat and fish,2024-03-07,17.33,2024-03-10,17.33,0.0
P1-2551-0308,2551,Chicken_98,Meat and fish,2024-03-08,32.74,2024-03-11,32.74,0.0
P1-2551-0309,2551,Chicken_98,Meat and fish,2024-03-09,27.38,2024-03-12,27.38,0.0
P1-2551-0310,2551,Chicken_98,Meat and fish,2024-03-10,15.04,2024-03-13,15.04,0.0
P1-2551-0311,2551,Chicken_98,Meat and fish,2024-03-11,21.05,2024-03-14,21.05,0.0
P1-2551-0312,2551,Chicken_98,Meat and fish,2024-03-12,31.92,2024-03-15,31.92,0.0
P1-2551-0313,2551,Chicken_98,Meat and fish,2024-03-13,13.63,2024-03-16,13.63,0.0
P1-2551-0314,2551,Chicken_98,Meat and fish,2024-03-14,50.53,2024-03-17,50.53,0.0
P1-2551-0315,2551,Chicken_98,Meat and fish,2024-03-15,64.35,2024-03-18,64.35,0.0
P1-2551-0316,2551,Chicken_98,Meat and fish,2024-03-16,15.31,2024-03-19,15.31,0.0
P1-2551-0317,2551,Chicken_98,Meat and fish,2024-03-17,7.21,2024-03-20,7.21,0.0
P1-2551-0318,2551,Chicken_98,Meat and fish,2024-03-18,24.0,2024-03-21,24.0,0.0
P1-2551-0319,2551,Chicken_98,Meat and fish,2024-03-19,38.92,2024-03-22,38.92,0.0
P1-2551-0320,2551,Chicken_98,Meat and fish,2024-03-20,46.81,2024-03-23,46.81,0.0
P1-2551-0321,2551,Chicken_98,Meat and fish,2024-03-21,37.48,2024-03-24,37.48,0.0
P1-2551-0322,2551,Chicken_98,Meat and fish,2024-03-22,54.72,2024-03-25,54.72,0.0
P1-2551-0323,2551,Chicken_98,Meat and fish,2024-03-23,9.75,2024-03-26,9.75,0.0
P1-2551-0324,2551,Chicken_98,Meat and fish,2024-03-24,8.82,2024-03-27,8.82,0.0
P1-2551-0325,2551,Chicken_98,Meat and fish,2024-03-25,39.68,2024-03-28,39.68,0.0
P1-2551-0326,2551,Chicken_98,Meat and fish,2024-03-26,10.69,2024-03-29,10.69,0.0
P1-2551-0327,2551,Chicken_98,Meat and fish,2024-03-27,52.63,2024-03-30,52.63,0.0
P1-2551-0328,2551,Chicken_98,Meat and fish,2024-03-28,76.51,2024-03-31,76.51,0.0
P1-2551-0329,2551,Chicken_98,Meat and fish,2024-03-29,38.05,2024-04-01,10.8,27.25
P1-2551-0330,2551,Chicken_98,Meat and fish,2024-03-30,5.97,2024-04-02,0.0,5.97
P1-2551-0331,2551,Chicken_98,Meat and fish,2024-03-31,1.86,2024-04-03,1.86,0.0
P1-2551-0403,2551,Chicken_98,Meat and fish,2024-04-03,43.62,2024-04-06,43.62,0.0
P1-2551-0404,2551,Chicken_98,Meat and fish,2024-04-04,74.81,2024-04-07,74.81,0.0
P1-2551-0405,2551,Chicken_98,Meat and fish,2024-04-05,49.87,2024-04-08,49.87,0.0
P1-2551-0406,2551,Chicken_98,Meat and fish,2024-04-06,52.89,2024-04-09,52.89,0.0
P1-2551-0409,2551,Chicken_98,Meat and fish,2024-04-09,18.41,2024-04-12,18.41,0.0
P1-2551-0410,2551,Chicken_98,Meat and fish,2024-04-10,16.26,2024-04-13,16.26,0.0
P1-2551-0411,2551,Chicken_98,Meat and fish,2024-04-11,52.44,2024-04-14,52.44,0.0
P1-2551-0412,2551,Chicken_98,Meat and fish,2024-04-12,51.67,2024-04-15,51.67,0.0
P1-2551-0413,2551,Chicken_98,Meat and fish,2024-04-13,64.63,2024-04-16,64.63,0.0
P1-2551-0415,2551,Chicken_98,Meat and fish,2024-04-15,11.37,2024-04-18,11.37,0.0
P1-2551-0416,2551,Chicken_98,Meat and fish,2024-04-16,10.7,2024-04-19,10.7,0.0
P1-2551-0417,2551,Chicken_98,Meat and fish,2024-04-17,29.88,2024-04-20,29.88,0.0
P1-2551-0418,2551,Chicken_98,Meat and fish,2024-04-18,13.01,2024-04-21,13.01,0.0
P1-2551-0419,2551,Chicken_98,Meat and fish,2024-04-19,59.5,2024-04-22,59.5,0.0
P1-2551-0420,2551,Chicken_98,Meat and fish,2024-04-20,56.4,2024-04-23,47.31,9.09
P1-2551-0423,2551,Chicken_98,Meat and fish,2024-04-23,23.07,2024-04-26,23.07,0.0
P1-2551-0424,2551,Chicken_98,Meat and fish,2024-04-24,8.46,2024-04-27,8.46,0.0
P1-2551-0425,2551,Chicken_98,Meat and fish,2024-04-25,56.98,2024-04-28,56.98,0.0
P1-2551-0426,2551,Chicken_98,Meat and fish,2024-04-26,17.53,2024-04-29,17.53,0.0
P1-2551-0427,2551,Chicken_98,Meat and fish,2024-04-27,21.68,2024-04-30,21.68,0.0
P1-2551-0428,2551,Chicken_98,Meat and fish,2024-04-28,17.17,2024-05-01,17.17,0.0
P1-2551-0429,2551,Chicken_98,Meat and fish,2024-04-29,32.35,2024-05-02,32.35,0.0
P1-2551-0430,2551,Chicken_98,Meat and fish,2024-04-30,56.53,2024-05-03,56.53,0.0
P1-2551-0501,2551,Chicken_98,Meat and fish,2024-05-01,52.84,2024-05-04,52.84,0.0
P1-2551-0502,2551,Chicken_98,Meat and fish,2024-05-02,18.94,2024-05-05,18.94,0.0
P1-2551-0503,2551,Chicken_98,Meat and fish,2024-05-03,55.72,2024-05-06,55.72,0.0
P1-2551-0504,2551,Chicken_98,Meat and fish,2024-05-04,25.1,2024-05-07,25.1,0.0
P1-2551-0505,2551,Chicken_98,Meat and fish,2024-05-05,4.56,2024-05-08,4.56,0.0
P1-2551-0506,2551,Chicken_98,Meat and fish,2024-05-06,40.23,2024-05-09,40.23,0.0
P1-2551-0507,2551,Chicken_98,Meat and fish,2024-05-07,54.12,2024-05-10,54.12,0.0
P1-2551-0508,2551,Chicken_98,Meat and fish,2024-05-08,11.26,2024-05-11,11.26,0.0
P1-2551-0509,2551,Chicken_98,Meat and fish,2024-05-09,30.32,2024-05-12,30.32,0.0
P1-2551-0510,2551,Chicken_98,Meat and fish,2024-05-10,34.76,2024-05-13,34.76,0.0
P1-2551-0513,2551,Chicken_98,Meat and fish,2024-05-13,36.07,2024-05-16,36.07,0.0
P1-2551-0514,2551,Chicken_98,Meat and fish,2024-05-14,41.69,2024-05-17,41.69,0.0
P1-2551-0516,2551,Chicken_98,Meat and fish,2024-05-16,22.96,2024-05-19,22.96,0.0
P1-2551-0517,2551,Chicken_98,Meat and fish,2024-05-17,51.42,2024-05-20,51.42,0.0
P1-2551-0518,2551,Chicken_98,Meat and fish,2024-05-18,33.47,2024-05-21,33.47,0.0
P1-2551-0520,2551,Chicken_98,Meat and fish,2024-05-20,26.53,2024-05-23,26.53,0.0
P1-2551-0521,2551,Chicken_98,Meat and fish,2024-05-21,49.12,2024-05-24,49.12,0.0
P1-2551-0522,2551,Chicken_98,Meat and fish,2024-05-22,6.67,2024-05-25,6.67,0.0
P1-2551-0523,2551,Chicken_98,Meat and fish,2024-05-23,42.83,2024-05-26,42.83,0.0
P1-2551-0524,2551,Chicken_98,Meat and fish,2024-05-24,61.12,2024-05-27,61.12,0.0
P1-2551-0525,2551,Chicken_98,Meat and fish,2024-05-25,37.16,2024-05-28,37.16,0.0
P1-2551-0526,2551,Chicken_98,Meat and fish,2024-05-26,6.68,2024-05-29,6.68,0.0
P1-2551-0527,2551,Chicken_98,Meat and fish,2024-05-27,11.25,2024-05-30,11.25,0.0
P1-2551-0528,2551,Chicken_98,Meat and fish,2024-05-28,10.76,2024-05-31,10.76,0.0
P1-2551-0529,2551,Chicken_98,Meat and fish,2024-05-29,29.51,2024-06-01,29.51,0.0
P1-2551-0530,2551,Chicken_98,Meat and fish,2024-05-30,60.83,2024-06-02,60.83,0.0
P1-2551-0531,2551,Chicken_98,Meat and fish,2024-05-31,34.12,2024-06-03,34.12,0.0
P1-2563-0301,2563,Pumpkin_21,Fruit and vegetable,2024-03-01,49.48,2024-03-03,49.48,0.0
P1-2563-0302,2563,Pumpkin_21,Fruit and vegetable,2024-03-02,49.48,2024-03-04,49.48,0.0
P1-2563-0303,2563,Pumpkin_21,Fruit and vegetable,2024-03-03,48.9,2024-03-05,48.9,0.0
P1-2563-0304,2563,Pumpkin_21,Fruit and vegetable,2024-03-04,38.8,2024-03-06,38.8,0.0
P1-2563-0305,2563,Pumpkin_21,Fruit and vegetable,2024-03-05,52.67,2024-03-07,52.67,0.0
P1-2563-0306,2563,Pumpkin_21,Fruit and vegetable,2024-03-06,41.24,2024-03-08,41.24,0.0
P1-2563-0307,2563,Pumpkin_21,Fruit and vegetable,2024-03-07,35.15,2024-03-09,35.15,0.0
P1-2563-0308,2563,Pumpkin_21,Fruit and vegetable,2024-03-08,53.98,2024-03-10,53.98,0.0
P1-2563-0309,2563,Pumpkin_21,Fruit and vegetable,2024-03-09,55.93,2024-03-11,55.93,0.0
P1-2563-0310,2563,Pumpkin_21,Fruit and vegetable,2024-03-10,49.99,2024-03-12,49.99,0.0
P1-2563-0311,2563,Pumpkin_21,Fruit and vegetable,2024-03-11,63.34,2024-03-13,63.34,0.0
P1-2563-0312,2563,Pumpkin_21,Fruit and vegetable,2024-03-12,34.05,2024-03-14,34.05,0.0
P1-2563-0313,2563,Pumpkin_21,Fruit and vegetable,2024-03-13,28.58,2024-03-15,28.58,0.0
P1-2563-0314,2563,Pumpkin_21,Fruit and vegetable,2024-03-14,55.48,2024-03-16,55.48,0.0
P1-2563-0315,2563,Pumpkin_21,Fruit and vegetable,2024-03-15,59.41,2024-03-17,59.41,0.0
P1-2563-0316,2563,Pumpkin_21,Fruit and vegetable,2024-03-16,38.25,2024-03-18,38.25,0.0
P1-2563-0317,2563,Pumpkin_21,Fruit and vegetable,2024-03-17,51.55,2024-03-19,51.55,0.0
P1-2563-0318,2563,Pumpkin_21,Fruit and vegetable,2024-03-18,34.29,2024-03-20,34.29,0.0
P1-2563-0319,2563,Pumpkin_21,Fruit and vegetable,2024-03-19,54.08,2024-03-21,54.08,0.0
P1-2563-0320,2563,Pumpkin_21,Fruit and vegetable,2024-03-20,46.82,2024-03-22,46.82,0.0
P1-2563-0321,2563,Pumpkin_21,Fruit and vegetable,2024-03-21,48.76,2024-03-23,48.76,0.0
P1-2563-0322,2563,Pumpkin_21,Fruit and vegetable,2024-03-22,45.96,2024-03-24,45.96,0.0
P1-2563-0323,2563,Pumpkin_21,Fruit and vegetable,2024-03-23,35.37,2024-03-25,35.37,0.0
P1-2563-0324,2563,Pumpkin_21,Fruit and vegetable,2024-03-24,31.39,2024-03-26,31.39,0.0
P1-2563-0325,2563,Pumpkin_21,Fruit and vegetable,2024-03-25,65.31,2024-03-27,65.31,0.0
P1-2563-0326,2563,Pumpkin_21,Fruit and vegetable,2024-03-26,60.64,2024-03-28,60.64,0.0
P1-2563-0327,2563,Pumpkin_21,Fruit and vegetable,2024-03-27,0.04,2024-03-29,0.04,0.0
P1-2563-0328,2563,Pumpkin_21,Fruit and vegetable,2024-03-28,46.07,2024-03-30,46.07,0.0
P1-2563-0329,2563,Pumpkin_21,Fruit and vegetable,2024-03-29,37.38,2024-03-31,37.38,0.0
P1-2563-0330,2563,Pumpkin_21,Fruit and vegetable,2024-03-30,41.81,2024-04-01,41.81,0.0
P1-2563-0331,2563,Pumpkin_21,Fruit and vegetable,2024-03-31,50.13,2024-04-02,50.13,0.0
P1-2563-0401,2563,Pumpkin_21,Fruit and vegetable,2024-04-01,9.05,2024-04-03,9.05,0.0
P1-2563-0402,2563,Pumpkin_21,Fruit and vegetable,2024-04-02,44.2,2024-04-04,44.2,0.0
P1-2563-0403,2563,Pumpkin_21,Fruit and vegetable,2024-04-03,61.22,2024-04-05,61.22,0.0
P1-2563-0404,2563,Pumpkin_21,Fruit and vegetable,2024-04-04,73.97,2024-04-06,73.97,0.0
P1-2563-0405,2563,Pumpkin_21,Fruit and vegetable,2024-04-05,19.95,2024-04-07,19.95,0.0
P1-2563-0406,2563,Pumpkin_21,Fruit and vegetable,2024-04-06,11.42,2024-04-08,11.42,0.0
P1-2563-0407,2563,Pumpkin_21,Fruit and vegetable,2024-04-07,29.57,2024-04-09,29.57,0.0
P1-2563-0408,2563,Pumpkin_21,Fruit and vegetable,2024-04-08,54.75,2024-04-10,54.75,0.0
P1-2563-0409,2563,Pumpkin_21,Fruit and vegetable,2024-04-09,38.31,2024-04-11,38.31,0.0
P1-2563-0410,2563,Pumpkin_21,Fruit and vegetable,2024-04-10,5.53,2024-04-12,5.53,0.0
P1-2563-0411,2563,Pumpkin_21,Fruit and vegetable,2024-04-11,17.35,2024-04-13,17.35,0.0
P1-2563-0412,2563,Pumpkin_21,Fruit and vegetable,2024-04-12,24.71,2024-04-14,24.71,0.0
P1-2563-0413,2563,Pumpkin_21,Fruit and vegetable,2024-04-13,35.61,2024-04-15,35.61,0.0
P1-2563-0414,2563,Pumpkin_21,Fruit and vegetable,2024-04-14,35.26,2024-04-16,35.26,0.0
P1-2563-0415,2563,Pumpkin_21,Fruit and vegetable,2024-04-15,30.62,2024-04-17,30.62,0.0
P1-2563-0416,2563,Pumpkin_21,Fruit and vegetable,2024-04-16,29.27,2024-04-18,29.27,0.0
P1-2563-0417,2563,Pumpkin_21,Fruit and vegetable,2024-04-17,47.44,2024-04-19,47.44,0.0
P1-2563-0418,2563,Pumpkin_21,Fruit and vegetable,2024-04-18,26.23,2024-04-20,26.23,0.0
P1-2563-0419,2563,Pumpkin_21,Fruit and vegetable,2024-04-19,45.38,2024-04-21,45.38,0.0
P1-2563-0420,2563,Pumpkin_21,Fruit and vegetable,2024-04-20,48.26,2024-04-22,48.26,0.0
P1-2563-0421,2563,Pumpkin_21,Fruit and vegetable,2024-04-21,25.18,2024-04-23,25.18,0.0
P1-2563-0422,2563,Pumpkin_21,Fruit and vegetable,2024-04-22,54.89,2024-04-24,54.89,0.0
P1-2563-0423,2563,Pumpkin_21,Fruit and vegetable,2024-04-23,12.04,2024-04-25,12.04,0.0
P1-2563-0424,2563,Pumpkin_21,Fruit and vegetable,2024-04-24,36.21,2024-04-26,36.21,0.0
P1-2563-0425,2563,Pumpkin_21,Fruit and vegetable,2024-04-25,33.52,2024-04-27,33.52,0.0
P1-2563-0426,2563,Pumpkin_21,Fruit and vegetable,2024-04-26,53.38,2024-04-28,49.77,3.61
P1-2563-0428,2563,Pumpkin_21,Fruit and vegetable,2024-04-28,23.42,2024-04-30,23.42,0.0
P1-2563-0429,2563,Pumpkin_21,Fruit and vegetable,2024-04-29,21.69,2024-05-01,21.69,0.0
P1-2563-0430,2563,Pumpkin_21,Fruit and vegetable,2024-04-30,41.01,2024-05-02,41.01,0.0
P1-2563-0501,2563,Pumpkin_21,Fruit and vegetable,2024-05-01,37.95,2024-05-03,37.95,0.0
P1-2563-0502,2563,Pumpkin_21,Fruit and vegetable,2024-05-02,2.52,2024-05-04,2.52,0.0
P1-2563-0503,2563,Pumpkin_21,Fruit and vegetable,2024-05-03,31.48,2024-05-05,31.48,0.0
P1-2563-0504,2563,Pumpkin_21,Fruit and vegetable,2024-05-04,30.86,2024-05-06,30.86,0.0
P1-2563-0505,2563,Pumpkin_21,Fruit and vegetable,2024-05-05,26.76,2024-05-07,26.76,0.0
P1-2563-0506,2563,Pumpkin_21,Fruit and vegetable,2024-05-06,40.37,2024-05-08,40.37,0.0
P1-2563-0507,2563,Pumpkin_21,Fruit and vegetable,2024-05-07,17.71,2024-05-09,17.71,0.0
P1-2563-0508,2563,Pumpkin_21,Fruit and vegetable,2024-05-08,26.37,2024-05-10,26.37,0.0
P1-2563-0509,2563,Pumpkin_21,Fruit and vegetable,2024-05-09,22.9,2024-05-11,22.9,0.0
P1-2563-0510,2563,Pumpkin_21,Fruit and vegetable,2024-05-10,32.88,2024-05-12,32.88,0.0
P1-2563-0511,2563,Pumpkin_21,Fruit and vegetable,2024-05-11,5.9,2024-05-13,5.9,0.0
P1-2563-0512,2563,Pumpkin_21,Fruit and vegetable,2024-05-12,35.75,2024-05-14,35.75,0.0
P1-2563-0513,2563,Pumpkin_21,Fruit and vegetable,2024-05-13,47.32,2024-05-15,47.32,0.0
P1-2563-0514,2563,Pumpkin_21,Fruit and vegetable,2024-05-14,10.45,2024-05-16,10.45,0.0
P1-2563-0515,2563,Pumpkin_21,Fruit and vegetable,2024-05-15,17.68,2024-05-17,17.68,0.0
P1-2563-0516,2563,Pumpkin_21,Fruit and vegetable,2024-05-16,48.44,2024-05-18,48.44,0.0
P1-2563-0517,2563,Pumpkin_21,Fruit and vegetable,2024-05-17,36.21,2024-05-19,36.21,0.0
P1-2563-0518,2563,Pumpkin_21,Fruit and vegetable,2024-05-18,39.01,2024-05-20,39.01,0.0
P1-2563-0519,2563,Pumpkin_21,Fruit and vegetable,2024-05-19,30.5,2024-05-21,30.5,0.0
P1-2563-0520,2563,Pumpkin_21,Fruit and vegetable,2024-05-20,13.06,2024-05-22,13.06,0.0
P1-2563-0521,2563,Pumpkin_21,Fruit and vegetable,2024-05-21,27.69,2024-05-23,27.69,0.0
P1-2563-0522,2563,Pumpkin_21,Fruit and vegetable,2024-05-22,43.22,2024-05-24,43.22,0.0
P1-2563-0523,2563,Pumpkin_21,Fruit and vegetable,2024-05-23,39.47,2024-05-25,39.47,0.0
P1-2563-0524,2563,Pumpkin_21,Fruit and vegetable,2024-05-24,24.23,2024-05-26,24.23,0.0
P1-2563-0525,2563,Pumpkin_21,Fruit and vegetable,2024-05-25,19.1,2024-05-27,19.1,0.0
P1-2563-0526,2563,Pumpkin_21,Fruit and vegetable,2024-05-26,21.35,2024-05-28,21.35,0.0
P1-2563-0527,2563,Pumpkin_21,Fruit and vegetable,2024-05-27,30.75,2024-05-29,30.75,0.0
P1-2563-0528,2563,Pumpkin_21,Fruit and vegetable,2024-05-28,41.82,2024-05-30,32.77,9.05
P1-2563-0530,2563,Pumpkin_21,Fruit and vegetable,2024-05-30,23.8,2024-06-01,23.8,0.0
P1-2563-0531,2563,Pumpkin_21,Fruit and vegetable,2024-05-31,20.41,2024-06-02,20.41,0.0
P1-2563-0601,2563,Pumpkin_21,Fruit and vegetable,2024-06-01,44.87,2024-06-03,44.87,0.0
P1-2563-0602,2563,Pumpkin_21,Fruit and vegetable,2024-06-02,43.9,2024-06-04,9.56,
P1-2584-0301,2584,Roll_60,Bakery,2024-03-01,96.22,2024-03-02,96.22,0.0
P1-2584-0302,2584,Roll_60,Bakery,2024-03-02,96.22,2024-03-03,96.22,0.0
P1-2584-0303,2584,Roll_60,Bakery,2024-03-03,95.73,2024-03-04,95.73,0.0
P1-2584-0304,2584,Roll_60,Bakery,2024-03-04,84.02,2024-03-05,84.02,0.0
P1-2584-0305,2584,Roll_60,Bakery,2024-03-05,69.14,2024-03-06,69.14,0.0
P1-2584-0306,2584,Roll_60,Bakery,2024-03-06,83.7,2024-03-07,83.7,0.0
P1-2584-0307,2584,Roll_60,Bakery,2024-03-07,61.59,2024-03-08,61.59,0.0
P1-2584-0308,2584,Roll_60,Bakery,2024-03-08,64.9,2024-03-09,64.9,0.0
P1-2584-0309,2584,Roll_60,Bakery,2024-03-09,104.24,2024-03-10,104.24,0.0
P1-2584-0310,2584,Roll_60,Bakery,2024-03-10,51.74,2024-03-11,51.74,0.0
P1-2584-0311,2584,Roll_60,Bakery,2024-03-11,70.03,2024-03-12,70.03,0.0
P1-2584-0312,2584,Roll_60,Bakery,2024-03-12,92.37,2024-03-13,92.37,0.0
P1-2584-0313,2584,Roll_60,Bakery,2024-03-13,62.87,2024-03-14,62.87,0.0
P1-2584-0314,2584,Roll_60,Bakery,2024-03-14,96.39,2024-03-15,96.39,0.0
P1-2584-0315,2584,Roll_60,Bakery,2024-03-15,85.16,2024-03-16,85.16,0.0
P1-2584-0316,2584,Roll_60,Bakery,2024-03-16,40.93,2024-03-17,40.93,0.0
P1-2584-0317,2584,Roll_60,Bakery,2024-03-17,71.55,2024-03-18,70.85,0.69
P1-2584-0318,2584,Roll_60,Bakery,2024-03-18,45.16,2024-03-19,45.16,0.0
P1-2584-0319,2584,Roll_60,Bakery,2024-03-19,39.17,2024-03-20,39.17,0.0
P1-2584-0320,2584,Roll_60,Bakery,2024-03-20,130.98,2024-03-21,115.81,15.17
P1-2584-0322,2584,Roll_60,Bakery,2024-03-22,101.94,2024-03-23,101.94,0.0
P1-2584-0323,2584,Roll_60,Bakery,2024-03-23,85.98,2024-03-24,85.98,0.0
P1-2584-0324,2584,Roll_60,Bakery,2024-03-24,78.95,2024-03-25,78.95,0.0
P1-2584-0325,2584,Roll_60,Bakery,2024-03-25,80.81,2024-03-26,80.81,0.0
P1-2584-0326,2584,Roll_60,Bakery,2024-03-26,50.43,2024-03-27,50.43,0.0
P1-2584-0327,2584,Roll_60,Bakery,2024-03-27,54.85,2024-03-28,54.85,0.0
P1-2584-0328,2584,Roll_60,Bakery,2024-03-28,74.97,2024-03-29,74.97,0.0
P1-2584-0329,2584,Roll_60,Bakery,2024-03-29,112.61,2024-03-30,112.61,0.0
P1-2584-0330,2584,Roll_60,Bakery,2024-03-30,87.91,2024-03-31,87.91,0.0
P1-2584-0331,2584,Roll_60,Bakery,2024-03-31,62.64,2024-04-01,62.64,0.0
P1-2584-0401,2584,Roll_60,Bakery,2024-04-01,58.32,2024-04-02,58.32,0.0
P1-2584-0402,2584,Roll_60,Bakery,2024-04-02,66.99,2024-04-03,66.99,0.0
P1-2584-0403,2584,Roll_60,Bakery,2024-04-03,87.66,2024-04-04,87.66,0.0
P1-2584-0404,2584,Roll_60,Bakery,2024-04-04,68.83,2024-04-05,68.83,0.0
P1-2584-0405,2584,Roll_60,Bakery,2024-04-05,72.02,2024-04-06,72.02,0.0
P1-2584-0406,2584,Roll_60,Bakery,2024-04-06,43.41,2024-04-07,43.41,0.0
P1-2584-0407,2584,Roll_60,Bakery,2024-04-07,96.68,2024-04-08,96.68,0.0
P1-2584-0408,2584,Roll_60,Bakery,2024-04-08,47.45,2024-04-09,47.45,0.0
P1-2584-0409,2584,Roll_60,Bakery,2024-04-09,65.66,2024-04-10,65.66,0.0
P1-2584-0410,2584,Roll_60,Bakery,2024-04-10,37.08,2024-04-11,37.08,0.0
P1-2584-0411,2584,Roll_60,Bakery,2024-04-11,68.41,2024-04-12,68.41,0.0
P1-2584-0412,2584,Roll_60,Bakery,2024-04-12,96.13,2024-04-13,96.13,0.0
P1-2584-0413,2584,Roll_60,Bakery,2024-04-13,71.26,2024-04-14,71.26,0.0
P1-2584-0414,2584,Roll_60,Bakery,2024-04-14,80.45,2024-04-15,80.45,0.0
P1-2584-0415,2584,Roll_60,Bakery,2024-04-15,56.64,2024-04-16,56.64,0.0
P1-2584-0416,2584,Roll_60,Bakery,2024-04-16,60.9,2024-04-17,60.9,0.0
P1-2584-0417,2584,Roll_60,Bakery,2024-04-17,107.42,2024-04-18,107.42,0.0
P1-2584-0418,2584,Roll_60,Bakery,2024-04-18,32.14,2024-04-19,32.14,0.0
P1-2584-0419,2584,Roll_60,Bakery,2024-04-19,106.26,2024-04-20,106.26,0.0
P1-2584-0420,2584,Roll_60,Bakery,2024-04-20,48.44,2024-04-21,48.44,0.0
P1-2584-0421,2584,Roll_60,Bakery,2024-04-21,88.59,2024-04-22,88.59,0.0
P1-2584-0422,2584,Roll_60,Bakery,2024-04-22,60.29,2024-04-23,60.29,0.0
P1-2584-0423,2584,Roll_60,Bakery,2024-04-23,94.58,2024-04-24,94.58,0.0
P1-2584-0424,2584,Roll_60,Bakery,2024-04-24,37.5,2024-04-25,37.5,0.0
P1-2584-0425,2584,Roll_60,Bakery,2024-04-25,51.98,2024-04-26,51.98,0.0
P1-2584-0426,2584,Roll_60,Bakery,2024-04-26,88.38,2024-04-27,88.38,0.0
P1-2584-0427,2584,Roll_60,Bakery,2024-04-27,90.0,2024-04-28,90.0,0.0
P1-2584-0428,2584,Roll_60,Bakery,2024-04-28,44.5,2024-04-29,44.5,0.0
P1-2584-0429,2584,Roll_60,Bakery,2024-04-29,80.69,2024-04-30,80.69,0.0
P1-2584-0430,2584,Roll_60,Bakery,2024-04-30,36.92,2024-05-01,36.92,0.0
P1-2584-0501,2584,Roll_60,Bakery,2024-05-01,77.97,2024-05-02,77.97,0.0
P1-2584-0502,2584,Roll_60,Bakery,2024-05-02,70.52,2024-05-03,70.52,0.0
P1-2584-0503,2584,Roll_60,Bakery,2024-05-03,84.01,2024-05-04,84.01,0.0
P1-2584-0504,2584,Roll_60,Bakery,2024-05-04,20.01,2024-05-05,20.01,0.0
P1-2584-0505,2584,Roll_60,Bakery,2024-05-05,106.17,2024-05-06,106.17,0.0
P1-2584-0506,2584,Roll_60,Bakery,2024-05-06,83.4,2024-05-07,83.4,0.0
P1-2584-0507,2584,Roll_60,Bakery,2024-05-07,90.29,2024-05-08,90.29,0.0
P1-2584-0508,2584,Roll_60,Bakery,2024-05-08,103.22,2024-05-09,103.22,0.0
P1-2584-0509,2584,Roll_60,Bakery,2024-05-09,103.75,2024-05-10,103.75,0.0
P1-2584-0510,2584,Roll_60,Bakery,2024-05-10,106.73,2024-05-11,106.73,0.0
P1-2584-0511,2584,Roll_60,Bakery,2024-05-11,97.94,2024-05-12,97.94,0.0
P1-2584-0512,2584,Roll_60,Bakery,2024-05-12,89.7,2024-05-13,88.32,1.38
P1-2584-0513,2584,Roll_60,Bakery,2024-05-13,52.98,2024-05-14,52.98,0.0
P1-2584-0514,2584,Roll_60,Bakery,2024-05-14,69.72,2024-05-15,69.72,0.0
P1-2584-0515,2584,Roll_60,Bakery,2024-05-15,84.11,2024-05-16,84.11,0.0
P1-2584-0516,2584,Roll_60,Bakery,2024-05-16,87.98,2024-05-17,87.98,0.0
P1-2584-0517,2584,Roll_60,Bakery,2024-05-17,64.32,2024-05-18,64.32,0.0
P1-2584-0518,2584,Roll_60,Bakery,2024-05-18,69.98,2024-05-19,69.98,0.0
P1-2584-0519,2584,Roll_60,Bakery,2024-05-19,107.35,2024-05-20,107.35,0.0
P1-2584-0520,2584,Roll_60,Bakery,2024-05-20,11.45,2024-05-21,11.45,0.0
P1-2584-0521,2584,Roll_60,Bakery,2024-05-21,92.25,2024-05-22,88.92,3.34
P1-2584-0522,2584,Roll_60,Bakery,2024-05-22,93.05,2024-05-23,77.56,15.49
P1-2584-0523,2584,Roll_60,Bakery,2024-05-23,7.33,2024-05-24,7.33,0.0
P1-2584-0524,2584,Roll_60,Bakery,2024-05-24,146.15,2024-05-25,146.01,0.14
P1-2584-0525,2584,Roll_60,Bakery,2024-05-25,32.96,2024-05-26,32.96,0.0
P1-2584-0526,2584,Roll_60,Bakery,2024-05-26,74.23,2024-05-27,74.23,0.0
P1-2584-0527,2584,Roll_60,Bakery,2024-05-27,106.96,2024-05-28,106.96,0.0
P1-2584-0528,2584,Roll_60,Bakery,2024-05-28,49.2,2024-05-29,46.21,2.99
P1-2584-0529,2584,Roll_60,Bakery,2024-05-29,30.08,2024-05-30,30.08,0.0
P1-2584-0530,2584,Roll_60,Bakery,2024-05-30,78.41,2024-05-31,78.41,0.0
P1-2584-0531,2584,Roll_60,Bakery,2024-05-31,87.97,2024-06-01,87.97,0.0
P1-2584-0601,2584,Roll_60,Bakery,2024-06-01,87.12,2024-06-02,87.12,0.0
P1-2584-0602,2584,Roll_60,Bakery,2024-06-02,106.95,2024-06-03,26.57,
P1-2643-0301,2643,Pastry_201,Bakery,2024-03-01,776.65,2024-03-02,776.65,0.0
P1-2643-0302,2643,Pastry_201,Bakery,2024-03-02,776.65,2024-03-03,776.65,0.0
P1-2643-0303,2643,Pastry_201,Bakery,2024-03-03,764.95,2024-03-04,764.95,0.0
P1-2643-0304,2643,Pastry_201,Bakery,2024-03-04,593.49,2024-03-05,593.49,0.0
P1-2643-0305,2643,Pastry_201,Bakery,2024-03-05,595.17,2024-03-06,595.17,0.0
P1-2643-0306,2643,Pastry_201,Bakery,2024-03-06,579.21,2024-03-07,579.21,0.0
P1-2643-0307,2643,Pastry_201,Bakery,2024-03-07,574.15,2024-03-08,574.15,0.0
P1-2643-0308,2643,Pastry_201,Bakery,2024-03-08,489.35,2024-03-09,489.35,0.0
P1-2643-0309,2643,Pastry_201,Bakery,2024-03-09,615.4,2024-03-10,615.4,0.0
P1-2643-0310,2643,Pastry_201,Bakery,2024-03-10,585.04,2024-03-11,585.04,0.0
P1-2643-0311,2643,Pastry_201,Bakery,2024-03-11,588.88,2024-03-12,588.88,0.0
P1-2643-0312,2643,Pastry_201,Bakery,2024-03-12,569.73,2024-03-13,569.73,0.0
P1-2643-0313,2643,Pastry_201,Bakery,2024-03-13,529.27,2024-03-14,529.27,0.0
P1-2643-0314,2643,Pastry_201,Bakery,2024-03-14,465.82,2024-03-15,465.82,0.0
P1-2643-0315,2643,Pastry_201,Bakery,2024-03-15,779.84,2024-03-16,779.84,0.0
P1-2643-0316,2643,Pastry_201,Bakery,2024-03-16,542.11,2024-03-17,542.11,0.0
P1-2643-0317,2643,Pastry_201,Bakery,2024-03-17,695.24,2024-03-18,695.24,0.0
P1-2643-0318,2643,Pastry_201,Bakery,2024-03-18,704.68,2024-03-19,704.68,0.0
P1-2643-0319,2643,Pastry_201,Bakery,2024-03-19,474.18,2024-03-20,474.18,0.0
P1-2643-0320,2643,Pastry_201,Bakery,2024-03-20,662.78,2024-03-21,662.78,0.0
P1-2643-0321,2643,Pastry_201,Bakery,2024-03-21,470.72,2024-03-22,470.72,0.0
P1-2643-0322,2643,Pastry_201,Bakery,2024-03-22,681.35,2024-03-23,681.35,0.0
P1-2643-0323,2643,Pastry_201,Bakery,2024-03-23,838.33,2024-03-24,838.33,0.0
P1-2643-0324,2643,Pastry_201,Bakery,2024-03-24,567.67,2024-03-25,567.67,0.0
P1-2643-0325,2643,Pastry_201,Bakery,2024-03-25,349.4,2024-03-26,349.4,0.0
P1-2643-0326,2643,Pastry_201,Bakery,2024-03-26,728.23,2024-03-27,728.23,0.0
P1-2643-0327,2643,Pastry_201,Bakery,2024-03-27,546.6,2024-03-28,546.6,0.0
P1-2643-0328,2643,Pastry_201,Bakery,2024-03-28,897.04,2024-03-29,897.04,0.0
P1-2643-0329,2643,Pastry_201,Bakery,2024-03-29,910.9,2024-03-30,910.9,0.0
P1-2643-0330,2643,Pastry_201,Bakery,2024-03-30,410.45,2024-03-31,410.45,0.0
P1-2643-0331,2643,Pastry_201,Bakery,2024-03-31,574.82,2024-04-01,574.82,0.0
P1-2643-0401,2643,Pastry_201,Bakery,2024-04-01,677.72,2024-04-02,677.72,0.0
P1-2643-0402,2643,Pastry_201,Bakery,2024-04-02,486.02,2024-04-03,486.02,0.0
P1-2643-0403,2643,Pastry_201,Bakery,2024-04-03,638.0,2024-04-04,638.0,0.0
P1-2643-0404,2643,Pastry_201,Bakery,2024-04-04,757.26,2024-04-05,757.26,0.0
P1-2643-0405,2643,Pastry_201,Bakery,2024-04-05,581.14,2024-04-06,581.14,0.0
P1-2643-0406,2643,Pastry_201,Bakery,2024-04-06,801.91,2024-04-07,801.91,0.0
P1-2643-0407,2643,Pastry_201,Bakery,2024-04-07,816.44,2024-04-08,816.44,0.0
P1-2643-0408,2643,Pastry_201,Bakery,2024-04-08,721.05,2024-04-09,721.05,0.0
P1-2643-0409,2643,Pastry_201,Bakery,2024-04-09,571.81,2024-04-10,571.81,0.0
P1-2643-0410,2643,Pastry_201,Bakery,2024-04-10,595.17,2024-04-11,595.17,0.0
P1-2643-0411,2643,Pastry_201,Bakery,2024-04-11,935.86,2024-04-12,935.86,0.0
P1-2643-0412,2643,Pastry_201,Bakery,2024-04-12,603.76,2024-04-13,603.76,0.0
P1-2643-0413,2643,Pastry_201,Bakery,2024-04-13,526.3,2024-04-14,526.3,0.0
P1-2643-0414,2643,Pastry_201,Bakery,2024-04-14,1005.5,2024-04-15,1005.5,0.0
P1-2643-0415,2643,Pastry_201,Bakery,2024-04-15,146.18,2024-04-16,146.18,0.0
P1-2643-0416,2643,Pastry_201,Bakery,2024-04-16,708.56,2024-04-17,708.56,0.0
P1-2643-0417,2643,Pastry_201,Bakery,2024-04-17,586.34,2024-04-18,586.34,0.0
P1-2643-0418,2643,Pastry_201,Bakery,2024-04-18,451.22,2024-04-19,451.22,0.0
P1-2643-0419,2643,Pastry_201,Bakery,2024-04-19,701.03,2024-04-20,701.03,0.0
P1-2643-0420,2643,Pastry_201,Bakery,2024-04-20,746.34,2024-04-21,746.34,0.0
P1-2643-0421,2643,Pastry_201,Bakery,2024-04-21,465.94,2024-04-22,465.94,0.0
P1-2643-0422,2643,Pastry_201,Bakery,2024-04-22,552.43,2024-04-23,552.43,0.0
P1-2643-0423,2643,Pastry_201,Bakery,2024-04-23,543.28,2024-04-24,543.28,0.0
P1-2643-0424,2643,Pastry_201,Bakery,2024-04-24,550.73,2024-04-25,550.73,0.0
P1-2643-0425,2643,Pastry_201,Bakery,2024-04-25,563.39,2024-04-26,563.39,0.0
P1-2643-0426,2643,Pastry_201,Bakery,2024-04-26,561.51,2024-04-27,561.51,0.0
P1-2643-0427,2643,Pastry_201,Bakery,2024-04-27,681.84,2024-04-28,681.84,0.0
P1-2643-0428,2643,Pastry_201,Bakery,2024-04-28,514.78,2024-04-29,514.78,0.0
P1-2643-0429,2643,Pastry_201,Bakery,2024-04-29,761.4,2024-04-30,761.4,0.0
P1-2643-0430,2643,Pastry_201,Bakery,2024-04-30,494.57,2024-05-01,494.57,0.0
P1-2643-0501,2643,Pastry_201,Bakery,2024-05-01,417.37,2024-05-02,417.37,0.0
P1-2643-0502,2643,Pastry_201,Bakery,2024-05-02,548.87,2024-05-03,548.87,0.0
P1-2643-0503,2643,Pastry_201,Bakery,2024-05-03,688.61,2024-05-04,688.61,0.0
P1-2643-0504,2643,Pastry_201,Bakery,2024-05-04,359.05,2024-05-05,359.05,0.0
P1-2643-0505,2643,Pastry_201,Bakery,2024-05-05,723.32,2024-05-06,723.32,0.0
P1-2643-0506,2643,Pastry_201,Bakery,2024-05-06,620.0,2024-05-07,620.0,0.0
P1-2643-0507,2643,Pastry_201,Bakery,2024-05-07,572.59,2024-05-08,572.59,0.0
P1-2643-0508,2643,Pastry_201,Bakery,2024-05-08,703.02,2024-05-09,703.02,0.0
P1-2643-0509,2643,Pastry_201,Bakery,2024-05-09,627.58,2024-05-10,627.58,0.0
P1-2643-0510,2643,Pastry_201,Bakery,2024-05-10,538.23,2024-05-11,538.23,0.0
P1-2643-0511,2643,Pastry_201,Bakery,2024-05-11,730.75,2024-05-12,730.75,0.0
P1-2643-0512,2643,Pastry_201,Bakery,2024-05-12,701.68,2024-05-13,701.68,0.0
P1-2643-0513,2643,Pastry_201,Bakery,2024-05-13,345.89,2024-05-14,345.89,0.0
P1-2643-0514,2643,Pastry_201,Bakery,2024-05-14,579.12,2024-05-15,579.12,0.0
P1-2643-0515,2643,Pastry_201,Bakery,2024-05-15,718.61,2024-05-16,718.61,0.0
P1-2643-0516,2643,Pastry_201,Bakery,2024-05-16,333.87,2024-05-17,333.87,0.0
P1-2643-0517,2643,Pastry_201,Bakery,2024-05-17,744.49,2024-05-18,744.49,0.0
P1-2643-0518,2643,Pastry_201,Bakery,2024-05-18,490.29,2024-05-19,490.29,0.0
P1-2643-0519,2643,Pastry_201,Bakery,2024-05-19,607.53,2024-05-20,607.53,0.0
P1-2643-0520,2643,Pastry_201,Bakery,2024-05-20,465.59,2024-05-21,465.59,0.0
P1-2643-0521,2643,Pastry_201,Bakery,2024-05-21,569.45,2024-05-22,569.45,0.0
P1-2643-0522,2643,Pastry_201,Bakery,2024-05-22,571.79,2024-05-23,571.79,0.0
P1-2643-0523,2643,Pastry_201,Bakery,2024-05-23,420.29,2024-05-24,420.29,0.0
P1-2643-0524,2643,Pastry_201,Bakery,2024-05-24,460.09,2024-05-25,460.09,0.0
P1-2643-0525,2643,Pastry_201,Bakery,2024-05-25,592.21,2024-05-26,592.21,0.0
P1-2643-0526,2643,Pastry_201,Bakery,2024-05-26,195.83,2024-05-27,195.83,0.0
P1-2643-0527,2643,Pastry_201,Bakery,2024-05-27,549.85,2024-05-28,549.85,0.0
P1-2643-0528,2643,Pastry_201,Bakery,2024-05-28,273.53,2024-05-29,273.53,0.0
P1-2643-0529,2643,Pastry_201,Bakery,2024-05-29,614.42,2024-05-30,614.42,0.0
P1-2643-0530,2643,Pastry_201,Bakery,2024-05-30,254.08,2024-05-31,254.08,0.0
P1-2643-0531,2643,Pastry_201,Bakery,2024-05-31,647.11,2024-06-01,647.11,0.0
P1-2643-0601,2643,Pastry_201,Bakery,2024-06-01,304.6,2024-06-02,304.6,0.0
P1-2643-0602,2643,Pastry_201,Bakery,2024-06-02,542.71,2024-06-03,542.71,0.0
P1-2662-0301,2662,Raspberry_12,Fruit and vegetable,2024-03-01,210.91,2024-03-03,210.91,0.0
P1-2662-0302,2662,Raspberry_12,Fruit and vegetable,2024-03-02,210.91,2024-03-04,210.91,0.0
P1-2662-0303,2662,Raspberry_12,Fruit and vegetable,2024-03-03,200.61,2024-03-05,200.61,0.0
P1-2662-0304,2662,Raspberry_12,Fruit and vegetable,2024-03-04,115.25,2024-03-06,115.25,0.0
P1-2662-0306,2662,Raspberry_12,Fruit and vegetable,2024-03-06,164.44,2024-03-08,164.44,0.0
P1-2662-0307,2662,Raspberry_12,Fruit and vegetable,2024-03-07,107.58,2024-03-09,107.58,0.0
P1-2662-0308,2662,Raspberry_12,Fruit and vegetable,2024-03-08,169.36,2024-03-10,169.36,0.0
P1-2662-0309,2662,Raspberry_12,Fruit and vegetable,2024-03-09,163.06,2024-03-11,163.06,0.0
P1-2662-0310,2662,Raspberry_12,Fruit and vegetable,2024-03-10,110.23,2024-03-12,110.23,0.0
P1-2662-0311,2662,Raspberry_12,Fruit and vegetable,2024-03-11,179.29,2024-03-13,179.29,0.0
P1-2662-0313,2662,Raspberry_12,Fruit and vegetable,2024-03-13,189.79,2024-03-15,189.79,0.0
P1-2662-0314,2662,Raspberry_12,Fruit and vegetable,2024-03-14,117.7,2024-03-16,117.7,0.0
P1-2662-0315,2662,Raspberry_12,Fruit and vegetable,2024-03-15,260.94,2024-03-17,260.94,0.0
P1-2662-0329,2662,Raspberry_12,Fruit and vegetable,2024-03-29,229.23,2024-03-31,229.23,0.0
P1-2662-0330,2662,Raspberry_12,Fruit and vegetable,2024-03-30,203.65,2024-04-01,203.65,0.0
P1-2662-0331,2662,Raspberry_12,Fruit and vegetable,2024-03-31,114.07,2024-04-02,114.07,0.0
P1-2662-0401,2662,Raspberry_12,Fruit and vegetable,2024-04-01,100.0,2024-04-03,100.0,0.0
P1-2662-0402,2662,Raspberry_12,Fruit and vegetable,2024-04-02,150.6,2024-04-04,150.6,0.0
P1-2662-0403,2662,Raspberry_12,Fruit and vegetable,2024-04-03,289.58,2024-04-05,289.58,0.0
P1-2662-0404,2662,Raspberry_12,Fruit and vegetable,2024-04-04,234.73,2024-04-06,234.73,0.0
P1-2662-0405,2662,Raspberry_12,Fruit and vegetable,2024-04-05,87.96,2024-04-07,87.96,0.0
P1-2662-0406,2662,Raspberry_12,Fruit and vegetable,2024-04-06,109.67,2024-04-08,109.67,0.0
P1-2662-0407,2662,Raspberry_12,Fruit and vegetable,2024-04-07,122.38,2024-04-09,122.38,0.0
P1-2662-0408,2662,Raspberry_12,Fruit and vegetable,2024-04-08,165.13,2024-04-10,165.13,0.0
P1-2662-0409,2662,Raspberry_12,Fruit and vegetable,2024-04-09,243.99,2024-04-11,243.99,0.0
P1-2662-0411,2662,Raspberry_12,Fruit and vegetable,2024-04-11,207.07,2024-04-13,207.07,0.0
P1-2662-0412,2662,Raspberry_12,Fruit and vegetable,2024-04-12,182.08,2024-04-14,182.08,0.0
P1-2662-0413,2662,Raspberry_12,Fruit and vegetable,2024-04-13,232.1,2024-04-15,232.1,0.0
P1-2662-0414,2662,Raspberry_12,Fruit and vegetable,2024-04-14,194.07,2024-04-16,194.07,0.0
P1-2662-0415,2662,Raspberry_12,Fruit and vegetable,2024-04-15,104.99,2024-04-17,104.99,0.0
P1-2662-0416,2662,Raspberry_12,Fruit and vegetable,2024-04-16,262.9,2024-04-18,262.9,0.0
P1-2662-0417,2662,Raspberry_12,Fruit and vegetable,2024-04-17,186.66,2024-04-19,186.66,0.0
P1-2662-0418,2662,Raspberry_12,Fruit and vegetable,2024-04-18,104.47,2024-04-20,104.47,0.0
P1-2662-0419,2662,Raspberry_12,Fruit and vegetable,2024-04-19,162.6,2024-04-21,162.6,0.0
P1-2662-0420,2662,Raspberry_12,Fruit and vegetable,2024-04-20,300.75,2024-04-22,300.75,0.0
P1-2662-0421,2662,Raspberry_12,Fruit and vegetable,2024-04-21,49.15,2024-04-23,49.15,0.0
P1-2662-0422,2662,Raspberry_12,Fruit and vegetable,2024-04-22,218.91,2024-04-24,218.91,0.0
P1-2662-0423,2662,Raspberry_12,Fruit and vegetable,2024-04-23,210.75,2024-04-25,210.75,0.0
P1-2662-0424,2662,Raspberry_12,Fruit and vegetable,2024-04-24,100.12,2024-04-26,100.12,0.0
P1-2662-0425,2662,Raspberry_12,Fruit and vegetable,2024-04-25,233.59,2024-04-27,233.59,0.0
P1-2662-0426,2662,Raspberry_12,Fruit and vegetable,2024-04-26,281.0,2024-04-28,281.0,0.0
P1-2662-0427,2662,Raspberry_12,Fruit and vegetable,2024-04-27,171.3,2024-04-29,171.3,0.0
P1-2662-0428,2662,Raspberry_12,Fruit and vegetable,2024-04-28,160.71,2024-04-30,160.71,0.0
P1-2662-0429,2662,Raspberry_12,Fruit and vegetable,2024-04-29,193.32,2024-05-01,193.32,0.0
P1-2662-0430,2662,Raspberry_12,Fruit and vegetable,2024-04-30,78.41,2024-05-02,78.41,0.0
P1-2662-0501,2662,Raspberry_12,Fruit and vegetable,2024-05-01,155.03,2024-05-03,155.03,0.0
P1-2662-0503,2662,Raspberry_12,Fruit and vegetable,2024-05-03,268.1,2024-05-05,268.1,0.0
P1-2662-0504,2662,Raspberry_12,Fruit and vegetable,2024-05-04,97.87,2024-05-06,97.87,0.0
P1-2662-0505,2662,Raspberry_12,Fruit and vegetable,2024-05-05,156.97,2024-05-07,156.97,0.0
P1-2662-0506,2662,Raspberry_12,Fruit and vegetable,2024-05-06,137.72,2024-05-08,137.72,0.0
P1-2662-0507,2662,Raspberry_12,Fruit and vegetable,2024-05-07,179.89,2024-05-09,179.89,0.0
P1-2662-0508,2662,Raspberry_12,Fruit and vegetable,2024-05-08,198.25,2024-05-10,198.25,0.0
P1-2662-0509,2662,Raspberry_12,Fruit and vegetable,2024-05-09,79.93,2024-05-11,79.93,0.0
P1-2662-0510,2662,Raspberry_12,Fruit and vegetable,2024-05-10,194.33,2024-05-12,194.33,0.0
P1-2662-0511,2662,Raspberry_12,Fruit and vegetable,2024-05-11,104.94,2024-05-13,104.94,0.0
P1-2662-0512,2662,Raspberry_12,Fruit and vegetable,2024-05-12,184.13,2024-05-14,184.13,0.0
P1-2662-0513,2662,Raspberry_12,Fruit and vegetable,2024-05-13,280.73,2024-05-15,280.73,0.0
P1-2662-0514,2662,Raspberry_12,Fruit and vegetable,2024-05-14,75.11,2024-05-16,75.11,0.0
P1-2662-0515,2662,Raspberry_12,Fruit and vegetable,2024-05-15,96.48,2024-05-17,96.48,0.0
P1-2662-0516,2662,Raspberry_12,Fruit and vegetable,2024-05-16,116.96,2024-05-18,116.96,0.0
P1-2662-0517,2662,Raspberry_12,Fruit and vegetable,2024-05-17,229.81,2024-05-19,229.81,0.0
P1-2662-0518,2662,Raspberry_12,Fruit and vegetable,2024-05-18,121.72,2024-05-20,121.72,0.0
P1-2662-0519,2662,Raspberry_12,Fruit and vegetable,2024-05-19,192.26,2024-05-21,192.26,0.0
P1-2662-0520,2662,Raspberry_12,Fruit and vegetable,2024-05-20,65.42,2024-05-22,65.42,0.0
P1-2662-0523,2662,Raspberry_12,Fruit and vegetable,2024-05-23,192.46,2024-05-25,192.46,0.0
P1-2662-0524,2662,Raspberry_12,Fruit and vegetable,2024-05-24,126.23,2024-05-26,126.23,0.0
P1-2662-0525,2662,Raspberry_12,Fruit and vegetable,2024-05-25,177.65,2024-05-27,177.65,0.0
P1-2662-0526,2662,Raspberry_12,Fruit and vegetable,2024-05-26,84.65,2024-05-28,84.65,0.0
P1-2662-0527,2662,Raspberry_12,Fruit and vegetable,2024-05-27,76.36,2024-05-29,69.53,6.83
P1-2662-0530,2662,Raspberry_12,Fruit and vegetable,2024-05-30,202.73,2024-06-01,202.73,0.0
P1-2662-0531,2662,Raspberry_12,Fruit and vegetable,2024-05-31,227.45,2024-06-02,220.68,
P1-2662-0601,2662,Raspberry_12,Fruit and vegetable,2024-06-01,91.14,2024-06-03,0.0,
P1-271-0301,271,Roll_8,Bakery,2024-03-01,2275.08,2024-03-02,2275.08,0.0
P1-271-0302,271,Roll_8,Bakery,2024-03-02,2275.08,2024-03-03,2275.08,0.0
P1-271-0303,271,Roll_8,Bakery,2024-03-03,2210.51,2024-03-04,2210.51,0.0
P1-271-0304,271,Roll_8,Bakery,2024-03-04,1466.9,2024-03-05,1466.9,0.0
P1-271-0305,271,Roll_8,Bakery,2024-03-05,1510.43,2024-03-06,1510.43,0.0
P1-271-0306,271,Roll_8,Bakery,2024-03-06,1491.84,2024-03-07,1491.84,0.0
P1-271-0307,271,Roll_8,Bakery,2024-03-07,1582.21,2024-03-08,1582.21,0.0
P1-271-0308,271,Roll_8,Bakery,2024-03-08,1512.74,2024-03-09,1512.74,0.0
P1-271-0309,271,Roll_8,Bakery,2024-03-09,1657.41,2024-03-10,1657.41,0.0
P1-271-0310,271,Roll_8,Bakery,2024-03-10,1933.59,2024-03-11,1933.59,0.0
P1-271-0311,271,Roll_8,Bakery,2024-03-11,1692.89,2024-03-12,1692.89,0.0
P1-271-0312,271,Roll_8,Bakery,2024-03-12,1638.2,2024-03-13,1638.2,0.0
P1-271-0313,271,Roll_8,Bakery,2024-03-13,1843.83,2024-03-14,1843.83,0.0
P1-271-0314,271,Roll_8,Bakery,2024-03-14,1647.52,2024-03-15,1647.52,0.0
P1-271-0315,271,Roll_8,Bakery,2024-03-15,2426.0,2024-03-16,2426.0,0.0
P1-271-0316,271,Roll_8,Bakery,2024-03-16,1731.09,2024-03-17,1731.09,0.0
P1-271-0317,271,Roll_8,Bakery,2024-03-17,1251.39,2024-03-18,1251.39,0.0
P1-271-0318,271,Roll_8,Bakery,2024-03-18,1667.54,2024-03-19,1667.54,0.0
P1-271-0319,271,Roll_8,Bakery,2024-03-19,1747.19,2024-03-20,1747.19,0.0
P1-271-0320,271,Roll_8,Bakery,2024-03-20,1691.34,2024-03-21,1691.34,0.0
P1-271-0321,271,Roll_8,Bakery,2024-03-21,1397.76,2024-03-22,1397.76,0.0
P1-271-0322,271,Roll_8,Bakery,2024-03-22,2183.42,2024-03-23,2183.42,0.0
P1-271-0323,271,Roll_8,Bakery,2024-03-23,1526.68,2024-03-24,1526.68,0.0
P1-271-0324,271,Roll_8,Bakery,2024-03-24,1824.54,2024-03-25,1824.54,0.0
P1-271-0325,271,Roll_8,Bakery,2024-03-25,1773.7,2024-03-26,1773.7,0.0
P1-271-0326,271,Roll_8,Bakery,2024-03-26,1851.49,2024-03-27,1851.49,0.0
P1-271-0327,271,Roll_8,Bakery,2024-03-27,1310.26,2024-03-28,1310.26,0.0
P1-271-0328,271,Roll_8,Bakery,2024-03-28,2922.45,2024-03-29,2922.45,0.0
P1-271-0329,271,Roll_8,Bakery,2024-03-29,2828.96,2024-03-30,2828.96,0.0
P1-271-0330,271,Roll_8,Bakery,2024-03-30,2091.4,2024-03-31,2091.4,0.0
P1-271-0331,271,Roll_8,Bakery,2024-03-31,2206.87,2024-04-01,2206.87,0.0
P1-271-0401,271,Roll_8,Bakery,2024-04-01,2041.09,2024-04-02,2041.09,0.0
P1-271-0402,271,Roll_8,Bakery,2024-04-02,1773.99,2024-04-03,1773.99,0.0
P1-271-0403,271,Roll_8,Bakery,2024-04-03,2117.2,2024-04-04,2117.2,0.0
P1-271-0404,271,Roll_8,Bakery,2024-04-04,2742.55,2024-04-05,2742.55,0.0
P1-271-0405,271,Roll_8,Bakery,2024-04-05,1139.65,2024-04-06,1139.65,0.0
P1-271-0406,271,Roll_8,Bakery,2024-04-06,1684.92,2024-04-07,1684.92,0.0
P1-271-0407,271,Roll_8,Bakery,2024-04-07,1725.93,2024-04-08,1725.93,0.0
P1-271-0408,271,Roll_8,Bakery,2024-04-08,1637.25,2024-04-09,1637.25,0.0
P1-271-0409,271,Roll_8,Bakery,2024-04-09,1490.93,2024-04-10,1490.93,0.0
P1-271-0410,271,Roll_8,Bakery,2024-04-10,1131.4,2024-04-11,1131.4,0.0
P1-271-0411,271,Roll_8,Bakery,2024-04-11,1628.56,2024-04-12,1628.56,0.0
P1-271-0412,271,Roll_8,Bakery,2024-04-12,2292.56,2024-04-13,2292.56,0.0
P1-271-0413,271,Roll_8,Bakery,2024-04-13,1751.18,2024-04-14,1751.18,0.0
P1-271-0414,271,Roll_8,Bakery,2024-04-14,1510.59,2024-04-15,1510.59,0.0
P1-271-0415,271,Roll_8,Bakery,2024-04-15,1418.48,2024-04-16,1418.48,0.0
P1-271-0416,271,Roll_8,Bakery,2024-04-16,1781.01,2024-04-17,1781.01,0.0
P1-271-0417,271,Roll_8,Bakery,2024-04-17,1934.09,2024-04-18,1934.09,0.0
P1-271-0418,271,Roll_8,Bakery,2024-04-18,1513.97,2024-04-19,1513.97,0.0
P1-271-0419,271,Roll_8,Bakery,2024-04-19,2272.8,2024-04-20,2272.8,0.0
P1-271-0420,271,Roll_8,Bakery,2024-04-20,1854.79,2024-04-21,1854.79,0.0
P1-271-0421,271,Roll_8,Bakery,2024-04-21,1781.57,2024-04-22,1781.57,0.0
P1-271-0422,271,Roll_8,Bakery,2024-04-22,1858.7,2024-04-23,1858.7,0.0
P1-271-0423,271,Roll_8,Bakery,2024-04-23,1832.67,2024-04-24,1832.67,0.0
P1-271-0424,271,Roll_8,Bakery,2024-04-24,1124.7,2024-04-25,1124.7,0.0
P1-271-0425,271,Roll_8,Bakery,2024-04-25,1600.79,2024-04-26,1600.79,0.0
P1-271-0426,271,Roll_8,Bakery,2024-04-26,2464.37,2024-04-27,2464.37,0.0
P1-271-0427,271,Roll_8,Bakery,2024-04-27,1648.95,2024-04-28,1648.95,0.0
P1-271-0428,271,Roll_8,Bakery,2024-04-28,1761.45,2024-04-29,1761.45,0.0
P1-271-0429,271,Roll_8,Bakery,2024-04-29,1506.05,2024-04-30,1506.05,0.0
P1-271-0430,271,Roll_8,Bakery,2024-04-30,2012.93,2024-05-01,2012.93,0.0
P1-271-0501,271,Roll_8,Bakery,2024-05-01,2356.95,2024-05-02,2356.95,0.0
P1-271-0502,271,Roll_8,Bakery,2024-05-02,1988.97,2024-05-03,1988.97,0.0
P1-271-0503,271,Roll_8,Bakery,2024-05-03,2091.86,2024-05-04,2091.86,0.0
P1-271-0504,271,Roll_8,Bakery,2024-05-04,1642.22,2024-05-05,1642.22,0.0
P1-271-0505,271,Roll_8,Bakery,2024-05-05,1755.07,2024-05-06,1755.07,0.0
P1-271-0506,271,Roll_8,Bakery,2024-05-06,1888.35,2024-05-07,1888.35,0.0
P1-271-0507,271,Roll_8,Bakery,2024-05-07,2261.7,2024-05-08,2261.7,0.0
P1-271-0508,271,Roll_8,Bakery,2024-05-08,3083.41,2024-05-09,3083.41,0.0
P1-271-0509,271,Roll_8,Bakery,2024-05-09,2174.18,2024-05-10,2174.18,0.0
P1-271-0510,271,Roll_8,Bakery,2024-05-10,2009.69,2024-05-11,2009.69,0.0
P1-271-0511,271,Roll_8,Bakery,2024-05-11,1817.37,2024-05-12,1817.37,0.0
P1-271-0512,271,Roll_8,Bakery,2024-05-12,1922.1,2024-05-13,1922.1,0.0
P1-271-0513,271,Roll_8,Bakery,2024-05-13,2087.49,2024-05-14,2087.49,0.0
P1-271-0514,271,Roll_8,Bakery,2024-05-14,2101.53,2024-05-15,2101.53,0.0
P1-271-0515,271,Roll_8,Bakery,2024-05-15,2384.54,2024-05-16,2161.22,223.32
P1-271-0517,271,Roll_8,Bakery,2024-05-17,2189.77,2024-05-18,2189.77,0.0
P1-271-0518,271,Roll_8,Bakery,2024-05-18,2058.99,2024-05-19,2058.99,0.0
P1-271-0519,271,Roll_8,Bakery,2024-05-19,1902.57,2024-05-20,1902.57,0.0
P1-271-0520,271,Roll_8,Bakery,2024-05-20,1488.24,2024-05-21,1488.24,0.0
P1-271-0521,271,Roll_8,Bakery,2024-05-21,1328.18,2024-05-22,1328.18,0.0
P1-271-0522,271,Roll_8,Bakery,2024-05-22,1944.1,2024-05-23,1944.1,0.0
P1-271-0523,271,Roll_8,Bakery,2024-05-23,1362.13,2024-05-24,1362.13,0.0
P1-271-0524,271,Roll_8,Bakery,2024-05-24,1973.26,2024-05-25,1973.26,0.0
P1-271-0525,271,Roll_8,Bakery,2024-05-25,1269.02,2024-05-26,1269.02,0.0
P1-271-0526,271,Roll_8,Bakery,2024-05-26,1575.15,2024-05-27,1575.15,0.0
P1-271-0527,271,Roll_8,Bakery,2024-05-27,1500.54,2024-05-28,1500.54,0.0
P1-271-0528,271,Roll_8,Bakery,2024-05-28,1896.12,2024-05-29,1896.12,0.0
P1-271-0529,271,Roll_8,Bakery,2024-05-29,1203.72,2024-05-30,1203.72,0.0
P1-271-0530,271,Roll_8,Bakery,2024-05-30,1583.48,2024-05-31,1583.48,0.0
P1-271-0531,271,Roll_8,Bakery,2024-05-31,1657.31,2024-06-01,1657.31,0.0
P1-271-0601,271,Roll_8,Bakery,2024-06-01,2007.88,2024-06-02,2007.88,0.0
P1-271-0602,271,Roll_8,Bakery,2024-06-02,1431.91,2024-06-03,1140.16,
P1-298-0301,298,Tortilla_1,Bakery,2024-03-01,79.25,2024-03-02,79.25,0.0
P1-298-0302,298,Tortilla_1,Bakery,2024-03-02,79.25,2024-03-03,79.25,0.0
P1-298-0303,298,Tortilla_1,Bakery,2024-03-03,76.09,2024-03-04,75.36,0.73
P1-298-0304,298,Tortilla_1,Bakery,2024-03-04,57.32,2024-03-05,33.8,23.52
P1-298-0305,298,Tortilla_1,Bakery,2024-03-05,44.04,2024-03-06,44.04,0.0
P1-298-0306,298,Tortilla_1,Bakery,2024-03-06,59.0,2024-03-07,59.0,0.0
P1-298-0307,298,Tortilla_1,Bakery,2024-03-07,62.19,2024-03-08,62.19,0.0
P1-298-0308,298,Tortilla_1,Bakery,2024-03-08,66.78,2024-03-09,66.78,0.0
P1-298-0309,298,Tortilla_1,Bakery,2024-03-09,15.96,2024-03-10,15.96,0.0
P1-298-0310,298,Tortilla_1,Bakery,2024-03-10,76.08,2024-03-11,76.08,0.0
P1-298-0311,298,Tortilla_1,Bakery,2024-03-11,48.3,2024-03-12,48.3,0.0
P1-298-0312,298,Tortilla_1,Bakery,2024-03-12,44.16,2024-03-13,44.16,0.0
P1-298-0313,298,Tortilla_1,Bakery,2024-03-13,75.04,2024-03-14,75.04,0.0
P1-298-0314,298,Tortilla_1,Bakery,2024-03-14,65.32,2024-03-15,65.32,0.0
P1-298-0315,298,Tortilla_1,Bakery,2024-03-15,55.93,2024-03-16,55.93,0.0
P1-298-0316,298,Tortilla_1,Bakery,2024-03-16,67.95,2024-03-17,67.95,0.0
P1-298-0317,298,Tortilla_1,Bakery,2024-03-17,62.15,2024-03-18,62.15,0.0
P1-298-0318,298,Tortilla_1,Bakery,2024-03-18,45.85,2024-03-19,45.85,0.0
P1-298-0319,298,Tortilla_1,Bakery,2024-03-19,62.05,2024-03-20,62.05,0.0
P1-298-0320,298,Tortilla_1,Bakery,2024-03-20,51.59,2024-03-21,51.59,0.0
P1-298-0321,298,Tortilla_1,Bakery,2024-03-21,52.24,2024-03-22,52.24,0.0
P1-298-0322,298,Tortilla_1,Bakery,2024-03-22,61.69,2024-03-23,61.69,0.0
P1-298-0323,298,Tortilla_1,Bakery,2024-03-23,41.95,2024-03-24,41.95,0.0
P1-298-0324,298,Tortilla_1,Bakery,2024-03-24,76.67,2024-03-25,76.67,0.0
P1-298-0325,298,Tortilla_1,Bakery,2024-03-25,32.77,2024-03-26,32.77,0.0
P1-298-0326,298,Tortilla_1,Bakery,2024-03-26,139.61,2024-03-27,139.61,0.0
P1-298-0327,298,Tortilla_1,Bakery,2024-03-27,107.72,2024-03-28,107.72,0.0
P1-298-0328,298,Tortilla_1,Bakery,2024-03-28,139.47,2024-03-29,139.47,0.0
P1-298-0329,298,Tortilla_1,Bakery,2024-03-29,119.72,2024-03-30,119.72,0.0
P1-298-0330,298,Tortilla_1,Bakery,2024-03-30,62.65,2024-03-31,62.65,0.0
P1-298-0331,298,Tortilla_1,Bakery,2024-03-31,37.03,2024-04-01,37.03,0.0
P1-298-0401,298,Tortilla_1,Bakery,2024-04-01,111.46,2024-04-02,96.02,15.44
P1-298-0402,298,Tortilla_1,Bakery,2024-04-02,121.81,2024-04-03,65.58,56.23
P1-298-0403,298,Tortilla_1,Bakery,2024-04-03,31.66,2024-04-04,31.66,0.0
P1-298-0404,298,Tortilla_1,Bakery,2024-04-04,151.17,2024-04-05,97.7,53.46
P1-298-0406,298,Tortilla_1,Bakery,2024-04-06,63.77,2024-04-07,63.77,0.0
P1-298-0407,298,Tortilla_1,Bakery,2024-04-07,106.74,2024-04-08,89.05,17.69
P1-298-0409,298,Tortilla_1,Bakery,2024-04-09,65.18,2024-04-10,65.18,0.0
P1-298-0410,298,Tortilla_1,Bakery,2024-04-10,71.66,2024-04-11,71.66,0.0
P1-298-0411,298,Tortilla_1,Bakery,2024-04-11,76.78,2024-04-12,76.78,0.0
P1-298-0412,298,Tortilla_1,Bakery,2024-04-12,67.07,2024-04-13,67.07,0.0
P1-298-0413,298,Tortilla_1,Bakery,2024-04-13,51.23,2024-04-14,51.23,0.0
P1-298-0414,298,Tortilla_1,Bakery,2024-04-14,73.25,2024-04-15,73.25,0.0
P1-298-0415,298,Tortilla_1,Bakery,2024-04-15,59.85,2024-04-16,59.85,0.0
P1-298-0416,298,Tortilla_1,Bakery,2024-04-16,58.77,2024-04-17,58.77,0.0
P1-298-0417,298,Tortilla_1,Bakery,2024-04-17,83.77,2024-04-18,83.77,0.0
P1-298-0418,298,Tortilla_1,Bakery,2024-04-18,51.63,2024-04-19,51.63,0.0
P1-298-0419,298,Tortilla_1,Bakery,2024-04-19,98.74,2024-04-20,98.74,0.0
P1-298-0420,298,Tortilla_1,Bakery,2024-04-20,96.14,2024-04-21,96.14,0.0
P1-298-0421,298,Tortilla_1,Bakery,2024-04-21,62.96,2024-04-22,62.96,0.0
P1-298-0422,298,Tortilla_1,Bakery,2024-04-22,34.81,2024-04-23,34.81,0.0
P1-298-0423,298,Tortilla_1,Bakery,2024-04-23,55.68,2024-04-24,55.68,0.0
P1-298-0424,298,Tortilla_1,Bakery,2024-04-24,66.67,2024-04-25,66.67,0.0
P1-298-0425,298,Tortilla_1,Bakery,2024-04-25,66.86,2024-04-26,66.86,0.0
P1-298-0426,298,Tortilla_1,Bakery,2024-04-26,81.34,2024-04-27,69.1,12.25
P1-298-0427,298,Tortilla_1,Bakery,2024-04-27,28.01,2024-04-28,28.01,0.0
P1-298-0428,298,Tortilla_1,Bakery,2024-04-28,50.79,2024-04-29,50.79,0.0
P1-298-0429,298,Tortilla_1,Bakery,2024-04-29,57.9,2024-04-30,57.9,0.0
P1-298-0430,298,Tortilla_1,Bakery,2024-04-30,57.37,2024-05-01,57.37,0.0
P1-298-0501,298,Tortilla_1,Bakery,2024-05-01,90.4,2024-05-02,75.49,14.91
P1-298-0502,298,Tortilla_1,Bakery,2024-05-02,11.61,2024-05-03,11.61,0.0
P1-298-0503,298,Tortilla_1,Bakery,2024-05-03,84.01,2024-05-04,84.01,0.0
P1-298-0504,298,Tortilla_1,Bakery,2024-05-04,23.46,2024-05-05,23.46,0.0
P1-298-0505,298,Tortilla_1,Bakery,2024-05-05,82.4,2024-05-06,82.4,0.0
P1-298-0506,298,Tortilla_1,Bakery,2024-05-06,80.36,2024-05-07,80.36,0.0
P1-298-0507,298,Tortilla_1,Bakery,2024-05-07,194.26,2024-05-08,194.26,0.0
P1-298-0508,298,Tortilla_1,Bakery,2024-05-08,137.66,2024-05-09,137.66,0.0
P1-298-0509,298,Tortilla_1,Bakery,2024-05-09,167.61,2024-05-10,167.61,0.0
P1-298-0510,298,Tortilla_1,Bakery,2024-05-10,195.09,2024-05-11,195.09,0.0
P1-298-0511,298,Tortilla_1,Bakery,2024-05-11,139.6,2024-05-12,139.6,0.0
P1-298-0512,298,Tortilla_1,Bakery,2024-05-12,100.21,2024-05-13,100.21,0.0
P1-298-0513,298,Tortilla_1,Bakery,2024-05-13,159.44,2024-05-14,104.85,54.59
P1-298-0514,298,Tortilla_1,Bakery,2024-05-14,164.34,2024-05-15,61.27,103.07
P1-298-0515,298,Tortilla_1,Bakery,2024-05-15,43.96,2024-05-16,43.96,0.0
P1-298-0516,298,Tortilla_1,Bakery,2024-05-16,198.81,2024-05-17,103.56,95.25
P1-298-0517,298,Tortilla_1,Bakery,2024-05-17,87.71,2024-05-18,42.51,45.2
P1-298-0518,298,Tortilla_1,Bakery,2024-05-18,63.16,2024-05-19,56.58,6.58
P1-298-0519,298,Tortilla_1,Bakery,2024-05-19,107.13,2024-05-20,56.1,51.03
P1-298-0521,298,Tortilla_1,Bakery,2024-05-21,60.09,2024-05-22,60.09,0.0
P1-298-0522,298,Tortilla_1,Bakery,2024-05-22,76.44,2024-05-23,76.44,0.0
P1-298-0523,298,Tortilla_1,Bakery,2024-05-23,75.13,2024-05-24,75.13,0.0
P1-298-0524,298,Tortilla_1,Bakery,2024-05-24,70.6,2024-05-25,70.6,0.0
P1-298-0525,298,Tortilla_1,Bakery,2024-05-25,50.81,2024-05-26,50.81,0.0
P1-298-0526,298,Tortilla_1,Bakery,2024-05-26,68.6,2024-05-27,68.6,0.0
P1-298-0527,298,Tortilla_1,Bakery,2024-05-27,46.93,2024-05-28,46.93,0.0
P1-298-0528,298,Tortilla_1,Bakery,2024-05-28,60.3,2024-05-29,60.3,0.0
P1-298-0529,298,Tortilla_1,Bakery,2024-05-29,68.16,2024-05-30,68.16,0.0
P1-298-0530,298,Tortilla_1,Bakery,2024-05-30,29.89,2024-05-31,29.89,0.0
P1-298-0531,298,Tortilla_1,Bakery,2024-05-31,100.05,2024-06-01,100.05,0.0
P1-298-0601,298,Tortilla_1,Bakery,2024-06-01,58.74,2024-06-02,58.74,0.0
P1-298-0602,298,Tortilla_1,Bakery,2024-06-02,47.58,2024-06-03,31.69,
P1-306-0301,306,Celery_4,Fruit and vegetable,2024-03-01,368.28,2024-03-03,368.28,0.0
P1-306-0302,306,Celery_4,Fruit and vegetable,2024-03-02,368.28,2024-03-04,368.28,0.0
P1-306-0303,306,Celery_4,Fruit and vegetable,2024-03-03,365.95,2024-03-05,365.95,0.0
P1-306-0304,306,Celery_4,Fruit and vegetable,2024-03-04,296.41,2024-03-06,296.41,0.0
P1-306-0305,306,Celery_4,Fruit and vegetable,2024-03-05,204.72,2024-03-07,204.72,0.0
P1-306-0306,306,Celery_4,Fruit and vegetable,2024-03-06,212.35,2024-03-08,212.35,0.0
P1-306-0307,306,Celery_4,Fruit and vegetable,2024-03-07,244.66,2024-03-09,244.66,0.0
P1-306-0308,306,Celery_4,Fruit and vegetable,2024-03-08,318.46,2024-03-10,318.46,0.0
P1-306-0309,306,Celery_4,Fruit and vegetable,2024-03-09,382.51,2024-03-11,382.51,0.0
P1-306-0310,306,Celery_4,Fruit and vegetable,2024-03-10,93.3,2024-03-12,93.3,0.0
P1-306-0311,306,Celery_4,Fruit and vegetable,2024-03-11,190.39,2024-03-13,190.39,0.0
P1-306-0312,306,Celery_4,Fruit and vegetable,2024-03-12,221.11,2024-03-14,221.11,0.0
P1-306-0313,306,Celery_4,Fruit and vegetable,2024-03-13,327.37,2024-03-15,327.37,0.0
P1-306-0314,306,Celery_4,Fruit and vegetable,2024-03-14,283.38,2024-03-16,283.38,0.0
P1-306-0315,306,Celery_4,Fruit and vegetable,2024-03-15,314.79,2024-03-17,314.79,0.0
P1-306-0316,306,Celery_4,Fruit and vegetable,2024-03-16,220.37,2024-03-18,220.37,0.0
P1-306-0317,306,Celery_4,Fruit and vegetable,2024-03-17,282.16,2024-03-19,282.16,0.0
P1-306-0318,306,Celery_4,Fruit and vegetable,2024-03-18,249.85,2024-03-20,249.85,0.0
P1-306-0319,306,Celery_4,Fruit and vegetable,2024-03-19,329.06,2024-03-21,329.06,0.0
P1-306-0320,306,Celery_4,Fruit and vegetable,2024-03-20,150.63,2024-03-22,150.63,0.0
P1-306-0321,306,Celery_4,Fruit and vegetable,2024-03-21,349.39,2024-03-23,349.39,0.0
P1-306-0322,306,Celery_4,Fruit and vegetable,2024-03-22,465.69,2024-03-24,465.69,0.0
P1-306-0323,306,Celery_4,Fruit and vegetable,2024-03-23,319.35,2024-03-25,319.35,0.0
P1-306-0324,306,Celery_4,Fruit and vegetable,2024-03-24,286.19,2024-03-26,286.19,0.0
P1-306-0325,306,Celery_4,Fruit and vegetable,2024-03-25,272.18,2024-03-27,272.18,0.0
P1-306-0326,306,Celery_4,Fruit and vegetable,2024-03-26,277.66,2024-03-28,277.66,0.0
P1-306-0327,306,Celery_4,Fruit and vegetable,2024-03-27,445.58,2024-03-29,445.58,0.0
P1-306-0328,306,Celery_4,Fruit and vegetable,2024-03-28,484.15,2024-03-30,484.15,0.0
P1-306-0329,306,Celery_4,Fruit and vegetable,2024-03-29,490.48,2024-03-31,490.48,0.0
P1-306-0330,306,Celery_4,Fruit and vegetable,2024-03-30,316.02,2024-04-01,316.02,0.0
P1-306-0331,306,Celery_4,Fruit and vegetable,2024-03-31,188.22,2024-04-02,188.22,0.0
P1-306-0401,306,Celery_4,Fruit and vegetable,2024-04-01,209.7,2024-04-03,209.7,0.0
P1-306-0402,306,Celery_4,Fruit and vegetable,2024-04-02,246.09,2024-04-04,246.09,0.0
P1-306-0403,306,Celery_4,Fruit and vegetable,2024-04-03,421.48,2024-04-05,421.48,0.0
P1-306-0404,306,Celery_4,Fruit and vegetable,2024-04-04,275.95,2024-04-06,275.95,0.0
P1-306-0405,306,Celery_4,Fruit and vegetable,2024-04-05,137.68,2024-04-07,137.68,0.0
P1-306-0406,306,Celery_4,Fruit and vegetable,2024-04-06,214.86,2024-04-08,214.86,0.0
P1-306-0407,306,Celery_4,Fruit and vegetable,2024-04-07,179.21,2024-04-09,179.21,0.0
P1-306-0408,306,Celery_4,Fruit and vegetable,2024-04-08,223.97,2024-04-10,223.97,0.0
P1-306-0409,306,Celery_4,Fruit and vegetable,2024-04-09,316.66,2024-04-11,316.66,0.0
P1-306-0410,306,Celery_4,Fruit and vegetable,2024-04-10,185.66,2024-04-12,185.66,0.0
P1-306-0411,306,Celery_4,Fruit and vegetable,2024-04-11,328.35,2024-04-13,328.35,0.0
P1-306-0412,306,Celery_4,Fruit and vegetable,2024-04-12,289.56,2024-04-14,289.56,0.0
P1-306-0413,306,Celery_4,Fruit and vegetable,2024-04-13,271.38,2024-04-15,271.38,0.0
P1-306-0414,306,Celery_4,Fruit and vegetable,2024-04-14,268.42,2024-04-16,268.42,0.0
P1-306-0415,306,Celery_4,Fruit and vegetable,2024-04-15,214.4,2024-04-17,214.4,0.0
P1-306-0416,306,Celery_4,Fruit and vegetable,2024-04-16,226.89,2024-04-18,226.89,0.0
P1-306-0417,306,Celery_4,Fruit and vegetable,2024-04-17,281.41,2024-04-19,281.41,0.0
P1-306-0418,306,Celery_4,Fruit and vegetable,2024-04-18,296.54,2024-04-20,296.54,0.0
P1-306-0419,306,Celery_4,Fruit and vegetable,2024-04-19,404.66,2024-04-21,404.66,0.0
P1-306-0420,306,Celery_4,Fruit and vegetable,2024-04-20,374.12,2024-04-22,374.12,0.0
P1-306-0421,306,Celery_4,Fruit and vegetable,2024-04-21,207.34,2024-04-23,207.34,0.0
P1-306-0422,306,Celery_4,Fruit and vegetable,2024-04-22,274.35,2024-04-24,274.35,0.0
P1-306-0423,306,Celery_4,Fruit and vegetable,2024-04-23,228.01,2024-04-25,228.01,0.0
P1-306-0424,306,Celery_4,Fruit and vegetable,2024-04-24,280.29,2024-04-26,280.29,0.0
P1-306-0425,306,Celery_4,Fruit and vegetable,2024-04-25,290.94,2024-04-27,290.94,0.0
P1-306-0426,306,Celery_4,Fruit and vegetable,2024-04-26,424.1,2024-04-28,424.1,0.0
P1-306-0427,306,Celery_4,Fruit and vegetable,2024-04-27,112.07,2024-04-29,112.07,0.0
P1-306-0428,306,Celery_4,Fruit and vegetable,2024-04-28,143.45,2024-04-30,143.45,0.0
P1-306-0429,306,Celery_4,Fruit and vegetable,2024-04-29,216.12,2024-05-01,216.12,0.0
P1-306-0430,306,Celery_4,Fruit and vegetable,2024-04-30,225.7,2024-05-02,225.7,0.0
P1-306-0501,306,Celery_4,Fruit and vegetable,2024-05-01,202.46,2024-05-03,202.46,0.0
P1-306-0502,306,Celery_4,Fruit and vegetable,2024-05-02,284.92,2024-05-04,284.92,0.0
P1-306-0503,306,Celery_4,Fruit and vegetable,2024-05-03,225.25,2024-05-05,225.25,0.0
P1-306-0504,306,Celery_4,Fruit and vegetable,2024-05-04,190.02,2024-05-06,190.02,0.0
P1-306-0505,306,Celery_4,Fruit and vegetable,2024-05-05,270.52,2024-05-07,270.52,0.0
P1-306-0506,306,Celery_4,Fruit and vegetable,2024-05-06,186.1,2024-05-08,186.1,0.0
P1-306-0507,306,Celery_4,Fruit and vegetable,2024-05-07,319.97,2024-05-09,319.97,0.0
P1-306-0508,306,Celery_4,Fruit and vegetable,2024-05-08,263.93,2024-05-10,263.93,0.0
P1-306-0509,306,Celery_4,Fruit and vegetable,2024-05-09,275.74,2024-05-11,275.74,0.0
P1-306-0510,306,Celery_4,Fruit and vegetable,2024-05-10,291.16,2024-05-12,291.16,0.0
P1-306-0511,306,Celery_4,Fruit and vegetable,2024-05-11,238.67,2024-05-13,238.67,0.0
P1-306-0512,306,Celery_4,Fruit and vegetable,2024-05-12,212.93,2024-05-14,212.93,0.0
P1-306-0513,306,Celery_4,Fruit and vegetable,2024-05-13,248.29,2024-05-15,248.29,0.0
P1-306-0514,306,Celery_4,Fruit and vegetable,2024-05-14,260.29,2024-05-16,260.29,0.0
P1-306-0515,306,Celery_4,Fruit and vegetable,2024-05-15,86.38,2024-05-17,86.38,0.0
P1-306-0516,306,Celery_4,Fruit and vegetable,2024-05-16,223.5,2024-05-18,223.5,0.0
P1-306-0517,306,Celery_4,Fruit and vegetable,2024-05-17,307.44,2024-05-19,307.44,0.0
P1-306-0518,306,Celery_4,Fruit and vegetable,2024-05-18,322.3,2024-05-20,322.3,0.0
P1-306-0519,306,Celery_4,Fruit and vegetable,2024-05-19,208.58,2024-05-21,208.58,0.0
P1-306-0520,306,Celery_4,Fruit and vegetable,2024-05-20,185.04,2024-05-22,185.04,0.0
P1-306-0521,306,Celery_4,Fruit and vegetable,2024-05-21,232.67,2024-05-23,232.67,0.0
P1-306-0523,306,Celery_4,Fruit and vegetable,2024-05-23,221.95,2024-05-25,221.95,0.0
P1-306-0524,306,Celery_4,Fruit and vegetable,2024-05-24,260.29,2024-05-26,260.29,0.0
P1-306-0525,306,Celery_4,Fruit and vegetable,2024-05-25,397.67,2024-05-27,133.68,263.99
P1-306-0528,306,Celery_4,Fruit and vegetable,2024-05-28,300.92,2024-05-30,300.92,0.0
P1-306-0529,306,Celery_4,Fruit and vegetable,2024-05-29,210.67,2024-05-31,210.67,0.0
P1-306-0530,306,Celery_4,Fruit and vegetable,2024-05-30,286.88,2024-06-01,286.88,0.0
P1-306-0531,306,Celery_4,Fruit and vegetable,2024-05-31,311.99,2024-06-02,311.99,0.0
P1-306-0601,306,Celery_4,Fruit and vegetable,2024-06-01,216.85,2024-06-03,216.85,0.0
P1-306-0602,306,Celery_4,Fruit and vegetable,2024-06-02,335.88,2024-06-04,155.54,
P1-328-0301,328,Pastry_27,Bakery,2024-03-01,35.82,2024-03-02,35.82,0.0
P1-328-0302,328,Pastry_27,Bakery,2024-03-02,35.82,2024-03-03,20.05,15.77
P1-328-0303,328,Pastry_27,Bakery,2024-03-03,33.6,2024-03-04,14.03,19.57
P1-328-0304,328,Pastry_27,Bakery,2024-03-04,21.52,2024-03-05,8.18,13.34
P1-328-0305,328,Pastry_27,Bakery,2024-03-05,30.33,2024-03-06,30.33,0.0
P1-328-0306,328,Pastry_27,Bakery,2024-03-06,20.36,2024-03-07,20.36,0.0
P1-328-0307,328,Pastry_27,Bakery,2024-03-07,33.41,2024-03-08,33.41,0.0
P1-328-0308,328,Pastry_27,Bakery,2024-03-08,35.65,2024-03-09,35.65,0.0
P1-328-0309,328,Pastry_27,Bakery,2024-03-09,39.86,2024-03-10,35.61,4.25
P1-328-0310,328,Pastry_27,Bakery,2024-03-10,12.06,2024-03-11,11.73,0.33
P1-328-0311,328,Pastry_27,Bakery,2024-03-11,27.75,2024-03-12,14.45,13.3
P1-328-0312,328,Pastry_27,Bakery,2024-03-12,6.51,2024-03-13,6.51,0.0
P1-328-0313,328,Pastry_27,Bakery,2024-03-13,50.98,2024-03-14,26.33,24.65
P1-328-0314,328,Pastry_27,Bakery,2024-03-14,0.71,2024-03-15,0.71,0.0
P1-328-0315,328,Pastry_27,Bakery,2024-03-15,92.7,2024-03-16,53.1,39.6
P1-328-0317,328,Pastry_27,Bakery,2024-03-17,27.02,2024-03-18,27.02,0.0
P1-328-0318,328,Pastry_27,Bakery,2024-03-18,8.58,2024-03-19,8.58,0.0
P1-328-0319,328,Pastry_27,Bakery,2024-03-19,24.64,2024-03-20,24.64,0.0
P1-328-0320,328,Pastry_27,Bakery,2024-03-20,10.81,2024-03-21,10.81,0.0
P1-328-0321,328,Pastry_27,Bakery,2024-03-21,23.17,2024-03-22,22.29,0.89
P1-328-0322,328,Pastry_27,Bakery,2024-03-22,18.89,2024-03-23,18.89,0.0
P1-328-0323,328,Pastry_27,Bakery,2024-03-23,23.0,2024-03-24,12.96,10.04
P1-328-0325,328,Pastry_27,Bakery,2024-03-25,34.21,2024-03-26,26.96,7.25
P1-328-0327,328,Pastry_27,Bakery,2024-03-27,22.06,2024-03-28,22.06,0.0
P1-328-0328,328,Pastry_27,Bakery,2024-03-28,7.59,2024-03-29,5.93,1.66
P1-328-0329,328,Pastry_27,Bakery,2024-03-29,11.81,2024-03-30,11.81,0.0
P1-328-0330,328,Pastry_27,Bakery,2024-03-30,16.41,2024-03-31,7.34,9.08
P1-328-0331,328,Pastry_27,Bakery,2024-03-31,1.66,2024-04-01,1.66,0.0
P1-328-0401,328,Pastry_27,Bakery,2024-04-01,20.06,2024-04-02,20.06,0.0
P1-328-0402,328,Pastry_27,Bakery,2024-04-02,10.63,2024-04-03,10.63,0.0
P1-328-0403,328,Pastry_27,Bakery,2024-04-03,7.6,2024-04-04,7.6,0.0
P1-328-0404,328,Pastry_27,Bakery,2024-04-04,20.11,2024-04-05,20.11,0.0
P1-328-0405,328,Pastry_27,Bakery,2024-04-05,20.04,2024-04-06,20.04,0.0
P1-328-0406,328,Pastry_27,Bakery,2024-04-06,21.62,2024-04-07,19.94,1.68
P1-328-0408,328,Pastry_27,Bakery,2024-04-08,21.71,2024-04-09,21.71,0.0
P1-328-0409,328,Pastry_27,Bakery,2024-04-09,6.02,2024-04-10,6.02,0.0
P1-328-0410,328,Pastry_27,Bakery,2024-04-10,16.02,2024-04-11,16.02,0.0
P1-328-0411,328,Pastry_27,Bakery,2024-04-11,38.34,2024-04-12,38.34,0.0
P1-328-0412,328,Pastry_27,Bakery,2024-04-12,33.51,2024-04-13,33.51,0.0
P1-328-0413,328,Pastry_27,Bakery,2024-04-13,16.17,2024-04-14,16.17,0.0
P1-328-0414,328,Pastry_27,Bakery,2024-04-14,18.74,2024-04-15,18.74,0.0
P1-328-0415,328,Pastry_27,Bakery,2024-04-15,9.04,2024-04-16,9.04,0.0
P1-328-0416,328,Pastry_27,Bakery,2024-04-16,31.67,2024-04-17,31.67,0.0
P1-328-0417,328,Pastry_27,Bakery,2024-04-17,35.58,2024-04-18,29.72,5.86
P1-328-0418,328,Pastry_27,Bakery,2024-04-18,30.47,2024-04-19,21.28,9.19
P1-328-0419,328,Pastry_27,Bakery,2024-04-19,10.34,2024-04-20,10.34,0.0
P1-328-0420,328,Pastry_27,Bakery,2024-04-20,15.74,2024-04-21,14.05,1.69
P1-328-0421,328,Pastry_27,Bakery,2024-04-21,13.86,2024-04-22,13.86,0.0
P1-328-0422,328,Pastry_27,Bakery,2024-04-22,16.13,2024-04-23,16.13,0.0
P1-328-0423,328,Pastry_27,Bakery,2024-04-23,51.58,2024-04-24,35.05,16.52
P1-328-0425,328,Pastry_27,Bakery,2024-04-25,28.92,2024-04-26,28.92,0.0
P1-328-0426,328,Pastry_27,Bakery,2024-04-26,31.02,2024-04-27,28.38,2.65
P1-328-0427,328,Pastry_27,Bakery,2024-04-27,7.11,2024-04-28,7.11,0.0
P1-328-0428,328,Pastry_27,Bakery,2024-04-28,14.08,2024-04-29,14.08,0.0
P1-328-0429,328,Pastry_27,Bakery,2024-04-29,40.92,2024-04-30,27.15,13.77
P1-328-0501,328,Pastry_27,Bakery,2024-05-01,37.01,2024-05-02,37.01,0.0
P1-328-0502,328,Pastry_27,Bakery,2024-05-02,24.25,2024-05-03,21.11,3.14
P1-328-0504,328,Pastry_27,Bakery,2024-05-04,27.2,2024-05-05,27.2,0.0
P1-328-0505,328,Pastry_27,Bakery,2024-05-05,20.55,2024-05-06,20.55,0.0
P1-328-0506,328,Pastry_27,Bakery,2024-05-06,17.79,2024-05-07,17.79,0.0
P1-328-0507,328,Pastry_27,Bakery,2024-05-07,19.94,2024-05-08,19.94,0.0
P1-328-0508,328,Pastry_27,Bakery,2024-05-08,33.26,2024-05-09,32.45,0.81
P1-328-0510,328,Pastry_27,Bakery,2024-05-10,25.41,2024-05-11,25.41,0.0
P1-328-0511,328,Pastry_27,Bakery,2024-05-11,23.25,2024-05-12,23.25,0.0
P1-328-0512,328,Pastry_27,Bakery,2024-05-12,15.88,2024-05-13,15.88,0.0
P1-328-0513,328,Pastry_27,Bakery,2024-05-13,21.98,2024-05-14,21.98,0.0
P1-328-0514,328,Pastry_27,Bakery,2024-05-14,35.77,2024-05-15,21.42,14.35
P1-328-0516,328,Pastry_27,Bakery,2024-05-16,31.29,2024-05-17,31.29,0.0
P1-328-0517,328,Pastry_27,Bakery,2024-05-17,35.0,2024-05-18,35.0,0.0
P1-328-0518,328,Pastry_27,Bakery,2024-05-18,21.47,2024-05-19,21.47,0.0
P1-328-0519,328,Pastry_27,Bakery,2024-05-19,24.42,2024-05-20,24.42,0.0
P1-328-0520,328,Pastry_27,Bakery,2024-05-20,30.61,2024-05-21,30.61,0.0
P1-328-0521,328,Pastry_27,Bakery,2024-05-21,18.03,2024-05-22,18.03,0.0
P1-328-0522,328,Pastry_27,Bakery,2024-05-22,21.72,2024-05-23,21.72,0.0
P1-328-0523,328,Pastry_27,Bakery,2024-05-23,40.42,2024-05-24,40.42,0.0
P1-328-0524,328,Pastry_27,Bakery,2024-05-24,28.3,2024-05-25,18.54,9.77
P1-328-0526,328,Pastry_27,Bakery,2024-05-26,28.33,2024-05-27,15.73,12.6
P1-328-0527,328,Pastry_27,Bakery,2024-05-27,21.97,2024-05-28,17.95,4.02
P1-328-0528,328,Pastry_27,Bakery,2024-05-28,21.81,2024-05-29,21.81,0.0
P1-328-0529,328,Pastry_27,Bakery,2024-05-29,12.18,2024-05-30,12.18,0.0
P1-328-0530,328,Pastry_27,Bakery,2024-05-30,39.99,2024-05-31,39.99,0.0
P1-328-0531,328,Pastry_27,Bakery,2024-05-31,2.42,2024-06-01,2.42,0.0
P1-328-0601,328,Pastry_27,Bakery,2024-06-01,29.13,2024-06-02,29.13,0.0
P1-328-0602,328,Pastry_27,Bakery,2024-06-02,9.89,2024-06-03,1.59,
P1-33-0301,33,Chicken_2,Meat and fish,2024-03-01,51.89,2024-03-04,51.89,0.0
P1-33-0302,33,Chicken_2,Meat and fish,2024-03-02,51.89,2024-03-05,51.89,0.0
P1-33-0303,33,Chicken_2,Meat and fish,2024-03-03,50.54,2024-03-06,50.54,0.0
P1-33-0304,33,Chicken_2,Meat and fish,2024-03-04,61.01,2024-03-07,61.01,0.0
P1-33-0305,33,Chicken_2,Meat and fish,2024-03-05,68.79,2024-03-08,68.79,0.0
P1-33-0306,33,Chicken_2,Meat and fish,2024-03-06,41.74,2024-03-09,41.74,0.0
P1-33-0307,33,Chicken_2,Meat and fish,2024-03-07,62.82,2024-03-10,62.82,0.0
P1-33-0308,33,Chicken_2,Meat and fish,2024-03-08,81.65,2024-03-11,81.65,0.0
P1-33-0309,33,Chicken_2,Meat and fish,2024-03-09,57.97,2024-03-12,57.97,0.0
P1-33-0310,33,Chicken_2,Meat and fish,2024-03-10,60.78,2024-03-13,60.78,0.0
P1-33-0311,33,Chicken_2,Meat and fish,2024-03-11,46.07,2024-03-14,46.07,0.0
P1-33-0312,33,Chicken_2,Meat and fish,2024-03-12,25.61,2024-03-15,25.61,0.0
P1-33-0313,33,Chicken_2,Meat and fish,2024-03-13,55.84,2024-03-16,55.84,0.0
P1-33-0314,33,Chicken_2,Meat and fish,2024-03-14,30.06,2024-03-17,30.06,0.0
P1-33-0315,33,Chicken_2,Meat and fish,2024-03-15,43.79,2024-03-18,43.79,0.0
P1-33-0317,33,Chicken_2,Meat and fish,2024-03-17,31.27,2024-03-20,31.27,0.0
P1-33-0318,33,Chicken_2,Meat and fish,2024-03-18,69.24,2024-03-21,69.24,0.0
P1-33-0319,33,Chicken_2,Meat and fish,2024-03-19,41.33,2024-03-22,41.33,0.0
P1-33-0320,33,Chicken_2,Meat and fish,2024-03-20,32.47,2024-03-23,32.47,0.0
P1-33-0321,33,Chicken_2,Meat and fish,2024-03-21,36.94,2024-03-24,36.94,0.0
P1-33-0322,33,Chicken_2,Meat and fish,2024-03-22,62.56,2024-03-25,62.56,0.0
P1-33-0323,33,Chicken_2,Meat and fish,2024-03-23,49.28,2024-03-26,49.28,0.0
P1-33-0324,33,Chicken_2,Meat and fish,2024-03-24,48.69,2024-03-27,48.69,0.0
P1-33-0325,33,Chicken_2,Meat and fish,2024-03-25,47.02,2024-03-28,47.02,0.0
P1-33-0326,33,Chicken_2,Meat and fish,2024-03-26,42.93,2024-03-29,42.93,0.0
P1-33-0327,33,Chicken_2,Meat and fish,2024-03-27,79.66,2024-03-30,79.66,0.0
P1-33-0328,33,Chicken_2,Meat and fish,2024-03-28,67.6,2024-03-31,67.6,0.0
P1-33-0329,33,Chicken_2,Meat and fish,2024-03-29,49.28,2024-04-01,49.28,0.0
P1-33-0330,33,Chicken_2,Meat and fish,2024-03-30,53.92,2024-04-02,53.92,0.0
P1-33-0331,33,Chicken_2,Meat and fish,2024-03-31,53.98,2024-04-03,53.98,0.0
P1-33-0401,33,Chicken_2,Meat and fish,2024-04-01,79.48,2024-04-04,79.48,0.0
P1-33-0402,33,Chicken_2,Meat and fish,2024-04-02,45.31,2024-04-05,45.31,0.0
P1-33-0403,33,Chicken_2,Meat and fish,2024-04-03,65.99,2024-04-06,65.99,0.0
P1-33-0405,33,Chicken_2,Meat and fish,2024-04-05,68.26,2024-04-08,68.26,0.0
P1-33-0406,33,Chicken_2,Meat and fish,2024-04-06,16.12,2024-04-09,16.12,0.0
P1-33-0407,33,Chicken_2,Meat and fish,2024-04-07,82.08,2024-04-10,82.08,0.0
P1-33-0408,33,Chicken_2,Meat and fish,2024-04-08,22.27,2024-04-11,22.27,0.0
P1-33-0409,33,Chicken_2,Meat and fish,2024-04-09,38.18,2024-04-12,38.18,0.0
P1-33-0410,33,Chicken_2,Meat and fish,2024-04-10,46.18,2024-04-13,46.18,0.0
P1-33-0411,33,Chicken_2,Meat and fish,2024-04-11,28.01,2024-04-14,28.01,0.0
P1-33-0412,33,Chicken_2,Meat and fish,2024-04-12,53.96,2024-04-15,53.96,0.0
P1-33-0413,33,Chicken_2,Meat and fish,2024-04-13,85.27,2024-04-16,85.27,0.0
P1-33-0414,33,Chicken_2,Meat and fish,2024-04-14,22.67,2024-04-17,22.67,0.0
P1-33-0415,33,Chicken_2,Meat and fish,2024-04-15,65.15,2024-04-18,65.15,0.0
P1-33-0416,33,Chicken_2,Meat and fish,2024-04-16,35.02,2024-04-19,35.02,0.0
P1-33-0417,33,Chicken_2,Meat and fish,2024-04-17,49.54,2024-04-20,49.54,0.0
P1-33-0418,33,Chicken_2,Meat and fish,2024-04-18,40.2,2024-04-21,40.2,0.0
P1-33-0419,33,Chicken_2,Meat and fish,2024-04-19,51.57,2024-04-22,51.57,0.0
P1-33-0420,33,Chicken_2,Meat and fish,2024-04-20,49.29,2024-04-23,49.29,0.0
P1-33-0421,33,Chicken_2,Meat and fish,2024-04-21,43.44,2024-04-24,43.44,0.0
P1-33-0422,33,Chicken_2,Meat and fish,2024-04-22,50.03,2024-04-25,50.03,0.0
P1-33-0423,33,Chicken_2,Meat and fish,2024-04-23,44.2,2024-04-26,44.2,0.0
P1-33-0424,33,Chicken_2,Meat and fish,2024-04-24,17.5,2024-04-27,17.5,0.0
P1-33-0425,33,Chicken_2,Meat and fish,2024-04-25,30.05,2024-04-28,30.05,0.0
P1-33-0426,33,Chicken_2,Meat and fish,2024-04-26,59.49,2024-04-29,59.49,0.0
P1-33-0427,33,Chicken_2,Meat and fish,2024-04-27,45.65,2024-04-30,45.65,0.0
P1-33-0428,33,Chicken_2,Meat and fish,2024-04-28,52.78,2024-05-01,52.78,0.0
P1-33-0429,33,Chicken_2,Meat and fish,2024-04-29,15.66,2024-05-02,15.66,0.0
P1-33-0430,33,Chicken_2,Meat and fish,2024-04-30,33.68,2024-05-03,33.68,0.0
P1-33-0501,33,Chicken_2,Meat and fish,2024-05-01,37.38,2024-05-04,37.38,0.0
P1-33-0502,33,Chicken_2,Meat and fish,2024-05-02,47.57,2024-05-05,47.57,0.0
P1-33-0503,33,Chicken_2,Meat and fish,2024-05-03,70.94,2024-05-06,70.94,0.0
P1-33-0504,33,Chicken_2,Meat and fish,2024-05-04,21.64,2024-05-07,21.64,0.0
P1-33-0505,33,Chicken_2,Meat and fish,2024-05-05,23.24,2024-05-08,23.24,0.0
P1-33-0506,33,Chicken_2,Meat and fish,2024-05-06,67.4,2024-05-09,67.4,0.0
P1-33-0507,33,Chicken_2,Meat and fish,2024-05-07,25.35,2024-05-10,25.35,0.0
P1-33-0508,33,Chicken_2,Meat and fish,2024-05-08,51.91,2024-05-11,51.91,0.0
P1-33-0509,33,Chicken_2,Meat and fish,2024-05-09,45.62,2024-05-12,45.62,0.0
P1-33-0510,33,Chicken_2,Meat and fish,2024-05-10,46.48,2024-05-13,46.48,0.0
P1-33-0511,33,Chicken_2,Meat and fish,2024-05-11,26.96,2024-05-14,26.96,0.0
P1-33-0512,33,Chicken_2,Meat and fish,2024-05-12,13.46,2024-05-15,13.46,0.0
P1-33-0513,33,Chicken_2,Meat and fish,2024-05-13,36.13,2024-05-16,36.13,0.0
P1-33-0514,33,Chicken_2,Meat and fish,2024-05-14,70.79,2024-05-17,70.79,0.0
P1-33-0515,33,Chicken_2,Meat and fish,2024-05-15,20.86,2024-05-18,20.86,0.0
P1-33-0516,33,Chicken_2,Meat and fish,2024-05-16,35.02,2024-05-19,35.02,0.0
P1-33-0517,33,Chicken_2,Meat and fish,2024-05-17,61.38,2024-05-20,61.38,0.0
P1-33-0518,33,Chicken_2,Meat and fish,2024-05-18,41.71,2024-05-21,41.71,0.0
P1-33-0519,33,Chicken_2,Meat and fish,2024-05-19,42.1,2024-05-22,42.1,0.0
P1-33-0520,33,Chicken_2,Meat and fish,2024-05-20,43.99,2024-05-23,43.99,0.0
P1-33-0521,33,Chicken_2,Meat and fish,2024-05-21,31.07,2024-05-24,31.07,0.0
P1-33-0522,33,Chicken_2,Meat and fish,2024-05-22,21.31,2024-05-25,21.31,0.0
P1-33-0523,33,Chicken_2,Meat and fish,2024-05-23,63.9,2024-05-26,63.9,0.0
P1-33-0524,33,Chicken_2,Meat and fish,2024-05-24,51.7,2024-05-27,51.7,0.0
P1-33-0525,33,Chicken_2,Meat and fish,2024-05-25,14.97,2024-05-28,14.97,0.0
P1-33-0526,33,Chicken_2,Meat and fish,2024-05-26,36.34,2024-05-29,36.34,0.0
P1-33-0527,33,Chicken_2,Meat and fish,2024-05-27,40.38,2024-05-30,40.38,0.0
P1-33-0528,33,Chicken_2,Meat and fish,2024-05-28,50.91,2024-05-31,50.91,0.0
P1-33-0529,33,Chicken_2,Meat and fish,2024-05-29,52.26,2024-06-01,52.26,0.0
P1-33-0530,33,Chicken_2,Meat and fish,2024-05-30,41.84,2024-06-02,41.84,0.0
P1-33-0531,33,Chicken_2,Meat and fish,2024-05-31,59.09,2024-06-03,59.09,0.0
P1-33-0601,33,Chicken_2,Meat and fish,2024-06-01,53.37,2024-06-04,53.37,0.0
P1-33-0602,33,Chicken_2,Meat and fish,2024-06-02,44.46,2024-06-05,42.93,
P1-34-0301,34,Pork_0,Meat and fish,2024-03-01,31.05,2024-03-04,31.05,0.0
P1-34-0302,34,Pork_0,Meat and fish,2024-03-02,31.05,2024-03-05,31.05,0.0
P1-34-0303,34,Pork_0,Meat and fish,2024-03-03,30.9,2024-03-06,30.9,0.0
P1-34-0304,34,Pork_0,Meat and fish,2024-03-04,26.74,2024-03-07,26.74,0.0
P1-34-0305,34,Pork_0,Meat and fish,2024-03-05,20.98,2024-03-08,20.98,0.0
P1-34-0306,34,Pork_0,Meat and fish,2024-03-06,20.04,2024-03-09,20.04,0.0
P1-34-0307,34,Pork_0,Meat and fish,2024-03-07,17.77,2024-03-10,17.77,0.0
P1-34-0308,34,Pork_0,Meat and fish,2024-03-08,33.97,2024-03-11,33.97,0.0
P1-34-0309,34,Pork_0,Meat and fish,2024-03-09,21.21,2024-03-12,21.21,0.0
P1-34-0310,34,Pork_0,Meat and fish,2024-03-10,10.13,2024-03-13,10.13,0.0
P1-34-0311,34,Pork_0,Meat and fish,2024-03-11,11.75,2024-03-14,11.75,0.0
P1-34-0312,34,Pork_0,Meat and fish,2024-03-12,28.49,2024-03-15,28.49,0.0
P1-34-0313,34,Pork_0,Meat and fish,2024-03-13,9.66,2024-03-16,9.66,0.0
P1-34-0314,34,Pork_0,Meat and fish,2024-03-14,28.44,2024-03-17,28.44,0.0
P1-34-0315,34,Pork_0,Meat and fish,2024-03-15,21.81,2024-03-18,21.81,0.0
P1-34-0316,34,Pork_0,Meat and fish,2024-03-16,13.78,2024-03-19,13.78,0.0
P1-34-0317,34,Pork_0,Meat and fish,2024-03-17,18.8,2024-03-20,18.8,0.0
P1-34-0318,34,Pork_0,Meat and fish,2024-03-18,31.78,2024-03-21,31.78,0.0
P1-34-0320,34,Pork_0,Meat and fish,2024-03-20,14.11,2024-03-23,14.11,0.0
P1-34-0321,34,Pork_0,Meat and fish,2024-03-21,34.61,2024-03-24,34.61,0.0
P1-34-0322,34,Pork_0,Meat and fish,2024-03-22,4.25,2024-03-25,4.25,0.0
P1-34-0323,34,Pork_0,Meat and fish,2024-03-23,25.89,2024-03-26,25.89,0.0
P1-34-0324,34,Pork_0,Meat and fish,2024-03-24,7.72,2024-03-27,7.72,0.0
P1-34-0325,34,Pork_0,Meat and fish,2024-03-25,21.27,2024-03-28,21.27,0.0
P1-34-0326,34,Pork_0,Meat and fish,2024-03-26,30.1,2024-03-29,30.1,0.0
P1-34-0327,34,Pork_0,Meat and fish,2024-03-27,27.19,2024-03-30,27.19,0.0
P1-34-0328,34,Pork_0,Meat and fish,2024-03-28,34.51,2024-03-31,34.51,0.0
P1-34-0329,34,Pork_0,Meat and fish,2024-03-29,30.0,2024-04-01,30.0,0.0
P1-34-0330,34,Pork_0,Meat and fish,2024-03-30,8.37,2024-04-02,8.37,0.0
P1-34-0331,34,Pork_0,Meat and fish,2024-03-31,17.9,2024-04-03,17.9,0.0
P1-34-0401,34,Pork_0,Meat and fish,2024-04-01,30.29,2024-04-04,30.29,0.0
P1-34-0402,34,Pork_0,Meat and fish,2024-04-02,12.59,2024-04-05,12.59,0.0
P1-34-0403,34,Pork_0,Meat and fish,2024-04-03,13.75,2024-04-06,13.75,0.0
P1-34-0404,34,Pork_0,Meat and fish,2024-04-04,19.07,2024-04-07,19.07,0.0
P1-34-0406,34,Pork_0,Meat and fish,2024-04-06,26.17,2024-04-09,26.17,0.0
P1-34-0407,34,Pork_0,Meat and fish,2024-04-07,18.62,2024-04-10,18.62,0.0
P1-34-0408,34,Pork_0,Meat and fish,2024-04-08,10.64,2024-04-11,10.64,0.0
P1-34-0409,34,Pork_0,Meat and fish,2024-04-09,22.47,2024-04-12,22.47,0.0
P1-34-0410,34,Pork_0,Meat and fish,2024-04-10,15.82,2024-04-13,15.82,0.0
P1-34-0411,34,Pork_0,Meat and fish,2024-04-11,28.01,2024-04-14,28.01,0.0
P1-34-0412,34,Pork_0,Meat and fish,2024-04-12,19.41,2024-04-15,19.41,0.0
P1-34-0413,34,Pork_0,Meat and fish,2024-04-13,21.49,2024-04-16,21.49,0.0
P1-34-0414,34,Pork_0,Meat and fish,2024-04-14,22.53,2024-04-17,22.53,0.0
P1-34-0416,34,Pork_0,Meat and fish,2024-04-16,18.98,2024-04-19,18.98,0.0
P1-34-0417,34,Pork_0,Meat and fish,2024-04-17,12.95,2024-04-20,12.95,0.0
P1-34-0418,34,Pork_0,Meat and fish,2024-04-18,27.4,2024-04-21,27.4,0.0
P1-34-0419,34,Pork_0,Meat and fish,2024-04-19,30.73,2024-04-22,30.73,0.0
P1-34-0420,34,Pork_0,Meat and fish,2024-04-20,18.48,2024-04-23,18.48,0.0
P1-34-0421,34,Pork_0,Meat and fish,2024-04-21,23.35,2024-04-24,23.35,0.0
P1-34-0423,34,Pork_0,Meat and fish,2024-04-23,3.41,2024-04-26,3.41,0.0
P1-34-0424,34,Pork_0,Meat and fish,2024-04-24,16.62,2024-04-27,16.62,0.0
P1-34-0425,34,Pork_0,Meat and fish,2024-04-25,30.83,2024-04-28,30.83,0.0
P1-34-0426,34,Pork_0,Meat and fish,2024-04-26,25.04,2024-04-29,25.04,0.0
P1-34-0427,34,Pork_0,Meat and fish,2024-04-27,8.8,2024-04-30,8.8,0.0
P1-34-0428,34,Pork_0,Meat and fish,2024-04-28,3.45,2024-05-01,3.45,0.0
P1-34-0429,34,Pork_0,Meat and fish,2024-04-29,17.13,2024-05-02,17.13,0.0
P1-34-0430,34,Pork_0,Meat and fish,2024-04-30,27.31,2024-05-03,27.31,0.0
P1-34-0501,34,Pork_0,Meat and fish,2024-05-01,12.68,2024-05-04,12.68,0.0
P1-34-0502,34,Pork_0,Meat and fish,2024-05-02,14.07,2024-05-05,14.07,0.0
P1-34-0503,34,Pork_0,Meat and fish,2024-05-03,16.27,2024-05-06,16.27,0.0
P1-34-0504,34,Pork_0,Meat and fish,2024-05-04,17.9,2024-05-07,17.9,0.0
P1-34-0505,34,Pork_0,Meat and fish,2024-05-05,21.51,2024-05-08,21.51,0.0
P1-34-0506,34,Pork_0,Meat and fish,2024-05-06,12.91,2024-05-09,12.91,0.0
P1-34-0507,34,Pork_0,Meat and fish,2024-05-07,20.49,2024-05-10,20.49,0.0
P1-34-0508,34,Pork_0,Meat and fish,2024-05-08,20.09,2024-05-11,20.09,0.0
P1-34-0509,34,Pork_0,Meat and fish,2024-05-09,22.87,2024-05-12,22.87,0.0
P1-34-0510,34,Pork_0,Meat and fish,2024-05-10,24.4,2024-05-13,24.4,0.0
P1-34-0511,34,Pork_0,Meat and fish,2024-05-11,19.55,2024-05-14,19.55,0.0
P1-34-0512,34,Pork_0,Meat and fish,2024-05-12,14.33,2024-05-15,14.33,0.0
P1-34-0513,34,Pork_0,Meat and fish,2024-05-13,24.67,2024-05-16,24.67,0.0
P1-34-0514,34,Pork_0,Meat and fish,2024-05-14,20.31,2024-05-17,20.31,0.0
P1-34-0515,34,Pork_0,Meat and fish,2024-05-15,9.52,2024-05-18,9.52,0.0
P1-34-0516,34,Pork_0,Meat and fish,2024-05-16,25.49,2024-05-19,25.49,0.0
P1-34-0517,34,Pork_0,Meat and fish,2024-05-17,10.28,2024-05-20,10.28,0.0
P1-34-0518,34,Pork_0,Meat and fish,2024-05-18,32.15,2024-05-21,32.15,0.0
P1-34-0519,34,Pork_0,Meat and fish,2024-05-19,24.44,2024-05-22,24.44,0.0
P1-34-0520,34,Pork_0,Meat and fish,2024-05-20,17.87,2024-05-23,17.87,0.0
P1-34-0521,34,Pork_0,Meat and fish,2024-05-21,16.18,2024-05-24,16.18,0.0
P1-34-0522,34,Pork_0,Meat and fish,2024-05-22,9.84,2024-05-25,9.84,0.0
P1-34-0523,34,Pork_0,Meat and fish,2024-05-23,26.39,2024-05-26,26.39,0.0
P1-34-0524,34,Pork_0,Meat and fish,2024-05-24,20.55,2024-05-27,20.55,0.0
P1-34-0525,34,Pork_0,Meat and fish,2024-05-25,38.38,2024-05-28,38.38,0.0
P1-34-0527,34,Pork_0,Meat and fish,2024-05-27,6.67,2024-05-30,6.67,0.0
P1-34-0528,34,Pork_0,Meat and fish,2024-05-28,13.2,2024-05-31,13.2,0.0
P1-34-0529,34,Pork_0,Meat and fish,2024-05-29,20.75,2024-06-01,20.75,0.0
P1-34-0530,34,Pork_0,Meat and fish,2024-05-30,8.11,2024-06-02,8.11,0.0
P1-34-0531,34,Pork_0,Meat and fish,2024-05-31,44.15,2024-06-03,44.15,0.0
P1-34-0602,34,Pork_0,Meat and fish,2024-06-02,25.1,2024-06-05,15.25,
P1-42-0301,42,Pepper_0,Fruit and vegetable,2024-03-01,148.17,2024-03-03,148.17,0.0
P1-42-0302,42,Pepper_0,Fruit and vegetable,2024-03-02,148.17,2024-03-04,148.17,0.0
P1-42-0303,42,Pepper_0,Fruit and vegetable,2024-03-03,143.51,2024-03-05,143.51,0.0
P1-42-0304,42,Pepper_0,Fruit and vegetable,2024-03-04,202.06,2024-03-06,202.06,0.0
P1-42-0305,42,Pepper_0,Fruit and vegetable,2024-03-05,368.21,2024-03-07,368.21,0.0
P1-42-0306,42,Pepper_0,Fruit and vegetable,2024-03-06,446.29,2024-03-08,446.29,0.0
P1-42-0307,42,Pepper_0,Fruit and vegetable,2024-03-07,438.1,2024-03-09,438.1,0.0
P1-42-0308,42,Pepper_0,Fruit and vegetable,2024-03-08,509.61,2024-03-10,509.61,0.0
P1-42-0309,42,Pepper_0,Fruit and vegetable,2024-03-09,411.96,2024-03-11,411.96,0.0
P1-42-0310,42,Pepper_0,Fruit and vegetable,2024-03-10,515.83,2024-03-12,515.83,0.0
P1-42-0311,42,Pepper_0,Fruit and vegetable,2024-03-11,396.75,2024-03-13,396.75,0.0
P1-42-0312,42,Pepper_0,Fruit and vegetable,2024-03-12,306.51,2024-03-14,306.51,0.0
P1-42-0313,42,Pepper_0,Fruit and vegetable,2024-03-13,347.44,2024-03-15,347.44,0.0
P1-42-0314,42,Pepper_0,Fruit and vegetable,2024-03-14,286.88,2024-03-16,286.88,0.0
P1-42-0315,42,Pepper_0,Fruit and vegetable,2024-03-15,520.22,2024-03-17,520.22,0.0
P1-42-0316,42,Pepper_0,Fruit and vegetable,2024-03-16,502.48,2024-03-18,502.48,0.0
P1-42-0317,42,Pepper_0,Fruit and vegetable,2024-03-17,729.53,2024-03-19,729.53,0.0
P1-42-0318,42,Pepper_0,Fruit and vegetable,2024-03-18,275.81,2024-03-20,275.81,0.0
P1-42-0319,42,Pepper_0,Fruit and vegetable,2024-03-19,267.56,2024-03-21,267.56,0.0
P1-42-0320,42,Pepper_0,Fruit and vegetable,2024-03-20,273.47,2024-03-22,273.47,0.0
P1-42-0321,42,Pepper_0,Fruit and vegetable,2024-03-21,411.12,2024-03-23,74.56,336.57
P1-42-0322,42,Pepper_0,Fruit and vegetable,2024-03-22,296.12,2024-03-24,0.0,296.12
P1-42-0329,42,Pepper_0,Fruit and vegetable,2024-03-29,893.53,2024-03-31,445.57,447.96
P1-42-0330,42,Pepper_0,Fruit and vegetable,2024-03-30,47.11,2024-04-01,47.11,0.0
P1-42-0401,42,Pepper_0,Fruit and vegetable,2024-04-01,235.24,2024-04-03,235.24,0.0
P1-42-0402,42,Pepper_0,Fruit and vegetable,2024-04-02,309.8,2024-04-04,309.8,0.0
P1-42-0403,42,Pepper_0,Fruit and vegetable,2024-04-03,451.97,2024-04-05,451.97,0.0
P1-42-0404,42,Pepper_0,Fruit and vegetable,2024-04-04,453.48,2024-04-06,453.48,0.0
P1-42-0526,42,Pepper_0,Fruit and vegetable,2024-05-26,350.71,2024-05-28,210.64,140.07
P1-42-0527,42,Pepper_0,Fruit and vegetable,2024-05-27,85.57,2024-05-29,75.73,9.84
P1-42-0528,42,Pepper_0,Fruit and vegetable,2024-05-28,31.63,2024-05-30,31.63,0.0
P1-42-0529,42,Pepper_0,Fruit and vegetable,2024-05-29,336.61,2024-05-31,170.35,166.26
P1-42-0530,42,Pepper_0,Fruit and vegetable,2024-05-30,244.39,2024-06-01,63.4,180.99
P1-42-0531,42,Pepper_0,Fruit and vegetable,2024-05-31,173.33,2024-06-02,101.03,
P1-42-0601,42,Pepper_0,Fruit and vegetable,2024-06-01,216.77,2024-06-03,0.0,
P1-426-0301,426,Apple_19,Fruit and vegetable,2024-03-01,59.53,2024-03-03,59.53,0.0
P1-426-0302,426,Apple_19,Fruit and vegetable,2024-03-02,86.46,2024-03-04,86.46,0.0
P1-426-0303,426,Apple_19,Fruit and vegetable,2024-03-03,83.9,2024-03-05,83.9,0.0
P1-426-0304,426,Apple_19,Fruit and vegetable,2024-03-04,44.95,2024-03-06,44.95,0.0
P1-426-0305,426,Apple_19,Fruit and vegetable,2024-03-05,43.69,2024-03-07,43.69,0.0
P1-426-0306,426,Apple_19,Fruit and vegetable,2024-03-06,40.05,2024-03-08,40.05,0.0
P1-426-0307,426,Apple_19,Fruit and vegetable,2024-03-07,51.0,2024-03-09,51.0,0.0
P1-426-0308,426,Apple_19,Fruit and vegetable,2024-03-08,43.35,2024-03-10,43.35,0.0
P1-426-0309,426,Apple_19,Fruit and vegetable,2024-03-09,94.91,2024-03-11,94.91,0.0
P1-426-0311,426,Apple_19,Fruit and vegetable,2024-03-11,52.5,2024-03-13,52.5,0.0
P1-426-0312,426,Apple_19,Fruit and vegetable,2024-03-12,43.61,2024-03-14,43.61,0.0
P1-426-0313,426,Apple_19,Fruit and vegetable,2024-03-13,51.26,2024-03-15,51.26,0.0
P1-426-0314,426,Apple_19,Fruit and vegetable,2024-03-14,36.3,2024-03-16,36.3,0.0
P1-426-0315,426,Apple_19,Fruit and vegetable,2024-03-15,75.86,2024-03-17,75.86,0.0
P1-426-0316,426,Apple_19,Fruit and vegetable,2024-03-16,44.75,2024-03-18,44.75,0.0
P1-426-0317,426,Apple_19,Fruit and vegetable,2024-03-17,47.27,2024-03-19,47.27,0.0
P1-426-0318,426,Apple_19,Fruit and vegetable,2024-03-18,39.22,2024-03-20,39.22,0.0
P1-426-0319,426,Apple_19,Fruit and vegetable,2024-03-19,22.94,2024-03-21,22.94,0.0
P1-426-0320,426,Apple_19,Fruit and vegetable,2024-03-20,50.89,2024-03-22,50.89,0.0
P1-426-0321,426,Apple_19,Fruit and vegetable,2024-03-21,55.27,2024-03-23,55.27,0.0
P1-426-0322,426,Apple_19,Fruit and vegetable,2024-03-22,65.54,2024-03-24,65.54,0.0
P1-426-0323,426,Apple_19,Fruit and vegetable,2024-03-23,51.95,2024-03-25,51.95,0.0
P1-426-0324,426,Apple_19,Fruit and vegetable,2024-03-24,47.06,2024-03-26,47.06,0.0
P1-426-0325,426,Apple_19,Fruit and vegetable,2024-03-25,38.07,2024-03-27,38.07,0.0
P1-426-0326,426,Apple_19,Fruit and vegetable,2024-03-26,48.87,2024-03-28,48.87,0.0
P1-426-0327,426,Apple_19,Fruit and vegetable,2024-03-27,45.81,2024-03-29,45.81,0.0
P1-426-0328,426,Apple_19,Fruit and vegetable,2024-03-28,54.51,2024-03-30,54.51,0.0
P1-426-0329,426,Apple_19,Fruit and vegetable,2024-03-29,76.57,2024-03-31,76.57,0.0
P1-426-0331,426,Apple_19,Fruit and vegetable,2024-03-31,33.54,2024-04-02,33.54,0.0
P1-426-0401,426,Apple_19,Fruit and vegetable,2024-04-01,28.4,2024-04-03,28.4,0.0
P1-426-0402,426,Apple_19,Fruit and vegetable,2024-04-02,43.29,2024-04-04,43.29,0.0
P1-426-0403,426,Apple_19,Fruit and vegetable,2024-04-03,47.33,2024-04-05,47.33,0.0
P1-426-0404,426,Apple_19,Fruit and vegetable,2024-04-04,52.05,2024-04-06,52.05,0.0
P1-426-0405,426,Apple_19,Fruit and vegetable,2024-04-05,47.49,2024-04-07,47.49,0.0
P1-426-0406,426,Apple_19,Fruit and vegetable,2024-04-06,56.65,2024-04-08,56.65,0.0
P1-426-0407,426,Apple_19,Fruit and vegetable,2024-04-07,55.79,2024-04-09,55.79,0.0
P1-426-0408,426,Apple_19,Fruit and vegetable,2024-04-08,36.81,2024-04-10,36.81,0.0
P1-426-0409,426,Apple_19,Fruit and vegetable,2024-04-09,52.03,2024-04-11,52.03,0.0
P1-426-0410,426,Apple_19,Fruit and vegetable,2024-04-10,50.78,2024-04-12,50.78,0.0
P1-426-0411,426,Apple_19,Fruit and vegetable,2024-04-11,33.07,2024-04-13,33.07,0.0
P1-426-0412,426,Apple_19,Fruit and vegetable,2024-04-12,67.23,2024-04-14,67.23,0.0
P1-426-0413,426,Apple_19,Fruit and vegetable,2024-04-13,51.19,2024-04-15,51.19,0.0
P1-426-0414,426,Apple_19,Fruit and vegetable,2024-04-14,36.98,2024-04-16,36.98,0.0
P1-426-0415,426,Apple_19,Fruit and vegetable,2024-04-15,47.43,2024-04-17,47.43,0.0
P1-426-0416,426,Apple_19,Fruit and vegetable,2024-04-16,36.88,2024-04-18,36.88,0.0
P1-426-0417,426,Apple_19,Fruit and vegetable,2024-04-17,52.24,2024-04-19,52.24,0.0
P1-426-0418,426,Apple_19,Fruit and vegetable,2024-04-18,60.58,2024-04-20,60.58,0.0
P1-426-0419,426,Apple_19,Fruit and vegetable,2024-04-19,46.92,2024-04-21,46.92,0.0
P1-426-0420,426,Apple_19,Fruit and vegetable,2024-04-20,54.68,2024-04-22,54.68,0.0
P1-426-0421,426,Apple_19,Fruit and vegetable,2024-04-21,49.02,2024-04-23,49.02,0.0
P1-426-0423,426,Apple_19,Fruit and vegetable,2024-04-23,48.75,2024-04-25,48.75,0.0
P1-426-0424,426,Apple_19,Fruit and vegetable,2024-04-24,64.38,2024-04-26,64.38,0.0
P1-426-0425,426,Apple_19,Fruit and vegetable,2024-04-25,37.82,2024-04-27,37.82,0.0
P1-426-0426,426,Apple_19,Fruit and vegetable,2024-04-26,26.23,2024-04-28,26.23,0.0
P1-426-0427,426,Apple_19,Fruit and vegetable,2024-04-27,66.95,2024-04-29,66.95,0.0
P1-426-0428,426,Apple_19,Fruit and vegetable,2024-04-28,38.26,2024-04-30,38.26,0.0
P1-426-0429,426,Apple_19,Fruit and vegetable,2024-04-29,60.93,2024-05-01,60.93,0.0
P1-426-0430,426,Apple_19,Fruit and vegetable,2024-04-30,13.32,2024-05-02,13.32,0.0
P1-426-0501,426,Apple_19,Fruit and vegetable,2024-05-01,31.15,2024-05-03,31.15,0.0
P1-426-0502,426,Apple_19,Fruit and vegetable,2024-05-02,43.99,2024-05-04,43.99,0.0
P1-426-0503,426,Apple_19,Fruit and vegetable,2024-05-03,72.79,2024-05-05,72.79,0.0
P1-426-0504,426,Apple_19,Fruit and vegetable,2024-05-04,67.06,2024-05-06,67.06,0.0
P1-426-0506,426,Apple_19,Fruit and vegetable,2024-05-06,55.38,2024-05-08,26.67,28.7
P1-426-0508,426,Apple_19,Fruit and vegetable,2024-05-08,1.51,2024-05-10,1.51,0.0
P1-426-0509,426,Apple_19,Fruit and vegetable,2024-05-09,56.16,2024-05-11,56.16,0.0
P1-426-0510,426,Apple_19,Fruit and vegetable,2024-05-10,71.25,2024-05-12,71.25,0.0
P1-426-0511,426,Apple_19,Fruit and vegetable,2024-05-11,90.44,2024-05-13,90.44,0.0
P1-426-0512,426,Apple_19,Fruit and vegetable,2024-05-12,55.63,2024-05-14,55.63,0.0
P1-426-0513,426,Apple_19,Fruit and vegetable,2024-05-13,26.19,2024-05-15,26.19,0.0
P1-426-0514,426,Apple_19,Fruit and vegetable,2024-05-14,28.28,2024-05-16,17.38,10.9
P1-426-0515,426,Apple_19,Fruit and vegetable,2024-05-15,8.82,2024-05-17,0.0,8.82
P1-426-0519,426,Apple_19,Fruit and vegetable,2024-05-19,72.49,2024-05-21,72.49,0.0
P1-426-0520,426,Apple_19,Fruit and vegetable,2024-05-20,70.03,2024-05-22,70.03,0.0
P1-426-0522,426,Apple_19,Fruit and vegetable,2024-05-22,37.46,2024-05-24,37.46,0.0
P1-426-0523,426,Apple_19,Fruit and vegetable,2024-05-23,25.9,2024-05-25,25.9,0.0
P1-426-0524,426,Apple_19,Fruit and vegetable,2024-05-24,52.62,2024-05-26,52.62,0.0
P1-426-0525,426,Apple_19,Fruit and vegetable,2024-05-25,37.01,2024-05-27,37.01,0.0
P1-426-0526,426,Apple_19,Fruit and vegetable,2024-05-26,43.32,2024-05-28,43.32,0.0
P1-426-0527,426,Apple_19,Fruit and vegetable,2024-05-27,35.23,2024-05-29,35.23,0.0
P1-426-0528,426,Apple_19,Fruit and vegetable,2024-05-28,45.47,2024-05-30,45.47,0.0
P1-426-0529,426,Apple_19,Fruit and vegetable,2024-05-29,31.74,2024-05-31,31.74,0.0
P1-426-0530,426,Apple_19,Fruit and vegetable,2024-05-30,54.58,2024-06-01,54.58,0.0
P1-426-0531,426,Apple_19,Fruit and vegetable,2024-05-31,73.54,2024-06-02,73.54,0.0
P1-426-0601,426,Apple_19,Fruit and vegetable,2024-06-01,26.87,2024-06-03,26.87,0.0
P1-426-0602,426,Apple_19,Fruit and vegetable,2024-06-02,64.38,2024-06-04,64.38,0.0
P1-433-0302,433,Tomato_16,Fruit and vegetable,2024-03-02,38.7,2024-03-04,38.7,0.0
P1-433-0303,433,Tomato_16,Fruit and vegetable,2024-03-03,176.57,2024-03-05,176.57,0.0
P1-433-0304,433,Tomato_16,Fruit and vegetable,2024-03-04,163.49,2024-03-06,142.21,21.28
P1-433-0305,433,Tomato_16,Fruit and vegetable,2024-03-05,23.01,2024-03-07,23.01,0.0
P1-433-0306,433,Tomato_16,Fruit and vegetable,2024-03-06,39.91,2024-03-08,39.91,0.0
P1-433-0307,433,Tomato_16,Fruit and vegetable,2024-03-07,51.57,2024-03-09,51.57,0.0
P1-433-0308,433,Tomato_16,Fruit and vegetable,2024-03-08,75.74,2024-03-10,75.74,0.0
P1-433-0309,433,Tomato_16,Fruit and vegetable,2024-03-09,73.33,2024-03-11,73.33,0.0
P1-433-0310,433,Tomato_16,Fruit and vegetable,2024-03-10,207.45,2024-03-12,168.85,38.6
P1-433-0313,433,Tomato_16,Fruit and vegetable,2024-03-13,63.01,2024-03-15,63.01,0.0
P1-433-0314,433,Tomato_16,Fruit and vegetable,2024-03-14,96.27,2024-03-16,96.27,0.0
P1-433-0315,433,Tomato_16,Fruit and vegetable,2024-03-15,87.39,2024-03-17,87.39,0.0
P1-433-0316,433,Tomato_16,Fruit and vegetable,2024-03-16,94.95,2024-03-18,94.95,0.0
P1-433-0317,433,Tomato_16,Fruit and vegetable,2024-03-17,73.6,2024-03-19,73.6,0.0
P1-433-0318,433,Tomato_16,Fruit and vegetable,2024-03-18,87.32,2024-03-20,87.32,0.0
P1-433-0319,433,Tomato_16,Fruit and vegetable,2024-03-19,55.35,2024-03-21,55.35,0.0
P1-433-0320,433,Tomato_16,Fruit and vegetable,2024-03-20,71.48,2024-03-22,71.48,0.0
P1-433-0321,433,Tomato_16,Fruit and vegetable,2024-03-21,85.12,2024-03-23,85.12,0.0
P1-433-0322,433,Tomato_16,Fruit and vegetable,2024-03-22,85.07,2024-03-24,85.07,0.0
P1-433-0323,433,Tomato_16,Fruit and vegetable,2024-03-23,69.74,2024-03-25,69.74,0.0
P1-433-0324,433,Tomato_16,Fruit and vegetable,2024-03-24,134.02,2024-03-26,134.02,0.0
P1-433-0325,433,Tomato_16,Fruit and vegetable,2024-03-25,71.49,2024-03-27,71.49,0.0
P1-433-0326,433,Tomato_16,Fruit and vegetable,2024-03-26,47.69,2024-03-28,47.69,0.0
P1-433-0327,433,Tomato_16,Fruit and vegetable,2024-03-27,45.71,2024-03-29,45.71,0.0
P1-433-0328,433,Tomato_16,Fruit and vegetable,2024-03-28,101.81,2024-03-30,82.39,19.42
P1-433-0331,433,Tomato_16,Fruit and vegetable,2024-03-31,107.81,2024-04-02,107.81,0.0
P1-433-0401,433,Tomato_16,Fruit and vegetable,2024-04-01,77.13,2024-04-03,77.13,0.0
P1-433-0402,433,Tomato_16,Fruit and vegetable,2024-04-02,66.8,2024-04-04,66.8,0.0
P1-433-0403,433,Tomato_16,Fruit and vegetable,2024-04-03,57.67,2024-04-05,57.67,0.0
P1-433-0404,433,Tomato_16,Fruit and vegetable,2024-04-04,83.12,2024-04-06,83.12,0.0
P1-433-0405,433,Tomato_16,Fruit and vegetable,2024-04-05,85.77,2024-04-07,85.77,0.0
P1-433-0406,433,Tomato_16,Fruit and vegetable,2024-04-06,105.22,2024-04-08,105.22,0.0
P1-433-0407,433,Tomato_16,Fruit and vegetable,2024-04-07,71.44,2024-04-09,71.44,0.0
P1-433-0408,433,Tomato_16,Fruit and vegetable,2024-04-08,99.73,2024-04-10,99.73,0.0
P1-433-0409,433,Tomato_16,Fruit and vegetable,2024-04-09,59.64,2024-04-11,59.64,0.0
P1-433-0410,433,Tomato_16,Fruit and vegetable,2024-04-10,77.03,2024-04-12,77.03,0.0
P1-433-0411,433,Tomato_16,Fruit and vegetable,2024-04-11,28.16,2024-04-13,28.16,0.0
P1-433-0412,433,Tomato_16,Fruit and vegetable,2024-04-12,91.18,2024-04-14,91.18,0.0
P1-433-0413,433,Tomato_16,Fruit and vegetable,2024-04-13,109.29,2024-04-15,109.29,0.0
P1-433-0415,433,Tomato_16,Fruit and vegetable,2024-04-15,59.16,2024-04-17,59.16,0.0
P1-433-0416,433,Tomato_16,Fruit and vegetable,2024-04-16,65.97,2024-04-18,65.97,0.0
P1-433-0417,433,Tomato_16,Fruit and vegetable,2024-04-17,72.1,2024-04-19,72.1,0.0
P1-433-0418,433,Tomato_16,Fruit and vegetable,2024-04-18,53.85,2024-04-20,53.85,0.0
P1-433-0419,433,Tomato_16,Fruit and vegetable,2024-04-19,116.48,2024-04-21,116.48,0.0
P1-433-0420,433,Tomato_16,Fruit and vegetable,2024-04-20,29.46,2024-04-22,29.46,0.0
P1-433-0421,433,Tomato_16,Fruit and vegetable,2024-04-21,101.36,2024-04-23,101.36,0.0
P1-433-0422,433,Tomato_16,Fruit and vegetable,2024-04-22,90.23,2024-04-24,90.23,0.0
P1-433-0423,433,Tomato_16,Fruit and vegetable,2024-04-23,77.64,2024-04-25,48.2,29.44
P1-433-0425,433,Tomato_16,Fruit and vegetable,2024-04-25,1.63,2024-04-27,1.63,0.0
P1-433-0426,433,Tomato_16,Fruit and vegetable,2024-04-26,115.54,2024-04-28,115.54,0.0
P1-433-0427,433,Tomato_16,Fruit and vegetable,2024-04-27,92.73,2024-04-29,92.73,0.0
P1-433-0428,433,Tomato_16,Fruit and vegetable,2024-04-28,29.32,2024-04-30,29.32,0.0
P1-433-0429,433,Tomato_16,Fruit and vegetable,2024-04-29,90.36,2024-05-01,90.36,0.0
P1-433-0501,433,Tomato_16,Fruit and vegetable,2024-05-01,47.31,2024-05-03,47.31,0.0
P1-433-0502,433,Tomato_16,Fruit and vegetable,2024-05-02,57.89,2024-05-04,57.89,0.0
P1-433-0503,433,Tomato_16,Fruit and vegetable,2024-05-03,95.61,2024-05-05,95.61,0.0
P1-433-0504,433,Tomato_16,Fruit and vegetable,2024-05-04,71.23,2024-05-06,71.23,0.0
P1-433-0505,433,Tomato_16,Fruit and vegetable,2024-05-05,48.44,2024-05-07,48.44,0.0
P1-433-0506,433,Tomato_16,Fruit and vegetable,2024-05-06,107.99,2024-05-08,107.99,0.0
P1-433-0507,433,Tomato_16,Fruit and vegetable,2024-05-07,106.56,2024-05-09,106.56,0.0
P1-433-0508,433,Tomato_16,Fruit and vegetable,2024-05-08,19.52,2024-05-10,19.52,0.0
P1-433-0509,433,Tomato_16,Fruit and vegetable,2024-05-09,63.06,2024-05-11,63.06,0.0
P1-433-0510,433,Tomato_16,Fruit and vegetable,2024-05-10,95.91,2024-05-12,95.91,0.0
P1-433-0511,433,Tomato_16,Fruit and vegetable,2024-05-11,53.61,2024-05-13,53.61,0.0
P1-433-0512,433,Tomato_16,Fruit and vegetable,2024-05-12,122.03,2024-05-14,122.03,0.0
P1-433-0513,433,Tomato_16,Fruit and vegetable,2024-05-13,67.87,2024-05-15,67.87,0.0
P1-433-0514,433,Tomato_16,Fruit and vegetable,2024-05-14,4.79,2024-05-16,4.79,0.0
P1-433-0515,433,Tomato_16,Fruit and vegetable,2024-05-15,92.78,2024-05-17,92.78,0.0
P1-433-0516,433,Tomato_16,Fruit and vegetable,2024-05-16,117.48,2024-05-18,117.48,0.0
P1-433-0517,433,Tomato_16,Fruit and vegetable,2024-05-17,120.35,2024-05-19,120.35,0.0
P1-433-0518,433,Tomato_16,Fruit and vegetable,2024-05-18,53.56,2024-05-20,53.56,0.0
P1-433-0519,433,Tomato_16,Fruit and vegetable,2024-05-19,24.94,2024-05-21,24.94,0.0
P1-433-0520,433,Tomato_16,Fruit and vegetable,2024-05-20,85.01,2024-05-22,85.01,0.0
P1-433-0521,433,Tomato_16,Fruit and vegetable,2024-05-21,75.91,2024-05-23,75.91,0.0
P1-433-0522,433,Tomato_16,Fruit and vegetable,2024-05-22,66.98,2024-05-24,66.98,0.0
P1-433-0523,433,Tomato_16,Fruit and vegetable,2024-05-23,77.94,2024-05-25,77.94,0.0
P1-433-0524,433,Tomato_16,Fruit and vegetable,2024-05-24,18.53,2024-05-26,18.53,0.0
P1-433-0525,433,Tomato_16,Fruit and vegetable,2024-05-25,54.21,2024-05-27,54.21,0.0
P1-433-0526,433,Tomato_16,Fruit and vegetable,2024-05-26,89.72,2024-05-28,89.72,0.0
P1-433-0527,433,Tomato_16,Fruit and vegetable,2024-05-27,64.34,2024-05-29,64.34,0.0
P1-433-0528,433,Tomato_16,Fruit and vegetable,2024-05-28,76.5,2024-05-30,76.5,0.0
P1-433-0529,433,Tomato_16,Fruit and vegetable,2024-05-29,55.57,2024-05-31,55.57,0.0
P1-433-0530,433,Tomato_16,Fruit and vegetable,2024-05-30,79.71,2024-06-01,79.71,0.0
P1-433-0531,433,Tomato_16,Fruit and vegetable,2024-05-31,39.94,2024-06-02,39.94,0.0
P1-433-0601,433,Tomato_16,Fruit and vegetable,2024-06-01,69.04,2024-06-03,69.04,0.0
P1-433-0602,433,Tomato_16,Fruit and vegetable,2024-06-02,82.8,2024-06-04,39.63,
P1-453-0301,453,Soup_1,Fruit and vegetable,2024-03-01,39.8,2024-03-03,39.8,0.0
P1-453-0302,453,Soup_1,Fruit and vegetable,2024-03-02,49.53,2024-03-04,49.53,0.0
P1-453-0303,453,Soup_1,Fruit and vegetable,2024-03-03,48.61,2024-03-05,48.61,0.0
P1-453-0304,453,Soup_1,Fruit and vegetable,2024-03-04,35.78,2024-03-06,35.78,0.0
P1-453-0305,453,Soup_1,Fruit and vegetable,2024-03-05,29.73,2024-03-07,29.73,0.0
P1-453-0306,453,Soup_1,Fruit and vegetable,2024-03-06,34.24,2024-03-08,34.24,0.0
P1-453-0307,453,Soup_1,Fruit and vegetable,2024-03-07,46.18,2024-03-09,46.18,0.0
P1-453-0308,453,Soup_1,Fruit and vegetable,2024-03-08,29.68,2024-03-10,29.68,0.0
P1-453-0309,453,Soup_1,Fruit and vegetable,2024-03-09,47.89,2024-03-11,47.89,0.0
P1-453-0310,453,Soup_1,Fruit and vegetable,2024-03-10,20.32,2024-03-12,20.32,0.0
P1-453-0311,453,Soup_1,Fruit and vegetable,2024-03-11,32.84,2024-03-13,32.84,0.0
P1-453-0312,453,Soup_1,Fruit and vegetable,2024-03-12,39.05,2024-03-14,39.05,0.0
P1-453-0313,453,Soup_1,Fruit and vegetable,2024-03-13,54.51,2024-03-15,54.51,0.0
P1-453-0314,453,Soup_1,Fruit and vegetable,2024-03-14,37.21,2024-03-16,37.21,0.0
P1-453-0315,453,Soup_1,Fruit and vegetable,2024-03-15,48.75,2024-03-17,48.75,0.0
P1-453-0316,453,Soup_1,Fruit and vegetable,2024-03-16,46.9,2024-03-18,46.9,0.0
P1-453-0317,453,Soup_1,Fruit and vegetable,2024-03-17,34.97,2024-03-19,34.97,0.0
P1-453-0318,453,Soup_1,Fruit and vegetable,2024-03-18,27.17,2024-03-20,27.17,0.0
P1-453-0319,453,Soup_1,Fruit and vegetable,2024-03-19,54.96,2024-03-21,54.96,0.0
P1-453-0320,453,Soup_1,Fruit and vegetable,2024-03-20,27.27,2024-03-22,27.27,0.0
P1-453-0321,453,Soup_1,Fruit and vegetable,2024-03-21,58.41,2024-03-23,58.41,0.0
P1-453-0322,453,Soup_1,Fruit and vegetable,2024-03-22,28.7,2024-03-24,28.7,0.0
P1-453-0323,453,Soup_1,Fruit and vegetable,2024-03-23,19.14,2024-03-25,19.14,0.0
P1-453-0324,453,Soup_1,Fruit and vegetable,2024-03-24,28.65,2024-03-26,28.65,0.0
P1-453-0325,453,Soup_1,Fruit and vegetable,2024-03-25,48.68,2024-03-27,48.68,0.0
P1-453-0326,453,Soup_1,Fruit and vegetable,2024-03-26,15.2,2024-03-28,15.2,0.0
P1-453-0327,453,Soup_1,Fruit and vegetable,2024-03-27,52.02,2024-03-29,52.02,0.0
P1-453-0328,453,Soup_1,Fruit and vegetable,2024-03-28,44.06,2024-03-30,44.06,0.0
P1-453-0329,453,Soup_1,Fruit and vegetable,2024-03-29,52.5,2024-03-31,52.5,0.0
P1-453-0330,453,Soup_1,Fruit and vegetable,2024-03-30,18.66,2024-04-01,18.66,0.0
P1-453-0331,453,Soup_1,Fruit and vegetable,2024-03-31,37.45,2024-04-02,37.45,0.0
P1-453-0402,453,Soup_1,Fruit and vegetable,2024-04-02,25.52,2024-04-04,25.52,0.0
P1-453-0403,453,Soup_1,Fruit and vegetable,2024-04-03,34.13,2024-04-05,34.13,0.0
P1-453-0404,453,Soup_1,Fruit and vegetable,2024-04-04,55.27,2024-04-06,55.27,0.0
P1-453-0405,453,Soup_1,Fruit and vegetable,2024-04-05,75.85,2024-04-07,75.85,0.0
P1-453-0406,453,Soup_1,Fruit and vegetable,2024-04-06,28.86,2024-04-08,28.86,0.0
P1-453-0407,453,Soup_1,Fruit and vegetable,2024-04-07,7.33,2024-04-09,7.33,0.0
P1-453-0408,453,Soup_1,Fruit and vegetable,2024-04-08,33.6,2024-04-10,33.6,0.0
P1-453-0409,453,Soup_1,Fruit and vegetable,2024-04-09,16.9,2024-04-11,16.9,0.0
P1-453-0410,453,Soup_1,Fruit and vegetable,2024-04-10,46.06,2024-04-12,46.06,0.0
P1-453-0411,453,Soup_1,Fruit and vegetable,2024-04-11,62.59,2024-04-13,62.59,0.0
P1-453-0413,453,Soup_1,Fruit and vegetable,2024-04-13,9.28,2024-04-15,9.28,0.0
P1-453-0414,453,Soup_1,Fruit and vegetable,2024-04-14,37.16,2024-04-16,37.16,0.0
P1-453-0415,453,Soup_1,Fruit and vegetable,2024-04-15,31.95,2024-04-17,31.95,0.0
P1-453-0416,453,Soup_1,Fruit and vegetable,2024-04-16,28.73,2024-04-18,28.73,0.0
P1-453-0417,453,Soup_1,Fruit and vegetable,2024-04-17,42.37,2024-04-19,42.37,0.0
P1-453-0418,453,Soup_1,Fruit and vegetable,2024-04-18,43.4,2024-04-20,43.4,0.0
P1-453-0419,453,Soup_1,Fruit and vegetable,2024-04-19,41.92,2024-04-21,41.92,0.0
P1-453-0420,453,Soup_1,Fruit and vegetable,2024-04-20,42.27,2024-04-22,42.27,0.0
P1-453-0421,453,Soup_1,Fruit and vegetable,2024-04-21,25.25,2024-04-23,25.25,0.0
P1-453-0422,453,Soup_1,Fruit and vegetable,2024-04-22,18.13,2024-04-24,18.13,0.0
P1-453-0423,453,Soup_1,Fruit and vegetable,2024-04-23,38.05,2024-04-25,38.05,0.0
P1-453-0424,453,Soup_1,Fruit and vegetable,2024-04-24,42.13,2024-04-26,42.13,0.0
P1-453-0425,453,Soup_1,Fruit and vegetable,2024-04-25,25.55,2024-04-27,25.55,0.0
P1-453-0426,453,Soup_1,Fruit and vegetable,2024-04-26,46.19,2024-04-28,46.19,0.0
P1-453-0427,453,Soup_1,Fruit and vegetable,2024-04-27,23.21,2024-04-29,23.21,0.0
P1-453-0428,453,Soup_1,Fruit and vegetable,2024-04-28,25.19,2024-04-30,25.19,0.0
P1-453-0429,453,Soup_1,Fruit and vegetable,2024-04-29,31.91,2024-05-01,31.91,0.0
P1-453-0430,453,Soup_1,Fruit and vegetable,2024-04-30,39.35,2024-05-02,39.35,0.0
P1-453-0501,453,Soup_1,Fruit and vegetable,2024-05-01,24.5,2024-05-03,24.5,0.0
P1-453-0502,453,Soup_1,Fruit and vegetable,2024-05-02,48.74,2024-05-04,48.74,0.0
P1-453-0503,453,Soup_1,Fruit and vegetable,2024-05-03,10.62,2024-05-05,10.62,0.0
P1-453-0504,453,Soup_1,Fruit and vegetable,2024-05-04,0.4,2024-05-06,0.4,0.0
P1-453-0505,453,Soup_1,Fruit and vegetable,2024-05-05,37.44,2024-05-07,37.44,0.0
P1-453-0506,453,Soup_1,Fruit and vegetable,2024-05-06,30.2,2024-05-08,30.2,0.0
P1-453-0507,453,Soup_1,Fruit and vegetable,2024-05-07,45.95,2024-05-09,45.95,0.0
P1-453-0508,453,Soup_1,Fruit and vegetable,2024-05-08,38.02,2024-05-10,38.02,0.0
P1-453-0509,453,Soup_1,Fruit and vegetable,2024-05-09,28.54,2024-05-11,28.54,0.0
P1-453-0510,453,Soup_1,Fruit and vegetable,2024-05-10,47.71,2024-05-12,47.71,0.0
P1-453-0511,453,Soup_1,Fruit and vegetable,2024-05-11,34.78,2024-05-13,34.78,0.0
P1-453-0512,453,Soup_1,Fruit and vegetable,2024-05-12,27.83,2024-05-14,27.83,0.0
P1-453-0513,453,Soup_1,Fruit and vegetable,2024-05-13,48.01,2024-05-15,48.01,0.0
P1-453-0514,453,Soup_1,Fruit and vegetable,2024-05-14,29.53,2024-05-16,29.53,0.0
P1-453-0515,453,Soup_1,Fruit and vegetable,2024-05-15,3.55,2024-05-17,3.55,0.0
P1-453-0516,453,Soup_1,Fruit and vegetable,2024-05-16,38.41,2024-05-18,38.41,0.0
P1-453-0517,453,Soup_1,Fruit and vegetable,2024-05-17,38.18,2024-05-19,38.18,0.0
P1-453-0518,453,Soup_1,Fruit and vegetable,2024-05-18,6.67,2024-05-20,6.67,0.0
P1-453-0519,453,Soup_1,Fruit and vegetable,2024-05-19,36.47,2024-05-21,36.47,0.0
P1-453-0520,453,Soup_1,Fruit and vegetable,2024-05-20,26.01,2024-05-22,26.01,0.0
P1-453-0521,453,Soup_1,Fruit and vegetable,2024-05-21,12.75,2024-05-23,12.75,0.0
P1-453-0522,453,Soup_1,Fruit and vegetable,2024-05-22,34.83,2024-05-24,34.83,0.0
P1-453-0523,453,Soup_1,Fruit and vegetable,2024-05-23,30.92,2024-05-25,30.92,0.0
P1-453-0524,453,Soup_1,Fruit and vegetable,2024-05-24,34.72,2024-05-26,34.72,0.0
P1-453-0525,453,Soup_1,Fruit and vegetable,2024-05-25,18.93,2024-05-27,18.93,0.0
P1-453-0526,453,Soup_1,Fruit and vegetable,2024-05-26,39.33,2024-05-28,39.33,0.0
P1-453-0527,453,Soup_1,Fruit and vegetable,2024-05-27,21.47,2024-05-29,21.47,0.0
P1-453-0528,453,Soup_1,Fruit and vegetable,2024-05-28,41.01,2024-05-30,41.01,0.0
P1-453-0529,453,Soup_1,Fruit and vegetable,2024-05-29,51.38,2024-05-31,51.38,0.0
P1-453-0530,453,Soup_1,Fruit and vegetable,2024-05-30,30.98,2024-06-01,30.98,0.0
P1-453-0531,453,Soup_1,Fruit and vegetable,2024-05-31,37.89,2024-06-02,37.89,0.0
P1-453-0601,453,Soup_1,Fruit and vegetable,2024-06-01,44.59,2024-06-03,44.59,0.0
P1-453-0602,453,Soup_1,Fruit and vegetable,2024-06-02,40.6,2024-06-04,32.54,
P1-47-0301,47,Bread_2,Bakery,2024-03-01,63.57,2024-03-02,63.57,0.0
P1-47-0302,47,Bread_2,Bakery,2024-03-02,63.57,2024-03-03,63.57,0.0
P1-47-0303,47,Bread_2,Bakery,2024-03-03,62.34,2024-03-04,62.34,0.0
P1-47-0304,47,Bread_2,Bakery,2024-03-04,55.13,2024-03-05,55.13,0.0
P1-47-0305,47,Bread_2,Bakery,2024-03-05,71.89,2024-03-06,71.89,0.0
P1-47-0306,47,Bread_2,Bakery,2024-03-06,88.34,2024-03-07,88.34,0.0
P1-47-0307,47,Bread_2,Bakery,2024-03-07,51.33,2024-03-08,51.33,0.0
P1-47-0308,47,Bread_2,Bakery,2024-03-08,47.62,2024-03-09,47.62,0.0
P1-47-0309,47,Bread_2,Bakery,2024-03-09,51.34,2024-03-10,51.34,0.0
P1-47-0310,47,Bread_2,Bakery,2024-03-10,84.66,2024-03-11,84.66,0.0
P1-47-0311,47,Bread_2,Bakery,2024-03-11,65.51,2024-03-12,65.51,0.0
P1-47-0312,47,Bread_2,Bakery,2024-03-12,122.36,2024-03-13,86.38,35.98
P1-47-0313,47,Bread_2,Bakery,2024-03-13,7.7,2024-03-14,7.7,0.0
P1-47-0314,47,Bread_2,Bakery,2024-03-14,67.72,2024-03-15,67.72,0.0
P1-47-0315,47,Bread_2,Bakery,2024-03-15,74.0,2024-03-16,74.0,0.0
P1-47-0316,47,Bread_2,Bakery,2024-03-16,109.12,2024-03-17,109.12,0.0
P1-47-0317,47,Bread_2,Bakery,2024-03-17,37.94,2024-03-18,37.94,0.0
P1-47-0318,47,Bread_2,Bakery,2024-03-18,90.08,2024-03-19,90.08,0.0
P1-47-0319,47,Bread_2,Bakery,2024-03-19,52.37,2024-03-20,52.37,0.0
P1-47-0320,47,Bread_2,Bakery,2024-03-20,68.91,2024-03-21,68.91,0.0
P1-47-0321,47,Bread_2,Bakery,2024-03-21,86.37,2024-03-22,86.37,0.0
P1-47-0322,47,Bread_2,Bakery,2024-03-22,51.44,2024-03-23,51.44,0.0
P1-47-0323,47,Bread_2,Bakery,2024-03-23,61.28,2024-03-24,61.28,0.0
P1-47-0324,47,Bread_2,Bakery,2024-03-24,110.04,2024-03-25,110.04,0.0
P1-47-0325,47,Bread_2,Bakery,2024-03-25,93.69,2024-03-26,93.69,0.0
P1-47-0326,47,Bread_2,Bakery,2024-03-26,81.66,2024-03-27,81.66,0.0
P1-47-0327,47,Bread_2,Bakery,2024-03-27,28.84,2024-03-28,28.84,0.0
P1-47-0328,47,Bread_2,Bakery,2024-03-28,58.7,2024-03-29,58.7,0.0
P1-47-0329,47,Bread_2,Bakery,2024-03-29,87.94,2024-03-30,87.94,0.0
P1-47-0330,47,Bread_2,Bakery,2024-03-30,82.84,2024-03-31,66.96,15.88
P1-47-0331,47,Bread_2,Bakery,2024-03-31,72.77,2024-04-01,72.77,0.0
P1-47-0401,47,Bread_2,Bakery,2024-04-01,3.61,2024-04-02,3.61,0.0
P1-47-0402,47,Bread_2,Bakery,2024-04-02,82.84,2024-04-03,82.84,0.0
P1-47-0403,47,Bread_2,Bakery,2024-04-03,95.14,2024-04-04,95.14,0.0
P1-47-0404,47,Bread_2,Bakery,2024-04-04,85.47,2024-04-05,85.47,0.0
P1-47-0405,47,Bread_2,Bakery,2024-04-05,47.48,2024-04-06,47.48,0.0
P1-47-0406,47,Bread_2,Bakery,2024-04-06,80.14,2024-04-07,80.14,0.0
P1-47-0407,47,Bread_2,Bakery,2024-04-07,66.4,2024-04-08,66.4,0.0
P1-47-0408,47,Bread_2,Bakery,2024-04-08,87.77,2024-04-09,87.77,0.0
P1-47-0409,47,Bread_2,Bakery,2024-04-09,97.17,2024-04-10,97.17,0.0
P1-47-0410,47,Bread_2,Bakery,2024-04-10,94.02,2024-04-11,94.02,0.0
P1-47-0411,47,Bread_2,Bakery,2024-04-11,32.18,2024-04-12,32.18,0.0
P1-47-0412,47,Bread_2,Bakery,2024-04-12,84.15,2024-04-13,84.15,0.0
P1-47-0413,47,Bread_2,Bakery,2024-04-13,82.49,2024-04-14,82.49,0.0
P1-47-0414,47,Bread_2,Bakery,2024-04-14,38.71,2024-04-15,38.71,0.0
P1-47-0415,47,Bread_2,Bakery,2024-04-15,86.78,2024-04-16,86.78,0.0
P1-47-0416,47,Bread_2,Bakery,2024-04-16,74.06,2024-04-17,74.06,0.0
P1-47-0417,47,Bread_2,Bakery,2024-04-17,32.26,2024-04-18,32.26,0.0
P1-47-0418,47,Bread_2,Bakery,2024-04-18,75.46,2024-04-19,75.46,0.0
P1-47-0419,47,Bread_2,Bakery,2024-04-19,110.58,2024-04-20,110.58,0.0
P1-47-0420,47,Bread_2,Bakery,2024-04-20,67.58,2024-04-21,67.58,0.0
P1-47-0421,47,Bread_2,Bakery,2024-04-21,82.66,2024-04-22,82.66,0.0
P1-47-0422,47,Bread_2,Bakery,2024-04-22,79.21,2024-04-23,79.21,0.0
P1-47-0423,47,Bread_2,Bakery,2024-04-23,95.65,2024-04-24,95.65,0.0
P1-47-0424,47,Bread_2,Bakery,2024-04-24,25.95,2024-04-25,25.95,0.0
P1-47-0425,47,Bread_2,Bakery,2024-04-25,115.17,2024-04-26,115.17,0.0
P1-47-0426,47,Bread_2,Bakery,2024-04-26,68.38,2024-04-27,68.38,0.0
P1-47-0427,47,Bread_2,Bakery,2024-04-27,97.4,2024-04-28,80.43,16.97
P1-47-0428,47,Bread_2,Bakery,2024-04-28,5.59,2024-04-29,5.59,0.0
P1-47-0429,47,Bread_2,Bakery,2024-04-29,100.11,2024-04-30,100.11,0.0
P1-47-0430,47,Bread_2,Bakery,2024-04-30,28.69,2024-05-01,28.69,0.0
P1-47-0501,47,Bread_2,Bakery,2024-05-01,73.06,2024-05-02,73.06,0.0
P1-47-0502,47,Bread_2,Bakery,2024-05-02,69.67,2024-05-03,69.67,0.0
P1-47-0503,47,Bread_2,Bakery,2024-05-03,47.56,2024-05-04,47.56,0.0
P1-47-0504,47,Bread_2,Bakery,2024-05-04,61.59,2024-05-05,61.59,0.0
P1-47-0505,47,Bread_2,Bakery,2024-05-05,72.47,2024-05-06,72.47,0.0
P1-47-0506,47,Bread_2,Bakery,2024-05-06,43.59,2024-05-07,43.59,0.0
P1-47-0507,47,Bread_2,Bakery,2024-05-07,64.63,2024-05-08,64.63,0.0
P1-47-0508,47,Bread_2,Bakery,2024-05-08,78.98,2024-05-09,78.98,0.0
P1-47-0509,47,Bread_2,Bakery,2024-05-09,89.28,2024-05-10,89.28,0.0
P1-47-0510,47,Bread_2,Bakery,2024-05-10,95.58,2024-05-11,95.58,0.0
P1-47-0511,47,Bread_2,Bakery,2024-05-11,68.64,2024-05-12,68.64,0.0
P1-47-0512,47,Bread_2,Bakery,2024-05-12,49.2,2024-05-13,49.2,0.0
P1-47-0513,47,Bread_2,Bakery,2024-05-13,49.46,2024-05-14,49.46,0.0
P1-47-0514,47,Bread_2,Bakery,2024-05-14,112.78,2024-05-15,112.78,0.0
P1-47-0515,47,Bread_2,Bakery,2024-05-15,54.54,2024-05-16,54.54,0.0
P1-47-0516,47,Bread_2,Bakery,2024-05-16,66.59,2024-05-17,66.59,0.0
P1-47-0517,47,Bread_2,Bakery,2024-05-17,69.58,2024-05-18,69.58,0.0
P1-47-0518,47,Bread_2,Bakery,2024-05-18,69.3,2024-05-19,69.3,0.0
P1-47-0519,47,Bread_2,Bakery,2024-05-19,39.87,2024-05-20,39.87,0.0
P1-47-0520,47,Bread_2,Bakery,2024-05-20,68.44,2024-05-21,68.44,0.0
P1-47-0521,47,Bread_2,Bakery,2024-05-21,76.1,2024-05-22,76.1,0.0
P1-47-0522,47,Bread_2,Bakery,2024-05-22,64.53,2024-05-23,64.53,0.0
P1-47-0523,47,Bread_2,Bakery,2024-05-23,57.41,2024-05-24,57.41,0.0
P1-47-0524,47,Bread_2,Bakery,2024-05-24,96.11,2024-05-25,96.11,0.0
P1-47-0525,47,Bread_2,Bakery,2024-05-25,13.9,2024-05-26,13.9,0.0
P1-47-0526,47,Bread_2,Bakery,2024-05-26,70.46,2024-05-27,70.46,0.0
P1-47-0527,47,Bread_2,Bakery,2024-05-27,81.61,2024-05-28,81.61,0.0
P1-47-0528,47,Bread_2,Bakery,2024-05-28,98.48,2024-05-29,98.48,0.0
P1-47-0529,47,Bread_2,Bakery,2024-05-29,47.4,2024-05-30,47.4,0.0
P1-47-0530,47,Bread_2,Bakery,2024-05-30,65.92,2024-05-31,65.92,0.0
P1-47-0531,47,Bread_2,Bakery,2024-05-31,40.81,2024-06-01,40.81,0.0
P1-47-0601,47,Bread_2,Bakery,2024-06-01,100.63,2024-06-02,100.63,0.0
P1-47-0602,47,Bread_2,Bakery,2024-06-02,36.57,2024-06-03,7.2,
P1-486-0301,486,Pork_9,Meat and fish,2024-03-01,70.38,2024-03-04,70.38,0.0
P1-486-0302,486,Pork_9,Meat and fish,2024-03-02,70.38,2024-03-05,70.38,0.0
P1-486-0304,486,Pork_9,Meat and fish,2024-03-04,68.34,2024-03-07,68.34,0.0
P1-486-0305,486,Pork_9,Meat and fish,2024-03-05,39.32,2024-03-08,39.32,0.0
P1-486-0306,486,Pork_9,Meat and fish,2024-03-06,32.81,2024-03-09,32.81,0.0
P1-486-0307,486,Pork_9,Meat and fish,2024-03-07,27.42,2024-03-10,27.42,0.0
P1-486-0308,486,Pork_9,Meat and fish,2024-03-08,51.58,2024-03-11,51.58,0.0
P1-486-0309,486,Pork_9,Meat and fish,2024-03-09,75.14,2024-03-12,75.14,0.0
P1-486-0310,486,Pork_9,Meat and fish,2024-03-10,20.44,2024-03-13,20.44,0.0
P1-486-0311,486,Pork_9,Meat and fish,2024-03-11,25.92,2024-03-14,25.92,0.0
P1-486-0312,486,Pork_9,Meat and fish,2024-03-12,32.66,2024-03-15,32.66,0.0
P1-486-0313,486,Pork_9,Meat and fish,2024-03-13,33.61,2024-03-16,33.61,0.0
P1-486-0314,486,Pork_9,Meat and fish,2024-03-14,59.86,2024-03-17,59.86,0.0
P1-486-0315,486,Pork_9,Meat and fish,2024-03-15,68.63,2024-03-18,68.63,0.0
P1-486-0316,486,Pork_9,Meat and fish,2024-03-16,15.02,2024-03-19,15.02,0.0
P1-486-0317,486,Pork_9,Meat and fish,2024-03-17,22.18,2024-03-20,22.18,0.0
P1-486-0318,486,Pork_9,Meat and fish,2024-03-18,35.9,2024-03-21,35.9,0.0
P1-486-0319,486,Pork_9,Meat and fish,2024-03-19,35.62,2024-03-22,35.62,0.0
P1-486-0320,486,Pork_9,Meat and fish,2024-03-20,20.82,2024-03-23,20.82,0.0
P1-486-0321,486,Pork_9,Meat and fish,2024-03-21,40.0,2024-03-24,40.0,0.0
P1-486-0322,486,Pork_9,Meat and fish,2024-03-22,47.32,2024-03-25,47.32,0.0
P1-486-0323,486,Pork_9,Meat and fish,2024-03-23,33.77,2024-03-26,33.77,0.0
P1-486-0324,486,Pork_9,Meat and fish,2024-03-24,48.27,2024-03-27,48.27,0.0
P1-486-0325,486,Pork_9,Meat and fish,2024-03-25,25.38,2024-03-28,25.38,0.0
P1-486-0326,486,Pork_9,Meat and fish,2024-03-26,58.01,2024-03-29,58.01,0.0
P1-486-0327,486,Pork_9,Meat and fish,2024-03-27,69.44,2024-03-30,69.44,0.0
P1-486-0328,486,Pork_9,Meat and fish,2024-03-28,70.4,2024-03-31,70.4,0.0
P1-486-0329,486,Pork_9,Meat and fish,2024-03-29,75.04,2024-04-01,75.04,0.0
P1-486-0330,486,Pork_9,Meat and fish,2024-03-30,55.03,2024-04-02,55.03,0.0
P1-486-0331,486,Pork_9,Meat and fish,2024-03-31,20.52,2024-04-03,20.52,0.0
P1-486-0401,486,Pork_9,Meat and fish,2024-04-01,55.59,2024-04-04,55.59,0.0
P1-486-0402,486,Pork_9,Meat and fish,2024-04-02,33.11,2024-04-05,33.11,0.0
P1-486-0403,486,Pork_9,Meat and fish,2024-04-03,40.83,2024-04-06,40.83,0.0
P1-486-0404,486,Pork_9,Meat and fish,2024-04-04,43.7,2024-04-07,43.7,0.0
P1-486-0405,486,Pork_9,Meat and fish,2024-04-05,32.41,2024-04-08,32.41,0.0
P1-486-0406,486,Pork_9,Meat and fish,2024-04-06,16.24,2024-04-09,16.24,0.0
P1-486-0407,486,Pork_9,Meat and fish,2024-04-07,49.19,2024-04-10,49.19,0.0
P1-486-0408,486,Pork_9,Meat and fish,2024-04-08,38.15,2024-04-11,38.15,0.0
P1-486-0409,486,Pork_9,Meat and fish,2024-04-09,51.68,2024-04-12,51.68,0.0
P1-486-0410,486,Pork_9,Meat and fish,2024-04-10,54.04,2024-04-13,54.04,0.0
P1-486-0411,486,Pork_9,Meat and fish,2024-04-11,44.19,2024-04-14,44.19,0.0
P1-486-0412,486,Pork_9,Meat and fish,2024-04-12,63.57,2024-04-15,63.57,0.0
P1-486-0413,486,Pork_9,Meat and fish,2024-04-13,46.31,2024-04-16,46.31,0.0
P1-486-0414,486,Pork_9,Meat and fish,2024-04-14,28.51,2024-04-17,28.51,0.0
P1-486-0415,486,Pork_9,Meat and fish,2024-04-15,47.73,2024-04-18,47.73,0.0
P1-486-0416,486,Pork_9,Meat and fish,2024-04-16,37.69,2024-04-19,37.69,0.0
P1-486-0417,486,Pork_9,Meat and fish,2024-04-17,24.18,2024-04-20,24.18,0.0
P1-486-0418,486,Pork_9,Meat and fish,2024-04-18,30.19,2024-04-21,30.19,0.0
P1-486-0419,486,Pork_9,Meat and fish,2024-04-19,74.46,2024-04-22,74.46,0.0
P1-486-0420,486,Pork_9,Meat and fish,2024-04-20,56.41,2024-04-23,56.41,0.0
P1-486-0421,486,Pork_9,Meat and fish,2024-04-21,51.17,2024-04-24,51.17,0.0
P1-486-0422,486,Pork_9,Meat and fish,2024-04-22,34.83,2024-04-25,34.83,0.0
P1-486-0423,486,Pork_9,Meat and fish,2024-04-23,21.65,2024-04-26,21.65,0.0
P1-486-0424,486,Pork_9,Meat and fish,2024-04-24,43.25,2024-04-27,43.25,0.0
P1-486-0425,486,Pork_9,Meat and fish,2024-04-25,62.41,2024-04-28,62.41,0.0
P1-486-0426,486,Pork_9,Meat and fish,2024-04-26,78.61,2024-04-29,78.61,0.0
P1-486-0427,486,Pork_9,Meat and fish,2024-04-27,24.43,2024-04-30,24.43,0.0
P1-486-0428,486,Pork_9,Meat and fish,2024-04-28,37.91,2024-05-01,37.91,0.0
P1-486-0429,486,Pork_9,Meat and fish,2024-04-29,38.99,2024-05-02,38.99,0.0
P1-486-0430,486,Pork_9,Meat and fish,2024-04-30,42.33,2024-05-03,42.33,0.0
P1-486-0501,486,Pork_9,Meat and fish,2024-05-01,26.18,2024-05-04,26.18,0.0
P1-486-0502,486,Pork_9,Meat and fish,2024-05-02,29.01,2024-05-05,29.01,0.0
P1-486-0503,486,Pork_9,Meat and fish,2024-05-03,58.64,2024-05-06,58.64,0.0
P1-486-0504,486,Pork_9,Meat and fish,2024-05-04,44.87,2024-05-07,44.87,0.0
P1-486-0505,486,Pork_9,Meat and fish,2024-05-05,28.13,2024-05-08,28.13,0.0
P1-486-0506,486,Pork_9,Meat and fish,2024-05-06,39.78,2024-05-09,39.78,0.0
P1-486-0507,486,Pork_9,Meat and fish,2024-05-07,16.38,2024-05-10,16.38,0.0
P1-486-0508,486,Pork_9,Meat and fish,2024-05-08,39.4,2024-05-11,39.4,0.0
P1-486-0509,486,Pork_9,Meat and fish,2024-05-09,59.92,2024-05-12,59.92,0.0
P1-486-0510,486,Pork_9,Meat and fish,2024-05-10,67.32,2024-05-13,67.32,0.0
P1-486-0511,486,Pork_9,Meat and fish,2024-05-11,11.19,2024-05-14,11.19,0.0
P1-486-0512,486,Pork_9,Meat and fish,2024-05-12,37.57,2024-05-15,37.57,0.0
P1-486-0514,486,Pork_9,Meat and fish,2024-05-14,26.63,2024-05-17,26.63,0.0
P1-486-0515,486,Pork_9,Meat and fish,2024-05-15,66.68,2024-05-18,66.68,0.0
P1-486-0516,486,Pork_9,Meat and fish,2024-05-16,42.84,2024-05-19,42.84,0.0
P1-486-0517,486,Pork_9,Meat and fish,2024-05-17,116.54,2024-05-20,116.54,0.0
P1-486-0520,486,Pork_9,Meat and fish,2024-05-20,77.65,2024-05-23,77.65,0.0
P1-486-0521,486,Pork_9,Meat and fish,2024-05-21,21.55,2024-05-24,21.55,0.0
P1-486-0522,486,Pork_9,Meat and fish,2024-05-22,59.35,2024-05-25,59.35,0.0
P1-486-0523,486,Pork_9,Meat and fish,2024-05-23,45.81,2024-05-26,45.81,0.0
P1-486-0524,486,Pork_9,Meat and fish,2024-05-24,57.39,2024-05-27,57.39,0.0
P1-486-0525,486,Pork_9,Meat and fish,2024-05-25,65.57,2024-05-28,65.57,0.0
P1-486-0526,486,Pork_9,Meat and fish,2024-05-26,107.11,2024-05-29,107.11,0.0
P1-486-0529,486,Pork_9,Meat and fish,2024-05-29,100.72,2024-06-01,100.72,0.0
P1-486-0530,486,Pork_9,Meat and fish,2024-05-30,135.05,2024-06-02,135.05,0.0
P1-486-0531,486,Pork_9,Meat and fish,2024-05-31,109.97,2024-06-03,101.18,
P1-486-0601,486,Pork_9,Meat and fish,2024-06-01,46.34,2024-06-04,0.0,
P1-506-0301,506,Toust_8,Bakery,2024-03-01,86.14,2024-03-02,86.14,0.0
P1-506-0302,506,Toust_8,Bakery,2024-03-02,86.14,2024-03-03,86.14,0.0
P1-506-0303,506,Toust_8,Bakery,2024-03-03,86.02,2024-03-04,86.02,0.0
P1-506-0304,506,Toust_8,Bakery,2024-03-04,83.11,2024-03-05,83.11,0.0
P1-506-0305,506,Toust_8,Bakery,2024-03-05,89.4,2024-03-06,89.4,0.0
P1-506-0306,506,Toust_8,Bakery,2024-03-06,81.61,2024-03-07,81.61,0.0
P1-506-0307,506,Toust_8,Bakery,2024-03-07,76.72,2024-03-08,76.72,0.0
P1-506-0308,506,Toust_8,Bakery,2024-03-08,87.29,2024-03-09,87.29,0.0
P1-506-0309,506,Toust_8,Bakery,2024-03-09,95.31,2024-03-10,95.31,0.0
P1-506-0310,506,Toust_8,Bakery,2024-03-10,90.03,2024-03-11,90.03,0.0
P1-506-0311,506,Toust_8,Bakery,2024-03-11,75.33,2024-03-12,75.33,0.0
P1-506-0312,506,Toust_8,Bakery,2024-03-12,93.12,2024-03-13,93.12,0.0
P1-506-0313,506,Toust_8,Bakery,2024-03-13,64.6,2024-03-14,64.6,0.0
P1-506-0314,506,Toust_8,Bakery,2024-03-14,91.19,2024-03-15,91.19,0.0
P1-506-0315,506,Toust_8,Bakery,2024-03-15,132.61,2024-03-16,132.61,0.0
P1-506-0316,506,Toust_8,Bakery,2024-03-16,125.28,2024-03-17,125.28,0.0
P1-506-0317,506,Toust_8,Bakery,2024-03-17,55.0,2024-03-18,55.0,0.0
P1-506-0318,506,Toust_8,Bakery,2024-03-18,106.0,2024-03-19,106.0,0.0
P1-506-0319,506,Toust_8,Bakery,2024-03-19,51.92,2024-03-20,51.92,0.0
P1-506-0320,506,Toust_8,Bakery,2024-03-20,73.53,2024-03-21,73.53,0.0
P1-506-0321,506,Toust_8,Bakery,2024-03-21,92.11,2024-03-22,92.11,0.0
P1-506-0322,506,Toust_8,Bakery,2024-03-22,132.31,2024-03-23,128.59,3.72
P1-506-0323,506,Toust_8,Bakery,2024-03-23,44.21,2024-03-24,44.21,0.0
P1-506-0324,506,Toust_8,Bakery,2024-03-24,50.89,2024-03-25,50.89,0.0
P1-506-0325,506,Toust_8,Bakery,2024-03-25,81.47,2024-03-26,81.47,0.0
P1-506-0326,506,Toust_8,Bakery,2024-03-26,32.76,2024-03-27,32.76,0.0
P1-506-0327,506,Toust_8,Bakery,2024-03-27,101.11,2024-03-28,101.11,0.0
P1-506-0328,506,Toust_8,Bakery,2024-03-28,88.71,2024-03-29,88.71,0.0
P1-506-0329,506,Toust_8,Bakery,2024-03-29,130.28,2024-03-30,111.53,18.75
P1-506-0330,506,Toust_8,Bakery,2024-03-30,20.25,2024-03-31,20.25,0.0
P1-506-0331,506,Toust_8,Bakery,2024-03-31,79.18,2024-04-01,79.18,0.0
P1-506-0401,506,Toust_8,Bakery,2024-04-01,36.66,2024-04-02,36.66,0.0
P1-506-0402,506,Toust_8,Bakery,2024-04-02,84.69,2024-04-03,40.31,44.38
P1-506-0403,506,Toust_8,Bakery,2024-04-03,50.53,2024-04-04,50.53,0.0
P1-506-0404,506,Toust_8,Bakery,2024-04-04,89.39,2024-04-05,89.39,0.0
P1-506-0405,506,Toust_8,Bakery,2024-04-05,62.15,2024-04-06,62.15,0.0
P1-506-0406,506,Toust_8,Bakery,2024-04-06,53.64,2024-04-07,53.64,0.0
P1-506-0407,506,Toust_8,Bakery,2024-04-07,86.45,2024-04-08,86.45,0.0
P1-506-0408,506,Toust_8,Bakery,2024-04-08,75.79,2024-04-09,75.79,0.0
P1-506-0409,506,Toust_8,Bakery,2024-04-09,35.54,2024-04-10,35.54,0.0
P1-506-0410,506,Toust_8,Bakery,2024-04-10,69.93,2024-04-11,69.93,0.0
P1-506-0411,506,Toust_8,Bakery,2024-04-11,110.88,2024-04-12,110.88,0.0
P1-506-0412,506,Toust_8,Bakery,2024-04-12,69.79,2024-04-13,69.79,0.0
P1-506-0413,506,Toust_8,Bakery,2024-04-13,92.65,2024-04-14,92.65,0.0
P1-506-0414,506,Toust_8,Bakery,2024-04-14,44.77,2024-04-15,44.77,0.0
P1-506-0415,506,Toust_8,Bakery,2024-04-15,93.01,2024-04-16,93.01,0.0
P1-506-0416,506,Toust_8,Bakery,2024-04-16,52.0,2024-04-17,52.0,0.0
P1-506-0417,506,Toust_8,Bakery,2024-04-17,72.72,2024-04-18,72.72,0.0
P1-506-0418,506,Toust_8,Bakery,2024-04-18,91.2,2024-04-19,91.2,0.0
P1-506-0419,506,Toust_8,Bakery,2024-04-19,98.2,2024-04-20,98.2,0.0
P1-506-0420,506,Toust_8,Bakery,2024-04-20,91.21,2024-04-21,91.21,0.0
P1-506-0421,506,Toust_8,Bakery,2024-04-21,87.63,2024-04-22,87.63,0.0
P1-506-0422,506,Toust_8,Bakery,2024-04-22,66.58,2024-04-23,66.58,0.0
P1-506-0423,506,Toust_8,Bakery,2024-04-23,79.09,2024-04-24,79.09,0.0
P1-506-0424,506,Toust_8,Bakery,2024-04-24,76.38,2024-04-25,76.38,0.0
P1-506-0425,506,Toust_8,Bakery,2024-04-25,44.11,2024-04-26,44.11,0.0
P1-506-0426,506,Toust_8,Bakery,2024-04-26,127.69,2024-04-27,82.54,45.15
P1-506-0428,506,Toust_8,Bakery,2024-04-28,92.03,2024-04-29,92.03,0.0
P1-506-0429,506,Toust_8,Bakery,2024-04-29,60.41,2024-04-30,60.41,0.0
P1-506-0430,506,Toust_8,Bakery,2024-04-30,29.9,2024-05-01,29.9,0.0
P1-506-0501,506,Toust_8,Bakery,2024-05-01,48.52,2024-05-02,48.52,0.0
P1-506-0502,506,Toust_8,Bakery,2024-05-02,82.76,2024-05-03,82.76,0.0
P1-506-0503,506,Toust_8,Bakery,2024-05-03,115.35,2024-05-04,115.35,0.0
P1-506-0504,506,Toust_8,Bakery,2024-05-04,90.65,2024-05-05,90.65,0.0
P1-506-0505,506,Toust_8,Bakery,2024-05-05,94.44,2024-05-06,94.44,0.0
P1-506-0506,506,Toust_8,Bakery,2024-05-06,79.35,2024-05-07,79.35,0.0
P1-506-0507,506,Toust_8,Bakery,2024-05-07,150.34,2024-05-08,150.34,0.0
P1-506-0508,506,Toust_8,Bakery,2024-05-08,111.52,2024-05-09,111.52,0.0
P1-506-0509,506,Toust_8,Bakery,2024-05-09,125.41,2024-05-10,125.41,0.0
P1-506-0510,506,Toust_8,Bakery,2024-05-10,107.75,2024-05-11,93.05,14.69
P1-506-0513,506,Toust_8,Bakery,2024-05-13,124.07,2024-05-14,124.07,0.0
P1-506-0514,506,Toust_8,Bakery,2024-05-14,119.06,2024-05-15,119.06,0.0
P1-506-0515,506,Toust_8,Bakery,2024-05-15,93.96,2024-05-16,93.96,0.0
P1-506-0516,506,Toust_8,Bakery,2024-05-16,165.35,2024-05-17,108.04,57.31
P1-506-0520,506,Toust_8,Bakery,2024-05-20,158.79,2024-05-21,158.79,0.0
P1-506-0521,506,Toust_8,Bakery,2024-05-21,118.39,2024-05-22,118.39,0.0
P1-506-0522,506,Toust_8,Bakery,2024-05-22,147.23,2024-05-23,147.23,0.0
P1-506-0523,506,Toust_8,Bakery,2024-05-23,93.77,2024-05-24,93.77,0.0
P1-506-0524,506,Toust_8,Bakery,2024-05-24,93.17,2024-05-25,85.45,7.72
P1-506-0527,506,Toust_8,Bakery,2024-05-27,130.09,2024-05-28,130.09,0.0
P1-506-0528,506,Toust_8,Bakery,2024-05-28,117.04,2024-05-29,117.04,0.0
P1-506-0529,506,Toust_8,Bakery,2024-05-29,157.51,2024-05-30,157.51,0.0
P1-506-0530,506,Toust_8,Bakery,2024-05-30,55.06,2024-05-31,55.06,0.0
P1-506-0531,506,Toust_8,Bakery,2024-05-31,98.1,2024-06-01,98.1,0.0
P1-506-0601,506,Toust_8,Bakery,2024-06-01,113.01,2024-06-02,37.07,
P1-529-0301,529,Bread_43,Bakery,2024-03-01,60.3,2024-03-02,60.3,0.0
P1-529-0302,529,Bread_43,Bakery,2024-03-02,60.3,2024-03-03,60.3,0.0
P1-529-0303,529,Bread_43,Bakery,2024-03-03,57.43,2024-03-04,57.43,0.0
P1-529-0304,529,Bread_43,Bakery,2024-03-04,48.67,2024-03-05,48.67,0.0
P1-529-0305,529,Bread_43,Bakery,2024-03-05,53.83,2024-03-06,53.83,0.0
P1-529-0306,529,Bread_43,Bakery,2024-03-06,57.0,2024-03-07,45.49,11.52
P1-529-0307,529,Bread_43,Bakery,2024-03-07,27.98,2024-03-08,27.98,0.0
P1-529-0308,529,Bread_43,Bakery,2024-03-08,51.61,2024-03-09,51.61,0.0
P1-529-0309,529,Bread_43,Bakery,2024-03-09,45.9,2024-03-10,45.9,0.0
P1-529-0310,529,Bread_43,Bakery,2024-03-10,74.04,2024-03-11,74.04,0.0
P1-529-0311,529,Bread_43,Bakery,2024-03-11,44.28,2024-03-12,44.28,0.0
P1-529-0312,529,Bread_43,Bakery,2024-03-12,70.64,2024-03-13,70.64,0.0
P1-529-0313,529,Bread_43,Bakery,2024-03-13,17.55,2024-03-14,17.55,0.0
P1-529-0314,529,Bread_43,Bakery,2024-03-14,69.4,2024-03-15,69.4,0.0
P1-529-0315,529,Bread_43,Bakery,2024-03-15,82.4,2024-03-16,82.4,0.0
P1-529-0316,529,Bread_43,Bakery,2024-03-16,109.57,2024-03-17,109.57,0.0
P1-529-0317,529,Bread_43,Bakery,2024-03-17,73.19,2024-03-18,68.77,4.42
P1-529-0318,529,Bread_43,Bakery,2024-03-18,60.42,2024-03-19,60.42,0.0
P1-529-0319,529,Bread_43,Bakery,2024-03-19,35.55,2024-03-20,35.55,0.0
P1-529-0320,529,Bread_43,Bakery,2024-03-20,93.79,2024-03-21,68.39,25.4
P1-529-0321,529,Bread_43,Bakery,2024-03-21,50.09,2024-03-22,41.42,8.67
P1-529-0322,529,Bread_43,Bakery,2024-03-22,75.7,2024-03-23,52.97,22.73
P1-529-0323,529,Bread_43,Bakery,2024-03-23,76.19,2024-03-24,62.88,13.31
P1-529-0325,529,Bread_43,Bakery,2024-03-25,64.21,2024-03-26,64.21,0.0
P1-529-0326,529,Bread_43,Bakery,2024-03-26,108.55,2024-03-27,92.1,16.45
P1-529-0328,529,Bread_43,Bakery,2024-03-28,68.03,2024-03-29,68.03,0.0
P1-529-0329,529,Bread_43,Bakery,2024-03-29,52.98,2024-03-30,52.98,0.0
P1-529-0330,529,Bread_43,Bakery,2024-03-30,56.28,2024-03-31,56.28,0.0
P1-529-0331,529,Bread_43,Bakery,2024-03-31,66.63,2024-04-01,66.63,0.0
P1-529-0401,529,Bread_43,Bakery,2024-04-01,32.62,2024-04-02,32.62,0.0
P1-529-0402,529,Bread_43,Bakery,2024-04-02,52.25,2024-04-03,52.25,0.0
P1-529-0403,529,Bread_43,Bakery,2024-04-03,32.02,2024-04-04,32.02,0.0
P1-529-0404,529,Bread_43,Bakery,2024-04-04,53.02,2024-04-05,53.02,0.0
P1-529-0405,529,Bread_43,Bakery,2024-04-05,31.8,2024-04-06,31.8,0.0
P1-529-0406,529,Bread_43,Bakery,2024-04-06,66.46,2024-04-07,66.46,0.0
P1-529-0407,529,Bread_43,Bakery,2024-04-07,34.66,2024-04-08,34.66,0.0
P1-529-0408,529,Bread_43,Bakery,2024-04-08,40.73,2024-04-09,40.73,0.0
P1-529-0409,529,Bread_43,Bakery,2024-04-09,29.03,2024-04-10,29.03,0.0
P1-529-0410,529,Bread_43,Bakery,2024-04-10,69.93,2024-04-11,69.93,0.0
P1-529-0411,529,Bread_43,Bakery,2024-04-11,78.38,2024-04-12,78.38,0.0
P1-529-0412,529,Bread_43,Bakery,2024-04-12,75.59,2024-04-13,75.59,0.0
P1-529-0413,529,Bread_43,Bakery,2024-04-13,57.49,2024-04-14,57.49,0.0
P1-529-0414,529,Bread_43,Bakery,2024-04-14,46.06,2024-04-15,46.06,0.0
P1-529-0415,529,Bread_43,Bakery,2024-04-15,41.42,2024-04-16,41.42,0.0
P1-529-0416,529,Bread_43,Bakery,2024-04-16,67.14,2024-04-17,67.14,0.0
P1-529-0417,529,Bread_43,Bakery,2024-04-17,58.98,2024-04-18,58.98,0.0
P1-529-0418,529,Bread_43,Bakery,2024-04-18,48.62,2024-04-19,48.62,0.0
P1-529-0419,529,Bread_43,Bakery,2024-04-19,91.2,2024-04-20,91.2,0.0
P1-529-0420,529,Bread_43,Bakery,2024-04-20,31.73,2024-04-21,31.73,0.0
P1-529-0421,529,Bread_43,Bakery,2024-04-21,68.14,2024-04-22,68.14,0.0
P1-529-0422,529,Bread_43,Bakery,2024-04-22,64.61,2024-04-23,64.61,0.0
P1-529-0423,529,Bread_43,Bakery,2024-04-23,57.56,2024-04-24,57.56,0.0
P1-529-0424,529,Bread_43,Bakery,2024-04-24,71.08,2024-04-25,71.08,0.0
P1-529-0425,529,Bread_43,Bakery,2024-04-25,95.8,2024-04-26,95.8,0.0
P1-529-0426,529,Bread_43,Bakery,2024-04-26,53.85,2024-04-27,53.85,0.0
P1-529-0427,529,Bread_43,Bakery,2024-04-27,64.99,2024-04-28,64.99,0.0
P1-529-0428,529,Bread_43,Bakery,2024-04-28,36.27,2024-04-29,36.27,0.0
P1-529-0429,529,Bread_43,Bakery,2024-04-29,50.01,2024-04-30,50.01,0.0
P1-529-0430,529,Bread_43,Bakery,2024-04-30,102.96,2024-05-01,70.96,32.0
P1-529-0502,529,Bread_43,Bakery,2024-05-02,129.69,2024-05-03,129.69,0.0
P1-529-0503,529,Bread_43,Bakery,2024-05-03,21.04,2024-05-04,21.04,0.0
P1-529-0504,529,Bread_43,Bakery,2024-05-04,56.0,2024-05-05,56.0,0.0
P1-529-0505,529,Bread_43,Bakery,2024-05-05,87.64,2024-05-06,69.08,18.56
P1-529-0507,529,Bread_43,Bakery,2024-05-07,77.03,2024-05-08,77.03,0.0
P1-529-0508,529,Bread_43,Bakery,2024-05-08,53.28,2024-05-09,53.28,0.0
P1-529-0509,529,Bread_43,Bakery,2024-05-09,63.81,2024-05-10,55.69,8.11
P1-529-0510,529,Bread_43,Bakery,2024-05-10,55.83,2024-05-11,40.72,15.11
P1-529-0511,529,Bread_43,Bakery,2024-05-11,7.63,2024-05-12,7.63,0.0
P1-529-0512,529,Bread_43,Bakery,2024-05-12,76.72,2024-05-13,76.72,0.0
P1-529-0513,529,Bread_43,Bakery,2024-05-13,69.71,2024-05-14,69.71,0.0
P1-529-0514,529,Bread_43,Bakery,2024-05-14,53.13,2024-05-15,53.13,0.0
P1-529-0515,529,Bread_43,Bakery,2024-05-15,77.21,2024-05-16,77.21,0.0
P1-529-0516,529,Bread_43,Bakery,2024-05-16,28.48,2024-05-17,28.48,0.0
P1-529-0517,529,Bread_43,Bakery,2024-05-17,88.91,2024-05-18,88.91,0.0
P1-529-0518,529,Bread_43,Bakery,2024-05-18,71.31,2024-05-19,71.31,0.0
P1-529-0519,529,Bread_43,Bakery,2024-05-19,84.37,2024-05-20,71.58,12.79
P1-529-0520,529,Bread_43,Bakery,2024-05-20,4.71,2024-05-21,4.71,0.0
P1-529-0521,529,Bread_43,Bakery,2024-05-21,107.91,2024-05-22,93.91,14.0
P1-529-0522,529,Bread_43,Bakery,2024-05-22,13.29,2024-05-23,13.29,0.0
P1-529-0523,529,Bread_43,Bakery,2024-05-23,68.47,2024-05-24,68.47,0.0
P1-529-0524,529,Bread_43,Bakery,2024-05-24,94.61,2024-05-25,94.61,0.0
P1-529-0525,529,Bread_43,Bakery,2024-05-25,11.17,2024-05-26,11.17,0.0
P1-529-0526,529,Bread_43,Bakery,2024-05-26,59.31,2024-05-27,56.08,3.23
P1-529-0527,529,Bread_43,Bakery,2024-05-27,37.66,2024-05-28,37.66,0.0
P1-529-0528,529,Bread_43,Bakery,2024-05-28,43.69,2024-05-29,39.82,3.87
P1-529-0529,529,Bread_43,Bakery,2024-05-29,18.21,2024-05-30,18.21,0.0
P1-529-0530,529,Bread_43,Bakery,2024-05-30,63.64,2024-05-31,63.64,0.0
P1-529-0531,529,Bread_43,Bakery,2024-05-31,49.32,2024-06-01,49.32,0.0
P1-529-0601,529,Bread_43,Bakery,2024-06-01,38.82,2024-06-02,38.82,0.0
P1-529-0602,529,Bread_43,Bakery,2024-06-02,55.74,2024-06-03,21.65,
P1-558-0301,558,Chicken_25,Meat and fish,2024-03-01,35.78,2024-03-04,35.78,0.0
P1-558-0302,558,Chicken_25,Meat and fish,2024-03-02,35.78,2024-03-05,35.78,0.0
P1-558-0303,558,Chicken_25,Meat and fish,2024-03-03,34.95,2024-03-06,34.95,0.0
P1-558-0305,558,Chicken_25,Meat and fish,2024-03-05,25.03,2024-03-08,25.03,0.0
P1-558-0306,558,Chicken_25,Meat and fish,2024-03-06,19.13,2024-03-09,19.13,0.0
P1-558-0307,558,Chicken_25,Meat and fish,2024-03-07,16.77,2024-03-10,16.77,0.0
P1-558-0308,558,Chicken_25,Meat and fish,2024-03-08,36.01,2024-03-11,36.01,0.0
P1-558-0309,558,Chicken_25,Meat and fish,2024-03-09,36.64,2024-03-12,36.64,0.0
P1-558-0310,558,Chicken_25,Meat and fish,2024-03-10,14.44,2024-03-13,14.44,0.0
P1-558-0311,558,Chicken_25,Meat and fish,2024-03-11,19.4,2024-03-14,19.4,0.0
P1-558-0312,558,Chicken_25,Meat and fish,2024-03-12,28.66,2024-03-15,28.66,0.0
P1-558-0313,558,Chicken_25,Meat and fish,2024-03-13,27.88,2024-03-16,27.88,0.0
P1-558-0314,558,Chicken_25,Meat and fish,2024-03-14,38.74,2024-03-17,38.74,0.0
P1-558-0315,558,Chicken_25,Meat and fish,2024-03-15,31.37,2024-03-18,31.37,0.0
P1-558-0316,558,Chicken_25,Meat and fish,2024-03-16,37.14,2024-03-19,37.14,0.0
P1-558-0317,558,Chicken_25,Meat and fish,2024-03-17,18.03,2024-03-20,18.03,0.0
P1-558-0319,558,Chicken_25,Meat and fish,2024-03-19,43.95,2024-03-22,43.95,0.0
P1-558-0320,558,Chicken_25,Meat and fish,2024-03-20,5.86,2024-03-23,5.86,0.0
P1-558-0321,558,Chicken_25,Meat and fish,2024-03-21,19.62,2024-03-24,19.62,0.0
P1-558-0322,558,Chicken_25,Meat and fish,2024-03-22,44.24,2024-03-25,44.24,0.0
P1-558-0323,558,Chicken_25,Meat and fish,2024-03-23,46.82,2024-03-26,46.82,0.0
P1-558-0324,558,Chicken_25,Meat and fish,2024-03-24,8.53,2024-03-27,8.53,0.0
P1-558-0325,558,Chicken_25,Meat and fish,2024-03-25,33.12,2024-03-28,33.12,0.0
P1-558-0326,558,Chicken_25,Meat and fish,2024-03-26,28.42,2024-03-29,28.42,0.0
P1-558-0327,558,Chicken_25,Meat and fish,2024-03-27,29.7,2024-03-30,29.7,0.0
P1-558-0328,558,Chicken_25,Meat and fish,2024-03-28,47.1,2024-03-31,47.1,0.0
P1-558-0329,558,Chicken_25,Meat and fish,2024-03-29,40.83,2024-04-01,40.83,0.0
P1-558-0330,558,Chicken_25,Meat and fish,2024-03-30,37.21,2024-04-02,37.21,0.0
P1-558-0331,558,Chicken_25,Meat and fish,2024-03-31,10.05,2024-04-03,10.05,0.0
P1-558-0401,558,Chicken_25,Meat and fish,2024-04-01,31.98,2024-04-04,31.98,0.0
P1-558-0402,558,Chicken_25,Meat and fish,2024-04-02,24.64,2024-04-05,24.64,0.0
P1-558-0403,558,Chicken_25,Meat and fish,2024-04-03,30.47,2024-04-06,30.47,0.0
P1-558-0404,558,Chicken_25,Meat and fish,2024-04-04,32.82,2024-04-07,32.82,0.0
P1-558-0405,558,Chicken_25,Meat and fish,2024-04-05,18.66,2024-04-08,18.66,0.0
P1-558-0406,558,Chicken_25,Meat and fish,2024-04-06,2.24,2024-04-09,2.24,0.0
P1-558-0408,558,Chicken_25,Meat and fish,2024-04-08,39.77,2024-04-11,39.77,0.0
P1-558-0409,558,Chicken_25,Meat and fish,2024-04-09,51.25,2024-04-12,51.25,0.0
P1-558-0411,558,Chicken_25,Meat and fish,2024-04-11,17.2,2024-04-14,17.2,0.0
P1-558-0412,558,Chicken_25,Meat and fish,2024-04-12,49.6,2024-04-15,49.6,0.0
P1-558-0413,558,Chicken_25,Meat and fish,2024-04-13,41.83,2024-04-16,41.83,0.0
P1-558-0414,558,Chicken_25,Meat and fish,2024-04-14,40.85,2024-04-17,40.85,0.0
P1-558-0415,558,Chicken_25,Meat and fish,2024-04-15,55.97,2024-04-18,55.97,0.0
P1-558-0416,558,Chicken_25,Meat and fish,2024-04-16,12.63,2024-04-19,12.63,0.0
P1-558-0417,558,Chicken_25,Meat and fish,2024-04-17,26.27,2024-04-20,26.27,0.0
P1-558-0418,558,Chicken_25,Meat and fish,2024-04-18,26.71,2024-04-21,26.71,0.0
P1-558-0419,558,Chicken_25,Meat and fish,2024-04-19,52.53,2024-04-22,52.53,0.0
P1-558-0420,558,Chicken_25,Meat and fish,2024-04-20,42.09,2024-04-23,42.09,0.0
P1-558-0421,558,Chicken_25,Meat and fish,2024-04-21,26.36,2024-04-24,26.36,0.0
P1-558-0422,558,Chicken_25,Meat and fish,2024-04-22,17.67,2024-04-25,17.67,0.0
P1-558-0423,558,Chicken_25,Meat and fish,2024-04-23,9.03,2024-04-26,9.03,0.0
P1-558-0424,558,Chicken_25,Meat and fish,2024-04-24,28.65,2024-04-27,28.65,0.0
P1-558-0425,558,Chicken_25,Meat and fish,2024-04-25,32.53,2024-04-28,32.53,0.0
P1-558-0426,558,Chicken_25,Meat and fish,2024-04-26,44.16,2024-04-29,44.16,0.0
P1-558-0427,558,Chicken_25,Meat and fish,2024-04-27,22.47,2024-04-30,22.47,0.0
P1-558-0428,558,Chicken_25,Meat and fish,2024-04-28,16.31,2024-05-01,16.31,0.0
P1-558-0429,558,Chicken_25,Meat and fish,2024-04-29,26.86,2024-05-02,26.86,0.0
P1-558-0430,558,Chicken_25,Meat and fish,2024-04-30,26.94,2024-05-03,26.94,0.0
P1-558-0502,558,Chicken_25,Meat and fish,2024-05-02,37.45,2024-05-05,37.45,0.0
P1-558-0503,558,Chicken_25,Meat and fish,2024-05-03,65.26,2024-05-06,65.26,0.0
P1-558-0504,558,Chicken_25,Meat and fish,2024-05-04,17.4,2024-05-07,17.4,0.0
P1-558-0505,558,Chicken_25,Meat and fish,2024-05-05,27.23,2024-05-08,27.23,0.0
P1-558-0506,558,Chicken_25,Meat and fish,2024-05-06,24.12,2024-05-09,24.12,0.0
P1-558-0507,558,Chicken_25,Meat and fish,2024-05-07,36.79,2024-05-10,36.79,0.0
P1-558-0508,558,Chicken_25,Meat and fish,2024-05-08,44.42,2024-05-11,44.42,0.0
P1-558-0509,558,Chicken_25,Meat and fish,2024-05-09,63.63,2024-05-12,63.63,0.0
P1-558-0510,558,Chicken_25,Meat and fish,2024-05-10,29.8,2024-05-13,29.8,0.0
P1-558-0511,558,Chicken_25,Meat and fish,2024-05-11,16.7,2024-05-14,16.7,0.0
P1-558-0512,558,Chicken_25,Meat and fish,2024-05-12,18.43,2024-05-15,18.43,0.0
P1-558-0513,558,Chicken_25,Meat and fish,2024-05-13,38.07,2024-05-16,38.07,0.0
P1-558-0514,558,Chicken_25,Meat and fish,2024-05-14,60.55,2024-05-17,60.55,0.0
P1-558-0515,558,Chicken_25,Meat and fish,2024-05-15,11.73,2024-05-18,11.73,0.0
P1-558-0516,558,Chicken_25,Meat and fish,2024-05-16,11.42,2024-05-19,11.42,0.0
P1-558-0517,558,Chicken_25,Meat and fish,2024-05-17,13.11,2024-05-20,13.11,0.0
P1-558-0518,558,Chicken_25,Meat and fish,2024-05-18,24.68,2024-05-21,24.68,0.0
P1-558-0519,558,Chicken_25,Meat and fish,2024-05-19,47.54,2024-05-22,47.54,0.0
P1-558-0520,558,Chicken_25,Meat and fish,2024-05-20,13.97,2024-05-23,13.97,0.0
P1-558-0521,558,Chicken_25,Meat and fish,2024-05-21,1.51,2024-05-24,1.51,0.0
P1-558-0522,558,Chicken_25,Meat and fish,2024-05-22,23.89,2024-05-25,23.89,0.0
P1-558-0523,558,Chicken_25,Meat and fish,2024-05-23,29.1,2024-05-26,29.1,0.0
P1-558-0524,558,Chicken_25,Meat and fish,2024-05-24,39.76,2024-05-27,39.76,0.0
P1-558-0525,558,Chicken_25,Meat and fish,2024-05-25,44.89,2024-05-28,44.89,0.0
P1-558-0526,558,Chicken_25,Meat and fish,2024-05-26,9.52,2024-05-29,9.52,0.0
P1-558-0527,558,Chicken_25,Meat and fish,2024-05-27,35.42,2024-05-30,35.42,0.0
P1-558-0528,558,Chicken_25,Meat and fish,2024-05-28,9.88,2024-05-31,9.88,0.0
P1-558-0529,558,Chicken_25,Meat and fish,2024-05-29,32.22,2024-06-01,32.22,0.0
P1-558-0530,558,Chicken_25,Meat and fish,2024-05-30,18.64,2024-06-02,18.64,0.0
P1-558-0531,558,Chicken_25,Meat and fish,2024-05-31,29.3,2024-06-03,29.3,0.0
P1-558-0601,558,Chicken_25,Meat and fish,2024-06-01,35.98,2024-06-04,35.98,0.0
P1-558-0602,558,Chicken_25,Meat and fish,2024-06-02,46.37,2024-06-05,17.81,
P1-562-0301,562,Beef_7,Meat and fish,2024-03-01,64.68,2024-03-04,64.68,0.0
P1-562-0302,562,Beef_7,Meat and fish,2024-03-02,64.68,2024-03-05,64.68,0.0
P1-562-0303,562,Beef_7,Meat and fish,2024-03-03,63.57,2024-03-06,63.57,0.0
P1-562-0304,562,Beef_7,Meat and fish,2024-03-04,48.67,2024-03-07,41.86,6.8
P1-562-0305,562,Beef_7,Meat and fish,2024-03-05,30.74,2024-03-08,24.05,6.69
P1-562-0306,562,Beef_7,Meat and fish,2024-03-06,18.47,2024-03-09,15.81,2.66
P1-562-0307,562,Beef_7,Meat and fish,2024-03-07,15.24,2024-03-10,15.24,0.0
P1-562-0308,562,Beef_7,Meat and fish,2024-03-08,27.41,2024-03-11,27.41,0.0
P1-562-0309,562,Beef_7,Meat and fish,2024-03-09,12.66,2024-03-12,11.52,1.14
P1-562-0310,562,Beef_7,Meat and fish,2024-03-10,9.06,2024-03-13,9.06,0.0
P1-562-0312,562,Beef_7,Meat and fish,2024-03-12,4.52,2024-03-15,4.52,0.0
P1-562-0313,562,Beef_7,Meat and fish,2024-03-13,9.81,2024-03-16,9.81,0.0
P1-562-0314,562,Beef_7,Meat and fish,2024-03-14,18.74,2024-03-17,18.74,0.0
P1-562-0315,562,Beef_7,Meat and fish,2024-03-15,35.15,2024-03-18,35.15,0.0
P1-562-0316,562,Beef_7,Meat and fish,2024-03-16,23.78,2024-03-19,23.78,0.0
P1-562-0317,562,Beef_7,Meat and fish,2024-03-17,19.07,2024-03-20,19.07,0.0
P1-562-0318,562,Beef_7,Meat and fish,2024-03-18,23.28,2024-03-21,23.28,0.0
P1-562-0320,562,Beef_7,Meat and fish,2024-03-20,4.25,2024-03-23,4.25,0.0
P1-562-0321,562,Beef_7,Meat and fish,2024-03-21,40.01,2024-03-24,40.01,0.0
P1-562-0322,562,Beef_7,Meat and fish,2024-03-22,14.98,2024-03-25,14.98,0.0
P1-562-0323,562,Beef_7,Meat and fish,2024-03-23,18.25,2024-03-26,18.25,0.0
P1-562-0324,562,Beef_7,Meat and fish,2024-03-24,12.28,2024-03-27,12.28,0.0
P1-562-0325,562,Beef_7,Meat and fish,2024-03-25,15.33,2024-03-28,15.33,0.0
P1-562-0326,562,Beef_7,Meat and fish,2024-03-26,8.18,2024-03-29,8.18,0.0
P1-562-0327,562,Beef_7,Meat and fish,2024-03-27,24.36,2024-03-30,24.36,0.0
P1-562-0328,562,Beef_7,Meat and fish,2024-03-28,29.38,2024-03-31,29.38,0.0
P1-562-0329,562,Beef_7,Meat and fish,2024-03-29,41.94,2024-04-01,41.94,0.0
P1-562-0331,562,Beef_7,Meat and fish,2024-03-31,23.15,2024-04-03,23.15,0.0
P1-562-0401,562,Beef_7,Meat and fish,2024-04-01,21.35,2024-04-04,21.35,0.0
P1-562-0402,562,Beef_7,Meat and fish,2024-04-02,16.79,2024-04-05,16.79,0.0
P1-562-0403,562,Beef_7,Meat and fish,2024-04-03,26.71,2024-04-06,26.71,0.0
P1-562-0404,562,Beef_7,Meat and fish,2024-04-04,19.41,2024-04-07,19.41,0.0
P1-562-0405,562,Beef_7,Meat and fish,2024-04-05,25.24,2024-04-08,25.24,0.0
P1-562-0406,562,Beef_7,Meat and fish,2024-04-06,43.62,2024-04-09,43.62,0.0
P1-562-0409,562,Beef_7,Meat and fish,2024-04-09,39.8,2024-04-12,39.8,0.0
P1-562-0410,562,Beef_7,Meat and fish,2024-04-10,6.72,2024-04-13,6.72,0.0
P1-562-0411,562,Beef_7,Meat and fish,2024-04-11,12.41,2024-04-14,12.41,0.0
P1-562-0412,562,Beef_7,Meat and fish,2024-04-12,33.24,2024-04-15,33.24,0.0
P1-562-0413,562,Beef_7,Meat and fish,2024-04-13,45.8,2024-04-16,45.8,0.0
P1-562-0414,562,Beef_7,Meat and fish,2024-04-14,74.1,2024-04-17,69.11,4.99
P1-562-0415,562,Beef_7,Meat and fish,2024-04-15,16.89,2024-04-18,16.72,0.17
P1-562-0418,562,Beef_7,Meat and fish,2024-04-18,28.38,2024-04-21,28.38,0.0
P1-562-0419,562,Beef_7,Meat and fish,2024-04-19,38.99,2024-04-22,38.99,0.0
P1-562-0420,562,Beef_7,Meat and fish,2024-04-20,22.76,2024-04-23,22.76,0.0
P1-562-0423,562,Beef_7,Meat and fish,2024-04-23,4.87,2024-04-26,4.87,0.0
P1-562-0424,562,Beef_7,Meat and fish,2024-04-24,28.71,2024-04-27,28.71,0.0
P1-562-0425,562,Beef_7,Meat and fish,2024-04-25,27.54,2024-04-28,27.54,0.0
P1-562-0426,562,Beef_7,Meat and fish,2024-04-26,36.22,2024-04-29,36.22,0.0
P1-562-0427,562,Beef_7,Meat and fish,2024-04-27,34.48,2024-04-30,34.48,0.0
P1-562-0428,562,Beef_7,Meat and fish,2024-04-28,27.07,2024-05-01,27.07,0.0
P1-562-0430,562,Beef_7,Meat and fish,2024-04-30,48.08,2024-05-03,48.08,0.0
P1-562-0501,562,Beef_7,Meat and fish,2024-05-01,35.61,2024-05-04,35.61,0.0
P1-562-0502,562,Beef_7,Meat and fish,2024-05-02,26.33,2024-05-05,26.33,0.0
P1-562-0503,562,Beef_7,Meat and fish,2024-05-03,25.08,2024-05-06,25.08,0.0
P1-562-0504,562,Beef_7,Meat and fish,2024-05-04,31.48,2024-05-07,31.48,0.0
P1-562-0505,562,Beef_7,Meat and fish,2024-05-05,19.6,2024-05-08,19.6,0.0
P1-562-0506,562,Beef_7,Meat and fish,2024-05-06,7.23,2024-05-09,7.23,0.0
P1-562-0507,562,Beef_7,Meat and fish,2024-05-07,47.91,2024-05-10,47.91,0.0
P1-562-0509,562,Beef_7,Meat and fish,2024-05-09,26.43,2024-05-12,26.43,0.0
P1-562-0510,562,Beef_7,Meat and fish,2024-05-10,28.03,2024-05-13,28.03,0.0
P1-562-0511,562,Beef_7,Meat and fish,2024-05-11,29.78,2024-05-14,29.78,0.0
P1-562-0512,562,Beef_7,Meat and fish,2024-05-12,19.14,2024-05-15,19.14,0.0
P1-562-0513,562,Beef_7,Meat and fish,2024-05-13,14.68,2024-05-16,14.68,0.0
P1-562-0514,562,Beef_7,Meat and fish,2024-05-14,31.06,2024-05-17,31.06,0.0
P1-562-0515,562,Beef_7,Meat and fish,2024-05-15,27.54,2024-05-18,27.54,0.0
P1-562-0516,562,Beef_7,Meat and fish,2024-05-16,4.09,2024-05-19,4.09,0.0
P1-562-0517,562,Beef_7,Meat and fish,2024-05-17,28.22,2024-05-20,28.22,0.0
P1-562-0518,562,Beef_7,Meat and fish,2024-05-18,9.37,2024-05-21,9.37,0.0
P1-562-0519,562,Beef_7,Meat and fish,2024-05-19,8.53,2024-05-22,8.53,0.0
P1-562-0520,562,Beef_7,Meat and fish,2024-05-20,96.9,2024-05-23,96.9,0.0
P1-562-0521,562,Beef_7,Meat and fish,2024-05-21,64.27,2024-05-24,64.27,0.0
P1-562-0522,562,Beef_7,Meat and fish,2024-05-22,95.94,2024-05-25,95.94,0.0
P1-562-0523,562,Beef_7,Meat and fish,2024-05-23,157.66,2024-05-26,157.66,0.0
P1-562-0524,562,Beef_7,Meat and fish,2024-05-24,197.41,2024-05-27,197.41,0.0
P1-562-0525,562,Beef_7,Meat and fish,2024-05-25,165.42,2024-05-28,165.42,0.0
P1-562-0526,562,Beef_7,Meat and fish,2024-05-26,125.07,2024-05-29,125.07,0.0
P1-562-0527,562,Beef_7,Meat and fish,2024-05-27,162.5,2024-05-30,162.5,0.0
P1-562-0528,562,Beef_7,Meat and fish,2024-05-28,0.17,2024-05-31,0.17,0.0
P1-562-0529,562,Beef_7,Meat and fish,2024-05-29,105.34,2024-06-01,105.34,0.0
P1-562-0530,562,Beef_7,Meat and fish,2024-05-30,178.79,2024-06-02,65.46,
P1-562-0531,562,Beef_7,Meat and fish,2024-05-31,80.79,2024-06-03,0.0,
P1-651-0323,651,Tomato_28,Fruit and vegetable,2024-03-23,30.44,2024-03-25,30.44,0.0
P1-651-0324,651,Tomato_28,Fruit and vegetable,2024-03-24,47.11,2024-03-26,47.11,0.0
P1-651-0325,651,Tomato_28,Fruit and vegetable,2024-03-25,47.9,2024-03-27,47.9,0.0
P1-651-0326,651,Tomato_28,Fruit and vegetable,2024-03-26,59.09,2024-03-28,59.09,0.0
P1-651-0327,651,Tomato_28,Fruit and vegetable,2024-03-27,53.67,2024-03-29,53.67,0.0
P1-651-0328,651,Tomato_28,Fruit and vegetable,2024-03-28,65.21,2024-03-30,65.21,0.0
P1-651-0329,651,Tomato_28,Fruit and vegetable,2024-03-29,45.81,2024-03-31,45.81,0.0
P1-651-0330,651,Tomato_28,Fruit and vegetable,2024-03-30,46.72,2024-04-01,46.72,0.0
P1-651-0331,651,Tomato_28,Fruit and vegetable,2024-03-31,146.34,2024-04-02,146.34,0.0
P1-651-0401,651,Tomato_28,Fruit and vegetable,2024-04-01,199.93,2024-04-03,199.93,0.0
P1-651-0402,651,Tomato_28,Fruit and vegetable,2024-04-02,253.41,2024-04-04,253.41,0.0
P1-651-0403,651,Tomato_28,Fruit and vegetable,2024-04-03,205.76,2024-04-05,205.76,0.0
P1-651-0404,651,Tomato_28,Fruit and vegetable,2024-04-04,188.07,2024-04-06,188.07,0.0
P1-651-0405,651,Tomato_28,Fruit and vegetable,2024-04-05,270.17,2024-04-07,270.17,0.0
P1-651-0406,651,Tomato_28,Fruit and vegetable,2024-04-06,223.74,2024-04-08,223.74,0.0
P1-651-0407,651,Tomato_28,Fruit and vegetable,2024-04-07,199.38,2024-04-09,199.38,0.0
P1-651-0408,651,Tomato_28,Fruit and vegetable,2024-04-08,177.69,2024-04-10,177.69,0.0
P1-651-0409,651,Tomato_28,Fruit and vegetable,2024-04-09,169.55,2024-04-11,116.0,53.55
P1-651-0410,651,Tomato_28,Fruit and vegetable,2024-04-10,43.21,2024-04-12,43.21,0.0
P1-651-0411,651,Tomato_28,Fruit and vegetable,2024-04-11,79.64,2024-04-13,79.64,0.0
P1-651-0412,651,Tomato_28,Fruit and vegetable,2024-04-12,242.17,2024-04-14,206.5,35.67
P1-651-0413,651,Tomato_28,Fruit and vegetable,2024-04-13,40.89,2024-04-15,40.89,0.0
P1-651-0415,651,Tomato_28,Fruit and vegetable,2024-04-15,71.03,2024-04-17,71.03,0.0
P1-651-0416,651,Tomato_28,Fruit and vegetable,2024-04-16,72.99,2024-04-18,72.99,0.0
P1-651-0417,651,Tomato_28,Fruit and vegetable,2024-04-17,78.8,2024-04-19,78.8,0.0
P1-651-0418,651,Tomato_28,Fruit and vegetable,2024-04-18,80.14,2024-04-20,80.14,0.0
P1-651-0419,651,Tomato_28,Fruit and vegetable,2024-04-19,72.93,2024-04-21,72.93,0.0
P1-651-0420,651,Tomato_28,Fruit and vegetable,2024-04-20,59.24,2024-04-22,59.24,0.0
P1-651-0421,651,Tomato_28,Fruit and vegetable,2024-04-21,51.9,2024-04-23,51.9,0.0
P1-651-0422,651,Tomato_28,Fruit and vegetable,2024-04-22,22.13,2024-04-24,22.13,0.0
P1-651-0423,651,Tomato_28,Fruit and vegetable,2024-04-23,45.78,2024-04-25,45.78,0.0
P1-651-0424,651,Tomato_28,Fruit and vegetable,2024-04-24,77.56,2024-04-26,77.56,0.0
P1-651-0425,651,Tomato_28,Fruit and vegetable,2024-04-25,52.46,2024-04-27,52.46,0.0
P1-651-0426,651,Tomato_28,Fruit and vegetable,2024-04-26,89.73,2024-04-28,89.73,0.0
P1-651-0427,651,Tomato_28,Fruit and vegetable,2024-04-27,67.06,2024-04-29,67.06,0.0
P1-651-0428,651,Tomato_28,Fruit and vegetable,2024-04-28,60.68,2024-04-30,60.68,0.0
P1-651-0429,651,Tomato_28,Fruit and vegetable,2024-04-29,81.56,2024-05-01,81.56,0.0
P1-651-0430,651,Tomato_28,Fruit and vegetable,2024-04-30,87.74,2024-05-02,87.74,0.0
P1-651-0501,651,Tomato_28,Fruit and vegetable,2024-05-01,41.53,2024-05-03,41.53,0.0
P1-651-0502,651,Tomato_28,Fruit and vegetable,2024-05-02,47.85,2024-05-04,47.85,0.0
P1-651-0503,651,Tomato_28,Fruit and vegetable,2024-05-03,67.02,2024-05-05,67.02,0.0
P1-651-0504,651,Tomato_28,Fruit and vegetable,2024-05-04,38.86,2024-05-06,38.86,0.0
P1-651-0505,651,Tomato_28,Fruit and vegetable,2024-05-05,48.25,2024-05-07,48.25,0.0
P1-651-0506,651,Tomato_28,Fruit and vegetable,2024-05-06,163.35,2024-05-08,163.35,0.0
P1-651-0507,651,Tomato_28,Fruit and vegetable,2024-05-07,346.18,2024-05-09,346.18,0.0
P1-651-0508,651,Tomato_28,Fruit and vegetable,2024-05-08,271.34,2024-05-10,271.34,0.0
P1-651-0509,651,Tomato_28,Fruit and vegetable,2024-05-09,211.42,2024-05-11,211.42,0.0
P1-651-0510,651,Tomato_28,Fruit and vegetable,2024-05-10,250.94,2024-05-12,250.94,0.0
P1-651-0511,651,Tomato_28,Fruit and vegetable,2024-05-11,298.0,2024-05-13,298.0,0.0
P1-651-0512,651,Tomato_28,Fruit and vegetable,2024-05-12,322.46,2024-05-14,322.46,0.0
P1-651-0513,651,Tomato_28,Fruit and vegetable,2024-05-13,278.5,2024-05-15,185.01,93.49
P1-651-0514,651,Tomato_28,Fruit and vegetable,2024-05-14,254.77,2024-05-16,102.16,152.61
P1-651-0515,651,Tomato_28,Fruit and vegetable,2024-05-15,7.16,2024-05-17,7.16,0.0
P1-651-0516,651,Tomato_28,Fruit and vegetable,2024-05-16,92.53,2024-05-18,92.53,0.0
P1-651-0517,651,Tomato_28,Fruit and vegetable,2024-05-17,313.29,2024-05-19,120.66,192.62
P1-651-0518,651,Tomato_28,Fruit and vegetable,2024-05-18,115.47,2024-05-20,52.67,62.8
P1-651-0519,651,Tomato_28,Fruit and vegetable,2024-05-19,61.55,2024-05-21,36.21,25.34
P1-651-0521,651,Tomato_28,Fruit and vegetable,2024-05-21,27.44,2024-05-23,27.44,0.0
P1-651-0522,651,Tomato_28,Fruit and vegetable,2024-05-22,52.53,2024-05-24,52.53,0.0
P1-651-0523,651,Tomato_28,Fruit and vegetable,2024-05-23,95.01,2024-05-25,95.01,0.0
P1-651-0524,651,Tomato_28,Fruit and vegetable,2024-05-24,19.24,2024-05-26,19.24,0.0
P1-651-0525,651,Tomato_28,Fruit and vegetable,2024-05-25,34.09,2024-05-27,34.09,0.0
P1-651-0526,651,Tomato_28,Fruit and vegetable,2024-05-26,57.68,2024-05-28,57.68,0.0
P1-651-0527,651,Tomato_28,Fruit and vegetable,2024-05-27,25.39,2024-05-29,25.39,0.0
P1-651-0528,651,Tomato_28,Fruit and vegetable,2024-05-28,39.22,2024-05-30,39.22,0.0
P1-651-0529,651,Tomato_28,Fruit and vegetable,2024-05-29,49.91,2024-05-31,49.91,0.0
P1-651-0530,651,Tomato_28,Fruit and vegetable,2024-05-30,48.66,2024-06-01,48.66,0.0
P1-651-0531,651,Tomato_28,Fruit and vegetable,2024-05-31,69.73,2024-06-02,69.73,0.0
P1-651-0601,651,Tomato_28,Fruit and vegetable,2024-06-01,58.38,2024-06-03,58.38,0.0
P1-651-0602,651,Tomato_28,Fruit and vegetable,2024-06-02,67.63,2024-06-04,67.63,0.0
P1-656-0301,656,Bread_54,Bakery,2024-03-01,32.22,2024-03-02,32.22,0.0
P1-656-0302,656,Bread_54,Bakery,2024-03-02,32.22,2024-03-03,32.22,0.0
P1-656-0303,656,Bread_54,Bakery,2024-03-03,31.66,2024-03-04,27.24,4.42
P1-656-0304,656,Bread_54,Bakery,2024-03-04,20.68,2024-03-05,20.68,0.0
P1-656-0305,656,Bread_54,Bakery,2024-03-05,21.72,2024-03-06,21.72,0.0
P1-656-0306,656,Bread_54,Bakery,2024-03-06,24.58,2024-03-07,24.58,0.0
P1-656-0307,656,Bread_54,Bakery,2024-03-07,24.62,2024-03-08,24.62,0.0
P1-656-0308,656,Bread_54,Bakery,2024-03-08,45.56,2024-03-09,45.56,0.0
P1-656-0309,656,Bread_54,Bakery,2024-03-09,40.46,2024-03-10,31.93,8.53
P1-656-0310,656,Bread_54,Bakery,2024-03-10,8.51,2024-03-11,8.51,0.0
P1-656-0311,656,Bread_54,Bakery,2024-03-11,26.7,2024-03-12,26.7,0.0
P1-656-0312,656,Bread_54,Bakery,2024-03-12,40.88,2024-03-13,40.88,0.0
P1-656-0313,656,Bread_54,Bakery,2024-03-13,26.14,2024-03-14,26.14,0.0
P1-656-0314,656,Bread_54,Bakery,2024-03-14,41.51,2024-03-15,41.51,0.0
P1-656-0315,656,Bread_54,Bakery,2024-03-15,47.56,2024-03-16,28.26,19.3
P1-656-0317,656,Bread_54,Bakery,2024-03-17,29.61,2024-03-18,29.61,0.0
P1-656-0318,656,Bread_54,Bakery,2024-03-18,33.58,2024-03-19,33.58,0.0
P1-656-0319,656,Bread_54,Bakery,2024-03-19,32.0,2024-03-20,28.9,3.1
P1-656-0320,656,Bread_54,Bakery,2024-03-20,8.2,2024-03-21,8.2,0.0
P1-656-0321,656,Bread_54,Bakery,2024-03-21,55.76,2024-03-22,55.76,0.0
P1-656-0322,656,Bread_54,Bakery,2024-03-22,19.04,2024-03-23,19.04,0.0
P1-656-0323,656,Bread_54,Bakery,2024-03-23,39.15,2024-03-24,37.58,1.57
P1-656-0324,656,Bread_54,Bakery,2024-03-24,7.24,2024-03-25,7.24,0.0
P1-656-0325,656,Bread_54,Bakery,2024-03-25,41.26,2024-03-26,41.26,0.0
P1-656-0326,656,Bread_54,Bakery,2024-03-26,23.37,2024-03-27,23.37,0.0
P1-656-0327,656,Bread_54,Bakery,2024-03-27,57.79,2024-03-28,57.79,0.0
P1-656-0328,656,Bread_54,Bakery,2024-03-28,54.16,2024-03-29,54.16,0.0
P1-656-0329,656,Bread_54,Bakery,2024-03-29,56.3,2024-03-30,39.5,16.79
P1-656-0331,656,Bread_54,Bakery,2024-03-31,37.76,2024-04-01,15.16,22.6
P1-656-0402,656,Bread_54,Bakery,2024-04-02,65.25,2024-04-03,65.25,0.0
P1-656-0403,656,Bread_54,Bakery,2024-04-03,68.02,2024-04-04,68.02,0.0
P1-656-0404,656,Bread_54,Bakery,2024-04-04,45.02,2024-04-05,45.02,0.0
P1-656-0405,656,Bread_54,Bakery,2024-04-05,24.95,2024-04-06,23.8,1.14
P1-656-0406,656,Bread_54,Bakery,2024-04-06,17.46,2024-04-07,17.46,0.0
P1-656-0407,656,Bread_54,Bakery,2024-04-07,35.58,2024-04-08,16.26,19.31
P1-656-0408,656,Bread_54,Bakery,2024-04-08,2.37,2024-04-09,2.37,0.0
P1-656-0409,656,Bread_54,Bakery,2024-04-09,85.42,2024-04-10,77.99,7.42
P1-656-0411,656,Bread_54,Bakery,2024-04-11,103.12,2024-04-12,103.12,0.0
P1-656-0412,656,Bread_54,Bakery,2024-04-12,80.82,2024-04-13,77.43,3.39
P1-656-0413,656,Bread_54,Bakery,2024-04-13,15.4,2024-04-14,12.93,2.47
P1-656-0414,656,Bread_54,Bakery,2024-04-14,39.62,2024-04-15,35.99,3.63
P1-656-0415,656,Bread_54,Bakery,2024-04-15,15.05,2024-04-16,15.05,0.0
P1-656-0416,656,Bread_54,Bakery,2024-04-16,53.41,2024-04-17,47.36,6.05
P1-656-0417,656,Bread_54,Bakery,2024-04-17,39.59,2024-04-18,39.59,0.0
P1-656-0418,656,Bread_54,Bakery,2024-04-18,100.55,2024-04-19,41.1,59.46
P1-656-0420,656,Bread_54,Bakery,2024-04-20,56.0,2024-04-21,46.5,9.5
P1-656-0421,656,Bread_54,Bakery,2024-04-21,2.26,2024-04-22,2.26,0.0
P1-656-0422,656,Bread_54,Bakery,2024-04-22,46.65,2024-04-23,46.65,0.0
P1-656-0423,656,Bread_54,Bakery,2024-04-23,35.99,2024-04-24,35.99,0.0
P1-656-0424,656,Bread_54,Bakery,2024-04-24,37.02,2024-04-25,37.02,0.0
P1-656-0425,656,Bread_54,Bakery,2024-04-25,40.23,2024-04-26,40.23,0.0
P1-656-0426,656,Bread_54,Bakery,2024-04-26,33.29,2024-04-27,33.29,0.0
P1-656-0427,656,Bread_54,Bakery,2024-04-27,28.22,2024-04-28,28.22,0.0
P1-656-0428,656,Bread_54,Bakery,2024-04-28,32.19,2024-04-29,32.19,0.0
P1-656-0429,656,Bread_54,Bakery,2024-04-29,44.69,2024-04-30,44.69,0.0
P1-656-0430,656,Bread_54,Bakery,2024-04-30,30.92,2024-05-01,30.92,0.0
P1-656-0501,656,Bread_54,Bakery,2024-05-01,54.12,2024-05-02,54.12,0.0
P1-656-0502,656,Bread_54,Bakery,2024-05-02,30.92,2024-05-03,30.92,0.0
P1-656-0503,656,Bread_54,Bakery,2024-05-03,40.59,2024-05-04,40.59,0.0
P1-656-0504,656,Bread_54,Bakery,2024-05-04,71.55,2024-05-05,34.95,36.6
P1-656-0506,656,Bread_54,Bakery,2024-05-06,66.3,2024-05-07,55.2,11.1
P1-656-0507,656,Bread_54,Bakery,2024-05-07,17.52,2024-05-08,17.52,0.0
P1-656-0508,656,Bread_54,Bakery,2024-05-08,29.63,2024-05-09,29.63,0.0
P1-656-0509,656,Bread_54,Bakery,2024-05-09,66.17,2024-05-10,66.17,0.0
P1-656-0510,656,Bread_54,Bakery,2024-05-10,73.86,2024-05-11,57.24,16.62
P1-656-0511,656,Bread_54,Bakery,2024-05-11,4.28,2024-05-12,4.28,0.0
P1-656-0512,656,Bread_54,Bakery,2024-05-12,40.7,2024-05-13,35.35,5.35
P1-656-0513,656,Bread_54,Bakery,2024-05-13,3.42,2024-05-14,3.42,0.0
P1-656-0514,656,Bread_54,Bakery,2024-05-14,66.09,2024-05-15,64.57,1.52
P1-656-0515,656,Bread_54,Bakery,2024-05-15,36.77,2024-05-16,36.77,0.0
P1-656-0516,656,Bread_54,Bakery,2024-05-16,56.91,2024-05-17,42.7,14.2
P1-656-0518,656,Bread_54,Bakery,2024-05-18,36.07,2024-05-19,36.07,0.0
P1-656-0519,656,Bread_54,Bakery,2024-05-19,14.52,2024-05-20,14.52,0.0
P1-656-0520,656,Bread_54,Bakery,2024-05-20,32.13,2024-05-21,32.13,0.0
P1-656-0521,656,Bread_54,Bakery,2024-05-21,39.9,2024-05-22,39.9,0.0
P1-656-0522,656,Bread_54,Bakery,2024-05-22,16.17,2024-05-23,16.17,0.0
P1-656-0523,656,Bread_54,Bakery,2024-05-23,50.84,2024-05-24,50.84,0.0
P1-656-0524,656,Bread_54,Bakery,2024-05-24,43.17,2024-05-25,43.17,0.0
P1-656-0525,656,Bread_54,Bakery,2024-05-25,30.58,2024-05-26,30.58,0.0
P1-656-0526,656,Bread_54,Bakery,2024-05-26,29.07,2024-05-27,29.07,0.0
P1-656-0527,656,Bread_54,Bakery,2024-05-27,25.01,2024-05-28,25.01,0.0
P1-656-0528,656,Bread_54,Bakery,2024-05-28,34.07,2024-05-29,34.07,0.0
P1-656-0529,656,Bread_54,Bakery,2024-05-29,43.42,2024-05-30,43.42,0.0
P1-656-0530,656,Bread_54,Bakery,2024-05-30,46.4,2024-05-31,46.4,0.0
P1-656-0531,656,Bread_54,Bakery,2024-05-31,31.1,2024-06-01,31.1,0.0
P1-656-0601,656,Bread_54,Bakery,2024-06-01,37.24,2024-06-02,21.4,
P1-656-0602,656,Bread_54,Bakery,2024-06-02,2.67,2024-06-03,0.0,
P1-672-0301,672,Pastry_58,Bakery,2024-03-01,234.31,2024-03-02,234.31,0.0
P1-672-0302,672,Pastry_58,Bakery,2024-03-02,234.31,2024-03-03,234.31,0.0
P1-672-0303,672,Pastry_58,Bakery,2024-03-03,223.82,2024-03-04,101.32,122.5
P1-672-0304,672,Pastry_58,Bakery,2024-03-04,97.53,2024-03-05,7.12,90.41
P1-672-0305,672,Pastry_58,Bakery,2024-03-05,216.03,2024-03-06,23.11,192.92
P1-672-0306,672,Pastry_58,Bakery,2024-03-06,121.8,2024-03-07,66.06,55.74
P1-672-0307,672,Pastry_58,Bakery,2024-03-07,216.91,2024-03-08,58.54,158.37
P1-672-0308,672,Pastry_58,Bakery,2024-03-08,114.11,2024-03-09,45.97,68.14
P1-672-0309,672,Pastry_58,Bakery,2024-03-09,66.52,2024-03-10,42.4,24.12
P1-672-0310,672,Pastry_58,Bakery,2024-03-10,92.64,2024-03-11,35.34,57.3
P1-672-0311,672,Pastry_58,Bakery,2024-03-11,47.65,2024-03-12,40.53,7.12
P1-672-0313,672,Pastry_58,Bakery,2024-03-13,41.4,2024-03-14,41.4,0.0
P1-672-0314,672,Pastry_58,Bakery,2024-03-14,67.14,2024-03-15,67.14,0.0
P1-672-0315,672,Pastry_58,Bakery,2024-03-15,58.37,2024-03-16,58.37,0.0
P1-672-0316,672,Pastry_58,Bakery,2024-03-16,18.96,2024-03-17,18.96,0.0
P1-672-0317,672,Pastry_58,Bakery,2024-03-17,48.29,2024-03-18,48.29,0.0
P1-672-0318,672,Pastry_58,Bakery,2024-03-18,37.1,2024-03-19,37.1,0.0
P1-672-0319,672,Pastry_58,Bakery,2024-03-19,27.7,2024-03-20,27.7,0.0
P1-672-0320,672,Pastry_58,Bakery,2024-03-20,28.72,2024-03-21,28.72,0.0
P1-672-0321,672,Pastry_58,Bakery,2024-03-21,68.83,2024-03-22,68.83,0.0
P1-672-0322,672,Pastry_58,Bakery,2024-03-22,75.28,2024-03-23,75.28,0.0
P1-672-0323,672,Pastry_58,Bakery,2024-03-23,83.28,2024-03-24,57.98,25.3
P1-672-0324,672,Pastry_58,Bakery,2024-03-24,25.77,2024-03-25,25.77,0.0
P1-672-0325,672,Pastry_58,Bakery,2024-03-25,28.28,2024-03-26,23.26,5.02
P1-672-0326,672,Pastry_58,Bakery,2024-03-26,54.67,2024-03-27,54.67,0.0
P1-672-0327,672,Pastry_58,Bakery,2024-03-27,80.41,2024-03-28,80.41,0.0
P1-672-0328,672,Pastry_58,Bakery,2024-03-28,121.99,2024-03-29,73.68,48.31
P1-672-0329,672,Pastry_58,Bakery,2024-03-29,88.09,2024-03-30,21.98,66.11
P1-672-0331,672,Pastry_58,Bakery,2024-03-31,81.23,2024-04-01,37.35,43.88
P1-672-0401,672,Pastry_58,Bakery,2024-04-01,16.41,2024-04-02,16.41,0.0
P1-672-0402,672,Pastry_58,Bakery,2024-04-02,58.33,2024-04-03,56.04,2.29
P1-672-0403,672,Pastry_58,Bakery,2024-04-03,154.94,2024-04-04,13.9,141.04
P1-672-0405,672,Pastry_58,Bakery,2024-04-05,28.48,2024-04-06,28.48,0.0
P1-672-0406,672,Pastry_58,Bakery,2024-04-06,32.7,2024-04-07,32.7,0.0
P1-672-0407,672,Pastry_58,Bakery,2024-04-07,21.54,2024-04-08,21.54,0.0
P1-672-0408,672,Pastry_58,Bakery,2024-04-08,38.85,2024-04-09,38.85,0.0
P1-672-0409,672,Pastry_58,Bakery,2024-04-09,49.94,2024-04-10,49.94,0.0
P1-672-0410,672,Pastry_58,Bakery,2024-04-10,25.58,2024-04-11,25.58,0.0
P1-672-0411,672,Pastry_58,Bakery,2024-04-11,40.01,2024-04-12,40.01,0.0
P1-672-0412,672,Pastry_58,Bakery,2024-04-12,46.4,2024-04-13,46.4,0.0
P1-672-0413,672,Pastry_58,Bakery,2024-04-13,39.67,2024-04-14,39.67,0.0
P1-672-0414,672,Pastry_58,Bakery,2024-04-14,34.79,2024-04-15,34.79,0.0
P1-672-0415,672,Pastry_58,Bakery,2024-04-15,169.47,2024-04-16,169.47,0.0
P1-672-0416,672,Pastry_58,Bakery,2024-04-16,177.61,2024-04-17,177.61,0.0
P1-672-0417,672,Pastry_58,Bakery,2024-04-17,146.52,2024-04-18,146.52,0.0
P1-672-0418,672,Pastry_58,Bakery,2024-04-18,133.67,2024-04-19,133.67,0.0
P1-672-0419,672,Pastry_58,Bakery,2024-04-19,134.49,2024-04-20,134.49,0.0
P1-672-0420,672,Pastry_58,Bakery,2024-04-20,176.83,2024-04-21,176.83,0.0
P1-672-0421,672,Pastry_58,Bakery,2024-04-21,117.99,2024-04-22,117.99,0.0
P1-672-0422,672,Pastry_58,Bakery,2024-04-22,199.94,2024-04-23,47.48,152.46
P1-672-0423,672,Pastry_58,Bakery,2024-04-23,73.38,2024-04-24,65.22,8.16
P1-672-0424,672,Pastry_58,Bakery,2024-04-24,150.77,2024-04-25,32.99,117.78
P1-672-0425,672,Pastry_58,Bakery,2024-04-25,59.51,2024-04-26,53.3,6.21
P1-672-0426,672,Pastry_58,Bakery,2024-04-26,153.71,2024-04-27,34.16,119.55
P1-672-0427,672,Pastry_58,Bakery,2024-04-27,96.74,2024-04-28,38.85,57.89
P1-672-0428,672,Pastry_58,Bakery,2024-04-28,64.87,2024-04-29,38.32,26.55
P1-672-0430,672,Pastry_58,Bakery,2024-04-30,36.51,2024-05-01,36.51,0.0
P1-672-0501,672,Pastry_58,Bakery,2024-05-01,80.54,2024-05-02,80.54,0.0
P1-672-0502,672,Pastry_58,Bakery,2024-05-02,43.66,2024-05-03,43.66,0.0
P1-672-0503,672,Pastry_58,Bakery,2024-05-03,37.85,2024-05-04,30.49,7.35
P1-672-0504,672,Pastry_58,Bakery,2024-05-04,22.93,2024-05-05,22.93,0.0
P1-672-0505,672,Pastry_58,Bakery,2024-05-05,39.45,2024-05-06,39.45,0.0
P1-672-0506,672,Pastry_58,Bakery,2024-05-06,33.19,2024-05-07,33.19,0.0
P1-672-0507,672,Pastry_58,Bakery,2024-05-07,50.42,2024-05-08,50.42,0.0
P1-672-0508,672,Pastry_58,Bakery,2024-05-08,105.6,2024-05-09,69.74,35.86
P1-672-0510,672,Pastry_58,Bakery,2024-05-10,69.69,2024-05-11,69.69,0.0
P1-672-0511,672,Pastry_58,Bakery,2024-05-11,49.79,2024-05-12,49.79,0.0
P1-672-0512,672,Pastry_58,Bakery,2024-05-12,53.11,2024-05-13,53.11,0.0
P1-672-0513,672,Pastry_58,Bakery,2024-05-13,32.5,2024-05-14,32.5,0.0
P1-672-0514,672,Pastry_58,Bakery,2024-05-14,90.21,2024-05-15,53.86,36.36
P1-672-0515,672,Pastry_58,Bakery,2024-05-15,6.8,2024-05-16,6.8,0.0
P1-672-0516,672,Pastry_58,Bakery,2024-05-16,60.58,2024-05-17,60.58,0.0
P1-672-0517,672,Pastry_58,Bakery,2024-05-17,83.92,2024-05-18,83.92,0.0
P1-672-0518,672,Pastry_58,Bakery,2024-05-18,32.93,2024-05-19,32.93,0.0
P1-672-0519,672,Pastry_58,Bakery,2024-05-19,29.84,2024-05-20,29.84,0.0
P1-672-0520,672,Pastry_58,Bakery,2024-05-20,40.12,2024-05-21,40.12,0.0
P1-672-0521,672,Pastry_58,Bakery,2024-05-21,39.21,2024-05-22,39.21,0.0
P1-672-0522,672,Pastry_58,Bakery,2024-05-22,29.52,2024-05-23,29.52,0.0
P1-672-0523,672,Pastry_58,Bakery,2024-05-23,85.36,2024-05-24,85.36,0.0
P1-672-0524,672,Pastry_58,Bakery,2024-05-24,43.07,2024-05-25,43.07,0.0
P1-672-0525,672,Pastry_58,Bakery,2024-05-25,34.03,2024-05-26,34.03,0.0
P1-672-0526,672,Pastry_58,Bakery,2024-05-26,31.28,2024-05-27,31.28,0.0
P1-672-0527,672,Pastry_58,Bakery,2024-05-27,44.92,2024-05-28,44.92,0.0
P1-672-0528,672,Pastry_58,Bakery,2024-05-28,59.85,2024-05-29,59.85,0.0
P1-672-0529,672,Pastry_58,Bakery,2024-05-29,75.28,2024-05-30,75.28,0.0
P1-672-0530,672,Pastry_58,Bakery,2024-05-30,67.78,2024-05-31,67.78,0.0
P1-672-0531,672,Pastry_58,Bakery,2024-05-31,17.92,2024-06-01,17.92,0.0
P1-672-0601,672,Pastry_58,Bakery,2024-06-01,38.76,2024-06-02,38.76,0.0
P1-672-0602,672,Pastry_58,Bakery,2024-06-02,34.99,2024-06-03,10.03,
P1-697-0301,697,Melon_5,Fruit and vegetable,2024-03-01,7.67,2024-03-03,7.67,0.0
P1-697-0302,697,Melon_5,Fruit and vegetable,2024-03-02,7.67,2024-03-04,7.67,0.0
P1-697-0303,697,Melon_5,Fruit and vegetable,2024-03-03,7.36,2024-03-05,7.36,0.0
P1-697-0304,697,Melon_5,Fruit and vegetable,2024-03-04,14.36,2024-03-06,14.36,0.0
P1-697-0305,697,Melon_5,Fruit and vegetable,2024-03-05,13.57,2024-03-07,13.57,0.0
P1-697-0306,697,Melon_5,Fruit and vegetable,2024-03-06,5.9,2024-03-08,5.9,0.0
P1-697-0307,697,Melon_5,Fruit and vegetable,2024-03-07,1.25,2024-03-09,1.25,0.0
P1-697-0308,697,Melon_5,Fruit and vegetable,2024-03-08,7.22,2024-03-10,7.22,0.0
P1-697-0309,697,Melon_5,Fruit and vegetable,2024-03-09,16.91,2024-03-11,16.91,0.0
P1-697-0310,697,Melon_5,Fruit and vegetable,2024-03-10,17.22,2024-03-12,17.22,0.0
P1-697-0311,697,Melon_5,Fruit and vegetable,2024-03-11,9.6,2024-03-13,9.6,0.0
P1-697-0312,697,Melon_5,Fruit and vegetable,2024-03-12,3.95,2024-03-14,3.95,0.0
P1-697-0313,697,Melon_5,Fruit and vegetable,2024-03-13,9.5,2024-03-15,9.5,0.0
P1-697-0314,697,Melon_5,Fruit and vegetable,2024-03-14,13.86,2024-03-16,13.86,0.0
P1-697-0315,697,Melon_5,Fruit and vegetable,2024-03-15,16.6,2024-03-17,8.82,7.79
P1-697-0316,697,Melon_5,Fruit and vegetable,2024-03-16,6.51,2024-03-18,6.51,0.0
P1-697-0318,697,Melon_5,Fruit and vegetable,2024-03-18,13.4,2024-03-20,13.4,0.0
P1-697-0319,697,Melon_5,Fruit and vegetable,2024-03-19,5.57,2024-03-21,5.57,0.0
P1-697-0320,697,Melon_5,Fruit and vegetable,2024-03-20,8.41,2024-03-22,7.13,1.28
P1-697-0321,697,Melon_5,Fruit and vegetable,2024-03-21,11.19,2024-03-23,5.97,5.22
P1-697-0324,697,Melon_5,Fruit and vegetable,2024-03-24,12.59,2024-03-26,11.45,1.14
P1-697-0325,697,Melon_5,Fruit and vegetable,2024-03-25,5.47,2024-03-27,2.56,2.91
P1-697-0327,697,Melon_5,Fruit and vegetable,2024-03-27,13.66,2024-03-29,13.66,0.0
P1-697-0328,697,Melon_5,Fruit and vegetable,2024-03-28,3.69,2024-03-30,3.69,0.0
P1-697-0329,697,Melon_5,Fruit and vegetable,2024-03-29,9.65,2024-03-31,9.65,0.0
P1-697-0330,697,Melon_5,Fruit and vegetable,2024-03-30,6.75,2024-04-01,6.75,0.0
P1-697-0401,697,Melon_5,Fruit and vegetable,2024-04-01,9.91,2024-04-03,9.91,0.0
P1-697-0402,697,Melon_5,Fruit and vegetable,2024-04-02,18.42,2024-04-04,18.42,0.0
P1-697-0403,697,Melon_5,Fruit and vegetable,2024-04-03,13.32,2024-04-05,13.32,0.0
P1-697-0404,697,Melon_5,Fruit and vegetable,2024-04-04,22.31,2024-04-06,22.31,0.0
P1-697-0406,697,Melon_5,Fruit and vegetable,2024-04-06,7.16,2024-04-08,7.16,0.0
P1-697-0407,697,Melon_5,Fruit and vegetable,2024-04-07,18.86,2024-04-09,18.86,0.0
P1-697-0409,697,Melon_5,Fruit and vegetable,2024-04-09,20.48,2024-04-11,16.44,4.04
P1-697-0412,697,Melon_5,Fruit and vegetable,2024-04-12,22.7,2024-04-14,22.7,0.0
P1-697-0413,697,Melon_5,Fruit and vegetable,2024-04-13,25.04,2024-04-15,25.04,0.0
P1-697-0414,697,Melon_5,Fruit and vegetable,2024-04-14,0.31,2024-04-16,0.31,0.0
P1-697-0415,697,Melon_5,Fruit and vegetable,2024-04-15,2.21,2024-04-17,2.21,0.0
P1-697-0416,697,Melon_5,Fruit and vegetable,2024-04-16,11.52,2024-04-18,11.52,0.0
P1-697-0417,697,Melon_5,Fruit and vegetable,2024-04-17,17.33,2024-04-19,11.62,5.71
P1-697-0418,697,Melon_5,Fruit and vegetable,2024-04-18,4.45,2024-04-20,4.45,0.0
P1-697-0419,697,Melon_5,Fruit and vegetable,2024-04-19,16.69,2024-04-21,16.69,0.0
P1-697-0421,697,Melon_5,Fruit and vegetable,2024-04-21,10.34,2024-04-23,10.34,0.0
P1-697-0422,697,Melon_5,Fruit and vegetable,2024-04-22,21.57,2024-04-24,8.08,13.49
P1-697-0429,697,Melon_5,Fruit and vegetable,2024-04-29,19.39,2024-05-01,19.39,0.0
P1-697-0430,697,Melon_5,Fruit and vegetable,2024-04-30,15.76,2024-05-02,15.76,0.0
P1-697-0501,697,Melon_5,Fruit and vegetable,2024-05-01,21.41,2024-05-03,21.41,0.0
P1-697-0502,697,Melon_5,Fruit and vegetable,2024-05-02,17.13,2024-05-04,17.13,0.0
P1-697-0503,697,Melon_5,Fruit and vegetable,2024-05-03,19.36,2024-05-05,9.69,9.67
P1-697-0504,697,Melon_5,Fruit and vegetable,2024-05-04,20.12,2024-05-06,5.1,15.02
P1-697-0507,697,Melon_5,Fruit and vegetable,2024-05-07,42.72,2024-05-09,41.72,1.0
P1-697-0509,697,Melon_5,Fruit and vegetable,2024-05-09,13.11,2024-05-11,13.11,0.0
P1-697-0511,697,Melon_5,Fruit and vegetable,2024-05-11,11.08,2024-05-13,11.08,0.0
P1-697-0512,697,Melon_5,Fruit and vegetable,2024-05-12,9.46,2024-05-14,9.46,0.0
P1-697-0513,697,Melon_5,Fruit and vegetable,2024-05-13,8.15,2024-05-15,8.15,0.0
P1-697-0514,697,Melon_5,Fruit and vegetable,2024-05-14,11.61,2024-05-16,11.61,0.0
P1-697-0515,697,Melon_5,Fruit and vegetable,2024-05-15,17.47,2024-05-17,16.84,0.63
P1-697-0516,697,Melon_5,Fruit and vegetable,2024-05-16,9.88,2024-05-18,0.0,9.88
P1-697-0519,697,Melon_5,Fruit and vegetable,2024-05-19,16.23,2024-05-21,16.23,0.0
P1-697-0520,697,Melon_5,Fruit and vegetable,2024-05-20,20.04,2024-05-22,16.55,3.49
P1-697-0523,697,Melon_5,Fruit and vegetable,2024-05-23,24.47,2024-05-25,24.31,0.16
P1-697-0524,697,Melon_5,Fruit and vegetable,2024-05-24,1.36,2024-05-26,1.36,0.0
P1-697-0525,697,Melon_5,Fruit and vegetable,2024-05-25,21.42,2024-05-27,21.42,0.0
P1-697-0526,697,Melon_5,Fruit and vegetable,2024-05-26,3.47,2024-05-28,3.47,0.0
P1-697-0527,697,Melon_5,Fruit and vegetable,2024-05-27,16.08,2024-05-29,0.0,16.08
P1-697-0529,697,Melon_5,Fruit and vegetable,2024-05-29,10.83,2024-05-31,10.83,0.0
P1-697-0530,697,Melon_5,Fruit and vegetable,2024-05-30,16.85,2024-06-01,4.2,12.64
P1-697-0531,697,Melon_5,Fruit and vegetable,2024-05-31,3.32,2024-06-02,3.32,0.0
P1-697-0602,697,Melon_5,Fruit and vegetable,2024-06-02,35.31,2024-06-04,7.26,
P1-708-0301,708,Roll_12,Bakery,2024-03-01,746.77,2024-03-02,746.77,0.0
P1-708-0302,708,Roll_12,Bakery,2024-03-02,1034.7,2024-03-03,1034.7,0.0
P1-708-0303,708,Roll_12,Bakery,2024-03-03,1007.37,2024-03-04,1007.37,0.0
P1-708-0304,708,Roll_12,Bakery,2024-03-04,687.12,2024-03-05,687.12,0.0
P1-708-0305,708,Roll_12,Bakery,2024-03-05,654.98,2024-03-06,654.98,0.0
P1-708-0306,708,Roll_12,Bakery,2024-03-06,739.7,2024-03-07,739.7,0.0
P1-708-0307,708,Roll_12,Bakery,2024-03-07,721.85,2024-03-08,721.85,0.0
P1-708-0308,708,Roll_12,Bakery,2024-03-08,872.72,2024-03-09,872.72,0.0
P1-708-0309,708,Roll_12,Bakery,2024-03-09,1254.24,2024-03-10,1254.24,0.0
P1-708-0310,708,Roll_12,Bakery,2024-03-10,529.97,2024-03-11,529.97,0.0
P1-708-0311,708,Roll_12,Bakery,2024-03-11,728.24,2024-03-12,728.24,0.0
P1-708-0312,708,Roll_12,Bakery,2024-03-12,880.01,2024-03-13,880.01,0.0
P1-708-0313,708,Roll_12,Bakery,2024-03-13,593.27,2024-03-14,593.27,0.0
P1-708-0314,708,Roll_12,Bakery,2024-03-14,757.71,2024-03-15,757.71,0.0
P1-708-0315,708,Roll_12,Bakery,2024-03-15,1100.57,2024-03-16,1100.57,0.0
P1-708-0316,708,Roll_12,Bakery,2024-03-16,648.65,2024-03-17,648.65,0.0
P1-708-0317,708,Roll_12,Bakery,2024-03-17,868.54,2024-03-18,868.54,0.0
P1-708-0318,708,Roll_12,Bakery,2024-03-18,809.37,2024-03-19,809.37,0.0
P1-708-0319,708,Roll_12,Bakery,2024-03-19,498.04,2024-03-20,498.04,0.0
P1-708-0320,708,Roll_12,Bakery,2024-03-20,880.44,2024-03-21,880.44,0.0
P1-708-0321,708,Roll_12,Bakery,2024-03-21,617.47,2024-03-22,617.47,0.0
P1-708-0322,708,Roll_12,Bakery,2024-03-22,869.42,2024-03-23,869.42,0.0
P1-708-0323,708,Roll_12,Bakery,2024-03-23,958.07,2024-03-24,958.07,0.0
P1-708-0324,708,Roll_12,Bakery,2024-03-24,756.83,2024-03-25,756.83,0.0
P1-708-0325,708,Roll_12,Bakery,2024-03-25,723.01,2024-03-26,723.01,0.0
P1-708-0326,708,Roll_12,Bakery,2024-03-26,651.31,2024-03-27,651.31,0.0
P1-708-0327,708,Roll_12,Bakery,2024-03-27,555.89,2024-03-28,555.89,0.0
P1-708-0328,708,Roll_12,Bakery,2024-03-28,1312.49,2024-03-29,1312.49,0.0
P1-708-0329,708,Roll_12,Bakery,2024-03-29,1374.55,2024-03-30,1374.55,0.0
P1-708-0330,708,Roll_12,Bakery,2024-03-30,1326.16,2024-03-31,1326.16,0.0
P1-708-0331,708,Roll_12,Bakery,2024-03-31,1048.84,2024-04-01,1048.84,0.0
P1-708-0401,708,Roll_12,Bakery,2024-04-01,620.08,2024-04-02,620.08,0.0
P1-708-0402,708,Roll_12,Bakery,2024-04-02,664.74,2024-04-03,664.74,0.0
P1-708-0403,708,Roll_12,Bakery,2024-04-03,1121.43,2024-04-04,1121.43,0.0
P1-708-0404,708,Roll_12,Bakery,2024-04-04,1257.49,2024-04-05,1129.61,127.87
P1-708-0405,708,Roll_12,Bakery,2024-04-05,620.76,2024-04-06,620.76,0.0
P1-708-0406,708,Roll_12,Bakery,2024-04-06,671.15,2024-04-07,671.15,0.0
P1-708-0407,708,Roll_12,Bakery,2024-04-07,699.6,2024-04-08,699.6,0.0
P1-708-0408,708,Roll_12,Bakery,2024-04-08,942.39,2024-04-09,942.39,0.0
P1-708-0409,708,Roll_12,Bakery,2024-04-09,708.14,2024-04-10,708.14,0.0
P1-708-0410,708,Roll_12,Bakery,2024-04-10,475.15,2024-04-11,475.15,0.0
P1-708-0411,708,Roll_12,Bakery,2024-04-11,708.04,2024-04-12,708.04,0.0
P1-708-0412,708,Roll_12,Bakery,2024-04-12,834.11,2024-04-13,834.11,0.0
P1-708-0413,708,Roll_12,Bakery,2024-04-13,1107.33,2024-04-14,1107.33,0.0
P1-708-0414,708,Roll_12,Bakery,2024-04-14,652.43,2024-04-15,652.43,0.0
P1-708-0415,708,Roll_12,Bakery,2024-04-15,415.08,2024-04-16,415.08,0.0
P1-708-0416,708,Roll_12,Bakery,2024-04-16,711.1,2024-04-17,711.1,0.0
P1-708-0417,708,Roll_12,Bakery,2024-04-17,664.6,2024-04-18,664.6,0.0
P1-708-0418,708,Roll_12,Bakery,2024-04-18,503.48,2024-04-19,503.48,0.0
P1-708-0419,708,Roll_12,Bakery,2024-04-19,1196.77,2024-04-20,1196.77,0.0
P1-708-0420,708,Roll_12,Bakery,2024-04-20,924.03,2024-04-21,924.03,0.0
P1-708-0421,708,Roll_12,Bakery,2024-04-21,940.67,2024-04-22,940.67,0.0
P1-708-0422,708,Roll_12,Bakery,2024-04-22,936.91,2024-04-23,936.91,0.0
P1-708-0423,708,Roll_12,Bakery,2024-04-23,715.45,2024-04-24,715.45,0.0
P1-708-0424,708,Roll_12,Bakery,2024-04-24,593.44,2024-04-25,593.44,0.0
P1-708-0425,708,Roll_12,Bakery,2024-04-25,893.87,2024-04-26,893.87,0.0
P1-708-0426,708,Roll_12,Bakery,2024-04-26,997.14,2024-04-27,997.14,0.0
P1-708-0427,708,Roll_12,Bakery,2024-04-27,721.17,2024-04-28,721.17,0.0
P1-708-0428,708,Roll_12,Bakery,2024-04-28,1102.0,2024-04-29,1102.0,0.0
P1-708-0429,708,Roll_12,Bakery,2024-04-29,482.82,2024-04-30,482.82,0.0
P1-708-0430,708,Roll_12,Bakery,2024-04-30,705.28,2024-05-01,705.28,0.0
P1-708-0501,708,Roll_12,Bakery,2024-05-01,989.83,2024-05-02,989.83,0.0
P1-708-0502,708,Roll_12,Bakery,2024-05-02,840.97,2024-05-03,840.97,0.0
P1-708-0503,708,Roll_12,Bakery,2024-05-03,943.67,2024-05-04,943.67,0.0
P1-708-0504,708,Roll_12,Bakery,2024-05-04,968.89,2024-05-05,968.89,0.0
P1-708-0505,708,Roll_12,Bakery,2024-05-05,698.42,2024-05-06,698.42,0.0
P1-708-0506,708,Roll_12,Bakery,2024-05-06,593.79,2024-05-07,593.79,0.0
P1-708-0507,708,Roll_12,Bakery,2024-05-07,875.84,2024-05-08,875.84,0.0
P1-708-0508,708,Roll_12,Bakery,2024-05-08,1043.57,2024-05-09,1043.57,0.0
P1-708-0509,708,Roll_12,Bakery,2024-05-09,870.13,2024-05-10,870.13,0.0
P1-708-0510,708,Roll_12,Bakery,2024-05-10,851.26,2024-05-11,851.26,0.0
P1-708-0511,708,Roll_12,Bakery,2024-05-11,1003.23,2024-05-12,1003.23,0.0
P1-708-0512,708,Roll_12,Bakery,2024-05-12,522.11,2024-05-13,522.11,0.0
P1-708-0513,708,Roll_12,Bakery,2024-05-13,783.73,2024-05-14,783.73,0.0
P1-708-0514,708,Roll_12,Bakery,2024-05-14,941.22,2024-05-15,941.22,0.0
P1-708-0515,708,Roll_12,Bakery,2024-05-15,852.17,2024-05-16,852.17,0.0
P1-708-0516,708,Roll_12,Bakery,2024-05-16,303.81,2024-05-17,303.81,0.0
P1-708-0517,708,Roll_12,Bakery,2024-05-17,942.53,2024-05-18,942.53,0.0
P1-708-0518,708,Roll_12,Bakery,2024-05-18,871.94,2024-05-19,871.94,0.0
P1-708-0519,708,Roll_12,Bakery,2024-05-19,947.35,2024-05-20,947.35,0.0
P1-708-0520,708,Roll_12,Bakery,2024-05-20,570.22,2024-05-21,570.22,0.0
P1-708-0521,708,Roll_12,Bakery,2024-05-21,746.43,2024-05-22,746.43,0.0
P1-708-0522,708,Roll_12,Bakery,2024-05-22,789.0,2024-05-23,789.0,0.0
P1-708-0523,708,Roll_12,Bakery,2024-05-23,570.64,2024-05-24,570.64,0.0
P1-708-0524,708,Roll_12,Bakery,2024-05-24,985.08,2024-05-25,985.08,0.0
P1-708-0525,708,Roll_12,Bakery,2024-05-25,1072.53,2024-05-26,1072.53,0.0
P1-708-0526,708,Roll_12,Bakery,2024-05-26,807.39,2024-05-27,807.39,0.0
P1-708-0527,708,Roll_12,Bakery,2024-05-27,725.69,2024-05-28,725.69,0.0
P1-708-0528,708,Roll_12,Bakery,2024-05-28,739.6,2024-05-29,739.6,0.0
P1-708-0529,708,Roll_12,Bakery,2024-05-29,539.45,2024-05-30,539.45,0.0
P1-708-0530,708,Roll_12,Bakery,2024-05-30,708.32,2024-05-31,708.32,0.0
P1-708-0531,708,Roll_12,Bakery,2024-05-31,993.13,2024-06-01,993.13,0.0
P1-708-0601,708,Roll_12,Bakery,2024-06-01,1139.4,2024-06-02,1139.4,0.0
P1-708-0602,708,Roll_12,Bakery,2024-06-02,527.04,2024-06-03,288.87,
P1-741-0301,741,Chicken_31,Meat and fish,2024-03-01,292.78,2024-03-04,292.78,0.0
P1-741-0302,741,Chicken_31,Meat and fish,2024-03-02,292.78,2024-03-05,292.78,0.0
P1-741-0303,741,Chicken_31,Meat and fish,2024-03-03,289.23,2024-03-06,289.23,0.0
P1-741-0304,741,Chicken_31,Meat and fish,2024-03-04,235.08,2024-03-07,235.08,0.0
P1-741-0305,741,Chicken_31,Meat and fish,2024-03-05,213.41,2024-03-08,213.41,0.0
P1-741-0306,741,Chicken_31,Meat and fish,2024-03-06,234.24,2024-03-09,234.24,0.0
P1-741-0307,741,Chicken_31,Meat and fish,2024-03-07,230.19,2024-03-10,230.19,0.0
P1-741-0308,741,Chicken_31,Meat and fish,2024-03-08,287.55,2024-03-11,287.55,0.0
P1-741-0309,741,Chicken_31,Meat and fish,2024-03-09,268.88,2024-03-12,268.88,0.0
P1-741-0310,741,Chicken_31,Meat and fish,2024-03-10,277.2,2024-03-13,277.2,0.0
P1-741-0311,741,Chicken_31,Meat and fish,2024-03-11,229.44,2024-03-14,229.44,0.0
P1-741-0312,741,Chicken_31,Meat and fish,2024-03-12,230.47,2024-03-15,230.47,0.0
P1-741-0313,741,Chicken_31,Meat and fish,2024-03-13,191.55,2024-03-16,191.55,0.0
P1-741-0314,741,Chicken_31,Meat and fish,2024-03-14,274.06,2024-03-17,274.06,0.0
P1-741-0315,741,Chicken_31,Meat and fish,2024-03-15,203.16,2024-03-18,203.16,0.0
P1-741-0316,741,Chicken_31,Meat and fish,2024-03-16,336.23,2024-03-19,336.23,0.0
P1-741-0317,741,Chicken_31,Meat and fish,2024-03-17,148.76,2024-03-20,148.76,0.0
P1-741-0318,741,Chicken_31,Meat and fish,2024-03-18,187.67,2024-03-21,187.67,0.0
P1-741-0319,741,Chicken_31,Meat and fish,2024-03-19,229.44,2024-03-22,229.44,0.0
P1-741-0320,741,Chicken_31,Meat and fish,2024-03-20,215.75,2024-03-23,215.75,0.0
P1-741-0321,741,Chicken_31,Meat and fish,2024-03-21,209.58,2024-03-24,209.58,0.0
P1-741-0322,741,Chicken_31,Meat and fish,2024-03-22,291.34,2024-03-25,291.34,0.0
P1-741-0323,741,Chicken_31,Meat and fish,2024-03-23,229.8,2024-03-26,229.8,0.0
P1-741-0324,741,Chicken_31,Meat and fish,2024-03-24,233.76,2024-03-27,233.76,0.0
P1-741-0325,741,Chicken_31,Meat and fish,2024-03-25,223.0,2024-03-28,223.0,0.0
P1-741-0326,741,Chicken_31,Meat and fish,2024-03-26,209.96,2024-03-29,209.96,0.0
P1-741-0327,741,Chicken_31,Meat and fish,2024-03-27,304.18,2024-03-30,304.18,0.0
P1-741-0328,741,Chicken_31,Meat and fish,2024-03-28,360.4,2024-03-31,360.4,0.0
P1-741-0329,741,Chicken_31,Meat and fish,2024-03-29,349.5,2024-04-01,349.5,0.0
P1-741-0330,741,Chicken_31,Meat and fish,2024-03-30,158.61,2024-04-02,158.61,0.0
P1-741-0331,741,Chicken_31,Meat and fish,2024-03-31,146.19,2024-04-03,146.19,0.0
P1-741-0401,741,Chicken_31,Meat and fish,2024-04-01,257.16,2024-04-04,257.16,0.0
P1-741-0402,741,Chicken_31,Meat and fish,2024-04-02,198.53,2024-04-05,198.53,0.0
P1-741-0403,741,Chicken_31,Meat and fish,2024-04-03,403.92,2024-04-06,403.92,0.0
P1-741-0404,741,Chicken_31,Meat and fish,2024-04-04,335.24,2024-04-07,335.24,0.0
P1-741-0405,741,Chicken_31,Meat and fish,2024-04-05,137.45,2024-04-08,137.45,0.0
P1-741-0406,741,Chicken_31,Meat and fish,2024-04-06,287.26,2024-04-09,287.26,0.0
P1-741-0407,741,Chicken_31,Meat and fish,2024-04-07,272.35,2024-04-10,272.35,0.0
P1-741-0408,741,Chicken_31,Meat and fish,2024-04-08,282.8,2024-04-11,282.8,0.0
P1-741-0409,741,Chicken_31,Meat and fish,2024-04-09,335.69,2024-04-12,335.69,0.0
P1-741-0410,741,Chicken_31,Meat and fish,2024-04-10,192.0,2024-04-13,192.0,0.0
P1-741-0411,741,Chicken_31,Meat and fish,2024-04-11,241.47,2024-04-14,241.47,0.0
P1-741-0412,741,Chicken_31,Meat and fish,2024-04-12,701.14,2024-04-15,701.14,0.0
P1-741-0413,741,Chicken_31,Meat and fish,2024-04-13,797.82,2024-04-16,797.82,0.0
P1-741-0414,741,Chicken_31,Meat and fish,2024-04-14,933.69,2024-04-17,933.69,0.0
P1-741-0416,741,Chicken_31,Meat and fish,2024-04-16,646.69,2024-04-19,646.69,0.0
P1-741-0417,741,Chicken_31,Meat and fish,2024-04-17,150.5,2024-04-20,150.5,0.0
P1-741-0418,741,Chicken_31,Meat and fish,2024-04-18,234.16,2024-04-21,234.16,0.0
P1-741-0419,741,Chicken_31,Meat and fish,2024-04-19,222.51,2024-04-22,222.51,0.0
P1-741-0420,741,Chicken_31,Meat and fish,2024-04-20,794.37,2024-04-23,659.24,135.12
P1-741-0421,741,Chicken_31,Meat and fish,2024-04-21,283.12,2024-04-24,210.19,72.93
P1-741-0422,741,Chicken_31,Meat and fish,2024-04-22,348.55,2024-04-25,306.17,42.38
P1-741-0426,741,Chicken_31,Meat and fish,2024-04-26,358.62,2024-04-29,358.62,0.0
P1-741-0427,741,Chicken_31,Meat and fish,2024-04-27,211.15,2024-04-30,211.15,0.0
P1-741-0428,741,Chicken_31,Meat and fish,2024-04-28,256.0,2024-05-01,256.0,0.0
P1-741-0429,741,Chicken_31,Meat and fish,2024-04-29,221.06,2024-05-02,221.06,0.0
P1-741-0430,741,Chicken_31,Meat and fish,2024-04-30,212.72,2024-05-03,212.72,0.0
P1-741-0501,741,Chicken_31,Meat and fish,2024-05-01,231.58,2024-05-04,231.58,0.0
P1-741-0502,741,Chicken_31,Meat and fish,2024-05-02,293.75,2024-05-05,293.75,0.0
P1-741-0503,741,Chicken_31,Meat and fish,2024-05-03,173.03,2024-05-06,173.03,0.0
P1-741-0504,741,Chicken_31,Meat and fish,2024-05-04,194.69,2024-05-07,194.69,0.0
P1-741-0505,741,Chicken_31,Meat and fish,2024-05-05,225.94,2024-05-08,225.94,0.0
P1-741-0506,741,Chicken_31,Meat and fish,2024-05-06,314.55,2024-05-09,314.55,0.0
P1-741-0507,741,Chicken_31,Meat and fish,2024-05-07,359.95,2024-05-10,359.95,0.0
P1-741-0508,741,Chicken_31,Meat and fish,2024-05-08,276.06,2024-05-11,276.06,0.0
P1-741-0509,741,Chicken_31,Meat and fish,2024-05-09,285.34,2024-05-12,285.34,0.0
P1-741-0510,741,Chicken_31,Meat and fish,2024-05-10,321.16,2024-05-13,321.16,0.0
P1-741-0511,741,Chicken_31,Meat and fish,2024-05-11,279.0,2024-05-14,279.0,0.0
P1-741-0512,741,Chicken_31,Meat and fish,2024-05-12,266.31,2024-05-15,266.31,0.0
P1-741-0513,741,Chicken_31,Meat and fish,2024-05-13,323.23,2024-05-16,323.23,0.0
P1-741-0514,741,Chicken_31,Meat and fish,2024-05-14,293.43,2024-05-17,293.43,0.0
P1-741-0515,741,Chicken_31,Meat and fish,2024-05-15,133.63,2024-05-18,133.63,0.0
P1-741-0516,741,Chicken_31,Meat and fish,2024-05-16,233.07,2024-05-19,233.07,0.0
P1-741-0517,741,Chicken_31,Meat and fish,2024-05-17,329.33,2024-05-20,329.33,0.0
P1-741-0518,741,Chicken_31,Meat and fish,2024-05-18,259.51,2024-05-21,259.51,0.0
P1-741-0519,741,Chicken_31,Meat and fish,2024-05-19,225.4,2024-05-22,225.4,0.0
P1-741-0520,741,Chicken_31,Meat and fish,2024-05-20,270.77,2024-05-23,270.77,0.0
P1-741-0521,741,Chicken_31,Meat and fish,2024-05-21,190.39,2024-05-24,190.39,0.0
P1-741-0522,741,Chicken_31,Meat and fish,2024-05-22,183.25,2024-05-25,183.25,0.0
P1-741-0523,741,Chicken_31,Meat and fish,2024-05-23,302.23,2024-05-26,302.23,0.0
P1-741-0524,741,Chicken_31,Meat and fish,2024-05-24,272.55,2024-05-27,272.55,0.0
P1-741-0525,741,Chicken_31,Meat and fish,2024-05-25,217.18,2024-05-28,217.18,0.0
P1-741-0526,741,Chicken_31,Meat and fish,2024-05-26,210.57,2024-05-29,210.57,0.0
P1-741-0527,741,Chicken_31,Meat and fish,2024-05-27,175.32,2024-05-30,175.32,0.0
P1-741-0528,741,Chicken_31,Meat and fish,2024-05-28,243.77,2024-05-31,243.77,0.0
P1-741-0529,741,Chicken_31,Meat and fish,2024-05-29,228.2,2024-06-01,228.2,0.0
P1-741-0530,741,Chicken_31,Meat and fish,2024-05-30,240.49,2024-06-02,240.49,0.0
P1-741-0531,741,Chicken_31,Meat and fish,2024-05-31,303.89,2024-06-03,303.89,0.0
P1-741-0601,741,Chicken_31,Meat and fish,2024-06-01,230.54,2024-06-04,230.54,0.0
P1-741-0602,741,Chicken_31,Meat and fish,2024-06-02,238.74,2024-06-05,212.83,
P1-788-0301,788,Pomegranate_0,Fruit and vegetable,2024-03-01,39.63,2024-03-03,39.63,0.0
P1-788-0302,788,Pomegranate_0,Fruit and vegetable,2024-03-02,39.63,2024-03-04,39.63,0.0
P1-788-0303,788,Pomegranate_0,Fruit and vegetable,2024-03-03,39.58,2024-03-05,39.58,0.0
P1-788-0304,788,Pomegranate_0,Fruit and vegetable,2024-03-04,39.18,2024-03-06,39.18,0.0
P1-788-0305,788,Pomegranate_0,Fruit and vegetable,2024-03-05,45.46,2024-03-07,45.46,0.0
P1-788-0306,788,Pomegranate_0,Fruit and vegetable,2024-03-06,27.94,2024-03-08,27.94,0.0
P1-788-0307,788,Pomegranate_0,Fruit and vegetable,2024-03-07,26.11,2024-03-09,26.11,0.0
P1-788-0308,788,Pomegranate_0,Fruit and vegetable,2024-03-08,30.29,2024-03-10,30.29,0.0
P1-788-0309,788,Pomegranate_0,Fruit and vegetable,2024-03-09,47.41,2024-03-11,47.41,0.0
P1-788-0310,788,Pomegranate_0,Fruit and vegetable,2024-03-10,18.16,2024-03-12,18.16,0.0
P1-788-0311,788,Pomegranate_0,Fruit and vegetable,2024-03-11,41.38,2024-03-13,41.38,0.0
P1-788-0312,788,Pomegranate_0,Fruit and vegetable,2024-03-12,20.73,2024-03-14,20.73,0.0
P1-788-0313,788,Pomegranate_0,Fruit and vegetable,2024-03-13,20.9,2024-03-15,20.9,0.0
P1-788-0314,788,Pomegranate_0,Fruit and vegetable,2024-03-14,26.54,2024-03-16,26.54,0.0
P1-788-0315,788,Pomegranate_0,Fruit and vegetable,2024-03-15,51.93,2024-03-17,51.93,0.0
P1-788-0317,788,Pomegranate_0,Fruit and vegetable,2024-03-17,41.12,2024-03-19,41.12,0.0
P1-788-0318,788,Pomegranate_0,Fruit and vegetable,2024-03-18,61.27,2024-03-20,61.27,0.0
P1-788-0319,788,Pomegranate_0,Fruit and vegetable,2024-03-19,34.51,2024-03-21,34.51,0.0
P1-788-0320,788,Pomegranate_0,Fruit and vegetable,2024-03-20,42.81,2024-03-22,42.81,0.0
P1-788-0321,788,Pomegranate_0,Fruit and vegetable,2024-03-21,41.3,2024-03-23,41.3,0.0
P1-788-0322,788,Pomegranate_0,Fruit and vegetable,2024-03-22,26.41,2024-03-24,26.41,0.0
P1-788-0323,788,Pomegranate_0,Fruit and vegetable,2024-03-23,42.54,2024-03-25,42.54,0.0
P1-788-0324,788,Pomegranate_0,Fruit and vegetable,2024-03-24,60.13,2024-03-26,60.13,0.0
P1-788-0325,788,Pomegranate_0,Fruit and vegetable,2024-03-25,4.24,2024-03-27,4.24,0.0
P1-788-0326,788,Pomegranate_0,Fruit and vegetable,2024-03-26,63.29,2024-03-28,60.21,3.08
P1-788-0328,788,Pomegranate_0,Fruit and vegetable,2024-03-28,22.3,2024-03-30,22.3,0.0
P1-788-0329,788,Pomegranate_0,Fruit and vegetable,2024-03-29,40.11,2024-03-31,40.11,0.0
P1-788-0331,788,Pomegranate_0,Fruit and vegetable,2024-03-31,32.54,2024-04-02,32.54,0.0
P1-788-0401,788,Pomegranate_0,Fruit and vegetable,2024-04-01,23.47,2024-04-03,23.47,0.0
P1-788-0402,788,Pomegranate_0,Fruit and vegetable,2024-04-02,22.26,2024-04-04,22.26,0.0
P1-788-0403,788,Pomegranate_0,Fruit and vegetable,2024-04-03,50.51,2024-04-05,50.51,0.0
P1-788-0404,788,Pomegranate_0,Fruit and vegetable,2024-04-04,22.99,2024-04-06,22.99,0.0
P1-788-0405,788,Pomegranate_0,Fruit and vegetable,2024-04-05,29.71,2024-04-07,29.71,0.0
P1-788-0406,788,Pomegranate_0,Fruit and vegetable,2024-04-06,43.92,2024-04-08,43.92,0.0
P1-788-0407,788,Pomegranate_0,Fruit and vegetable,2024-04-07,21.55,2024-04-09,21.55,0.0
P1-788-0408,788,Pomegranate_0,Fruit and vegetable,2024-04-08,24.69,2024-04-10,24.69,0.0
P1-788-0409,788,Pomegranate_0,Fruit and vegetable,2024-04-09,39.37,2024-04-11,39.37,0.0
P1-788-0410,788,Pomegranate_0,Fruit and vegetable,2024-04-10,23.37,2024-04-12,23.37,0.0
P1-788-0411,788,Pomegranate_0,Fruit and vegetable,2024-04-11,50.83,2024-04-13,50.83,0.0
P1-788-0412,788,Pomegranate_0,Fruit and vegetable,2024-04-12,64.58,2024-04-14,64.58,0.0
P1-788-0413,788,Pomegranate_0,Fruit and vegetable,2024-04-13,55.49,2024-04-15,55.49,0.0
P1-788-0414,788,Pomegranate_0,Fruit and vegetable,2024-04-14,31.78,2024-04-16,31.78,0.0
P1-788-0415,788,Pomegranate_0,Fruit and vegetable,2024-04-15,60.49,2024-04-17,60.49,0.0
P1-788-0416,788,Pomegranate_0,Fruit and vegetable,2024-04-16,44.01,2024-04-18,44.01,0.0
P1-788-0417,788,Pomegranate_0,Fruit and vegetable,2024-04-17,64.16,2024-04-19,64.16,0.0
P1-788-0418,788,Pomegranate_0,Fruit and vegetable,2024-04-18,45.56,2024-04-20,45.56,0.0
P1-788-0419,788,Pomegranate_0,Fruit and vegetable,2024-04-19,83.04,2024-04-21,72.48,10.55
P1-788-0421,788,Pomegranate_0,Fruit and vegetable,2024-04-21,33.6,2024-04-23,33.6,0.0
P1-788-0422,788,Pomegranate_0,Fruit and vegetable,2024-04-22,11.86,2024-04-24,11.86,0.0
P1-788-0423,788,Pomegranate_0,Fruit and vegetable,2024-04-23,106.31,2024-04-25,99.03,7.27
P1-788-0425,788,Pomegranate_0,Fruit and vegetable,2024-04-25,17.18,2024-04-27,17.18,0.0
P1-788-0426,788,Pomegranate_0,Fruit and vegetable,2024-04-26,24.27,2024-04-28,24.27,0.0
P1-788-0427,788,Pomegranate_0,Fruit and vegetable,2024-04-27,42.29,2024-04-29,42.29,0.0
P1-788-0428,788,Pomegranate_0,Fruit and vegetable,2024-04-28,16.61,2024-04-30,16.61,0.0
P1-788-0429,788,Pomegranate_0,Fruit and vegetable,2024-04-29,41.86,2024-05-01,41.86,0.0
P1-788-0430,788,Pomegranate_0,Fruit and vegetable,2024-04-30,21.65,2024-05-02,21.65,0.0
P1-788-0501,788,Pomegranate_0,Fruit and vegetable,2024-05-01,45.16,2024-05-03,45.16,0.0
P1-788-0502,788,Pomegranate_0,Fruit and vegetable,2024-05-02,21.75,2024-05-04,21.75,0.0
P1-788-0503,788,Pomegranate_0,Fruit and vegetable,2024-05-03,40.28,2024-05-05,40.28,0.0
P1-788-0504,788,Pomegranate_0,Fruit and vegetable,2024-05-04,29.67,2024-05-06,29.67,0.0
P1-788-0505,788,Pomegranate_0,Fruit and vegetable,2024-05-05,33.68,2024-05-07,33.68,0.0
P1-788-0506,788,Pomegranate_0,Fruit and vegetable,2024-05-06,20.72,2024-05-08,20.72,0.0
P1-788-0507,788,Pomegranate_0,Fruit and vegetable,2024-05-07,41.23,2024-05-09,41.23,0.0
P1-788-0508,788,Pomegranate_0,Fruit and vegetable,2024-05-08,43.15,2024-05-10,43.15,0.0
P1-788-0509,788,Pomegranate_0,Fruit and vegetable,2024-05-09,10.49,2024-05-11,10.49,0.0
P1-788-0510,788,Pomegranate_0,Fruit and vegetable,2024-05-10,35.95,2024-05-12,35.95,0.0
P1-788-0511,788,Pomegranate_0,Fruit and vegetable,2024-05-11,1.79,2024-05-13,1.79,0.0
P1-788-0512,788,Pomegranate_0,Fruit and vegetable,2024-05-12,20.89,2024-05-14,20.89,0.0
P1-788-0513,788,Pomegranate_0,Fruit and vegetable,2024-05-13,41.48,2024-05-15,41.48,0.0
P1-788-0514,788,Pomegranate_0,Fruit and vegetable,2024-05-14,31.81,2024-05-16,31.81,0.0
P1-788-0515,788,Pomegranate_0,Fruit and vegetable,2024-05-15,9.43,2024-05-17,9.43,0.0
P1-788-0516,788,Pomegranate_0,Fruit and vegetable,2024-05-16,35.53,2024-05-18,35.53,0.0
P1-788-0517,788,Pomegranate_0,Fruit and vegetable,2024-05-17,33.23,2024-05-19,33.23,0.0
P1-788-0518,788,Pomegranate_0,Fruit and vegetable,2024-05-18,22.78,2024-05-20,22.78,0.0
P1-788-0519,788,Pomegranate_0,Fruit and vegetable,2024-05-19,39.52,2024-05-21,39.52,0.0
P1-788-0520,788,Pomegranate_0,Fruit and vegetable,2024-05-20,20.2,2024-05-22,20.2,0.0
P1-788-0521,788,Pomegranate_0,Fruit and vegetable,2024-05-21,33.22,2024-05-23,33.22,0.0
P1-788-0522,788,Pomegranate_0,Fruit and vegetable,2024-05-22,24.45,2024-05-24,24.45,0.0
P1-788-0523,788,Pomegranate_0,Fruit and vegetable,2024-05-23,40.1,2024-05-25,40.1,0.0
P1-788-0524,788,Pomegranate_0,Fruit and vegetable,2024-05-24,35.65,2024-05-26,35.65,0.0
P1-788-0525,788,Pomegranate_0,Fruit and vegetable,2024-05-25,22.33,2024-05-27,22.33,0.0
P1-788-0526,788,Pomegranate_0,Fruit and vegetable,2024-05-26,13.01,2024-05-28,13.01,0.0
P1-788-0527,788,Pomegranate_0,Fruit and vegetable,2024-05-27,28.43,2024-05-29,28.43,0.0
P1-788-0528,788,Pomegranate_0,Fruit and vegetable,2024-05-28,34.68,2024-05-30,34.68,0.0
P1-788-0529,788,Pomegranate_0,Fruit and vegetable,2024-05-29,43.85,2024-05-31,43.85,0.0
P1-788-0530,788,Pomegranate_0,Fruit and vegetable,2024-05-30,14.19,2024-06-01,14.19,0.0
P1-788-0531,788,Pomegranate_0,Fruit and vegetable,2024-05-31,44.39,2024-06-02,44.39,0.0
P1-788-0601,788,Pomegranate_0,Fruit and vegetable,2024-06-01,3.13,2024-06-03,3.13,0.0
P1-788-0602,788,Pomegranate_0,Fruit and vegetable,2024-06-02,32.49,2024-06-04,30.13,
P1-791-0301,791,Arugula_1,Fruit and vegetable,2024-03-01,62.85,2024-03-03,62.85,0.0
P1-791-0302,791,Arugula_1,Fruit and vegetable,2024-03-02,65.45,2024-03-04,65.45,0.0
P1-791-0303,791,Arugula_1,Fruit and vegetable,2024-03-03,70.73,2024-03-05,70.73,0.0
P1-791-0306,791,Arugula_1,Fruit and vegetable,2024-03-06,109.58,2024-03-08,109.58,0.0
P1-791-0307,791,Arugula_1,Fruit and vegetable,2024-03-07,90.84,2024-03-09,77.38,13.46
P1-791-0310,791,Arugula_1,Fruit and vegetable,2024-03-10,87.09,2024-03-12,87.09,0.0
P1-791-0311,791,Arugula_1,Fruit and vegetable,2024-03-11,66.24,2024-03-13,66.24,0.0
P1-791-0312,791,Arugula_1,Fruit and vegetable,2024-03-12,65.63,2024-03-14,65.63,0.0
P1-791-0313,791,Arugula_1,Fruit and vegetable,2024-03-13,73.88,2024-03-15,73.88,0.0
P1-791-0315,791,Arugula_1,Fruit and vegetable,2024-03-15,75.96,2024-03-17,75.96,0.0
P1-791-0316,791,Arugula_1,Fruit and vegetable,2024-03-16,114.43,2024-03-18,114.43,0.0
P1-791-0317,791,Arugula_1,Fruit and vegetable,2024-03-17,12.4,2024-03-19,12.4,0.0
P1-791-0318,791,Arugula_1,Fruit and vegetable,2024-03-18,58.71,2024-03-20,58.71,0.0
P1-791-0319,791,Arugula_1,Fruit and vegetable,2024-03-19,64.12,2024-03-21,64.12,0.0
P1-791-0320,791,Arugula_1,Fruit and vegetable,2024-03-20,55.95,2024-03-22,55.95,0.0
P1-791-0321,791,Arugula_1,Fruit and vegetable,2024-03-21,60.28,2024-03-23,60.28,0.0
P1-791-0322,791,Arugula_1,Fruit and vegetable,2024-03-22,71.97,2024-03-24,71.97,0.0
P1-791-0323,791,Arugula_1,Fruit and vegetable,2024-03-23,44.07,2024-03-25,44.07,0.0
P1-791-0324,791,Arugula_1,Fruit and vegetable,2024-03-24,80.37,2024-03-26,80.37,0.0
P1-791-0325,791,Arugula_1,Fruit and vegetable,2024-03-25,60.62,2024-03-27,60.62,0.0
P1-791-0326,791,Arugula_1,Fruit and vegetable,2024-03-26,46.12,2024-03-28,46.12,0.0
P1-791-0327,791,Arugula_1,Fruit and vegetable,2024-03-27,69.03,2024-03-29,69.03,0.0
P1-791-0328,791,Arugula_1,Fruit and vegetable,2024-03-28,77.53,2024-03-30,77.53,0.0
P1-791-0329,791,Arugula_1,Fruit and vegetable,2024-03-29,72.04,2024-03-31,72.04,0.0
P1-791-0330,791,Arugula_1,Fruit and vegetable,2024-03-30,80.81,2024-04-01,80.81,0.0
P1-791-0331,791,Arugula_1,Fruit and vegetable,2024-03-31,43.31,2024-04-02,43.31,0.0
P1-791-0401,791,Arugula_1,Fruit and vegetable,2024-04-01,54.1,2024-04-03,54.1,0.0
P1-791-0403,791,Arugula_1,Fruit and vegetable,2024-04-03,75.96,2024-04-05,75.96,0.0
P1-791-0404,791,Arugula_1,Fruit and vegetable,2024-04-04,50.39,2024-04-06,50.39,0.0
P1-791-0405,791,Arugula_1,Fruit and vegetable,2024-04-05,77.25,2024-04-07,77.25,0.0
P1-791-0406,791,Arugula_1,Fruit and vegetable,2024-04-06,55.32,2024-04-08,55.32,0.0
P1-791-0407,791,Arugula_1,Fruit and vegetable,2024-04-07,49.16,2024-04-09,49.16,0.0
P1-791-0408,791,Arugula_1,Fruit and vegetable,2024-04-08,62.48,2024-04-10,62.48,0.0
P1-791-0409,791,Arugula_1,Fruit and vegetable,2024-04-09,63.93,2024-04-11,63.93,0.0
P1-791-0410,791,Arugula_1,Fruit and vegetable,2024-04-10,148.15,2024-04-12,148.15,0.0
P1-791-0411,791,Arugula_1,Fruit and vegetable,2024-04-11,95.16,2024-04-13,68.82,26.34
P1-791-0414,791,Arugula_1,Fruit and vegetable,2024-04-14,123.12,2024-04-16,123.12,0.0
P1-791-0415,791,Arugula_1,Fruit and vegetable,2024-04-15,61.1,2024-04-17,61.1,0.0
P1-791-0416,791,Arugula_1,Fruit and vegetable,2024-04-16,65.49,2024-04-18,65.49,0.0
P1-791-0417,791,Arugula_1,Fruit and vegetable,2024-04-17,61.42,2024-04-19,61.42,0.0
P1-791-0418,791,Arugula_1,Fruit and vegetable,2024-04-18,90.65,2024-04-20,90.65,0.0
P1-791-0419,791,Arugula_1,Fruit and vegetable,2024-04-19,143.02,2024-04-21,143.02,0.0
P1-791-0421,791,Arugula_1,Fruit and vegetable,2024-04-21,96.94,2024-04-23,96.94,0.0
P1-791-0422,791,Arugula_1,Fruit and vegetable,2024-04-22,108.58,2024-04-24,108.58,0.0
P1-791-0423,791,Arugula_1,Fruit and vegetable,2024-04-23,59.95,2024-04-25,59.95,0.0
P1-791-0424,791,Arugula_1,Fruit and vegetable,2024-04-24,89.47,2024-04-26,89.47,0.0
P1-791-0425,791,Arugula_1,Fruit and vegetable,2024-04-25,69.77,2024-04-27,69.77,0.0
P1-791-0426,791,Arugula_1,Fruit and vegetable,2024-04-26,76.61,2024-04-28,76.61,0.0
P1-791-0427,791,Arugula_1,Fruit and vegetable,2024-04-27,91.3,2024-04-29,91.3,0.0
P1-791-0428,791,Arugula_1,Fruit and vegetable,2024-04-28,130.22,2024-04-30,130.22,0.0
P1-791-0430,791,Arugula_1,Fruit and vegetable,2024-04-30,96.13,2024-05-02,96.13,0.0
P1-791-0501,791,Arugula_1,Fruit and vegetable,2024-05-01,90.68,2024-05-03,90.68,0.0
P1-791-0502,791,Arugula_1,Fruit and vegetable,2024-05-02,111.85,2024-05-04,111.85,0.0
P1-791-0503,791,Arugula_1,Fruit and vegetable,2024-05-03,111.64,2024-05-05,111.64,0.0
P1-791-0504,791,Arugula_1,Fruit and vegetable,2024-05-04,73.95,2024-05-06,73.95,0.0
P1-791-0505,791,Arugula_1,Fruit and vegetable,2024-05-05,86.54,2024-05-07,86.54,0.0
P1-791-0506,791,Arugula_1,Fruit and vegetable,2024-05-06,70.52,2024-05-08,70.52,0.0
P1-791-0508,791,Arugula_1,Fruit and vegetable,2024-05-08,115.25,2024-05-10,115.25,0.0
P1-791-0509,791,Arugula_1,Fruit and vegetable,2024-05-09,27.78,2024-05-11,27.78,0.0
P1-791-0510,791,Arugula_1,Fruit and vegetable,2024-05-10,113.07,2024-05-12,113.07,0.0
P1-791-0511,791,Arugula_1,Fruit and vegetable,2024-05-11,30.83,2024-05-13,30.83,0.0
P1-791-0512,791,Arugula_1,Fruit and vegetable,2024-05-12,68.91,2024-05-14,68.91,0.0
P1-791-0513,791,Arugula_1,Fruit and vegetable,2024-05-13,77.38,2024-05-15,77.38,0.0
P1-791-0514,791,Arugula_1,Fruit and vegetable,2024-05-14,85.93,2024-05-16,85.93,0.0
P1-791-0515,791,Arugula_1,Fruit and vegetable,2024-05-15,65.1,2024-05-17,65.1,0.0
P1-791-0516,791,Arugula_1,Fruit and vegetable,2024-05-16,86.38,2024-05-18,86.38,0.0
P1-791-0517,791,Arugula_1,Fruit and vegetable,2024-05-17,89.31,2024-05-19,89.31,0.0
P1-791-0518,791,Arugula_1,Fruit and vegetable,2024-05-18,63.01,2024-05-20,63.01,0.0
P1-791-0519,791,Arugula_1,Fruit and vegetable,2024-05-19,90.74,2024-05-21,90.74,0.0
P1-791-0520,791,Arugula_1,Fruit and vegetable,2024-05-20,62.76,2024-05-22,62.76,0.0
P1-791-0521,791,Arugula_1,Fruit and vegetable,2024-05-21,65.05,2024-05-23,65.05,0.0
P1-791-0522,791,Arugula_1,Fruit and vegetable,2024-05-22,71.31,2024-05-24,71.31,0.0
P1-791-0523,791,Arugula_1,Fruit and vegetable,2024-05-23,56.35,2024-05-25,56.35,0.0
P1-791-0524,791,Arugula_1,Fruit and vegetable,2024-05-24,39.67,2024-05-26,39.67,0.0
P1-791-0525,791,Arugula_1,Fruit and vegetable,2024-05-25,66.68,2024-05-27,66.68,0.0
P1-791-0526,791,Arugula_1,Fruit and vegetable,2024-05-26,47.2,2024-05-28,47.2,0.0
P1-791-0527,791,Arugula_1,Fruit and vegetable,2024-05-27,72.63,2024-05-29,72.63,0.0
P1-791-0528,791,Arugula_1,Fruit and vegetable,2024-05-28,139.06,2024-05-30,139.06,0.0
P1-791-0529,791,Arugula_1,Fruit and vegetable,2024-05-29,169.08,2024-05-31,169.08,0.0
P1-791-0530,791,Arugula_1,Fruit and vegetable,2024-05-30,118.3,2024-06-01,77.81,
P1-816-0301,816,Grape_10,Fruit and vegetable,2024-03-01,662.44,2024-03-03,662.44,0.0
P1-816-0302,816,Grape_10,Fruit and vegetable,2024-03-02,662.44,2024-03-04,662.44,0.0
P1-816-0303,816,Grape_10,Fruit and vegetable,2024-03-03,616.36,2024-03-05,616.36,0.0
P1-816-0304,816,Grape_10,Fruit and vegetable,2024-03-04,1273.83,2024-03-06,1273.83,0.0
P1-816-0305,816,Grape_10,Fruit and vegetable,2024-03-05,1931.77,2024-03-07,1931.77,0.0
P1-816-0306,816,Grape_10,Fruit and vegetable,2024-03-06,1859.85,2024-03-08,1859.85,0.0
P1-816-0307,816,Grape_10,Fruit and vegetable,2024-03-07,1840.07,2024-03-09,1840.07,0.0
P1-816-0308,816,Grape_10,Fruit and vegetable,2024-03-08,2367.29,2024-03-10,2367.29,0.0
P1-816-0309,816,Grape_10,Fruit and vegetable,2024-03-09,1851.17,2024-03-11,1851.17,0.0
P1-816-0310,816,Grape_10,Fruit and vegetable,2024-03-10,1939.65,2024-03-12,1939.65,0.0
P1-816-0311,816,Grape_10,Fruit and vegetable,2024-03-11,2339.65,2024-03-13,1768.4,571.25
P1-816-0312,816,Grape_10,Fruit and vegetable,2024-03-12,680.54,2024-03-14,0.0,680.54
P1-816-0313,816,Grape_10,Fruit and vegetable,2024-03-13,714.39,2024-03-15,0.0,714.39
P1-816-0317,816,Grape_10,Fruit and vegetable,2024-03-17,2864.4,2024-03-19,400.95,2463.45
P1-816-0318,816,Grape_10,Fruit and vegetable,2024-03-18,832.36,2024-03-20,0.0,832.36
P1-816-0321,816,Grape_10,Fruit and vegetable,2024-03-21,2826.66,2024-03-23,829.6,1997.06
P1-816-0322,816,Grape_10,Fruit and vegetable,2024-03-22,176.75,2024-03-24,176.75,0.0
P1-816-0324,816,Grape_10,Fruit and vegetable,2024-03-24,839.74,2024-03-26,110.78,728.96
P1-816-0326,816,Grape_10,Fruit and vegetable,2024-03-26,397.49,2024-03-28,289.91,107.58
P1-816-0328,816,Grape_10,Fruit and vegetable,2024-03-28,47.67,2024-03-30,47.67,0.0
P1-816-0329,816,Grape_10,Fruit and vegetable,2024-03-29,292.95,2024-03-31,183.28,109.66
P1-816-0330,816,Grape_10,Fruit and vegetable,2024-03-30,146.82,2024-04-01,146.82,0.0
P1-816-0331,816,Grape_10,Fruit and vegetable,2024-03-31,74.82,2024-04-02,74.82,0.0
P1-816-0401,816,Grape_10,Fruit and vegetable,2024-04-01,34.73,2024-04-03,34.73,0.0
P1-816-0402,816,Grape_10,Fruit and vegetable,2024-04-02,427.38,2024-04-04,427.38,0.0
P1-816-0403,816,Grape_10,Fruit and vegetable,2024-04-03,494.51,2024-04-05,494.51,0.0
P1-816-0404,816,Grape_10,Fruit and vegetable,2024-04-04,380.59,2024-04-06,380.59,0.0
P1-816-0405,816,Grape_10,Fruit and vegetable,2024-04-05,109.23,2024-04-07,109.23,0.0
P1-816-0406,816,Grape_10,Fruit and vegetable,2024-04-06,235.29,2024-04-08,235.29,0.0
P1-816-0407,816,Grape_10,Fruit and vegetable,2024-04-07,192.91,2024-04-09,192.91,0.0
P1-816-0408,816,Grape_10,Fruit and vegetable,2024-04-08,1011.41,2024-04-10,1011.41,0.0
P1-816-0409,816,Grape_10,Fruit and vegetable,2024-04-09,1643.45,2024-04-11,1643.45,0.0
P1-816-0410,816,Grape_10,Fruit and vegetable,2024-04-10,1492.97,2024-04-12,1492.97,0.0
P1-816-0411,816,Grape_10,Fruit and vegetable,2024-04-11,1433.54,2024-04-13,1433.54,0.0
P1-816-0412,816,Grape_10,Fruit and vegetable,2024-04-12,1220.22,2024-04-14,1220.22,0.0
P1-816-0413,816,Grape_10,Fruit and vegetable,2024-04-13,1340.11,2024-04-15,1340.11,0.0
P1-816-0414,816,Grape_10,Fruit and vegetable,2024-04-14,1023.93,2024-04-16,1023.93,0.0
P1-816-0415,816,Grape_10,Fruit and vegetable,2024-04-15,1373.72,2024-04-17,187.2,1186.52
P1-816-0421,816,Grape_10,Fruit and vegetable,2024-04-21,2264.69,2024-04-23,430.58,1834.11
P1-816-0422,816,Grape_10,Fruit and vegetable,2024-04-22,127.95,2024-04-24,123.38,4.57
P1-816-0423,816,Grape_10,Fruit and vegetable,2024-04-23,113.46,2024-04-25,113.46,0.0
P1-816-0424,816,Grape_10,Fruit and vegetable,2024-04-24,1700.81,2024-04-26,7.11,1693.71
P1-816-0425,816,Grape_10,Fruit and vegetable,2024-04-25,182.74,2024-04-27,182.74,0.0
P1-816-0427,816,Grape_10,Fruit and vegetable,2024-04-27,1268.43,2024-04-29,7.42,1261.01
P1-816-0502,816,Grape_10,Fruit and vegetable,2024-05-02,227.94,2024-05-04,186.3,41.64
P1-816-0530,816,Grape_10,Fruit and vegetable,2024-05-30,212.4,2024-06-01,212.4,0.0
P1-816-0531,816,Grape_10,Fruit and vegetable,2024-05-31,242.28,2024-06-02,242.28,0.0
P1-816-0601,816,Grape_10,Fruit and vegetable,2024-06-01,189.98,2024-06-03,189.98,0.0
P1-816-0602,816,Grape_10,Fruit and vegetable,2024-06-02,544.43,2024-06-04,544.43,0.0
P1-844-0301,844,Chive_1,Fruit and vegetable,2024-03-01,177.46,2024-03-03,177.46,0.0
P1-844-0302,844,Chive_1,Fruit and vegetable,2024-03-02,187.5,2024-03-04,187.5,0.0
P1-844-0303,844,Chive_1,Fruit and vegetable,2024-03-03,186.55,2024-03-05,186.55,0.0
P1-844-0304,844,Chive_1,Fruit and vegetable,2024-03-04,167.26,2024-03-06,167.26,0.0
P1-844-0305,844,Chive_1,Fruit and vegetable,2024-03-05,139.76,2024-03-07,139.76,0.0
P1-844-0306,844,Chive_1,Fruit and vegetable,2024-03-06,145.54,2024-03-08,145.54,0.0
P1-844-0307,844,Chive_1,Fruit and vegetable,2024-03-07,158.57,2024-03-09,158.57,0.0
P1-844-0308,844,Chive_1,Fruit and vegetable,2024-03-08,196.03,2024-03-10,196.03,0.0
P1-844-0309,844,Chive_1,Fruit and vegetable,2024-03-09,225.31,2024-03-11,225.31,0.0
P1-844-0310,844,Chive_1,Fruit and vegetable,2024-03-10,167.41,2024-03-12,167.41,0.0
P1-844-0311,844,Chive_1,Fruit and vegetable,2024-03-11,131.2,2024-03-13,131.2,0.0
P1-844-0312,844,Chive_1,Fruit and vegetable,2024-03-12,177.5,2024-03-14,177.5,0.0
P1-844-0313,844,Chive_1,Fruit and vegetable,2024-03-13,166.2,2024-03-15,166.2,0.0
P1-844-0314,844,Chive_1,Fruit and vegetable,2024-03-14,156.2,2024-03-16,156.2,0.0
P1-844-0315,844,Chive_1,Fruit and vegetable,2024-03-15,211.01,2024-03-17,211.01,0.0
P1-844-0316,844,Chive_1,Fruit and vegetable,2024-03-16,241.31,2024-03-18,241.31,0.0
P1-844-0317,844,Chive_1,Fruit and vegetable,2024-03-17,156.73,2024-03-19,156.73,0.0
P1-844-0318,844,Chive_1,Fruit and vegetable,2024-03-18,170.72,2024-03-20,170.72,0.0
P1-844-0319,844,Chive_1,Fruit and vegetable,2024-03-19,161.28,2024-03-21,161.28,0.0
P1-844-0320,844,Chive_1,Fruit and vegetable,2024-03-20,112.19,2024-03-22,112.19,0.0
P1-844-0321,844,Chive_1,Fruit and vegetable,2024-03-21,184.87,2024-03-23,184.87,0.0
P1-844-0322,844,Chive_1,Fruit and vegetable,2024-03-22,290.83,2024-03-24,290.83,0.0
P1-844-0323,844,Chive_1,Fruit and vegetable,2024-03-23,226.53,2024-03-25,226.53,0.0
P1-844-0324,844,Chive_1,Fruit and vegetable,2024-03-24,163.87,2024-03-26,163.87,0.0
P1-844-0325,844,Chive_1,Fruit and vegetable,2024-03-25,226.54,2024-03-27,226.54,0.0
P1-844-0326,844,Chive_1,Fruit and vegetable,2024-03-26,277.47,2024-03-28,277.47,0.0
P1-844-0327,844,Chive_1,Fruit and vegetable,2024-03-27,421.13,2024-03-29,421.13,0.0
P1-844-0328,844,Chive_1,Fruit and vegetable,2024-03-28,516.55,2024-03-30,516.55,0.0
P1-844-0329,844,Chive_1,Fruit and vegetable,2024-03-29,423.51,2024-03-31,423.51,0.0
P1-844-0330,844,Chive_1,Fruit and vegetable,2024-03-30,174.95,2024-04-01,174.95,0.0
P1-844-0331,844,Chive_1,Fruit and vegetable,2024-03-31,237.61,2024-04-02,237.61,0.0
P1-844-0401,844,Chive_1,Fruit and vegetable,2024-04-01,247.36,2024-04-03,247.36,0.0
P1-844-0402,844,Chive_1,Fruit and vegetable,2024-04-02,266.19,2024-04-04,266.19,0.0
P1-844-0403,844,Chive_1,Fruit and vegetable,2024-04-03,348.4,2024-04-05,307.77,40.63
P1-844-0404,844,Chive_1,Fruit and vegetable,2024-04-04,261.23,2024-04-06,178.09,83.14
P1-844-0407,844,Chive_1,Fruit and vegetable,2024-04-07,261.89,2024-04-09,261.89,0.0
P1-844-0408,844,Chive_1,Fruit and vegetable,2024-04-08,126.22,2024-04-10,126.22,0.0
P1-844-0409,844,Chive_1,Fruit and vegetable,2024-04-09,107.09,2024-04-11,107.09,0.0
P1-844-0410,844,Chive_1,Fruit and vegetable,2024-04-10,136.87,2024-04-12,136.87,0.0
P1-844-0411,844,Chive_1,Fruit and vegetable,2024-04-11,146.27,2024-04-13,146.27,0.0
P1-844-0412,844,Chive_1,Fruit and vegetable,2024-04-12,177.1,2024-04-14,177.1,0.0
P1-844-0413,844,Chive_1,Fruit and vegetable,2024-04-13,158.43,2024-04-15,158.43,0.0
P1-844-0414,844,Chive_1,Fruit and vegetable,2024-04-14,136.53,2024-04-16,136.53,0.0
P1-844-0415,844,Chive_1,Fruit and vegetable,2024-04-15,152.51,2024-04-17,152.51,0.0
P1-844-0416,844,Chive_1,Fruit and vegetable,2024-04-16,159.3,2024-04-18,159.3,0.0
P1-844-0417,844,Chive_1,Fruit and vegetable,2024-04-17,137.04,2024-04-19,137.04,0.0
P1-844-0418,844,Chive_1,Fruit and vegetable,2024-04-18,125.35,2024-04-20,125.35,0.0
P1-844-0419,844,Chive_1,Fruit and vegetable,2024-04-19,178.48,2024-04-21,178.48,0.0
P1-844-0420,844,Chive_1,Fruit and vegetable,2024-04-20,201.23,2024-04-22,201.23,0.0
P1-844-0421,844,Chive_1,Fruit and vegetable,2024-04-21,136.76,2024-04-23,136.76,0.0
P1-844-0422,844,Chive_1,Fruit and vegetable,2024-04-22,191.39,2024-04-24,191.39,0.0
P1-844-0423,844,Chive_1,Fruit and vegetable,2024-04-23,173.73,2024-04-25,173.73,0.0
P1-844-0424,844,Chive_1,Fruit and vegetable,2024-04-24,114.57,2024-04-26,114.57,0.0
P1-844-0425,844,Chive_1,Fruit and vegetable,2024-04-25,153.92,2024-04-27,153.92,0.0
P1-844-0426,844,Chive_1,Fruit and vegetable,2024-04-26,204.56,2024-04-28,204.56,0.0
P1-844-0427,844,Chive_1,Fruit and vegetable,2024-04-27,188.16,2024-04-29,188.16,0.0
P1-844-0428,844,Chive_1,Fruit and vegetable,2024-04-28,152.75,2024-04-30,152.75,0.0
P1-844-0429,844,Chive_1,Fruit and vegetable,2024-04-29,188.09,2024-05-01,188.09,0.0
P1-844-0430,844,Chive_1,Fruit and vegetable,2024-04-30,85.59,2024-05-02,85.59,0.0
P1-844-0501,844,Chive_1,Fruit and vegetable,2024-05-01,166.54,2024-05-03,166.54,0.0
P1-844-0502,844,Chive_1,Fruit and vegetable,2024-05-02,142.72,2024-05-04,142.72,0.0
P1-844-0503,844,Chive_1,Fruit and vegetable,2024-05-03,202.36,2024-05-05,202.36,0.0
P1-844-0504,844,Chive_1,Fruit and vegetable,2024-05-04,158.15,2024-05-06,158.15,0.0
P1-844-0505,844,Chive_1,Fruit and vegetable,2024-05-05,202.36,2024-05-07,202.36,0.0
P1-844-0506,844,Chive_1,Fruit and vegetable,2024-05-06,106.56,2024-05-08,106.56,0.0
P1-844-0507,844,Chive_1,Fruit and vegetable,2024-05-07,159.91,2024-05-09,159.91,0.0
P1-844-0509,844,Chive_1,Fruit and vegetable,2024-05-09,134.78,2024-05-11,134.78,0.0
P1-844-0510,844,Chive_1,Fruit and vegetable,2024-05-10,185.51,2024-05-12,185.51,0.0
P1-844-0511,844,Chive_1,Fruit and vegetable,2024-05-11,175.7,2024-05-13,175.7,0.0
P1-844-0512,844,Chive_1,Fruit and vegetable,2024-05-12,132.71,2024-05-14,132.71,0.0
P1-844-0513,844,Chive_1,Fruit and vegetable,2024-05-13,83.26,2024-05-15,83.26,0.0
P1-844-0514,844,Chive_1,Fruit and vegetable,2024-05-14,172.36,2024-05-16,172.36,0.0
P1-844-0515,844,Chive_1,Fruit and vegetable,2024-05-15,180.12,2024-05-17,180.12,0.0
P1-844-0516,844,Chive_1,Fruit and vegetable,2024-05-16,109.13,2024-05-18,109.13,0.0
P1-844-0517,844,Chive_1,Fruit and vegetable,2024-05-17,198.7,2024-05-19,198.7,0.0
P1-844-0518,844,Chive_1,Fruit and vegetable,2024-05-18,177.13,2024-05-20,177.13,0.0
P1-844-0519,844,Chive_1,Fruit and vegetable,2024-05-19,169.49,2024-05-21,169.49,0.0
P1-844-0520,844,Chive_1,Fruit and vegetable,2024-05-20,181.07,2024-05-22,181.07,0.0
P1-844-0521,844,Chive_1,Fruit and vegetable,2024-05-21,146.72,2024-05-23,146.72,0.0
P1-844-0522,844,Chive_1,Fruit and vegetable,2024-05-22,86.88,2024-05-24,86.88,0.0
P1-844-0523,844,Chive_1,Fruit and vegetable,2024-05-23,152.14,2024-05-25,152.14,0.0
P1-844-0524,844,Chive_1,Fruit and vegetable,2024-05-24,187.77,2024-05-26,187.77,0.0
P1-844-0525,844,Chive_1,Fruit and vegetable,2024-05-25,113.6,2024-05-27,113.6,0.0
P1-844-0526,844,Chive_1,Fruit and vegetable,2024-05-26,96.53,2024-05-28,96.53,0.0
P1-844-0527,844,Chive_1,Fruit and vegetable,2024-05-27,120.44,2024-05-29,120.44,0.0
P1-844-0528,844,Chive_1,Fruit and vegetable,2024-05-28,136.85,2024-05-30,136.85,0.0
P1-844-0529,844,Chive_1,Fruit and vegetable,2024-05-29,135.06,2024-05-31,135.06,0.0
P1-844-0530,844,Chive_1,Fruit and vegetable,2024-05-30,156.63,2024-06-01,156.63,0.0
P1-844-0531,844,Chive_1,Fruit and vegetable,2024-05-31,172.92,2024-06-02,172.92,0.0
P1-844-0601,844,Chive_1,Fruit and vegetable,2024-06-01,170.83,2024-06-03,170.83,0.0
P1-844-0602,844,Chive_1,Fruit and vegetable,2024-06-02,173.7,2024-06-04,173.7,0.0
P1-865-0301,865,Bread_69,Bakery,2024-03-01,37.9,2024-03-02,37.9,0.0
P1-865-0302,865,Bread_69,Bakery,2024-03-02,37.9,2024-03-03,37.9,0.0
P1-865-0303,865,Bread_69,Bakery,2024-03-03,35.81,2024-03-04,35.81,0.0
P1-865-0304,865,Bread_69,Bakery,2024-03-04,38.64,2024-03-05,38.64,0.0
P1-865-0305,865,Bread_69,Bakery,2024-03-05,20.88,2024-03-06,20.88,0.0
P1-865-0306,865,Bread_69,Bakery,2024-03-06,33.98,2024-03-07,28.02,5.96
P1-865-0307,865,Bread_69,Bakery,2024-03-07,19.43,2024-03-08,19.43,0.0
P1-865-0308,865,Bread_69,Bakery,2024-03-08,30.93,2024-03-09,30.93,0.0
P1-865-0309,865,Bread_69,Bakery,2024-03-09,15.85,2024-03-10,15.85,0.0
P1-865-0310,865,Bread_69,Bakery,2024-03-10,50.96,2024-03-11,50.96,0.0
P1-865-0311,865,Bread_69,Bakery,2024-03-11,24.89,2024-03-12,24.89,0.0
P1-865-0312,865,Bread_69,Bakery,2024-03-12,36.94,2024-03-13,36.94,0.0
P1-865-0313,865,Bread_69,Bakery,2024-03-13,17.82,2024-03-14,17.82,0.0
P1-865-0314,865,Bread_69,Bakery,2024-03-14,37.06,2024-03-15,37.06,0.0
P1-865-0315,865,Bread_69,Bakery,2024-03-15,29.32,2024-03-16,29.32,0.0
P1-865-0316,865,Bread_69,Bakery,2024-03-16,40.1,2024-03-17,40.1,0.0
P1-865-0317,865,Bread_69,Bakery,2024-03-17,31.58,2024-03-18,22.56,9.02
P1-865-0318,865,Bread_69,Bakery,2024-03-18,10.77,2024-03-19,10.77,0.0
P1-865-0319,865,Bread_69,Bakery,2024-03-19,25.39,2024-03-20,25.39,0.0
P1-865-0320,865,Bread_69,Bakery,2024-03-20,47.43,2024-03-21,44.92,2.52
P1-865-0321,865,Bread_69,Bakery,2024-03-21,2.88,2024-03-22,2.88,0.0
P1-865-0322,865,Bread_69,Bakery,2024-03-22,53.19,2024-03-23,53.19,0.0
P1-865-0323,865,Bread_69,Bakery,2024-03-23,6.82,2024-03-24,6.82,0.0
P1-865-0324,865,Bread_69,Bakery,2024-03-24,35.93,2024-03-25,35.93,0.0
P1-865-0325,865,Bread_69,Bakery,2024-03-25,21.02,2024-03-26,21.02,0.0
P1-865-0326,865,Bread_69,Bakery,2024-03-26,39.16,2024-03-27,39.16,0.0
P1-865-0327,865,Bread_69,Bakery,2024-03-27,41.64,2024-03-28,41.64,0.0
P1-865-0328,865,Bread_69,Bakery,2024-03-28,10.6,2024-03-29,10.6,0.0
P1-865-0329,865,Bread_69,Bakery,2024-03-29,40.92,2024-03-30,28.1,12.81
P1-865-0330,865,Bread_69,Bakery,2024-03-30,13.77,2024-03-31,13.77,0.0
P1-865-0331,865,Bread_69,Bakery,2024-03-31,35.9,2024-04-01,35.9,0.0
P1-865-0401,865,Bread_69,Bakery,2024-04-01,20.31,2024-04-02,20.31,0.0
P1-865-0402,865,Bread_69,Bakery,2024-04-02,47.31,2024-04-03,24.1,23.21
P1-865-0404,865,Bread_69,Bakery,2024-04-04,49.14,2024-04-05,49.14,0.0
P1-865-0405,865,Bread_69,Bakery,2024-04-05,4.31,2024-04-06,4.31,0.0
P1-865-0406,865,Bread_69,Bakery,2024-04-06,33.48,2024-04-07,33.48,0.0
P1-865-0407,865,Bread_69,Bakery,2024-04-07,22.7,2024-04-08,22.7,0.0
P1-865-0408,865,Bread_69,Bakery,2024-04-08,27.23,2024-04-09,27.23,0.0
P1-865-0409,865,Bread_69,Bakery,2024-04-09,35.96,2024-04-10,35.96,0.0
P1-865-0410,865,Bread_69,Bakery,2024-04-10,16.6,2024-04-11,16.6,0.0
P1-865-0411,865,Bread_69,Bakery,2024-04-11,37.17,2024-04-12,37.17,0.0
P1-865-0412,865,Bread_69,Bakery,2024-04-12,39.5,2024-04-13,39.5,0.0
P1-865-0413,865,Bread_69,Bakery,2024-04-13,16.25,2024-04-14,16.25,0.0
P1-865-0414,865,Bread_69,Bakery,2024-04-14,39.47,2024-04-15,39.47,0.0
P1-865-0415,865,Bread_69,Bakery,2024-04-15,25.83,2024-04-16,14.43,11.4
P1-865-0417,865,Bread_69,Bakery,2024-04-17,52.1,2024-04-18,52.1,0.0
P1-865-0418,865,Bread_69,Bakery,2024-04-18,25.09,2024-04-19,25.09,0.0
P1-865-0419,865,Bread_69,Bakery,2024-04-19,48.98,2024-04-20,48.98,0.0
P1-865-0420,865,Bread_69,Bakery,2024-04-20,36.49,2024-04-21,36.49,0.0
P1-865-0421,865,Bread_69,Bakery,2024-04-21,27.78,2024-04-22,27.78,0.0
P1-865-0422,865,Bread_69,Bakery,2024-04-22,24.29,2024-04-23,21.88,2.41
P1-865-0423,865,Bread_69,Bakery,2024-04-23,15.76,2024-04-24,15.76,0.0
P1-865-0424,865,Bread_69,Bakery,2024-04-24,37.76,2024-04-25,37.76,0.0
P1-865-0425,865,Bread_69,Bakery,2024-04-25,36.78,2024-04-26,36.78,0.0
P1-865-0426,865,Bread_69,Bakery,2024-04-26,57.89,2024-04-27,35.47,22.42
P1-865-0428,865,Bread_69,Bakery,2024-04-28,40.77,2024-04-29,40.77,0.0
P1-865-0429,865,Bread_69,Bakery,2024-04-29,24.66,2024-04-30,24.66,0.0
P1-865-0430,865,Bread_69,Bakery,2024-04-30,34.17,2024-05-01,34.17,0.0
P1-865-0501,865,Bread_69,Bakery,2024-05-01,49.03,2024-05-02,49.03,0.0
P1-865-0502,865,Bread_69,Bakery,2024-05-02,15.92,2024-05-03,15.92,0.0
P1-865-0503,865,Bread_69,Bakery,2024-05-03,38.05,2024-05-04,38.05,0.0
P1-865-0504,865,Bread_69,Bakery,2024-05-04,12.2,2024-05-05,12.2,0.0
P1-865-0505,865,Bread_69,Bakery,2024-05-05,28.14,2024-05-06,28.14,0.0
P1-865-0506,865,Bread_69,Bakery,2024-05-06,28.27,2024-05-07,28.27,0.0
P1-865-0507,865,Bread_69,Bakery,2024-05-07,38.25,2024-05-08,38.25,0.0
P1-865-0508,865,Bread_69,Bakery,2024-05-08,26.4,2024-05-09,26.4,0.0
P1-865-0509,865,Bread_69,Bakery,2024-05-09,35.82,2024-05-10,35.82,0.0
P1-865-0510,865,Bread_69,Bakery,2024-05-10,24.13,2024-05-11,24.13,0.0
P1-865-0511,865,Bread_69,Bakery,2024-05-11,16.12,2024-05-12,16.12,0.0
P1-865-0512,865,Bread_69,Bakery,2024-05-12,30.72,2024-05-13,30.72,0.0
P1-865-0513,865,Bread_69,Bakery,2024-05-13,42.13,2024-05-14,42.13,0.0
P1-865-0514,865,Bread_69,Bakery,2024-05-14,33.87,2024-05-15,33.87,0.0
P1-865-0515,865,Bread_69,Bakery,2024-05-15,18.6,2024-05-16,18.6,0.0
P1-865-0516,865,Bread_69,Bakery,2024-05-16,32.83,2024-05-17,32.83,0.0
P1-865-0517,865,Bread_69,Bakery,2024-05-17,42.64,2024-05-18,42.64,0.0
P1-865-0518,865,Bread_69,Bakery,2024-05-18,32.93,2024-05-19,32.93,0.0
P1-865-0519,865,Bread_69,Bakery,2024-05-19,29.71,2024-05-20,29.71,0.0
P1-865-0520,865,Bread_69,Bakery,2024-05-20,9.57,2024-05-21,9.57,0.0
P1-865-0521,865,Bread_69,Bakery,2024-05-21,47.65,2024-05-22,47.65,0.0
P1-865-0522,865,Bread_69,Bakery,2024-05-22,27.91,2024-05-23,27.91,0.0
P1-865-0523,865,Bread_69,Bakery,2024-05-23,30.94,2024-05-24,30.94,0.0
P1-865-0524,865,Bread_69,Bakery,2024-05-24,44.93,2024-05-25,44.93,0.0
P1-865-0525,865,Bread_69,Bakery,2024-05-25,9.56,2024-05-26,9.56,0.0
P1-865-0526,865,Bread_69,Bakery,2024-05-26,21.85,2024-05-27,21.85,0.0
P1-865-0527,865,Bread_69,Bakery,2024-05-27,41.24,2024-05-28,41.24,0.0
P1-865-0528,865,Bread_69,Bakery,2024-05-28,15.83,2024-05-29,15.83,0.0
P1-865-0529,865,Bread_69,Bakery,2024-05-29,34.89,2024-05-30,34.89,0.0
P1-865-0530,865,Bread_69,Bakery,2024-05-30,39.46,2024-05-31,39.46,0.0
P1-865-0531,865,Bread_69,Bakery,2024-05-31,26.79,2024-06-01,26.79,0.0
P1-865-0601,865,Bread_69,Bakery,2024-06-01,30.35,2024-06-02,30.35,0.0
P1-865-0602,865,Bread_69,Bakery,2024-06-02,31.9,2024-06-03,31.9,0.0
P1-883-0301,883,Bread_70,Bakery,2024-03-01,560.15,2024-03-02,560.15,0.0
P1-883-0302,883,Bread_70,Bakery,2024-03-02,560.15,2024-03-03,560.15,0.0
P1-883-0303,883,Bread_70,Bakery,2024-03-03,549.65,2024-03-04,549.65,0.0
P1-883-0304,883,Bread_70,Bakery,2024-03-04,407.88,2024-03-05,407.88,0.0
P1-883-0305,883,Bread_70,Bakery,2024-03-05,380.48,2024-03-06,380.48,0.0
P1-883-0306,883,Bread_70,Bakery,2024-03-06,369.12,2024-03-07,369.12,0.0
P1-883-0307,883,Bread_70,Bakery,2024-03-07,326.32,2024-03-08,326.32,0.0
P1-883-0308,883,Bread_70,Bakery,2024-03-08,387.43,2024-03-09,387.43,0.0
P1-883-0309,883,Bread_70,Bakery,2024-03-09,422.86,2024-03-10,422.86,0.0
P1-883-0310,883,Bread_70,Bakery,2024-03-10,429.22,2024-03-11,429.22,0.0
P1-883-0311,883,Bread_70,Bakery,2024-03-11,428.47,2024-03-12,428.47,0.0
P1-883-0312,883,Bread_70,Bakery,2024-03-12,298.67,2024-03-13,298.67,0.0
P1-883-0313,883,Bread_70,Bakery,2024-03-13,259.58,2024-03-14,259.58,0.0
P1-883-0314,883,Bread_70,Bakery,2024-03-14,431.08,2024-03-15,431.08,0.0
P1-883-0315,883,Bread_70,Bakery,2024-03-15,562.29,2024-03-16,562.29,0.0
P1-883-0316,883,Bread_70,Bakery,2024-03-16,503.39,2024-03-17,503.39,0.0
P1-883-0317,883,Bread_70,Bakery,2024-03-17,407.96,2024-03-18,407.96,0.0
P1-883-0318,883,Bread_70,Bakery,2024-03-18,226.15,2024-03-19,226.15,0.0
P1-883-0319,883,Bread_70,Bakery,2024-03-19,352.0,2024-03-20,352.0,0.0
P1-883-0320,883,Bread_70,Bakery,2024-03-20,326.4,2024-03-21,326.4,0.0
P1-883-0321,883,Bread_70,Bakery,2024-03-21,381.95,2024-03-22,381.95,0.0
P1-883-0322,883,Bread_70,Bakery,2024-03-22,527.02,2024-03-23,527.02,0.0
P1-883-0323,883,Bread_70,Bakery,2024-03-23,433.23,2024-03-24,433.23,0.0
P1-883-0324,883,Bread_70,Bakery,2024-03-24,408.19,2024-03-25,408.19,0.0
P1-883-0325,883,Bread_70,Bakery,2024-03-25,301.15,2024-03-26,301.15,0.0
P1-883-0326,883,Bread_70,Bakery,2024-03-26,252.22,2024-03-27,252.22,0.0
P1-883-0327,883,Bread_70,Bakery,2024-03-27,348.0,2024-03-28,348.0,0.0
P1-883-0328,883,Bread_70,Bakery,2024-03-28,490.61,2024-03-29,490.61,0.0
P1-883-0329,883,Bread_70,Bakery,2024-03-29,704.1,2024-03-30,704.1,0.0
P1-883-0330,883,Bread_70,Bakery,2024-03-30,474.33,2024-03-31,474.33,0.0
P1-883-0331,883,Bread_70,Bakery,2024-03-31,256.64,2024-04-01,159.11,97.53
P1-883-0401,883,Bread_70,Bakery,2024-04-01,382.74,2024-04-02,365.9,16.84
P1-883-0402,883,Bread_70,Bakery,2024-04-02,163.64,2024-04-03,163.64,0.0
P1-883-0403,883,Bread_70,Bakery,2024-04-03,467.03,2024-04-04,467.03,0.0
P1-883-0404,883,Bread_70,Bakery,2024-04-04,460.5,2024-04-05,460.5,0.0
P1-883-0405,883,Bread_70,Bakery,2024-04-05,398.24,2024-04-06,398.24,0.0
P1-883-0406,883,Bread_70,Bakery,2024-04-06,350.56,2024-04-07,350.56,0.0
P1-883-0407,883,Bread_70,Bakery,2024-04-07,536.64,2024-04-08,536.64,0.0
P1-883-0408,883,Bread_70,Bakery,2024-04-08,169.25,2024-04-09,169.25,0.0
P1-883-0409,883,Bread_70,Bakery,2024-04-09,489.5,2024-04-10,489.5,0.0
P1-883-0410,883,Bread_70,Bakery,2024-04-10,271.32,2024-04-11,271.32,0.0
P1-883-0411,883,Bread_70,Bakery,2024-04-11,405.21,2024-04-12,405.21,0.0
P1-883-0412,883,Bread_70,Bakery,2024-04-12,666.84,2024-04-13,666.84,0.0
P1-883-0413,883,Bread_70,Bakery,2024-04-13,410.49,2024-04-14,410.49,0.0
P1-883-0414,883,Bread_70,Bakery,2024-04-14,312.03,2024-04-15,312.03,0.0
P1-883-0415,883,Bread_70,Bakery,2024-04-15,412.39,2024-04-16,412.39,0.0
P1-883-0416,883,Bread_70,Bakery,2024-04-16,292.52,2024-04-17,292.52,0.0
P1-883-0417,883,Bread_70,Bakery,2024-04-17,359.27,2024-04-18,359.27,0.0
P1-883-0418,883,Bread_70,Bakery,2024-04-18,438.3,2024-04-19,438.3,0.0
P1-883-0419,883,Bread_70,Bakery,2024-04-19,525.61,2024-04-20,525.61,0.0
P1-883-0420,883,Bread_70,Bakery,2024-04-20,431.18,2024-04-21,431.18,0.0
P1-883-0421,883,Bread_70,Bakery,2024-04-21,401.89,2024-04-22,401.89,0.0
P1-883-0422,883,Bread_70,Bakery,2024-04-22,359.76,2024-04-23,359.76,0.0
P1-883-0423,883,Bread_70,Bakery,2024-04-23,338.78,2024-04-24,338.78,0.0
P1-883-0424,883,Bread_70,Bakery,2024-04-24,345.98,2024-04-25,345.98,0.0
P1-883-0425,883,Bread_70,Bakery,2024-04-25,413.78,2024-04-26,413.78,0.0
P1-883-0426,883,Bread_70,Bakery,2024-04-26,576.57,2024-04-27,576.57,0.0
P1-883-0427,883,Bread_70,Bakery,2024-04-27,536.6,2024-04-28,536.6,0.0
P1-883-0428,883,Bread_70,Bakery,2024-04-28,393.78,2024-04-29,393.78,0.0
P1-883-0429,883,Bread_70,Bakery,2024-04-29,433.75,2024-04-30,433.75,0.0
P1-883-0430,883,Bread_70,Bakery,2024-04-30,348.12,2024-05-01,348.12,0.0
P1-883-0501,883,Bread_70,Bakery,2024-05-01,418.12,2024-05-02,418.12,0.0
P1-883-0502,883,Bread_70,Bakery,2024-05-02,488.79,2024-05-03,488.79,0.0
P1-883-0503,883,Bread_70,Bakery,2024-05-03,589.21,2024-05-04,589.21,0.0
P1-883-0504,883,Bread_70,Bakery,2024-05-04,354.33,2024-05-05,354.33,0.0
P1-883-0505,883,Bread_70,Bakery,2024-05-05,401.19,2024-05-06,401.19,0.0
P1-883-0506,883,Bread_70,Bakery,2024-05-06,321.11,2024-05-07,321.11,0.0
P1-883-0507,883,Bread_70,Bakery,2024-05-07,399.54,2024-05-08,243.11,156.42
P1-883-0508,883,Bread_70,Bakery,2024-05-08,358.75,2024-05-09,358.75,0.0
P1-883-0509,883,Bread_70,Bakery,2024-05-09,235.54,2024-05-10,235.54,0.0
P1-883-0510,883,Bread_70,Bakery,2024-05-10,603.19,2024-05-11,603.19,0.0
P1-883-0511,883,Bread_70,Bakery,2024-05-11,458.02,2024-05-12,458.02,0.0
P1-883-0512,883,Bread_70,Bakery,2024-05-12,323.08,2024-05-13,323.08,0.0
P1-883-0513,883,Bread_70,Bakery,2024-05-13,442.14,2024-05-14,442.14,0.0
P1-883-0514,883,Bread_70,Bakery,2024-05-14,351.77,2024-05-15,351.77,0.0
P1-883-0515,883,Bread_70,Bakery,2024-05-15,155.77,2024-05-16,155.77,0.0
P1-883-0516,883,Bread_70,Bakery,2024-05-16,509.42,2024-05-17,509.42,0.0
P1-883-0517,883,Bread_70,Bakery,2024-05-17,604.32,2024-05-18,604.32,0.0
P1-883-0518,883,Bread_70,Bakery,2024-05-18,493.65,2024-05-19,493.65,0.0
P1-883-0519,883,Bread_70,Bakery,2024-05-19,405.03,2024-05-20,405.03,0.0
P1-883-0520,883,Bread_70,Bakery,2024-05-20,361.14,2024-05-21,361.14,0.0
P1-883-0521,883,Bread_70,Bakery,2024-05-21,312.16,2024-05-22,312.16,0.0
P1-883-0522,883,Bread_70,Bakery,2024-05-22,352.31,2024-05-23,352.31,0.0
P1-883-0523,883,Bread_70,Bakery,2024-05-23,344.09,2024-05-24,344.09,0.0
P1-883-0524,883,Bread_70,Bakery,2024-05-24,663.52,2024-05-25,663.52,0.0
P1-883-0525,883,Bread_70,Bakery,2024-05-25,211.58,2024-05-26,211.58,0.0
P1-883-0526,883,Bread_70,Bakery,2024-05-26,457.97,2024-05-27,457.97,0.0
P1-883-0527,883,Bread_70,Bakery,2024-05-27,272.5,2024-05-28,272.5,0.0
P1-883-0528,883,Bread_70,Bakery,2024-05-28,351.62,2024-05-29,351.62,0.0
P1-883-0529,883,Bread_70,Bakery,2024-05-29,306.96,2024-05-30,306.96,0.0
P1-883-0530,883,Bread_70,Bakery,2024-05-30,501.11,2024-05-31,501.11,0.0
P1-883-0531,883,Bread_70,Bakery,2024-05-31,507.75,2024-06-01,507.75,0.0
P1-883-0601,883,Bread_70,Bakery,2024-06-01,514.5,2024-06-02,514.5,0.0
P1-883-0602,883,Bread_70,Bakery,2024-06-02,403.74,2024-06-03,285.1,
P1-910-0301,910,Pear_16,Fruit and vegetable,2024-03-01,71.46,2024-03-03,71.46,0.0
P1-910-0302,910,Pear_16,Fruit and vegetable,2024-03-02,71.46,2024-03-04,71.46,0.0
P1-910-0303,910,Pear_16,Fruit and vegetable,2024-03-03,69.24,2024-03-05,69.24,0.0
P1-910-0304,910,Pear_16,Fruit and vegetable,2024-03-04,56.15,2024-03-06,56.15,0.0
P1-910-0305,910,Pear_16,Fruit and vegetable,2024-03-05,59.55,2024-03-07,59.55,0.0
P1-910-0306,910,Pear_16,Fruit and vegetable,2024-03-06,54.36,2024-03-08,54.36,0.0
P1-910-0307,910,Pear_16,Fruit and vegetable,2024-03-07,53.18,2024-03-09,53.18,0.0
P1-910-0308,910,Pear_16,Fruit and vegetable,2024-03-08,47.18,2024-03-10,47.18,0.0
P1-910-0309,910,Pear_16,Fruit and vegetable,2024-03-09,34.14,2024-03-11,34.14,0.0
P1-910-0310,910,Pear_16,Fruit and vegetable,2024-03-10,61.12,2024-03-12,61.12,0.0
P1-910-0311,910,Pear_16,Fruit and vegetable,2024-03-11,61.04,2024-03-13,61.04,0.0
P1-910-0312,910,Pear_16,Fruit and vegetable,2024-03-12,62.88,2024-03-14,62.88,0.0
P1-910-0313,910,Pear_16,Fruit and vegetable,2024-03-13,48.11,2024-03-15,48.11,0.0
P1-910-0314,910,Pear_16,Fruit and vegetable,2024-03-14,55.04,2024-03-16,55.04,0.0
P1-910-0315,910,Pear_16,Fruit and vegetable,2024-03-15,84.05,2024-03-17,84.05,0.0
P1-910-0316,910,Pear_16,Fruit and vegetable,2024-03-16,62.54,2024-03-18,62.54,0.0
P1-910-0317,910,Pear_16,Fruit and vegetable,2024-03-17,66.41,2024-03-19,66.41,0.0
P1-910-0318,910,Pear_16,Fruit and vegetable,2024-03-18,221.71,2024-03-20,221.71,0.0
P1-910-0319,910,Pear_16,Fruit and vegetable,2024-03-19,206.22,2024-03-21,206.22,0.0
P1-910-0320,910,Pear_16,Fruit and vegetable,2024-03-20,184.14,2024-03-22,184.14,0.0
P1-910-0321,910,Pear_16,Fruit and vegetable,2024-03-21,243.23,2024-03-23,243.23,0.0
P1-910-0322,910,Pear_16,Fruit and vegetable,2024-03-22,248.42,2024-03-24,248.42,0.0
P1-910-0323,910,Pear_16,Fruit and vegetable,2024-03-23,191.26,2024-03-25,191.26,0.0
P1-910-0324,910,Pear_16,Fruit and vegetable,2024-03-24,235.22,2024-03-26,235.22,0.0
P1-910-0325,910,Pear_16,Fruit and vegetable,2024-03-25,264.12,2024-03-27,234.66,29.46
P1-910-0326,910,Pear_16,Fruit and vegetable,2024-03-26,103.06,2024-03-28,83.05,20.01
P1-910-0327,910,Pear_16,Fruit and vegetable,2024-03-27,70.25,2024-03-29,48.28,21.97
P1-910-0328,910,Pear_16,Fruit and vegetable,2024-03-28,176.49,2024-03-30,40.55,135.94
P1-910-0329,910,Pear_16,Fruit and vegetable,2024-03-29,104.11,2024-03-31,59.12,44.99
P1-910-0330,910,Pear_16,Fruit and vegetable,2024-03-30,1.29,2024-04-01,1.29,0.0
P1-910-0331,910,Pear_16,Fruit and vegetable,2024-03-31,214.12,2024-04-02,166.7,47.42
P1-910-0403,910,Pear_16,Fruit and vegetable,2024-04-03,101.4,2024-04-05,101.4,0.0
P1-910-0404,910,Pear_16,Fruit and vegetable,2024-04-04,76.3,2024-04-06,76.3,0.0
P1-910-0405,910,Pear_16,Fruit and vegetable,2024-04-05,47.23,2024-04-07,47.23,0.0
P1-910-0406,910,Pear_16,Fruit and vegetable,2024-04-06,66.6,2024-04-08,66.6,0.0
P1-910-0407,910,Pear_16,Fruit and vegetable,2024-04-07,70.92,2024-04-09,70.92,0.0
P1-910-0408,910,Pear_16,Fruit and vegetable,2024-04-08,324.69,2024-04-10,324.69,0.0
P1-910-0409,910,Pear_16,Fruit and vegetable,2024-04-09,292.13,2024-04-11,292.13,0.0
P1-910-0410,910,Pear_16,Fruit and vegetable,2024-04-10,311.57,2024-04-12,311.57,0.0
P1-910-0411,910,Pear_16,Fruit and vegetable,2024-04-11,235.14,2024-04-13,117.77,117.37
P1-910-0414,910,Pear_16,Fruit and vegetable,2024-04-14,258.38,2024-04-16,256.1,2.28
P1-910-0417,910,Pear_16,Fruit and vegetable,2024-04-17,216.02,2024-04-19,138.23,77.79
P1-910-0418,910,Pear_16,Fruit and vegetable,2024-04-18,75.02,2024-04-20,0.0,75.02
P1-910-0421,910,Pear_16,Fruit and vegetable,2024-04-21,501.35,2024-04-23,222.58,278.77
P1-910-0422,910,Pear_16,Fruit and vegetable,2024-04-22,7.8,2024-04-24,7.8,0.0
P1-910-0423,910,Pear_16,Fruit and vegetable,2024-04-23,96.67,2024-04-25,96.67,0.0
P1-910-0424,910,Pear_16,Fruit and vegetable,2024-04-24,102.65,2024-04-26,102.65,0.0
P1-910-0425,910,Pear_16,Fruit and vegetable,2024-04-25,220.37,2024-04-27,92.93,127.44
P1-910-0428,910,Pear_16,Fruit and vegetable,2024-04-28,94.0,2024-04-30,94.0,0.0
P1-910-0429,910,Pear_16,Fruit and vegetable,2024-04-29,81.42,2024-05-01,81.42,0.0
P1-910-0430,910,Pear_16,Fruit and vegetable,2024-04-30,25.81,2024-05-02,25.81,0.0
P1-910-0501,910,Pear_16,Fruit and vegetable,2024-05-01,77.43,2024-05-03,77.43,0.0
P1-910-0502,910,Pear_16,Fruit and vegetable,2024-05-02,53.59,2024-05-04,53.59,0.0
P1-910-0503,910,Pear_16,Fruit and vegetable,2024-05-03,47.44,2024-05-05,47.44,0.0
P1-910-0504,910,Pear_16,Fruit and vegetable,2024-05-04,41.41,2024-05-06,41.41,0.0
P1-910-0505,910,Pear_16,Fruit and vegetable,2024-05-05,66.51,2024-05-07,66.51,0.0
P1-910-0506,910,Pear_16,Fruit and vegetable,2024-05-06,48.18,2024-05-08,48.18,0.0
P1-910-0507,910,Pear_16,Fruit and vegetable,2024-05-07,59.55,2024-05-09,59.55,0.0
P1-910-0508,910,Pear_16,Fruit and vegetable,2024-05-08,70.44,2024-05-10,70.44,0.0
P1-910-0509,910,Pear_16,Fruit and vegetable,2024-05-09,42.6,2024-05-11,42.6,0.0
P1-910-0510,910,Pear_16,Fruit and vegetable,2024-05-10,99.08,2024-05-12,99.08,0.0
P1-910-0511,910,Pear_16,Fruit and vegetable,2024-05-11,77.96,2024-05-13,77.96,0.0
P1-910-0512,910,Pear_16,Fruit and vegetable,2024-05-12,43.34,2024-05-14,43.34,0.0
P1-910-0513,910,Pear_16,Fruit and vegetable,2024-05-13,85.8,2024-05-15,85.8,0.0
P1-910-0515,910,Pear_16,Fruit and vegetable,2024-05-15,78.03,2024-05-17,78.03,0.0
P1-910-0516,910,Pear_16,Fruit and vegetable,2024-05-16,36.28,2024-05-18,36.28,0.0
P1-910-0517,910,Pear_16,Fruit and vegetable,2024-05-17,66.19,2024-05-19,66.19,0.0
P1-910-0518,910,Pear_16,Fruit and vegetable,2024-05-18,102.64,2024-05-20,102.64,0.0
P1-910-0520,910,Pear_16,Fruit and vegetable,2024-05-20,57.58,2024-05-22,57.58,0.0
P1-910-0521,910,Pear_16,Fruit and vegetable,2024-05-21,59.36,2024-05-23,59.36,0.0
P1-910-0522,910,Pear_16,Fruit and vegetable,2024-05-22,23.64,2024-05-24,23.64,0.0
P1-910-0523,910,Pear_16,Fruit and vegetable,2024-05-23,55.14,2024-05-25,55.14,0.0
P1-910-0524,910,Pear_16,Fruit and vegetable,2024-05-24,76.39,2024-05-26,76.39,0.0
P1-910-0525,910,Pear_16,Fruit and vegetable,2024-05-25,65.59,2024-05-27,65.59,0.0
P1-910-0526,910,Pear_16,Fruit and vegetable,2024-05-26,40.14,2024-05-28,40.14,0.0
P1-910-0527,910,Pear_16,Fruit and vegetable,2024-05-27,41.58,2024-05-29,41.58,0.0
P1-910-0528,910,Pear_16,Fruit and vegetable,2024-05-28,52.03,2024-05-30,52.03,0.0
P1-910-0529,910,Pear_16,Fruit and vegetable,2024-05-29,70.11,2024-05-31,70.11,0.0
P1-910-0530,910,Pear_16,Fruit and vegetable,2024-05-30,70.81,2024-06-01,70.81,0.0
P1-910-0531,910,Pear_16,Fruit and vegetable,2024-05-31,65.91,2024-06-02,65.91,0.0
P1-910-0601,910,Pear_16,Fruit and vegetable,2024-06-01,46.43,2024-06-03,46.43,0.0
P1-910-0602,910,Pear_16,Fruit and vegetable,2024-06-02,36.97,2024-06-04,21.75,
P1-928-0301,928,Pastry_76,Bakery,2024-03-01,55.65,2024-03-02,55.65,0.0
P1-928-0302,928,Pastry_76,Bakery,2024-03-02,55.65,2024-03-03,55.65,0.0
P1-928-0303,928,Pastry_76,Bakery,2024-03-03,54.35,2024-03-04,54.35,0.0
P1-928-0304,928,Pastry_76,Bakery,2024-03-04,67.46,2024-03-05,67.46,0.0
P1-928-0305,928,Pastry_76,Bakery,2024-03-05,40.69,2024-03-06,40.69,0.0
P1-928-0306,928,Pastry_76,Bakery,2024-03-06,36.32,2024-03-07,36.32,0.0
P1-928-0307,928,Pastry_76,Bakery,2024-03-07,38.33,2024-03-08,38.33,0.0
P1-928-0308,928,Pastry_76,Bakery,2024-03-08,51.91,2024-03-09,51.91,0.0
P1-928-0309,928,Pastry_76,Bakery,2024-03-09,39.19,2024-03-10,39.19,0.0
P1-928-0310,928,Pastry_76,Bakery,2024-03-10,53.9,2024-03-11,45.65,8.25
P1-928-0311,928,Pastry_76,Bakery,2024-03-11,8.74,2024-03-12,8.74,0.0
P1-928-0312,928,Pastry_76,Bakery,2024-03-12,38.97,2024-03-13,38.97,0.0
P1-928-0313,928,Pastry_76,Bakery,2024-03-13,39.03,2024-03-14,39.03,0.0
P1-928-0314,928,Pastry_76,Bakery,2024-03-14,47.65,2024-03-15,47.65,0.0
P1-928-0315,928,Pastry_76,Bakery,2024-03-15,33.13,2024-03-16,33.13,0.0
P1-928-0316,928,Pastry_76,Bakery,2024-03-16,41.1,2024-03-17,41.1,0.0
P1-928-0317,928,Pastry_76,Bakery,2024-03-17,48.45,2024-03-18,48.45,0.0
P1-928-0318,928,Pastry_76,Bakery,2024-03-18,47.16,2024-03-19,40.91,6.25
P1-928-0319,928,Pastry_76,Bakery,2024-03-19,25.62,2024-03-20,25.62,0.0
P1-928-0320,928,Pastry_76,Bakery,2024-03-20,26.9,2024-03-21,26.9,0.0
P1-928-0321,928,Pastry_76,Bakery,2024-03-21,48.91,2024-03-22,48.91,0.0
P1-928-0322,928,Pastry_76,Bakery,2024-03-22,64.8,2024-03-23,64.25,0.55
P1-928-0323,928,Pastry_76,Bakery,2024-03-23,10.91,2024-03-24,10.91,0.0
P1-928-0324,928,Pastry_76,Bakery,2024-03-24,52.51,2024-03-25,52.51,0.0
P1-928-0325,928,Pastry_76,Bakery,2024-03-25,37.31,2024-03-26,37.31,0.0
P1-928-0326,928,Pastry_76,Bakery,2024-03-26,17.78,2024-03-27,17.78,0.0
P1-928-0327,928,Pastry_76,Bakery,2024-03-27,66.53,2024-03-28,66.53,0.0
P1-928-0328,928,Pastry_76,Bakery,2024-03-28,25.76,2024-03-29,25.76,0.0
P1-928-0329,928,Pastry_76,Bakery,2024-03-29,53.15,2024-03-30,53.15,0.0
P1-928-0330,928,Pastry_76,Bakery,2024-03-30,42.92,2024-03-31,38.39,4.53
P1-928-0331,928,Pastry_76,Bakery,2024-03-31,42.27,2024-04-01,28.23,14.04
P1-928-0402,928,Pastry_76,Bakery,2024-04-02,60.82,2024-04-03,60.82,0.0
P1-928-0403,928,Pastry_76,Bakery,2024-04-03,25.83,2024-04-04,25.83,0.0
P1-928-0404,928,Pastry_76,Bakery,2024-04-04,57.98,2024-04-05,57.98,0.0
P1-928-0405,928,Pastry_76,Bakery,2024-04-05,8.69,2024-04-06,8.69,0.0
P1-928-0406,928,Pastry_76,Bakery,2024-04-06,38.45,2024-04-07,38.45,0.0
P1-928-0407,928,Pastry_76,Bakery,2024-04-07,45.32,2024-04-08,45.32,0.0
P1-928-0408,928,Pastry_76,Bakery,2024-04-08,13.37,2024-04-09,13.37,0.0
P1-928-0409,928,Pastry_76,Bakery,2024-04-09,45.4,2024-04-10,45.4,0.0
P1-928-0410,928,Pastry_76,Bakery,2024-04-10,30.68,2024-04-11,30.68,0.0
P1-928-0411,928,Pastry_76,Bakery,2024-04-11,9.32,2024-04-12,9.32,0.0
P1-928-0412,928,Pastry_76,Bakery,2024-04-12,64.64,2024-04-13,64.64,0.0
P1-928-0413,928,Pastry_76,Bakery,2024-04-13,5.66,2024-04-14,5.66,0.0
P1-928-0414,928,Pastry_76,Bakery,2024-04-14,50.37,2024-04-15,50.37,0.0
P1-928-0415,928,Pastry_76,Bakery,2024-04-15,45.41,2024-04-16,45.41,0.0
P1-928-0416,928,Pastry_76,Bakery,2024-04-16,50.41,2024-04-17,50.41,0.0
P1-928-0417,928,Pastry_76,Bakery,2024-04-17,44.87,2024-04-18,44.87,0.0
P1-928-0418,928,Pastry_76,Bakery,2024-04-18,43.65,2024-04-19,43.65,0.0
P1-928-0419,928,Pastry_76,Bakery,2024-04-19,55.07,2024-04-20,55.07,0.0
P1-928-0420,928,Pastry_76,Bakery,2024-04-20,47.67,2024-04-21,47.67,0.0
P1-928-0421,928,Pastry_76,Bakery,2024-04-21,63.08,2024-04-22,63.08,0.0
P1-928-0422,928,Pastry_76,Bakery,2024-04-22,27.82,2024-04-23,27.82,0.0
P1-928-0423,928,Pastry_76,Bakery,2024-04-23,48.01,2024-04-24,48.01,0.0
P1-928-0424,928,Pastry_76,Bakery,2024-04-24,47.46,2024-04-25,38.09,9.37
P1-928-0425,928,Pastry_76,Bakery,2024-04-25,33.63,2024-04-26,33.63,0.0
P1-928-0426,928,Pastry_76,Bakery,2024-04-26,41.2,2024-04-27,41.2,0.0
P1-928-0427,928,Pastry_76,Bakery,2024-04-27,58.01,2024-04-28,48.58,9.43
P1-928-0428,928,Pastry_76,Bakery,2024-04-28,29.98,2024-04-29,29.98,0.0
P1-928-0429,928,Pastry_76,Bakery,2024-04-29,23.04,2024-04-30,23.04,0.0
P1-928-0430,928,Pastry_76,Bakery,2024-04-30,64.67,2024-05-01,58.77,5.9
P1-928-0501,928,Pastry_76,Bakery,2024-05-01,0.84,2024-05-02,0.84,0.0
P1-928-0502,928,Pastry_76,Bakery,2024-05-02,37.94,2024-05-03,37.94,0.0
P1-928-0503,928,Pastry_76,Bakery,2024-05-03,66.42,2024-05-04,66.42,0.0
P1-928-0504,928,Pastry_76,Bakery,2024-05-04,25.5,2024-05-05,25.5,0.0
P1-928-0505,928,Pastry_76,Bakery,2024-05-05,40.56,2024-05-06,40.56,0.0
P1-928-0506,928,Pastry_76,Bakery,2024-05-06,49.02,2024-05-07,49.02,0.0
P1-928-0507,928,Pastry_76,Bakery,2024-05-07,27.82,2024-05-08,27.82,0.0
P1-928-0508,928,Pastry_76,Bakery,2024-05-08,49.47,2024-05-09,49.47,0.0
P1-928-0509,928,Pastry_76,Bakery,2024-05-09,31.03,2024-05-10,31.03,0.0
P1-928-0510,928,Pastry_76,Bakery,2024-05-10,63.33,2024-05-11,63.33,0.0
P1-928-0511,928,Pastry_76,Bakery,2024-05-11,63.71,2024-05-12,63.71,0.0
P1-928-0512,928,Pastry_76,Bakery,2024-05-12,22.68,2024-05-13,22.68,0.0
P1-928-0513,928,Pastry_76,Bakery,2024-05-13,12.14,2024-05-14,12.14,0.0
P1-928-0514,928,Pastry_76,Bakery,2024-05-14,60.75,2024-05-15,40.71,20.04
P1-928-0515,928,Pastry_76,Bakery,2024-05-15,15.28,2024-05-16,15.28,0.0
P1-928-0516,928,Pastry_76,Bakery,2024-05-16,47.13,2024-05-17,47.13,0.0
P1-928-0517,928,Pastry_76,Bakery,2024-05-17,32.02,2024-05-18,32.02,0.0
P1-928-0518,928,Pastry_76,Bakery,2024-05-18,43.13,2024-05-19,43.13,0.0
P1-928-0519,928,Pastry_76,Bakery,2024-05-19,36.07,2024-05-20,36.07,0.0
P1-928-0520,928,Pastry_76,Bakery,2024-05-20,41.44,2024-05-21,41.44,0.0
P1-928-0521,928,Pastry_76,Bakery,2024-05-21,48.21,2024-05-22,48.21,0.0
P1-928-0522,928,Pastry_76,Bakery,2024-05-22,23.91,2024-05-23,23.91,0.0
P1-928-0523,928,Pastry_76,Bakery,2024-05-23,45.99,2024-05-24,45.99,0.0
P1-928-0524,928,Pastry_76,Bakery,2024-05-24,71.86,2024-05-25,71.86,0.0
P1-928-0525,928,Pastry_76,Bakery,2024-05-25,60.82,2024-05-26,60.82,0.0
P1-928-0526,928,Pastry_76,Bakery,2024-05-26,54.65,2024-05-27,54.65,0.0
P1-928-0527,928,Pastry_76,Bakery,2024-05-27,41.47,2024-05-28,41.47,0.0
P1-928-0528,928,Pastry_76,Bakery,2024-05-28,34.6,2024-05-29,34.6,0.0
P1-928-0529,928,Pastry_76,Bakery,2024-05-29,32.69,2024-05-30,32.69,0.0
P1-928-0530,928,Pastry_76,Bakery,2024-05-30,39.06,2024-05-31,39.06,0.0
P1-928-0531,928,Pastry_76,Bakery,2024-05-31,66.61,2024-06-01,66.61,0.0
P1-928-0601,928,Pastry_76,Bakery,2024-06-01,42.8,2024-06-02,42.8,0.0
P1-928-0602,928,Pastry_76,Bakery,2024-06-02,26.13,2024-06-03,6.95,
P1-935-0301,935,Tomato_38,Fruit and vegetable,2024-03-01,184.35,2024-03-03,184.35,0.0
P1-935-0302,935,Tomato_38,Fruit and vegetable,2024-03-02,184.35,2024-03-04,184.35,0.0
P1-935-0303,935,Tomato_38,Fruit and vegetable,2024-03-03,199.55,2024-03-05,199.55,0.0
P1-935-0304,935,Tomato_38,Fruit and vegetable,2024-03-04,224.41,2024-03-06,224.41,0.0
P1-935-0305,935,Tomato_38,Fruit and vegetable,2024-03-05,158.79,2024-03-07,158.79,0.0
P1-935-0306,935,Tomato_38,Fruit and vegetable,2024-03-06,149.57,2024-03-08,149.57,0.0
P1-935-0307,935,Tomato_38,Fruit and vegetable,2024-03-07,117.45,2024-03-09,117.45,0.0
P1-935-0308,935,Tomato_38,Fruit and vegetable,2024-03-08,186.79,2024-03-10,186.79,0.0
P1-935-0309,935,Tomato_38,Fruit and vegetable,2024-03-09,124.43,2024-03-11,124.43,0.0
P1-935-0310,935,Tomato_38,Fruit and vegetable,2024-03-10,214.31,2024-03-12,214.31,0.0
P1-935-0311,935,Tomato_38,Fruit and vegetable,2024-03-11,112.95,2024-03-13,112.95,0.0
P1-935-0312,935,Tomato_38,Fruit and vegetable,2024-03-12,148.55,2024-03-14,148.55,0.0
P1-935-0313,935,Tomato_38,Fruit and vegetable,2024-03-13,92.43,2024-03-15,92.43,0.0
P1-935-0314,935,Tomato_38,Fruit and vegetable,2024-03-14,184.51,2024-03-16,184.51,0.0
P1-935-0315,935,Tomato_38,Fruit and vegetable,2024-03-15,96.13,2024-03-17,96.13,0.0
P1-935-0316,935,Tomato_38,Fruit and vegetable,2024-03-16,196.84,2024-03-18,196.84,0.0
P1-935-0317,935,Tomato_38,Fruit and vegetable,2024-03-17,159.02,2024-03-19,159.02,0.0
P1-935-0318,935,Tomato_38,Fruit and vegetable,2024-03-18,118.31,2024-03-20,118.31,0.0
P1-935-0319,935,Tomato_38,Fruit and vegetable,2024-03-19,127.39,2024-03-21,127.39,0.0
P1-935-0320,935,Tomato_38,Fruit and vegetable,2024-03-20,105.2,2024-03-22,105.2,0.0
P1-935-0321,935,Tomato_38,Fruit and vegetable,2024-03-21,126.78,2024-03-23,126.78,0.0
P1-935-0322,935,Tomato_38,Fruit and vegetable,2024-03-22,201.13,2024-03-24,201.13,0.0
P1-935-0323,935,Tomato_38,Fruit and vegetable,2024-03-23,60.09,2024-03-25,60.09,0.0
P1-935-0324,935,Tomato_38,Fruit and vegetable,2024-03-24,139.29,2024-03-26,139.29,0.0
P1-935-0325,935,Tomato_38,Fruit and vegetable,2024-03-25,164.02,2024-03-27,164.02,0.0
P1-935-0326,935,Tomato_38,Fruit and vegetable,2024-03-26,180.52,2024-03-28,180.52,0.0
P1-935-0327,935,Tomato_38,Fruit and vegetable,2024-03-27,110.77,2024-03-29,110.77,0.0
P1-935-0328,935,Tomato_38,Fruit and vegetable,2024-03-28,195.59,2024-03-30,195.59,0.0
P1-935-0329,935,Tomato_38,Fruit and vegetable,2024-03-29,191.37,2024-03-31,191.37,0.0
P1-935-0330,935,Tomato_38,Fruit and vegetable,2024-03-30,81.01,2024-04-01,81.01,0.0
P1-935-0331,935,Tomato_38,Fruit and vegetable,2024-03-31,126.44,2024-04-02,126.44,0.0
P1-935-0401,935,Tomato_38,Fruit and vegetable,2024-04-01,122.35,2024-04-03,122.35,0.0
P1-935-0402,935,Tomato_38,Fruit and vegetable,2024-04-02,82.76,2024-04-04,82.76,0.0
P1-935-0403,935,Tomato_38,Fruit and vegetable,2024-04-03,195.96,2024-04-05,195.96,0.0
P1-935-0404,935,Tomato_38,Fruit and vegetable,2024-04-04,149.19,2024-04-06,149.19,0.0
P1-935-0405,935,Tomato_38,Fruit and vegetable,2024-04-05,51.76,2024-04-07,51.76,0.0
P1-935-0406,935,Tomato_38,Fruit and vegetable,2024-04-06,142.47,2024-04-08,142.47,0.0
P1-935-0407,935,Tomato_38,Fruit and vegetable,2024-04-07,172.77,2024-04-09,172.77,0.0
P1-935-0408,935,Tomato_38,Fruit and vegetable,2024-04-08,174.83,2024-04-10,174.83,0.0
P1-935-0409,935,Tomato_38,Fruit and vegetable,2024-04-09,157.15,2024-04-11,157.15,0.0
P1-935-0410,935,Tomato_38,Fruit and vegetable,2024-04-10,155.3,2024-04-12,155.3,0.0
P1-935-0411,935,Tomato_38,Fruit and vegetable,2024-04-11,174.18,2024-04-13,174.18,0.0
P1-935-0412,935,Tomato_38,Fruit and vegetable,2024-04-12,176.12,2024-04-14,176.12,0.0
P1-935-0413,935,Tomato_38,Fruit and vegetable,2024-04-13,152.98,2024-04-15,152.98,0.0
P1-935-0414,935,Tomato_38,Fruit and vegetable,2024-04-14,169.15,2024-04-16,169.15,0.0
P1-935-0415,935,Tomato_38,Fruit and vegetable,2024-04-15,201.32,2024-04-17,201.32,0.0
P1-935-0416,935,Tomato_38,Fruit and vegetable,2024-04-16,94.53,2024-04-18,94.53,0.0
P1-935-0417,935,Tomato_38,Fruit and vegetable,2024-04-17,177.19,2024-04-19,177.19,0.0
P1-935-0418,935,Tomato_38,Fruit and vegetable,2024-04-18,131.82,2024-04-20,131.82,0.0
P1-935-0419,935,Tomato_38,Fruit and vegetable,2024-04-19,132.81,2024-04-21,132.81,0.0
P1-935-0420,935,Tomato_38,Fruit and vegetable,2024-04-20,151.33,2024-04-22,151.33,0.0
P1-935-0421,935,Tomato_38,Fruit and vegetable,2024-04-21,197.5,2024-04-23,197.5,0.0
P1-935-0422,935,Tomato_38,Fruit and vegetable,2024-04-22,25.54,2024-04-24,25.54,0.0
P1-935-0423,935,Tomato_38,Fruit and vegetable,2024-04-23,154.57,2024-04-25,154.57,0.0
P1-935-0424,935,Tomato_38,Fruit and vegetable,2024-04-24,76.09,2024-04-26,76.09,0.0
P1-935-0425,935,Tomato_38,Fruit and vegetable,2024-04-25,131.94,2024-04-27,131.94,0.0
P1-935-0426,935,Tomato_38,Fruit and vegetable,2024-04-26,222.01,2024-04-28,222.01,0.0
P1-935-0427,935,Tomato_38,Fruit and vegetable,2024-04-27,97.27,2024-04-29,97.27,0.0
P1-935-0428,935,Tomato_38,Fruit and vegetable,2024-04-28,57.36,2024-04-30,57.36,0.0
P1-935-0429,935,Tomato_38,Fruit and vegetable,2024-04-29,144.77,2024-05-01,144.77,0.0
P1-935-0430,935,Tomato_38,Fruit and vegetable,2024-04-30,124.93,2024-05-02,124.93,0.0
P1-935-0501,935,Tomato_38,Fruit and vegetable,2024-05-01,157.01,2024-05-03,157.01,0.0
P1-935-0502,935,Tomato_38,Fruit and vegetable,2024-05-02,167.53,2024-05-04,167.53,0.0
P1-935-0503,935,Tomato_38,Fruit and vegetable,2024-05-03,97.31,2024-05-05,97.31,0.0
P1-935-0504,935,Tomato_38,Fruit and vegetable,2024-05-04,97.3,2024-05-06,97.3,0.0
P1-935-0505,935,Tomato_38,Fruit and vegetable,2024-05-05,116.85,2024-05-07,116.85,0.0
P1-935-0506,935,Tomato_38,Fruit and vegetable,2024-05-06,180.32,2024-05-08,180.32,0.0
P1-935-0507,935,Tomato_38,Fruit and vegetable,2024-05-07,99.97,2024-05-09,99.97,0.0
P1-935-0508,935,Tomato_38,Fruit and vegetable,2024-05-08,94.97,2024-05-10,94.97,0.0
P1-935-0509,935,Tomato_38,Fruit and vegetable,2024-05-09,159.6,2024-05-11,159.6,0.0
P1-935-0510,935,Tomato_38,Fruit and vegetable,2024-05-10,125.77,2024-05-12,125.77,0.0
P1-935-0511,935,Tomato_38,Fruit and vegetable,2024-05-11,97.6,2024-05-13,97.6,0.0
P1-935-0512,935,Tomato_38,Fruit and vegetable,2024-05-12,134.98,2024-05-14,134.98,0.0
P1-935-0513,935,Tomato_38,Fruit and vegetable,2024-05-13,136.92,2024-05-15,136.92,0.0
P1-935-0514,935,Tomato_38,Fruit and vegetable,2024-05-14,140.65,2024-05-16,140.65,0.0
P1-935-0515,935,Tomato_38,Fruit and vegetable,2024-05-15,119.57,2024-05-17,119.57,0.0
P1-935-0516,935,Tomato_38,Fruit and vegetable,2024-05-16,86.73,2024-05-18,86.73,0.0
P1-935-0517,935,Tomato_38,Fruit and vegetable,2024-05-17,109.33,2024-05-19,109.33,0.0
P1-935-0518,935,Tomato_38,Fruit and vegetable,2024-05-18,175.87,2024-05-20,175.87,0.0
P1-935-0519,935,Tomato_38,Fruit and vegetable,2024-05-19,51.33,2024-05-21,51.33,0.0
P1-935-0520,935,Tomato_38,Fruit and vegetable,2024-05-20,177.53,2024-05-22,177.53,0.0
P1-935-0521,935,Tomato_38,Fruit and vegetable,2024-05-21,88.32,2024-05-23,88.32,0.0
P1-935-0522,935,Tomato_38,Fruit and vegetable,2024-05-22,45.99,2024-05-24,45.99,0.0
P1-935-0523,935,Tomato_38,Fruit and vegetable,2024-05-23,120.01,2024-05-25,120.01,0.0
P1-935-0524,935,Tomato_38,Fruit and vegetable,2024-05-24,188.63,2024-05-26,188.63,0.0
P1-935-0525,935,Tomato_38,Fruit and vegetable,2024-05-25,50.1,2024-05-27,50.1,0.0
P1-935-0526,935,Tomato_38,Fruit and vegetable,2024-05-26,159.16,2024-05-28,159.16,0.0
P1-935-0527,935,Tomato_38,Fruit and vegetable,2024-05-27,131.63,2024-05-29,131.63,0.0
P1-935-0528,935,Tomato_38,Fruit and vegetable,2024-05-28,125.49,2024-05-30,125.49,0.0
P1-935-0529,935,Tomato_38,Fruit and vegetable,2024-05-29,76.88,2024-05-31,76.88,0.0
P1-935-0530,935,Tomato_38,Fruit and vegetable,2024-05-30,191.79,2024-06-01,191.79,0.0
P1-935-0531,935,Tomato_38,Fruit and vegetable,2024-05-31,141.57,2024-06-02,141.57,0.0
P1-935-0601,935,Tomato_38,Fruit and vegetable,2024-06-01,132.49,2024-06-03,132.49,0.0
P1-935-0602,935,Tomato_38,Fruit and vegetable,2024-06-02,135.19,2024-06-04,94.1,
P1-936-0301,936,Pastry_77,Bakery,2024-03-01,34.36,2024-03-02,34.36,0.0
P1-936-0302,936,Pastry_77,Bakery,2024-03-02,34.36,2024-03-03,34.36,0.0
P1-936-0303,936,Pastry_77,Bakery,2024-03-03,32.76,2024-03-04,32.76,0.0
P1-936-0304,936,Pastry_77,Bakery,2024-03-04,20.28,2024-03-05,10.65,9.63
P1-936-0305,936,Pastry_77,Bakery,2024-03-05,28.72,2024-03-06,28.72,0.0
P1-936-0306,936,Pastry_77,Bakery,2024-03-06,20.3,2024-03-07,20.3,0.0
P1-936-0307,936,Pastry_77,Bakery,2024-03-07,32.11,2024-03-08,32.11,0.0
P1-936-0308,936,Pastry_77,Bakery,2024-03-08,47.58,2024-03-09,47.58,0.0
P1-936-0309,936,Pastry_77,Bakery,2024-03-09,21.18,2024-03-10,21.18,0.0
P1-936-0310,936,Pastry_77,Bakery,2024-03-10,40.82,2024-03-11,40.82,0.0
P1-936-0311,936,Pastry_77,Bakery,2024-03-11,26.53,2024-03-12,26.53,0.0
P1-936-0312,936,Pastry_77,Bakery,2024-03-12,25.22,2024-03-13,25.22,0.0
P1-936-0313,936,Pastry_77,Bakery,2024-03-13,40.98,2024-03-14,40.98,0.0
P1-936-0314,936,Pastry_77,Bakery,2024-03-14,52.04,2024-03-15,37.52,14.52
P1-936-0315,936,Pastry_77,Bakery,2024-03-15,12.53,2024-03-16,12.53,0.0
P1-936-0316,936,Pastry_77,Bakery,2024-03-16,38.37,2024-03-17,27.66,10.71
P1-936-0317,936,Pastry_77,Bakery,2024-03-17,3.4,2024-03-18,3.4,0.0
P1-936-0318,936,Pastry_77,Bakery,2024-03-18,61.95,2024-03-19,37.37,24.57
P1-936-0320,936,Pastry_77,Bakery,2024-03-20,48.27,2024-03-21,47.88,0.39
P1-936-0321,936,Pastry_77,Bakery,2024-03-21,13.21,2024-03-22,13.21,0.0
P1-936-0322,936,Pastry_77,Bakery,2024-03-22,20.39,2024-03-23,20.39,0.0
P1-936-0323,936,Pastry_77,Bakery,2024-03-23,23.59,2024-03-24,23.59,0.0
P1-936-0324,936,Pastry_77,Bakery,2024-03-24,29.65,2024-03-25,29.65,0.0
P1-936-0325,936,Pastry_77,Bakery,2024-03-25,34.87,2024-03-26,34.87,0.0
P1-936-0326,936,Pastry_77,Bakery,2024-03-26,29.98,2024-03-27,29.98,0.0
P1-936-0327,936,Pastry_77,Bakery,2024-03-27,23.38,2024-03-28,23.38,0.0
P1-936-0328,936,Pastry_77,Bakery,2024-03-28,21.18,2024-03-29,21.18,0.0
P1-936-0329,936,Pastry_77,Bakery,2024-03-29,45.57,2024-03-30,32.9,12.67
P1-936-0330,936,Pastry_77,Bakery,2024-03-30,11.69,2024-03-31,5.37,6.32
P1-936-0331,936,Pastry_77,Bakery,2024-03-31,54.37,2024-04-01,18.59,35.78
P1-936-0402,936,Pastry_77,Bakery,2024-04-02,26.7,2024-04-03,26.7,0.0
P1-936-0403,936,Pastry_77,Bakery,2024-04-03,28.9,2024-04-04,8.9,19.99
P1-936-0404,936,Pastry_77,Bakery,2024-04-04,30.73,2024-04-05,25.71,5.02
P1-936-0405,936,Pastry_77,Bakery,2024-04-05,9.02,2024-04-06,9.02,0.0
P1-936-0406,936,Pastry_77,Bakery,2024-04-06,17.29,2024-04-07,17.29,0.0
P1-936-0407,936,Pastry_77,Bakery,2024-04-07,28.12,2024-04-08,28.12,0.0
P1-936-0408,936,Pastry_77,Bakery,2024-04-08,141.99,2024-04-09,141.99,0.0
P1-936-0409,936,Pastry_77,Bakery,2024-04-09,153.37,2024-04-10,153.37,0.0
P1-936-0410,936,Pastry_77,Bakery,2024-04-10,135.6,2024-04-11,135.6,0.0
P1-936-0411,936,Pastry_77,Bakery,2024-04-11,167.27,2024-04-12,167.27,0.0
P1-936-0412,936,Pastry_77,Bakery,2024-04-12,212.73,2024-04-13,212.73,0.0
P1-936-0413,936,Pastry_77,Bakery,2024-04-13,208.61,2024-04-14,208.61,0.0
P1-936-0414,936,Pastry_77,Bakery,2024-04-14,236.7,2024-04-15,236.7,0.0
P1-936-0415,936,Pastry_77,Bakery,2024-04-15,192.63,2024-04-16,95.69,96.94
P1-936-0416,936,Pastry_77,Bakery,2024-04-16,94.6,2024-04-17,19.46,75.14
P1-936-0417,936,Pastry_77,Bakery,2024-04-17,140.68,2024-04-18,45.09,95.59
P1-936-0418,936,Pastry_77,Bakery,2024-04-18,145.19,2024-04-19,51.78,93.41
P1-936-0419,936,Pastry_77,Bakery,2024-04-19,191.49,2024-04-20,46.13,145.36
P1-936-0420,936,Pastry_77,Bakery,2024-04-20,131.16,2024-04-21,31.56,99.6
P1-936-0421,936,Pastry_77,Bakery,2024-04-21,200.44,2024-04-22,30.14,170.3
P1-936-0423,936,Pastry_77,Bakery,2024-04-23,53.97,2024-04-24,44.04,9.93
P1-936-0424,936,Pastry_77,Bakery,2024-04-24,5.24,2024-04-25,5.24,0.0
P1-936-0425,936,Pastry_77,Bakery,2024-04-25,55.4,2024-04-26,43.13,12.27
P1-936-0426,936,Pastry_77,Bakery,2024-04-26,32.3,2024-04-27,18.55,13.75
P1-936-0427,936,Pastry_77,Bakery,2024-04-27,25.03,2024-04-28,25.03,0.0
P1-936-0428,936,Pastry_77,Bakery,2024-04-28,12.82,2024-04-29,12.82,0.0
P1-936-0429,936,Pastry_77,Bakery,2024-04-29,32.79,2024-04-30,32.79,0.0
P1-936-0430,936,Pastry_77,Bakery,2024-04-30,22.85,2024-05-01,22.85,0.0
P1-936-0501,936,Pastry_77,Bakery,2024-05-01,15.61,2024-05-02,15.61,0.0
P1-936-0502,936,Pastry_77,Bakery,2024-05-02,29.6,2024-05-03,29.6,0.0
P1-936-0503,936,Pastry_77,Bakery,2024-05-03,27.14,2024-05-04,27.14,0.0
P1-936-0504,936,Pastry_77,Bakery,2024-05-04,35.92,2024-05-05,35.92,0.0
P1-936-0505,936,Pastry_77,Bakery,2024-05-05,41.33,2024-05-06,35.04,6.29
P1-936-0506,936,Pastry_77,Bakery,2024-05-06,14.68,2024-05-07,14.68,0.0
P1-936-0507,936,Pastry_77,Bakery,2024-05-07,26.42,2024-05-08,26.42,0.0
P1-936-0508,936,Pastry_77,Bakery,2024-05-08,35.62,2024-05-09,35.62,0.0
P1-936-0509,936,Pastry_77,Bakery,2024-05-09,19.28,2024-05-10,19.28,0.0
P1-936-0510,936,Pastry_77,Bakery,2024-05-10,39.38,2024-05-11,39.38,0.0
P1-936-0511,936,Pastry_77,Bakery,2024-05-11,49.31,2024-05-12,44.9,4.41
P1-936-0512,936,Pastry_77,Bakery,2024-05-12,3.6,2024-05-13,3.6,0.0
P1-936-0513,936,Pastry_77,Bakery,2024-05-13,28.1,2024-05-14,28.1,0.0
P1-936-0514,936,Pastry_77,Bakery,2024-05-14,45.98,2024-05-15,45.98,0.0
P1-936-0515,936,Pastry_77,Bakery,2024-05-15,35.53,2024-05-16,35.53,0.0
P1-936-0516,936,Pastry_77,Bakery,2024-05-16,90.87,2024-05-17,90.87,0.0
P1-936-0517,936,Pastry_77,Bakery,2024-05-17,75.74,2024-05-18,75.74,0.0
P1-936-0518,936,Pastry_77,Bakery,2024-05-18,45.76,2024-05-19,45.76,0.0
P1-936-0519,936,Pastry_77,Bakery,2024-05-19,53.42,2024-05-20,53.42,0.0
P1-936-0520,936,Pastry_77,Bakery,2024-05-20,97.61,2024-05-21,97.61,0.0
P1-936-0521,936,Pastry_77,Bakery,2024-05-21,82.45,2024-05-22,52.13,30.32
P1-936-0522,936,Pastry_77,Bakery,2024-05-22,20.85,2024-05-23,20.85,0.0
P1-936-0523,936,Pastry_77,Bakery,2024-05-23,110.46,2024-05-24,66.18,44.28
P1-936-0524,936,Pastry_77,Bakery,2024-05-24,24.44,2024-05-25,24.44,0.0
P1-936-0525,936,Pastry_77,Bakery,2024-05-25,41.71,2024-05-26,41.71,0.0
P1-936-0526,936,Pastry_77,Bakery,2024-05-26,87.62,2024-05-27,41.77,45.85
P1-936-0527,936,Pastry_77,Bakery,2024-05-27,50.31,2024-05-28,27.92,22.39
P1-936-0529,936,Pastry_77,Bakery,2024-05-29,58.56,2024-05-30,58.56,0.0
P1-936-0530,936,Pastry_77,Bakery,2024-05-30,66.94,2024-05-31,54.39,12.55
P1-936-0531,936,Pastry_77,Bakery,2024-05-31,9.58,2024-06-01,9.58,0.0
P1-936-0601,936,Pastry_77,Bakery,2024-06-01,66.68,2024-06-02,66.68,0.0
P1-936-0602,936,Pastry_77,Bakery,2024-06-02,58.93,2024-06-03,27.16,
P1-980-0301,980,Potato_36,Fruit and vegetable,2024-03-01,158.5,2024-03-03,158.5,0.0
P1-980-0302,980,Potato_36,Fruit and vegetable,2024-03-02,158.5,2024-03-04,158.5,0.0
P1-980-0303,980,Potato_36,Fruit and vegetable,2024-03-03,152.36,2024-03-05,152.36,0.0
P1-980-0304,980,Potato_36,Fruit and vegetable,2024-03-04,79.15,2024-03-06,79.15,0.0
P1-980-0305,980,Potato_36,Fruit and vegetable,2024-03-05,82.43,2024-03-07,82.43,0.0
P1-980-0306,980,Potato_36,Fruit and vegetable,2024-03-06,75.8,2024-03-08,75.8,0.0
P1-980-0307,980,Potato_36,Fruit and vegetable,2024-03-07,78.79,2024-03-09,78.79,0.0
P1-980-0308,980,Potato_36,Fruit and vegetable,2024-03-08,101.08,2024-03-10,101.08,0.0
P1-980-0309,980,Potato_36,Fruit and vegetable,2024-03-09,76.04,2024-03-11,76.04,0.0
P1-980-0310,980,Potato_36,Fruit and vegetable,2024-03-10,109.63,2024-03-12,109.63,0.0
P1-980-0311,980,Potato_36,Fruit and vegetable,2024-03-11,85.0,2024-03-13,85.0,0.0
P1-980-0312,980,Potato_36,Fruit and vegetable,2024-03-12,87.83,2024-03-14,87.83,0.0
P1-980-0313,980,Potato_36,Fruit and vegetable,2024-03-13,88.45,2024-03-15,88.45,0.0
P1-980-0314,980,Potato_36,Fruit and vegetable,2024-03-14,99.61,2024-03-16,99.61,0.0
P1-980-0315,980,Potato_36,Fruit and vegetable,2024-03-15,165.01,2024-03-17,165.01,0.0
P1-980-0316,980,Potato_36,Fruit and vegetable,2024-03-16,126.49,2024-03-18,126.49,0.0
P1-980-0317,980,Potato_36,Fruit and vegetable,2024-03-17,124.85,2024-03-19,124.85,0.0
P1-980-0318,980,Potato_36,Fruit and vegetable,2024-03-18,117.47,2024-03-20,117.47,0.0
P1-980-0319,980,Potato_36,Fruit and vegetable,2024-03-19,69.67,2024-03-21,69.67,0.0
P1-980-0320,980,Potato_36,Fruit and vegetable,2024-03-20,72.0,2024-03-22,72.0,0.0
P1-980-0321,980,Potato_36,Fruit and vegetable,2024-03-21,133.07,2024-03-23,133.07,0.0
P1-980-0322,980,Potato_36,Fruit and vegetable,2024-03-22,140.88,2024-03-24,140.88,0.0
P1-980-0323,980,Potato_36,Fruit and vegetable,2024-03-23,204.97,2024-03-25,204.97,0.0
P1-980-0324,980,Potato_36,Fruit and vegetable,2024-03-24,68.82,2024-03-26,68.82,0.0
P1-980-0325,980,Potato_36,Fruit and vegetable,2024-03-25,67.71,2024-03-27,67.71,0.0
P1-980-0326,980,Potato_36,Fruit and vegetable,2024-03-26,241.65,2024-03-28,241.65,0.0
P1-980-0327,980,Potato_36,Fruit and vegetable,2024-03-27,161.24,2024-03-29,161.24,0.0
P1-980-0328,980,Potato_36,Fruit and vegetable,2024-03-28,196.69,2024-03-30,196.69,0.0
P1-980-0329,980,Potato_36,Fruit and vegetable,2024-03-29,251.27,2024-03-31,251.27,0.0
P1-980-0330,980,Potato_36,Fruit and vegetable,2024-03-30,96.35,2024-04-01,96.35,0.0
P1-980-0331,980,Potato_36,Fruit and vegetable,2024-03-31,83.11,2024-04-02,83.11,0.0
P1-980-0401,980,Potato_36,Fruit and vegetable,2024-04-01,159.34,2024-04-03,159.34,0.0
P1-980-0402,980,Potato_36,Fruit and vegetable,2024-04-02,194.94,2024-04-04,192.61,2.33
P1-980-0404,980,Potato_36,Fruit and vegetable,2024-04-04,149.53,2024-04-06,149.53,0.0
P1-980-0405,980,Potato_36,Fruit and vegetable,2024-04-05,31.52,2024-04-07,31.52,0.0
P1-980-0406,980,Potato_36,Fruit and vegetable,2024-04-06,167.12,2024-04-08,167.12,0.0
P1-980-0407,980,Potato_36,Fruit and vegetable,2024-04-07,104.71,2024-04-09,104.71,0.0
P1-980-0408,980,Potato_36,Fruit and vegetable,2024-04-08,83.98,2024-04-10,83.98,0.0
P1-980-0409,980,Potato_36,Fruit and vegetable,2024-04-09,136.53,2024-04-11,136.53,0.0
P1-980-0410,980,Potato_36,Fruit and vegetable,2024-04-10,116.19,2024-04-12,116.19,0.0
P1-980-0411,980,Potato_36,Fruit and vegetable,2024-04-11,120.67,2024-04-13,120.67,0.0
P1-980-0412,980,Potato_36,Fruit and vegetable,2024-04-12,189.31,2024-04-14,189.31,0.0
P1-980-0413,980,Potato_36,Fruit and vegetable,2024-04-13,142.88,2024-04-15,142.88,0.0
P1-980-0414,980,Potato_36,Fruit and vegetable,2024-04-14,101.15,2024-04-16,101.15,0.0
P1-980-0415,980,Potato_36,Fruit and vegetable,2024-04-15,166.49,2024-04-17,166.49,0.0
P1-980-0416,980,Potato_36,Fruit and vegetable,2024-04-16,89.47,2024-04-18,89.47,0.0
P1-980-0417,980,Potato_36,Fruit and vegetable,2024-04-17,86.26,2024-04-19,86.26,0.0
P1-980-0418,980,Potato_36,Fruit and vegetable,2024-04-18,163.27,2024-04-20,163.27,0.0
P1-980-0419,980,Potato_36,Fruit and vegetable,2024-04-19,176.29,2024-04-21,176.29,0.0
P1-980-0420,980,Potato_36,Fruit and vegetable,2024-04-20,123.25,2024-04-22,123.25,0.0
P1-980-0421,980,Potato_36,Fruit and vegetable,2024-04-21,109.41,2024-04-23,109.41,0.0
P1-980-0422,980,Potato_36,Fruit and vegetable,2024-04-22,123.34,2024-04-24,123.34,0.0
P1-980-0423,980,Potato_36,Fruit and vegetable,2024-04-23,95.49,2024-04-25,95.49,0.0
P1-980-0424,980,Potato_36,Fruit and vegetable,2024-04-24,146.43,2024-04-26,146.43,0.0
P1-980-0425,980,Potato_36,Fruit and vegetable,2024-04-25,140.06,2024-04-27,140.06,0.0
P1-980-0426,980,Potato_36,Fruit and vegetable,2024-04-26,202.61,2024-04-28,202.61,0.0
P1-980-0427,980,Potato_36,Fruit and vegetable,2024-04-27,91.37,2024-04-29,91.37,0.0
P1-980-0428,980,Potato_36,Fruit and vegetable,2024-04-28,91.23,2024-04-30,91.23,0.0
P1-980-0429,980,Potato_36,Fruit and vegetable,2024-04-29,83.57,2024-05-01,83.57,0.0
P1-980-0430,980,Potato_36,Fruit and vegetable,2024-04-30,145.82,2024-05-02,145.82,0.0
P1-980-0501,980,Potato_36,Fruit and vegetable,2024-05-01,160.69,2024-05-03,160.69,0.0
P1-980-0502,980,Potato_36,Fruit and vegetable,2024-05-02,76.26,2024-05-04,76.26,0.0
P1-980-0503,980,Potato_36,Fruit and vegetable,2024-05-03,133.88,2024-05-05,133.88,0.0
P1-980-0504,980,Potato_36,Fruit and vegetable,2024-05-04,136.33,2024-05-06,136.33,0.0
P1-980-0505,980,Potato_36,Fruit and vegetable,2024-05-05,86.89,2024-05-07,86.89,0.0
P1-980-0506,980,Potato_36,Fruit and vegetable,2024-05-06,147.58,2024-05-08,106.41,41.17
P1-980-0509,980,Potato_36,Fruit and vegetable,2024-05-09,173.44,2024-05-11,173.44,0.0
P1-980-0510,980,Potato_36,Fruit and vegetable,2024-05-10,91.02,2024-05-12,91.02,0.0
P1-980-0511,980,Potato_36,Fruit and vegetable,2024-05-11,144.28,2024-05-13,144.28,0.0
P1-980-0512,980,Potato_36,Fruit and vegetable,2024-05-12,156.97,2024-05-14,156.97,0.0
P1-980-0513,980,Potato_36,Fruit and vegetable,2024-05-13,39.48,2024-05-15,39.48,0.0
P1-980-0514,980,Potato_36,Fruit and vegetable,2024-05-14,121.31,2024-05-16,121.31,0.0
P1-980-0515,980,Potato_36,Fruit and vegetable,2024-05-15,118.06,2024-05-17,118.06,0.0
P1-980-0516,980,Potato_36,Fruit and vegetable,2024-05-16,138.48,2024-05-18,138.48,0.0
P1-980-0517,980,Potato_36,Fruit and vegetable,2024-05-17,174.25,2024-05-19,170.56,
P1-982-0301,982,Beef_10,Meat and fish,2024-03-01,97.43,2024-03-04,97.43,0.0
P1-982-0302,982,Beef_10,Meat and fish,2024-03-02,97.43,2024-03-05,97.43,0.0
P1-982-0303,982,Beef_10,Meat and fish,2024-03-03,94.41,2024-03-06,94.41,0.0
P1-982-0304,982,Beef_10,Meat and fish,2024-03-04,53.57,2024-03-07,53.57,0.0
P1-982-0305,982,Beef_10,Meat and fish,2024-03-05,54.39,2024-03-08,54.39,0.0
P1-982-0306,982,Beef_10,Meat and fish,2024-03-06,48.57,2024-03-09,48.57,0.0
P1-982-0307,982,Beef_10,Meat and fish,2024-03-07,46.29,2024-03-10,46.29,0.0
P1-982-0308,982,Beef_10,Meat and fish,2024-03-08,88.22,2024-03-11,88.22,0.0
P1-982-0309,982,Beef_10,Meat and fish,2024-03-09,73.53,2024-03-12,73.53,0.0
P1-982-0310,982,Beef_10,Meat and fish,2024-03-10,60.97,2024-03-13,60.97,0.0
P1-982-0311,982,Beef_10,Meat and fish,2024-03-11,73.02,2024-03-14,73.02,0.0
P1-982-0312,982,Beef_10,Meat and fish,2024-03-12,49.58,2024-03-15,49.58,0.0
P1-982-0313,982,Beef_10,Meat and fish,2024-03-13,45.3,2024-03-16,45.3,0.0
P1-982-0314,982,Beef_10,Meat and fish,2024-03-14,83.91,2024-03-17,83.91,0.0
P1-982-0315,982,Beef_10,Meat and fish,2024-03-15,77.3,2024-03-18,77.3,0.0
P1-982-0316,982,Beef_10,Meat and fish,2024-03-16,21.88,2024-03-19,21.88,0.0
P1-982-0317,982,Beef_10,Meat and fish,2024-03-17,51.87,2024-03-20,51.87,0.0
P1-982-0318,982,Beef_10,Meat and fish,2024-03-18,60.98,2024-03-21,60.98,0.0
P1-982-0319,982,Beef_10,Meat and fish,2024-03-19,42.39,2024-03-22,42.39,0.0
P1-982-0320,982,Beef_10,Meat and fish,2024-03-20,54.44,2024-03-23,54.44,0.0
P1-982-0321,982,Beef_10,Meat and fish,2024-03-21,62.07,2024-03-24,62.07,0.0
P1-982-0322,982,Beef_10,Meat and fish,2024-03-22,63.76,2024-03-25,63.76,0.0
P1-982-0323,982,Beef_10,Meat and fish,2024-03-23,53.9,2024-03-26,53.9,0.0
P1-982-0324,982,Beef_10,Meat and fish,2024-03-24,84.74,2024-03-27,84.74,0.0
P1-982-0325,982,Beef_10,Meat and fish,2024-03-25,72.77,2024-03-28,72.77,0.0
P1-982-0326,982,Beef_10,Meat and fish,2024-03-26,81.29,2024-03-29,81.29,0.0
P1-982-0327,982,Beef_10,Meat and fish,2024-03-27,48.21,2024-03-30,48.21,0.0
P1-982-0328,982,Beef_10,Meat and fish,2024-03-28,83.68,2024-03-31,83.68,0.0
P1-982-0329,982,Beef_10,Meat and fish,2024-03-29,75.67,2024-04-01,75.67,0.0
P1-982-0330,982,Beef_10,Meat and fish,2024-03-30,64.97,2024-04-02,64.97,0.0
P1-982-0331,982,Beef_10,Meat and fish,2024-03-31,42.3,2024-04-03,36.28,6.02
P1-982-0401,982,Beef_10,Meat and fish,2024-04-01,81.98,2024-04-04,40.88,41.1
P1-982-0404,982,Beef_10,Meat and fish,2024-04-04,19.08,2024-04-07,19.08,0.0
P1-982-0405,982,Beef_10,Meat and fish,2024-04-05,95.92,2024-04-08,95.92,0.0
P1-982-0406,982,Beef_10,Meat and fish,2024-04-06,57.06,2024-04-09,57.06,0.0
P1-982-0407,982,Beef_10,Meat and fish,2024-04-07,27.96,2024-04-10,27.96,0.0
P1-982-0408,982,Beef_10,Meat and fish,2024-04-08,68.53,2024-04-11,68.53,0.0
P1-982-0409,982,Beef_10,Meat and fish,2024-04-09,42.42,2024-04-12,42.42,0.0
P1-982-0410,982,Beef_10,Meat and fish,2024-04-10,40.39,2024-04-13,40.39,0.0
P1-982-0411,982,Beef_10,Meat and fish,2024-04-11,83.94,2024-04-14,83.94,0.0
P1-982-0412,982,Beef_10,Meat and fish,2024-04-12,112.69,2024-04-15,112.69,0.0
P1-982-0413,982,Beef_10,Meat and fish,2024-04-13,31.56,2024-04-16,31.56,0.0
P1-982-0414,982,Beef_10,Meat and fish,2024-04-14,81.5,2024-04-17,81.5,0.0
P1-982-0415,982,Beef_10,Meat and fish,2024-04-15,41.6,2024-04-18,41.6,0.0
P1-982-0416,982,Beef_10,Meat and fish,2024-04-16,43.63,2024-04-19,43.63,0.0
P1-982-0417,982,Beef_10,Meat and fish,2024-04-17,55.39,2024-04-20,55.39,0.0
P1-982-0418,982,Beef_10,Meat and fish,2024-04-18,78.18,2024-04-21,78.18,0.0
P1-982-0419,982,Beef_10,Meat and fish,2024-04-19,58.19,2024-04-22,58.19,0.0
P1-982-0420,982,Beef_10,Meat and fish,2024-04-20,48.63,2024-04-23,48.63,0.0
P1-982-0421,982,Beef_10,Meat and fish,2024-04-21,22.06,2024-04-24,22.06,0.0
P1-982-0422,982,Beef_10,Meat and fish,2024-04-22,79.04,2024-04-25,79.04,0.0
P1-982-0423,982,Beef_10,Meat and fish,2024-04-23,38.16,2024-04-26,38.16,0.0
P1-982-0424,982,Beef_10,Meat and fish,2024-04-24,64.34,2024-04-27,64.34,0.0
P1-982-0425,982,Beef_10,Meat and fish,2024-04-25,68.32,2024-04-28,68.32,0.0
P1-982-0426,982,Beef_10,Meat and fish,2024-04-26,79.87,2024-04-29,79.87,0.0
P1-982-0427,982,Beef_10,Meat and fish,2024-04-27,51.96,2024-04-30,51.96,0.0
P1-982-0428,982,Beef_10,Meat and fish,2024-04-28,56.29,2024-05-01,56.29,0.0
P1-982-0429,982,Beef_10,Meat and fish,2024-04-29,65.75,2024-05-02,65.75,0.0
P1-982-0430,982,Beef_10,Meat and fish,2024-04-30,69.36,2024-05-03,69.36,0.0
P1-982-0501,982,Beef_10,Meat and fish,2024-05-01,48.59,2024-05-04,48.59,0.0
P1-982-0502,982,Beef_10,Meat and fish,2024-05-02,63.36,2024-05-05,63.36,0.0
P1-982-0503,982,Beef_10,Meat and fish,2024-05-03,56.74,2024-05-06,56.74,0.0
P1-982-0504,982,Beef_10,Meat and fish,2024-05-04,25.02,2024-05-07,25.02,0.0
P1-982-0505,982,Beef_10,Meat and fish,2024-05-05,76.99,2024-05-08,76.99,0.0
P1-982-0506,982,Beef_10,Meat and fish,2024-05-06,55.11,2024-05-09,55.11,0.0
P1-982-0507,982,Beef_10,Meat and fish,2024-05-07,51.46,2024-05-10,51.46,0.0
P1-982-0508,982,Beef_10,Meat and fish,2024-05-08,59.93,2024-05-11,59.93,0.0
P1-982-0509,982,Beef_10,Meat and fish,2024-05-09,60.46,2024-05-12,60.46,0.0
P1-982-0510,982,Beef_10,Meat and fish,2024-05-10,63.35,2024-05-13,63.35,0.0
P1-982-0511,982,Beef_10,Meat and fish,2024-05-11,42.61,2024-05-14,42.61,0.0
P1-982-0512,982,Beef_10,Meat and fish,2024-05-12,42.66,2024-05-15,42.66,0.0
P1-982-0513,982,Beef_10,Meat and fish,2024-05-13,80.92,2024-05-16,80.92,0.0
P1-982-0514,982,Beef_10,Meat and fish,2024-05-14,77.34,2024-05-17,77.34,0.0
P1-982-0516,982,Beef_10,Meat and fish,2024-05-16,68.18,2024-05-19,68.18,0.0
P1-982-0517,982,Beef_10,Meat and fish,2024-05-17,79.25,2024-05-20,79.25,0.0
P1-982-0518,982,Beef_10,Meat and fish,2024-05-18,58.43,2024-05-21,58.43,0.0
P1-982-0519,982,Beef_10,Meat and fish,2024-05-19,75.97,2024-05-22,75.97,0.0
P1-982-0520,982,Beef_10,Meat and fish,2024-05-20,55.55,2024-05-23,55.55,0.0
P1-982-0521,982,Beef_10,Meat and fish,2024-05-21,16.75,2024-05-24,16.75,0.0
P1-982-0522,982,Beef_10,Meat and fish,2024-05-22,72.86,2024-05-25,72.86,0.0
P1-982-0523,982,Beef_10,Meat and fish,2024-05-23,52.05,2024-05-26,52.05,0.0
P1-982-0524,982,Beef_10,Meat and fish,2024-05-24,51.31,2024-05-27,51.31,0.0
P1-982-0525,982,Beef_10,Meat and fish,2024-05-25,59.18,2024-05-28,59.18,0.0
P1-982-0526,982,Beef_10,Meat and fish,2024-05-26,49.65,2024-05-29,49.65,0.0
P1-982-0527,982,Beef_10,Meat and fish,2024-05-27,31.11,2024-05-30,31.11,0.0
P1-982-0528,982,Beef_10,Meat and fish,2024-05-28,68.9,2024-05-31,68.9,0.0
P1-982-0529,982,Beef_10,Meat and fish,2024-05-29,20.09,2024-06-01,20.09,0.0
P1-982-0530,982,Beef_10,Meat and fish,2024-05-30,65.13,2024-06-02,65.13,0.0
P1-982-0531,982,Beef_10,Meat and fish,2024-05-31,92.17,2024-06-03,92.17,0.0
P1-982-0601,982,Beef_10,Meat and fish,2024-06-01,55.67,2024-06-04,55.67,0.0
P1-982-0602,982,Beef_10,Meat and fish,2024-06-02,40.58,2024-06-05,35.35,
P1-984-0301,984,Bread_78,Bakery,2024-03-01,25.84,2024-03-02,25.84,0.0
P1-984-0302,984,Bread_78,Bakery,2024-03-02,37.15,2024-03-03,37.15,0.0
P1-984-0303,984,Bread_78,Bakery,2024-03-03,36.08,2024-03-04,36.08,0.0
P1-984-0304,984,Bread_78,Bakery,2024-03-04,21.88,2024-03-05,18.18,3.7
P1-984-0305,984,Bread_78,Bakery,2024-03-05,16.48,2024-03-06,16.48,0.0
P1-984-0306,984,Bread_78,Bakery,2024-03-06,20.62,2024-03-07,20.62,0.0
P1-984-0307,984,Bread_78,Bakery,2024-03-07,17.02,2024-03-08,17.02,0.0
P1-984-0308,984,Bread_78,Bakery,2024-03-08,50.08,2024-03-09,50.08,0.0
P1-984-0309,984,Bread_78,Bakery,2024-03-09,54.62,2024-03-10,31.82,22.8
P1-984-0310,984,Bread_78,Bakery,2024-03-10,3.93,2024-03-11,3.93,0.0
P1-984-0311,984,Bread_78,Bakery,2024-03-11,28.61,2024-03-12,19.01,9.6
P1-984-0312,984,Bread_78,Bakery,2024-03-12,16.09,2024-03-13,16.09,0.0
P1-984-0313,984,Bread_78,Bakery,2024-03-13,21.1,2024-03-14,21.1,0.0
P1-984-0314,984,Bread_78,Bakery,2024-03-14,35.13,2024-03-15,35.13,0.0
P1-984-0315,984,Bread_78,Bakery,2024-03-15,66.45,2024-03-16,29.24,37.21
P1-984-0317,984,Bread_78,Bakery,2024-03-17,28.34,2024-03-18,16.22,12.12
P1-984-0318,984,Bread_78,Bakery,2024-03-18,7.32,2024-03-19,7.32,0.0
P1-984-0319,984,Bread_78,Bakery,2024-03-19,20.49,2024-03-20,20.49,0.0
P1-984-0320,984,Bread_78,Bakery,2024-03-20,27.42,2024-03-21,27.42,0.0
P1-984-0321,984,Bread_78,Bakery,2024-03-21,65.8,2024-03-22,65.8,0.0
P1-984-0322,984,Bread_78,Bakery,2024-03-22,13.84,2024-03-23,13.84,0.0
P1-984-0323,984,Bread_78,Bakery,2024-03-23,27.48,2024-03-24,27.48,0.0
P1-984-0324,984,Bread_78,Bakery,2024-03-24,18.7,2024-03-25,18.7,0.0
P1-984-0325,984,Bread_78,Bakery,2024-03-25,34.54,2024-03-26,34.54,0.0
P1-984-0326,984,Bread_78,Bakery,2024-03-26,41.88,2024-03-27,41.88,0.0
P1-984-0327,984,Bread_78,Bakery,2024-03-27,49.15,2024-03-28,49.15,0.0
P1-984-0328,984,Bread_78,Bakery,2024-03-28,63.32,2024-03-29,63.32,0.0
P1-984-0329,984,Bread_78,Bakery,2024-03-29,82.05,2024-03-30,82.05,0.0
P1-984-0330,984,Bread_78,Bakery,2024-03-30,83.1,2024-03-31,83.1,0.0
P1-984-0331,984,Bread_78,Bakery,2024-03-31,50.87,2024-04-01,50.87,0.0
P1-984-0401,984,Bread_78,Bakery,2024-04-01,63.95,2024-04-02,42.31,21.64
P1-984-0402,984,Bread_78,Bakery,2024-04-02,29.18,2024-04-03,23.57,5.61
P1-984-0403,984,Bread_78,Bakery,2024-04-03,45.79,2024-04-04,39.96,5.83
P1-984-0404,984,Bread_78,Bakery,2024-04-04,62.2,2024-04-05,18.86,43.34
P1-984-0405,984,Bread_78,Bakery,2024-04-05,54.61,2024-04-06,3.74,50.87
P1-984-0406,984,Bread_78,Bakery,2024-04-06,58.46,2024-04-07,7.66,50.8
P1-984-0407,984,Bread_78,Bakery,2024-04-07,10.83,2024-04-08,6.9,3.93
P1-984-0408,984,Bread_78,Bakery,2024-04-08,26.64,2024-04-09,7.41,19.23
P1-984-0409,984,Bread_78,Bakery,2024-04-09,10.28,2024-04-10,10.28,0.0
P1-984-0410,984,Bread_78,Bakery,2024-04-10,29.92,2024-04-11,29.92,0.0
P1-984-0411,984,Bread_78,Bakery,2024-04-11,26.16,2024-04-12,14.55,11.61
P1-984-0412,984,Bread_78,Bakery,2024-04-12,8.02,2024-04-13,5.33,2.69
P1-984-0413,984,Bread_78,Bakery,2024-04-13,8.0,2024-04-14,8.0,0.0
P1-984-0414,984,Bread_78,Bakery,2024-04-14,11.68,2024-04-15,11.68,0.0
P1-984-0415,984,Bread_78,Bakery,2024-04-15,10.35,2024-04-16,10.35,0.0
P1-984-0416,984,Bread_78,Bakery,2024-04-16,12.01,2024-04-17,10.79,1.22
P1-984-0417,984,Bread_78,Bakery,2024-04-17,13.3,2024-04-18,13.3,0.0
P1-984-0418,984,Bread_78,Bakery,2024-04-18,30.61,2024-04-19,30.61,0.0
P1-984-0419,984,Bread_78,Bakery,2024-04-19,23.36,2024-04-20,23.36,0.0
P1-984-0420,984,Bread_78,Bakery,2024-04-20,24.44,2024-04-21,24.44,0.0
P1-984-0421,984,Bread_78,Bakery,2024-04-21,26.1,2024-04-22,25.15,0.95
P1-984-0422,984,Bread_78,Bakery,2024-04-22,13.22,2024-04-23,12.35,0.87
P1-984-0423,984,Bread_78,Bakery,2024-04-23,12.04,2024-04-24,7.05,4.99
P1-984-0424,984,Bread_78,Bakery,2024-04-24,9.15,2024-04-25,9.15,0.0
P1-984-0425,984,Bread_78,Bakery,2024-04-25,41.73,2024-04-26,41.73,0.0
P1-984-0426,984,Bread_78,Bakery,2024-04-26,11.24,2024-04-27,11.24,0.0
P1-984-0427,984,Bread_78,Bakery,2024-04-27,24.86,2024-04-28,16.4,8.46
P1-984-0428,984,Bread_78,Bakery,2024-04-28,2.04,2024-04-29,2.04,0.0
P1-984-0429,984,Bread_78,Bakery,2024-04-29,20.29,2024-04-30,20.29,0.0
P1-984-0430,984,Bread_78,Bakery,2024-04-30,10.87,2024-05-01,10.87,0.0
P1-984-0501,984,Bread_78,Bakery,2024-05-01,10.53,2024-05-02,10.53,0.0
P1-984-0502,984,Bread_78,Bakery,2024-05-02,23.68,2024-05-03,23.68,0.0
P1-984-0503,984,Bread_78,Bakery,2024-05-03,37.32,2024-05-04,35.88,1.44
P1-984-0504,984,Bread_78,Bakery,2024-05-04,16.79,2024-05-05,7.08,9.71
P1-984-0505,984,Bread_78,Bakery,2024-05-05,7.62,2024-05-06,7.62,0.0
P1-984-0506,984,Bread_78,Bakery,2024-05-06,15.8,2024-05-07,15.8,0.0
P1-984-0507,984,Bread_78,Bakery,2024-05-07,25.17,2024-05-08,25.17,0.0
P1-984-0508,984,Bread_78,Bakery,2024-05-08,22.13,2024-05-09,22.13,0.0
P1-984-0509,984,Bread_78,Bakery,2024-05-09,35.69,2024-05-10,33.24,2.45
P1-984-0510,984,Bread_78,Bakery,2024-05-10,14.34,2024-05-11,14.34,0.0
P1-984-0511,984,Bread_78,Bakery,2024-05-11,5.84,2024-05-12,5.84,0.0
P1-984-0512,984,Bread_78,Bakery,2024-05-12,18.27,2024-05-13,11.7,6.57
P1-984-0513,984,Bread_78,Bakery,2024-05-13,18.15,2024-05-14,4.4,13.75
P1-984-0514,984,Bread_78,Bakery,2024-05-14,21.59,2024-05-15,9.45,12.14
P1-984-0515,984,Bread_78,Bakery,2024-05-15,12.09,2024-05-16,12.09,0.0
P1-984-0516,984,Bread_78,Bakery,2024-05-16,7.43,2024-05-17,7.43,0.0
P1-984-0517,984,Bread_78,Bakery,2024-05-17,49.58,2024-05-18,49.58,0.0
P1-984-0518,984,Bread_78,Bakery,2024-05-18,40.71,2024-05-19,24.73,15.98
P1-984-0520,984,Bread_78,Bakery,2024-05-20,27.12,2024-05-21,25.87,1.25
P1-984-0521,984,Bread_78,Bakery,2024-05-21,14.98,2024-05-22,14.98,0.0
P1-984-0522,984,Bread_78,Bakery,2024-05-22,13.08,2024-05-23,13.08,0.0
P1-984-0523,984,Bread_78,Bakery,2024-05-23,46.67,2024-05-24,46.67,0.0
P1-984-0524,984,Bread_78,Bakery,2024-05-24,72.55,2024-05-25,56.91,15.64
P1-984-0526,984,Bread_78,Bakery,2024-05-26,28.53,2024-05-27,14.34,14.19
P1-984-0527,984,Bread_78,Bakery,2024-05-27,18.22,2024-05-28,18.22,0.0
P1-984-0528,984,Bread_78,Bakery,2024-05-28,10.29,2024-05-29,10.29,0.0
P1-984-0529,984,Bread_78,Bakery,2024-05-29,40.73,2024-05-30,40.73,0.0
P1-984-0530,984,Bread_78,Bakery,2024-05-30,56.25,2024-05-31,43.29,12.96
P1-984-0531,984,Bread_78,Bakery,2024-05-31,19.07,2024-06-01,19.07,0.0
P1-984-0601,984,Bread_78,Bakery,2024-06-01,16.78,2024-06-02,2.6,
P1-984-0602,984,Bread_78,Bakery,2024-06-02,6.91,2024-06-03,0.0,
